date,close,high,low,sma,ewma,upperband,lowerband,rsi,macd
2006-05-16,0.7671064734458923,0.768994152545929,0.7606876492500305,,,,,,0
2006-05-17,0.7594167590141296,0.7726184129714966,0.7575757503509521,,,,,,-0.0006134245130751115
2006-05-18,0.7640002965927124,0.7675774693489075,0.7587253451347351,,,,,,-0.0007213988459612297
2006-05-19,0.7571741938591003,0.7648183703422546,0.7530120611190796,,,,,,-0.0013423054633429077
2006-05-22,0.753409206867218,0.756887674331665,0.7471049427986145,,,,,,-0.002113814676161452
2006-05-23,0.7509763240814209,0.7594744563102722,0.749512791633606,,,,,,-0.002888260524659403
2006-05-24,0.7531254291534424,0.7559149861335754,0.7499062418937683,,,,,,-0.0032906668614733903
2006-05-25,0.7609191536903381,0.7620790004730225,0.7514841556549072,,,,,,-0.002946720388951607
2006-05-26,0.7580926418304443,0.7609770894050598,0.7562008500099182,,,,,,-0.0028691425273497106
2006-05-29,0.759013295173645,0.7597051858901978,0.7574036121368408,,,,,,-0.0027022229385760266
2006-05-30,0.7617886662483215,0.7645260095596313,0.7572888731956482,,,,,,-0.0023192537968153015
2006-05-31,0.752785325050354,0.7647013664245605,0.7515971660614014,,,,,,-0.002710991757988057
2006-06-01,0.7478871941566467,0.7531254291534424,0.7447125315666199,,,,,,-0.0033777485594534973
2006-06-02,0.7510890364646912,0.7525020837783813,0.7453786730766296,,,,,,-0.0036062258857780805
2006-06-05,0.7482789158821106,0.7543753385543823,0.7473283410072327,,,,,34.819307836061,-0.003968304910018539
2006-06-06,0.7413997650146484,0.748615026473999,0.7396449446678162,,,,,29.192514522900055,-0.004755526381001518
2006-06-07,0.742390513420105,0.7432181239128113,0.7394808530807495,,,,,30.923853717619807,-0.005239067246082696
2006-06-08,0.7426109910011292,0.7466029524803162,0.7407956123352051,,,,,31.32627351683935,-0.005540617378972601
2006-06-09,0.7505254149436951,0.7505254149436951,0.7417847514152527,,,,,43.949497963795274,-0.005082383608707608
2006-06-12,0.742390513420105,0.7499062418937683,0.742390513420105,,,,,36.51902387643362,-0.005314387658288289
2006-06-13,0.737626314163208,0.7449899315834045,0.7370826601982117,,,,,33.00017109587232,-0.005815644473657566
2006-06-14,0.7377895712852478,0.7409054040908813,0.7349158525466919,,,,,33.23757123386481,-0.006129068538942017
2006-06-15,0.7426109910011292,0.7429972290992737,0.736702561378479,,,,,39.99920668657609,-0.005920167090944228
2006-06-16,0.7394262552261353,0.7444908022880554,0.7377895712852478,,,,,37.311132753036,-0.005943084569965951
2006-06-19,0.736485481262207,0.7388798594474792,0.7362143993377686,,,,,34.973875516616474,-0.0061279040555531905
2006-06-20,0.737626314163208,0.7405762076377869,0.7363770008087158,,,,,36.63224566492601,-0.006111865369189284
2006-06-21,0.7386069893836975,0.7405213713645935,0.7344840168952942,,,,,38.093802068485395,-0.005951418057506763
2006-06-22,0.7336218357086182,0.7418947815895081,0.732600748538971,,,,,33.82310497693166,-0.006155565122918483
2006-06-23,0.7320108413696289,0.7352941036224365,0.730833888053894,,,,,32.553011270752236,-0.006373872883568721
2006-06-26,0.7329228520393372,0.7335143089294434,0.7296074628829956,,,,,34.06255260430507,-0.006399522011468206
2006-06-27,0.7317965626716614,0.7352941036224365,0.731689453125,,,,,33.077961450070276,-0.006436534901557711
2006-06-28,0.7290754914283752,0.7329766154289246,0.7276961207389832,,,,,30.764297134602486,-0.006609248291815195
2006-06-29,0.7394262552261353,0.7401924729347229,0.7276961207389832,,,,,46.18439161966506,-0.0058435440263344685
2006-06-30,0.7427765130996704,0.7452120184898376,0.738825261592865,,,,,50.06129292493909,-0.00490978314436441
2006-07-03,0.7427765130996704,0.7459902763366699,0.7413997650146484,,,,,50.06129292493909,-0.004122252161118722
2006-07-04,0.7438262104988098,0.7471049427986145,0.7425007820129395,,,,,51.33522554223451,-0.003374526929742716
2006-07-05,0.7418947815895081,0.7473841309547424,0.7403020262718201,,,,,48.865163785560746,-0.0029043202719453154
2006-07-06,0.745712161064148,0.7472166419029236,0.7411799430847168,,,,,53.61562063027841,-0.002198306775443859
2006-07-07,0.7519927620887756,0.7528986930847168,0.745489776134491,,,,,60.17152669698,-0.001119093763109813
2006-07-10,0.7473841309547424,0.752785325050354,0.746324360370636,,,,,54.126147889590136,-0.0006284433879207851
2006-07-11,0.7526719570159912,0.7535226941108704,0.7469933032989502,,,,,59.19215758724949,0.00018495192958245532
2006-07-12,0.752785325050354,0.7555723190307617,0.7514277100563049,,,,,59.29594307787534,0.0008291633528223485
2006-07-13,0.7535794973373413,0.7565441131591797,0.7518796920776367,,,,,60.06221996232147,0.0013877910223817347
2006-07-14,0.7544892430305481,0.7547739148139954,0.748615026473999,,,,,60.968685237994265,0.0018822192971654772
2006-07-17,0.7478871941566467,0.7536931037902832,0.7472166419029236,,,,,51.78324594203502,0.0017214829151358524
2006-07-18,0.7469933032989502,0.7531254291534424,0.7447680234909058,,,,,50.6701421352023,0.0015046242805655252
2006-07-19,0.7505817413330078,0.7514277100563049,0.7409054040908813,,,,,54.86454253091379,0.0016038312416040146
2006-07-20,0.7505817413330078,0.7531254291534424,0.7492882013320923,,,,,54.86454253091379,0.0016632802140233993
2006-07-21,0.7542046904563904,0.7550019025802612,0.7493443489074707,,,,,58.951357469252066,0.001979912470473244
2006-07-24,0.7535794973373413,0.7551729083061218,0.7505817413330078,0.7473424625396728,,0.7653956644976758,0.7292892605816699,57.97580518524768,0.002155550115226723
2006-07-25,0.7535226941108704,0.7566013336181641,0.7519927620887756,0.7470707869529725,,0.7643000584157073,0.7298415154902377,57.8820825725073,0.0022640619713666377
2006-07-26,0.7608034610748291,0.7621951103210449,0.7528986930847168,0.7470985209941864,,0.76441316112251,0.7297838808658628,65.56587261429968,0.0029040790298962005
2006-07-27,0.7628929018974304,0.7661073803901672,0.7605140805244446,0.7470763731002807,,0.7643053905483032,0.7298473556522583,67.40373932260157,0.0035391010185253924
2006-07-28,0.7666947841644287,0.7688758969306946,0.7599362134933472,0.7472667849063873,,0.7651493530985536,0.729384216714221,70.49009524954158,0.004299577788539288
2006-07-31,0.7658727169036865,0.767224133014679,0.7648183703422546,0.7475160551071167,,0.7660824853781264,0.728949624836107,68.96944845321813,0.004780816869162874
2006-08-01,0.7649939060211182,0.7665184736251831,0.7602249979972839,0.7477964067459106,,0.7669888755887688,0.7286039379030524,67.29806691528992,0.005033269219541614
2006-08-02,0.764584481716156,0.768226146697998,0.7637085914611816,0.7480255877971649,,0.7677442473992363,0.7283069281950935,66.48964930122543,0.005141039700843675
2006-08-03,0.7612088322639465,0.7652280330657959,0.7594167590141296,0.7480313813686371,,0.7677656673665062,0.728297095370768,60.08137031421914,0.004897605338714972
2006-08-04,0.7655795216560364,0.767224133014679,0.7593014240264893,0.7481811189651489,,0.7683361350222008,0.7280261029080971,64.8104666673707,0.004999726227712942
2006-08-07,0.7634170055389404,0.7668123245239258,0.7620790004730225,0.7482691931724549,,0.7686545832593016,0.7278838030856082,60.9622658212377,0.00485025012596052
2006-08-08,0.7579202651977539,0.7641170620918274,0.7572888731956482,0.7481918251514434,,0.7683963474349198,0.7279873028679671,52.43914345186134,0.004239379305336688
2006-08-09,0.7658727169036865,0.7668711543083191,0.7567731142044067,0.7484535729885101,,0.7692319299071899,0.7276752160698303,60.94623383355551,0.004346848407539516
2006-08-10,0.7685213685035706,0.7713074088096619,0.7658727169036865,0.7488662564754486,,0.7704044459522997,0.7273280669985974,63.30072641296836,0.004592799559312688
2006-08-11,0.7668711543083191,0.7700007557868958,0.7654037475585938,0.7491818988323211,,0.771307607884477,0.7270561897801652,60.83967080721206,0.004601515716102789
2006-08-14,0.7599939703941345,0.7681081295013428,0.7593014240264893,0.7494161999225617,,0.7717500150936828,0.7270823847514406,51.80097678198541,0.00400729842452352
2006-08-15,0.7652280330657959,0.7656967639923096,0.7588980793952942,0.7498927652835846,,0.7725430552537939,0.7272424753133754,57.032969521670466,0.00391360841291144
2006-08-16,0.7688168287277222,0.7701786756515503,0.7630675435066223,0.7504212915897369,,0.7735845205936918,0.7272580625857821,60.221372363818894,0.004081890725415538
2006-08-17,0.7617886662483215,0.7688168287277222,0.7603984475135803,0.7508048450946808,,0.7740750707514535,0.7275346194379081,52.07206994353134,0.0036065674308678464
2006-08-18,0.7605140805244446,0.7621951103210449,0.7567158937454224,0.7510046184062957,,0.7744359986883621,0.7275732381242294,50.73128961653656,0.003091386302683685
2006-08-21,0.762427568435669,0.764584481716156,0.7584375739097595,0.751405359506607,,0.7749206410160563,0.7278900779971578,52.70031968866508,0.0028051678014099357
2006-08-22,0.7624857425689697,0.7638252377510071,0.7613247036933899,0.7519025480747223,,0.7752795237775171,0.7285255723719276,52.76212991643253,0.0025535954842489383
2006-08-23,0.7623113393783569,0.7669888138771057,0.7620208859443665,0.7523929834365845,,0.7755896706467472,0.7291962962264217,52.54046079329083,0.0023134813574869906
2006-08-24,0.7613247036933899,0.7647013664245605,0.7602249979972839,0.7527672576904297,,0.775923587692166,0.7296109276886935,51.229204536668306,0.0020202873134169685
2006-08-25,0.7579202651977539,0.7616726756095886,0.7554011344909668,0.753137137889862,,0.7760127945100366,0.7302614812696875,46.881421859508876,0.001495974523528898
2006-08-28,0.7595898509025574,0.7599939703941345,0.7567158937454224,0.7535992252826691,,0.776031082193895,0.7311673683714431,49.16019956004069,0.001201326330996566
2006-08-29,0.7638252377510071,0.764584481716156,0.7591862082481384,0.7541232037544251,,0.776254104257843,0.7319923032510072,54.49352147688042,0.0012946518964843667
2006-08-30,0.7641170620918274,0.7654037475585938,0.7616726756095886,0.7546334052085877,,0.7764786387413896,0.7327881716757858,54.8450113455634,0.0013762957838523437
2006-08-31,0.7633005380630493,0.7649939060211182,0.7613826394081116,0.7552269792556763,,0.7763425812364024,0.7341113772749501,53.59757929718777,0.001359441690077512
2006-09-01,0.767283022403717,0.7674008011817932,0.7630093097686768,0.755932422876358,,0.7762229002020897,0.7356419455506262,58.54955754187501,0.0016484357612749356
2006-09-04,0.7708911895751953,0.7720219492912292,0.7678722143173218,0.7566917896270752,,0.7762978277780842,0.7370857514760661,62.45856270442407,0.0021439010243392564
2006-09-05,0.7701786756515503,0.7720219492912292,0.7688758969306946,0.757459431886673,,0.776067132737709,0.738851731035637,61.23056729159363,0.0024508154214426536
2006-09-06,0.767224133014679,0.7711288928985596,0.7652280330657959,0.7582224047183991,,0.7751305960417029,0.7413142133950953,56.28852752317784,0.002427655887782376
2006-09-07,0.7584951519966125,0.7678132653236389,0.7582076191902161,0.7586037826538086,,0.7746181171464654,0.7425894481611517,44.78716070935245,0.0016855163897380177
2006-09-08,0.7542046904563904,0.7593014240264893,0.7532956600189209,0.758832346200943,,0.7742393658682197,0.7434253265336662,40.415897644515034,0.0007426008608282242
2006-09-11,0.7505817413330078,0.7547739148139954,0.7504127025604248,0.7589884507656097,,0.7738810551387894,0.7440958463924301,37.12118077409177,-0.00029362349628925255
2006-09-12,0.7518231272697449,0.7542046904563904,0.7504127025604248,0.7591483891010284,,0.7735396923529346,0.7447570858491223,38.95741491137568,-0.0010031061116554385
2006-09-13,0.7532956600189209,0.7546030879020691,0.7487832307815552,0.7593764066696167,,0.7729923054760157,0.7457605078632177,41.15271032132706,-0.0014300701509777358
2006-09-14,0.7543184757232666,0.7571169137954712,0.7514277100563049,0.7595485329627991,,0.7726679227669299,0.7464291431586684,42.694321392353174,-0.0016666969045049385
2006-09-15,0.7522755861282349,0.7564868927001953,0.7508634924888611,0.7595541894435882,,0.7726605198834001,0.7464478590037763,40.41689924824715,-0.001996060090438956
2006-09-18,0.7555723190307617,0.755972146987915,0.7513148188591003,0.7597179532051086,,0.7724014111300969,0.7470344952801203,45.47185860872256,-0.0019683738069613543
2006-09-19,0.7518796920776367,0.7575757503509521,0.7509763240814209,0.7597021079063415,,0.772423417385158,0.7469807984275251,41.250430395678805,-0.002218819195859645
2006-09-20,0.7526719570159912,0.7547739148139954,0.7514277100563049,0.7596998405456543,,0.7724262212659095,0.7469734598253991,42.48417075732279,-0.002326550782439929
2006-09-21,0.7572888731956482,0.7580926418304443,0.7526153922080994,0.7597740280628205,,0.7723976158305651,0.7471504402950758,49.18157511224127,-0.00201614146662632
2006-09-22,0.7518796920776367,0.7576905488967896,0.7497938275337219,0.7597218370437622,,0.7724557023923739,0.7469879716951504,42.88140396706607,-0.002181468941239051
2006-09-25,0.753409206867218,0.7542046904563904,0.7494004368782043,0.7598322772979736,,0.7722387746979811,0.7474257798979662,45.02585074293581,-0.002164126393219945
2006-09-26,0.7514841556549072,0.7558007836341858,0.7505254149436951,0.7599220943450927,,0.7720101486737466,0.7478340400164388,42.845548292992454,-0.002279441856657405
2006-09-27,0.7510890364646912,0.7526153922080994,0.7477753758430481,0.7599322402477264,,0.7719891072857162,0.7478753732097366,42.391808075796604,-0.002375331663907243
2006-09-28,0.7487832307815552,0.7515971660614014,0.7474958896636963,0.7598962700366974,,0.7720770927469994,0.7477154473263953,39.74648018830849,-0.002607328613952631
2006-09-29,0.7464914917945862,0.749119758605957,0.743992269039154,0.7597420060634613,,0.7724029424385497,0.747081069688373,37.25794600799342,-0.0029421962448408223
2006-10-02,0.7482789158821106,0.749512791633606,0.7438262104988098,0.7596359944343567,,0.7725928476225913,0.7466791412461221,40.39261810916387,-0.003028441085479616
2006-10-03,0.7431076765060425,0.748615026473999,0.7427765130996704,0.7594276940822602,,0.7731007689092303,0.7457546192552901,34.95190358401008,-0.0034740202004758247
2006-10-04,0.745712161064148,0.7464914917945862,0.7420048713684082,0.7591258680820465,,0.7733309034379806,0.7449208327261124,39.38061412931809,-0.003575765522968899
2006-10-05,0.7458789944648743,0.7477194666862488,0.7443245053291321,0.7587855899333954,,0.7734306190876127,0.7441405607791781,39.66399150872016,-0.003601422407223609
2006-10-06,0.7438815832138062,0.7472166419029236,0.7417847514152527,0.758329325914383,,0.7733843460603039,0.743274305768462,37.409225216010945,-0.0037398197535799538
2006-10-09,0.7443245053291321,0.745323121547699,0.7420048713684082,0.7578983616828918,,0.7733016550773388,0.7424950682884448,38.24753392883117,-0.00377029887609992
2006-10-10,0.7437156438827515,0.7458789944648743,0.7429972290992737,0.7574727964401246,,0.773247227253088,0.7416983656271611,37.5039223622772,-0.003799782305408339
2006-10-11,0.7422802448272705,0.746324360370636,0.7421150207519531,0.7570267117023468,,0.7732357748107109,0.7408176485939827,35.73978074183351,-0.0038940842637891215
2006-10-12,0.7514277100563049,0.7523888349533081,0.7420048713684082,0.756831089258194,,0.773070204127839,0.740591974388549,51.42204527981628,-0.003193878209904799
2006-10-13,0.7509763240814209,0.7526153922080994,0.7492882013320923,0.7565390253067017,,0.7726607854076011,0.7404172652058023,50.76370285505464,-0.0026448942487622418
2006-10-16,0.753409206867218,0.7550019025802612,0.7496252059936523,0.7563388693332672,,0.7723602774675211,0.7403174611990133,54.16947169550513,-0.0019905612450255017
2006-10-17,0.7535226941108704,0.7555723190307617,0.7527286410331726,0.7562509179115295,,0.7722851691595245,0.7402166666635346,54.328175992712374,-0.0014461696101822907
2006-10-18,0.7548878788948059,0.7558007836341858,0.7527286410331726,0.7560312211513519,,0.7718266128494258,0.740235829453278,56.28906492015638,-0.0008942677527099541
2006-10-19,0.7587253451347351,0.7601094245910645,0.7547739148139954,0.7558353006839752,,0.7712364447394169,0.7404341566285335,61.31672272174427,-0.00014555226400980725
2006-10-20,0.7583225965499878,0.7606876492500305,0.7576905488967896,0.7556643295288086,,0.7707520368832538,0.7405766221743634,60.529823421829036,0.0004105788131287813
2006-10-23,0.7570022940635681,0.7613826394081116,0.7567731142044067,0.7556044960021973,,0.7706457780887589,0.7405632139156356,57.90626997058529,0.0007362918084019565
2006-10-24,0.7593014240264893,0.7594167590141296,0.7562008500099182,0.7554859638214111,,0.7703095367766474,0.7406623908661748,61.07054077539323,0.001166495641530929
2006-10-25,0.7616726756095886,0.762427568435669,0.7587829232215881,0.7553430807590484,,0.7697747268977045,0.7409114346203923,64.07044166904521,0.001679416199568351
2006-10-26,0.7645260095596313,0.7647013664245605,0.7613826394081116,0.7553978276252746,,0.7699495447521252,0.7408461104984241,67.33258445746011,0.002289754772967778
2006-10-27,0.7691715955734253,0.7697044014930725,0.7626019716262817,0.7555709779262543,,0.7705703231156033,0.7405716327369053,71.8188269094488,0.003112434251541063
2006-10-30,0.7691715955734253,0.7704160213470459,0.7676953673362732,0.7557058584690094,,0.7710736320420853,0.7403380848959334,71.8188269094488,0.003721514364365852
2006-10-31,0.7750135660171509,0.775494396686554,0.7675186395645142,0.755956414937973,,0.7721610892608836,0.7397517406150625,76.52133525393188,0.004622329595116992
2006-11-01,0.7741735577583313,0.7770007848739624,0.7733952403068542,0.7561936593055725,,0.7731098042077693,0.7392775144033756,74.5938874226362,0.005208411187222928
2006-11-02,0.7744133472442627,0.7751938104629517,0.7708911895751953,0.75645543217659,,0.7740856790293352,0.7388251853238447,74.78910531281718,0.005627365314534338
2006-11-03,0.7704160213470459,0.7751938104629517,0.7688168287277222,0.7567053472995758,,0.7747692770500278,0.7386414175491238,65.72296110654852,0.00557260120806824
2006-11-06,0.7710099816322327,0.7720815539360046,0.7675774693489075,0.7569337499141693,,0.7754301630258971,0.7384373368024415,66.37521449020193,0.0055135708772271474
2006-11-07,0.7729767560958862,0.7762769460678101,0.7707129120826721,0.7571167802810669,,0.7760670855125267,0.7381664750496071,68.51190337140827,0.005561383015381338
2006-11-08,0.7707723379135132,0.7733952403068542,0.7682852149009705,0.7572498857975006,,0.7764921263059684,0.7380076452890328,63.631267071104396,0.0053596140604651454
2006-11-09,0.7695267200469971,0.7708911895751953,0.7649939060211182,0.7573744094371796,,0.7768555709327124,0.7378932479416468,60.98747909751395,0.005041089219706585
2006-11-10,0.7678722143173218,0.7697044014930725,0.7662835717201233,0.7573861932754516,,0.7768925148155665,0.7378798717353368,57.566175911543944,0.004602101047289642
2006-11-13,0.7641170620918274,0.767990231513977,0.7617886662483215,0.7572507107257843,,0.7764661063373325,0.7380353151142361,50.62462302658999,0.0039061625460996563
2006-11-14,0.7662248611450195,0.7675186395645142,0.7637085914611816,0.7571716344356537,,0.7762015259489995,0.7381417429223079,53.979142405610844,0.0034845404249537193
2006-11-15,0.7649939060211182,0.766400933265686,0.7634170055389404,0.7571270298957825,,0.7760710099781966,0.7381830498133685,51.76720761906784,0.0030163039905257705
2006-11-16,0.7665184736251831,0.7697044014930725,0.764584481716156,0.7572874963283539,,0.7764138242777393,0.7381611683789685,54.26678846666075,0.0027366961770899367
2006-11-17,0.768994152545929,0.7697044014930725,0.764584481716156,0.7575832855701446,,0.7769706761684975,0.7381958949717918,58.06704220468055,0.0026839328619266967
2006-11-20,0.7701194286346436,0.7707723379135132,0.767990231513977,0.7579740393161774,,0.7775718683001414,0.7383762103322133,59.70601074039184,0.002701773566674226
2006-11-21,0.7707723379135132,0.7716049551963806,0.7685213685035706,0.7583530235290528,,0.7781966958606382,0.7385093511974673,60.666637385552214,0.0027370458155268063
2006-11-22,0.7747734189033508,0.7765783667564392,0.7707723379135132,0.7587825787067414,,0.7791035247480756,0.7384616326654071,66.01382940969927,0.0030526639149222046
2006-11-23,0.7750135660171509,0.775494396686554,0.7707723379135132,0.759196480512619,,0.7799839892943805,0.7384089717308575,66.30987056908143,0.0032843118945815597
2006-11-24,0.7785736322402954,0.7791802883148193,0.774713397026062,0.7597224414348602,,0.7811171191479416,0.7383277637217789,70.42297503382467,0.0037123683079036685
2006-11-27,0.7783918380737305,0.7808839678764343,0.7770007848739624,0.7601788318157197,,0.7821772141641775,0.7381804494672618,69.9533168202724,0.003990931851402646
2006-11-28,0.7838833928108215,0.7844982743263245,0.7780889868736267,0.7608189058303833,,0.7836772519991385,0.737960559661628,75.3099264150211,0.004601771679593969
2006-11-29,0.7830240726470947,0.7849909663200378,0.7822278141975403,0.7614259481430053,,0.7850020438059008,0.7378498524801099,73.1134079724995,0.00495935829341132
2006-11-30,0.7885813117027283,0.7903263568878174,0.7830240726470947,0.762051796913147,,0.7868113088910199,0.737292284935274,77.65277233968654,0.005626314359462259
2006-12-01,0.7915776371955872,0.792707085609436,0.7877737283706665,0.762845755815506,,0.7887914519307837,0.7369000597002282,79.6479519574126,0.006323763859536924
2006-12-04,0.7888302206993103,0.7903263568878174,0.7851142287254333,0.7635541760921478,,0.7903679641146681,0.7367403880696275,73.19497917478273,0.006578965840125628
2006-12-05,0.7867201566696167,0.7893283367156982,0.7846214175224304,0.764258896112442,,0.7916243611529786,0.7368934310719054,68.59819885656746,0.006535612246022948
2006-12-06,0.7846214175224304,0.7887057662010193,0.7840062379837036,0.7649295437335968,,0.7926192824286912,0.7372398050385024,64.27446978438833,0.006259745056611199
2006-12-07,0.7885813117027283,0.7913897037506104,0.7846214175224304,0.7657255053520202,,0.7938060962471668,0.7376449144568736,68.33046345422248,0.0062881626626899445
2006-12-08,0.7867820262908936,0.7930213809013367,0.7854225635528564,0.7665313160419465,,0.7946713857655796,0.7383912463183133,64.73418405302868,0.006095234456107379
2006-12-11,0.7856076955795288,0.7862871289253235,0.7816163897514343,0.7672778916358948,,0.79542215201921,0.7391336312525796,62.424927682558604,0.005780939713791677
2006-12-12,0.787587583065033,0.7877116799354553,0.7838219404220581,0.7681674897670746,,0.7960036468194434,0.7403313327147059,64.71061756296808,0.005626757481888789
2006-12-13,0.786596417427063,0.7893905639648438,0.7848061919212341,0.7689851748943329,,0.7965294038500406,0.7414409459386253,62.65581877795213,0.005362769500224962
2006-12-14,0.7836990356445312,0.787401556968689,0.7817997336387634,0.769741575717926,,0.796768215238441,0.742714936197411,56.9617673830228,0.004863696956437624
2006-12-15,0.7832080125808716,0.7846214175224304,0.7782101631164551,0.7705281043052673,,0.7967602781704489,0.7442959304400857,56.03241553222527,0.004378089027236132
2006-12-18,0.7813720703125,0.7835761904716492,0.7785130143165588,0.7712690556049346,,0.7965560896992727,0.7459820215105966,52.57823876493359,0.003801277288906335
2006-12-19,0.7851759195327759,0.7854225635528564,0.7802746295928955,0.7720982611179352,,0.796397247273684,0.7477992749621865,58.31229742885293,0.00360948082443735
2006-12-20,0.7859163880348206,0.7880220413208008,0.7825950980186462,0.7729709839820862,,0.796000057348677,0.7499419106154954,59.342894462889475,0.0034771479669745142
2006-12-21,0.7843752503395081,0.7870298027992249,0.7827788591384888,0.7736299347877502,,0.7960195771234235,0.7512402924520769,56.22725398191007,0.0032109030007667627
2006-12-22,0.7835148572921753,0.7878978848457336,0.7827788591384888,0.7742807054519654,,0.7958596587658923,0.7527017521380385,54.506698727304766,0.0028970796872752613
2006-12-25,4.569965839385986,4.595165729522705,0.7832693457603455,0.8506118381023406,,1.924273212661572,-0.22304953645689074,99.68845468473599,0.3046712613643905
2006-12-26,0.7825950980186462,4.569965839385986,0.78118896484375,0.8511932861804962,,1.9246715246758326,-0.22228495231484013,48.16314247802156,0.23550554671328983
2006-12-27,0.7851142287254333,0.7862871289253235,0.7825950980186462,0.8517978131771088,,1.925088715110706,-0.2214930887564882,48.18232701135443,0.17883301663888584
2006-12-28,0.7902015447616577,0.7918283343315125,0.7846829891204834,0.8524273371696472,,1.9255323290117703,-0.2206776546724759,48.22400087452743,0.13279930442235477
2006-12-29,0.7888302206993103,0.7925186157226562,0.7864108085632324,0.8530374896526337,,1.9259587637408422,-0.21988378443557488,48.212744882538075,0.09511022991813478
2007-01-01,0.7910140752792358,0.8145976066589355,0.7882705330848694,0.853717725276947,,1.9264335900058809,-0.21899813945198687,48.233467180671354,0.06467208610020003
2007-01-02,0.7961783409118652,0.797130286693573,0.7907013297080994,0.8544552636146545,,1.9269568555862748,-0.2180463283569658,48.286164838356484,0.04049949790470353
2007-01-03,0.7922046780586243,0.7982119917869568,0.7908263802528381,0.8550659036636352,,1.9273866284651937,-0.21725482113792327,48.24546751187697,0.02078234033982862
2007-01-04,0.783392071723938,0.7920791506767273,0.7830240726470947,0.8554432249069214,,1.927647185228039,-0.21676073541419638,48.148545064252616,0.004394589145893746
2007-01-05,0.7802746295928955,0.7852992415428162,0.7785736322402954,0.8556652855873108,,1.9278009144434196,-0.216470343268798,48.111723902592274,-0.008743582690530327
2007-01-08,0.7816163897514343,0.7822278141975403,0.7785736322402954,0.855914181470871,,1.9279736286773512,-0.21614526573560922,48.13011005344442,-0.018830345197126896
2007-01-09,0.7808229923248291,0.7835761904716492,0.7789981961250305,0.8560303699970245,,1.9280552884874913,-0.21599454849344213,48.11925227374161,-0.026581779489065704
2007-01-10,0.7771215438842773,0.78118896484375,0.7763975262641907,0.8560893297195434,,1.928096196821985,-0.21591753738289798,48.06477483470215,-0.032647186522291816
2007-01-11,0.7799704074859619,0.7840062379837036,0.7771215438842773,0.8562004709243775,,1.9281739272187561,-0.21577298537000134,48.11346453732325,-0.03679997856559902
2007-01-12,0.7832080125808716,0.7841907143592834,0.7785736322402954,0.8564563107490539,,1.9283523047606368,-0.21543968326252894,48.172930527872545,-0.03937594709833292
2007-01-15,0.7841292023658752,0.7859781384468079,0.7832693457603455,0.8567186951637268,,1.9285357375925232,-0.2150983472650697,48.191124522923644,-0.04087194209584977
2007-01-16,0.7824726104736328,0.7854225635528564,0.7816163897514343,0.8569086122512818,,1.9286684535235281,-0.21485122902096465,48.1583833359191,-0.041710390611281456
2007-01-17,0.787401556968689,0.787587583065033,0.7824726104736328,0.8572411966323853,,1.9289022540783751,-0.21441986081360465,48.27099535297826,-0.041498770319079115
2007-01-18,0.789702296257019,0.790513813495636,0.7864108085632324,0.8576447081565857,,1.9291861480268395,-0.2138967317136682,48.327419414007,-0.040676515727326445
2007-01-19,0.789702296257019,0.7907013297080994,0.7867820262908936,0.8580813097953797,,1.9294912331487328,-0.2133286135579735,48.327419414007,-0.03956874913005781
2007-01-22,0.7880220413208008,0.7907013297080994,0.7875256538391113,0.8585594093799591,,1.9298195136431209,-0.21270069488320265,48.28281273214965,-0.03838395234215186
2007-01-23,0.7923930287361145,0.79377681016922,0.7880220413208008,0.859082772731781,,1.930184311783504,-0.2120187663199421,48.416198262379524,-0.036669586035395385
2007-01-24,0.7808229923248291,0.792707085609436,0.7797271013259888,0.8593993544578552,,1.9303967373102138,-0.21159802839450326,48.0628336560527,-0.03583150039726535
2007-01-25,0.7733952403068542,0.7811279296875,0.7729767560958862,0.8595368897914887,,1.9304873538326262,-0.21141357424964868,47.8215303973522,-0.03535907163495333
2007-01-26,0.7726781368255615,0.7751938104629517,0.772320032119751,0.8596105694770813,,1.9305361148427664,-0.21131497588860393,47.796581016942866,-0.03464318759307461
2007-01-29,0.7726781368255615,0.7744733095169067,0.7711883783340454,0.8596617436408996,,1.9305700789833735,-0.21124659170157434,47.796581016942866,-0.0336875156218811
2007-01-30,0.7719027400016785,0.7739937901496887,0.7704753875732422,0.859684351682663,,1.9305850753293745,-0.2112163719640484,47.76533025339267,-0.03261672148086392
2007-01-31,0.7756748795509338,0.7771819233894348,0.7702973484992981,0.8597023808956146,,1.9305973000917478,-0.21119253830051865,47.943644473131506,-0.03110516825555809
2007-02-01,0.774113655090332,0.7765181064605713,0.7736943960189819,0.8596843826770783,,1.9305851416582418,-0.2112163763040854,47.87080611552997,-0.029690970178394394
2007-02-02,0.7750135660171509,0.7765783667564392,0.7717835903167725,0.8596131813526153,,1.9305364250744321,-0.21131006236920147,47.919921730940715,-0.028172833831144994
2007-02-05,0.7760962843894958,0.7770007848739624,0.7729767560958862,0.8595672702789307,,1.9305049229885776,-0.21137038243071637,47.983422797070176,-0.026575982135293663
2007-02-06,0.7774840593338013,0.7782101631164551,0.7745933532714844,0.8594392836093903,,1.9304153831568773,-0.2115368159380968,48.070822318241646,-0.024911321612955173
2007-02-07,0.7794232368469238,0.7797878980636597,0.7762166857719421,0.8593672668933868,,1.9303648238191462,-0.21163029003237266,48.201790331287526,-0.023168518477734823
2007-02-08,0.7813720703125,0.7819830775260925,0.7785736322402954,0.8592230820655823,,1.9302614759657395,-0.2118153118345748,48.342792749918104,-0.021383583226644576
2007-02-09,0.7768800854682922,0.7819830775260925,0.7756146788597107,0.8589291310310364,,1.930051367136214,-0.21219310507414135,48.01832832497292,-0.020099777097531857
2007-02-12,0.7722008228302002,0.7777864336967468,0.7714263200759888,0.8585965430736542,,1.9298179424268023,-0.2126248562794939,47.659482009210095,-0.01923816330827377
2007-02-13,0.7789981961250305,0.7799704074859619,0.7711883783340454,0.8584421038627624,,1.92970802477927,-0.2128238170537452,48.264321289809274,-0.017801630836666082
2007-02-14,0.783392071723938,0.7849909663200378,0.7788161635398865,0.8584175169467926,,1.9296904096939036,-0.21285537580031832,48.67718221701758,-0.016122766250317944
2007-02-15,0.7835761904716492,0.7864108085632324,0.782901406288147,0.858317414522171,,1.9296178776847646,-0.2129830486404225,48.695657993246535,-0.014608993739825271
2007-02-16,0.7872155904769897,0.787401556968689,0.7835761904716492,0.858326085805893,0.8005366455880522,1.929624192640482,-0.21297202102869606,49.085822176099086,-0.012966182869471043
2007-02-19,0.7862871289253235,0.7887057662010193,0.7849293351173401,0.8583396744728088,0.8003726677330152,1.9296340337130338,-0.21295468476741608,48.98347833471559,-0.011605382876939352
2007-02-20,0.7880220413208008,0.7880220413208008,0.7851759195327759,0.8583483636379242,0.8002307625603914,1.929640387623782,-0.21294366034793366,49.196633785511345,-0.010268576391106454
2007-02-21,0.7908889651298523,0.7920791506767273,0.786596417427063,0.85843421459198,0.8001235929579937,1.9297034567709916,-0.21283502758703177,49.57159308690306,-0.00887549959389311
2007-02-22,0.7893905639648438,0.791702926158905,0.7877116799354553,0.8585480451583862,0.8000006501672632,1.9297860834179887,-0.21268999310121628,49.366514300220636,-0.007802442941502785
2007-02-23,0.7918910384178162,0.7925814390182495,0.7883948683738708,0.8587217056751251,0.7999078971647197,1.9299127070381998,-0.2124692956879497,49.74018389544624,-0.006673344263848691
2007-02-26,0.7940288782119751,0.7944073677062988,0.7913897037506104,0.8589748418331147,0.7998407562295387,1.9300972159505634,-0.21214753228433403,50.079392775792584,-0.005542133358872325
2007-02-27,0.7859781384468079,0.7947230935096741,0.7857928276062012,0.8589908862113953,0.7996826715615598,1.9301087723664359,-0.21212699994364526,48.74518533236706,-0.005234923048674789
2007-02-28,0.7870917320251465,0.7893905639648438,0.7862253189086914,0.8590143930912018,0.7995392970710185,1.9301257850943003,-0.21209699891189682,48.94779233177076,-0.0048457402917161385
2007-03-01,0.7849909663200378,0.7883948683738708,0.7841292023658752,0.8590267074108123,0.7993738712344131,1.9301346110802564,-0.21208119625863187,48.557837149726716,-0.004653185364116519
2007-03-02,0.7841292023658752,0.7862253189086914,0.7811279296875,0.8590389943122864,0.7992007733823157,1.930143376510773,-0.21206538788620033,48.38753877297741,-0.004518040190812256
2007-03-05,0.7697044014930725,0.7796055674552917,0.7685213685035706,0.783033765554428,0.7988663221591241,0.7962947262966491,0.769772804812207,45.51035512093901,-0.005511365948694169
2007-03-06,0.7747734189033508,0.7756146788597107,0.7697044014930725,0.7828773319721222,0.798593518157655,0.796342381368995,0.7694122825752493,46.70952924311912,-0.005822438974719679
2007-03-07,0.7759758234024048,0.77948397397995,0.774713397026062,0.7826945638656616,0.7983377690261358,0.7962831979408317,0.7691059297904915,47.00744578375775,-0.005903886268977865
2007-03-08,0.7783918380737305,0.779119610786438,0.7753741145133972,0.7824583697319031,0.7981125365030542,0.795924407920182,0.7689923315436241,47.640836101835774,-0.005707686981365256
2007-03-09,0.7813110947608948,0.7813110947608948,0.7783918380737305,0.7823079872131348,0.7979230662873108,0.7956509629543972,0.7689650114718724,48.44270631311339,-0.005256049547577524
2007-03-12,0.7859781384468079,0.7877116799354553,0.7803964614868164,0.7822072684764863,0.7977885415657929,0.7953566320754538,0.7690579048775187,49.76720932153824,-0.0044700047735389825
2007-03-13,0.7816774845123291,0.7883948683738708,0.7803964614868164,0.7819172513484954,0.7976073352796643,0.7944332978873252,0.7694012048096657,48.52997983542889,-0.004146289611746012
2007-03-14,0.7870917320251465,0.787587583065033,0.7808229923248291,0.7818149924278259,0.7974892160874671,0.794068775398562,0.7695612094570898,50.208215538758786,-0.003413509673572346
2007-03-15,0.7890791296958923,0.7898269891738892,0.7851759195327759,0.781928733587265,0.7973948686509226,0.794346741653157,0.769510725521373,50.84183086177771,-0.0026419550967263783
2007-03-16,0.7963685393333435,0.7975753545761108,0.7882705330848694,0.782250611782074,0.7973833694941567,0.7953113067484927,0.7691899168156553,53.194480798984955,-0.0014258616526574563
2007-03-19,0.8014104962348938,0.802890419960022,0.7944073677062988,0.7826464939117431,0.7974284335558173,0.7967842686867216,0.7685087191367647,54.805635888500326,-5.4625364985128044e-05
2007-03-20,0.8041817545890808,0.8041817545890808,0.7968762516975403,0.7831136691570282,0.7975039104969283,0.7984945980715898,0.7677327402424665,55.70809433975442,0.001241396613610557
2007-03-21,0.8084728121757507,0.8089306354522705,0.8005123138427734,0.7837406945228577,0.7976263517910321,0.8006088300760636,0.7668725589696517,57.135389613271954,0.0025849580668473315
2007-03-22,0.8067768812179565,0.809192419052124,0.8054123520851135,0.7842768239974975,0.7977283716684853,0.8023189980738978,0.7662346499210972,56.362340670665596,0.0034728597778287407
2007-03-23,0.8065166473388672,0.807819664478302,0.8045699596405029,0.7847429966926575,0.7978262354330767,0.8038457736924333,0.7656402196928817,56.23660420850447,0.004108173119122482
2007-03-26,0.8105040788650513,0.8108327388763428,0.8032128214836121,0.785270494222641,0.7979672451668418,0.805713677848913,0.7648273105963689,57.79041241501974,0.004877194655055317
2007-03-27,0.8082113862037659,0.8108327388763428,0.8069722652435303,0.7857852697372436,0.7980810525504366,0.8072134082098585,0.7643571312646287,56.547229549981374,0.00524123097769158
2007-03-28,0.8058017492294312,0.8095200061798096,0.8039231896400452,0.7861532735824585,0.7981667263862865,0.8083141849793231,0.7639923621855939,55.2031241084981,0.0052744937398933045
2007-03-29,0.8074283599853516,0.8101101517677307,0.8054123520851135,0.7865077948570252,0.7982693817694126,0.8094536902234791,0.7635618994905712,55.9640564068662,0.005370204240781273
2007-03-30,0.8093234300613403,0.8122817277908325,0.8063215613365173,0.7869002175331116,0.7983917654227333,0.8107234551877974,0.7630769798784257,56.88296745290063,0.005535165872999959
2007-04-02,0.8167932629585266,0.8181297183036804,0.8086689114570618,0.7874756419658661,0.7985952673806391,0.8127548606692611,0.7621964232624711,60.391495157119124,0.006197214609436896
2007-04-03,0.8120178580284119,0.8169267177581787,0.8118201494216919,0.787868138551712,0.7987435432628586,0.8140522020983559,0.7616840750050681,57.18771441543835,0.00626434625057426
2007-04-04,0.8190678358078003,0.8194706439971924,0.8069722652435303,0.7886330354213714,0.798967814546565,0.8161762440204666,0.7610898268222762,60.51776592726121,0.006807945094258971
2007-04-05,0.8196049332618713,0.8206811547279358,0.8167932629585266,0.7895572292804718,0.7991952910810172,0.8180965805675418,0.7610178779934018,60.76812975279344,0.007199103585285305
2007-04-06,0.8198737502098083,0.8198737502098083,0.8155276775360107,0.7905011415481568,0.7994229791162415,0.8198716774800014,0.7611306056163121,60.90176322960481,0.007444969811021274
2007-04-09,0.8161932229995728,0.8175946474075317,0.8153946399688721,0.791371443271637,0.799607438618245,0.8211622101795591,0.7615806763637148,57.989288881325145,0.007259153773832461
2007-04-10,0.8263779282569885,0.8269246220588684,0.8163264989852905,0.7924609470367432,0.7999015844150518,0.8233112407542525,0.7616106533192338,63.2295645201349,0.007843301129631275
2007-04-11,0.8256275057792664,0.8265829086303711,0.8237910866737366,0.7934599995613099,0.8001839598737325,0.8253106278317087,0.761609371290911,62.60986816713018,0.008151721326069894
2007-04-12,0.8313242793083191,0.8313242793083191,0.8241984844207764,0.7946042120456696,0.8005254150449732,0.8277040947889557,0.7615043293023834,65.38350529564252,0.008754907444388338
2007-04-13,0.8329168558120728,0.8354916572570801,0.830771803855896,0.7957622778415679,0.8008802287591174,0.8300933631213947,0.7614311925617412,66.13970996089064,0.00925476127591296
2007-04-16,0.8322237133979797,0.8357710242271423,0.8316008448600769,0.7968848264217376,0.8012232189763564,0.832246302139682,0.7615233507037933,65.46936057356464,0.009485623871271942
2007-04-17,0.8364000916481018,0.8385744094848633,0.83180832862854,0.7980631470680237,0.8016077760204362,0.8346897355096479,0.7614365586263996,67.60016579672322,0.00989155922523799
2007-04-18,0.8387854695320129,0.8392078280448914,0.83180832862854,0.7992503917217255,0.802013807573364,0.837234109303274,0.761266674140177,68.78496566042024,0.010287161977913795
2007-04-19,0.8357710242271423,0.8389965295791626,0.8287063837051392,0.8003383708000184,0.8023821251309184,0.8393347407143316,0.7613420008857051,65.52406231959927,0.010239405968049953
2007-04-20,0.8366800546646118,0.8380122184753418,0.8343066573143005,0.8015343701839447,0.8027559831853733,0.8412555286063751,0.7618132117615143,66.04679645140692,0.010157817152278925
2007-04-23,0.8331944942474365,0.8378015756607056,0.8320159912109375,0.8027542436122894,0.8030874574624038,0.8425447045960685,0.7629637826285104,62.155256381279266,0.009700085287244642
2007-04-24,0.8282259702682495,0.8338196873664856,0.8237910866737366,0.8037387990951538,0.8033609579389731,0.843566162482882,0.7639114357074256,56.999632100495425,0.008834571681972103
2007-04-25,0.8338196873664856,0.8359805941581726,0.8280202150344849,0.8047473514080048,0.8036920332561828,0.8450231281435273,0.7644715746724823,60.92894264740746,0.008502006298988563
2007-04-26,0.8263779282569885,0.8347941637039185,0.8252868056297302,0.8056033861637115,0.8039383941873575,0.8458619554094405,0.7653448169179825,53.875584012246456,0.007550915812998937
2007-04-27,0.8316699862480164,0.8338196873664856,0.8244022727012634,0.806492474079132,0.8042392760110809,0.8470559034874031,0.765929044670861,57.631763867196106,0.007141867598895457
2007-04-30,0.8298754692077637,0.8331250548362732,0.8260366916656494,0.8073642408847809,0.8045171732279819,0.8480286807840013,0.7666998009855605,55.96736268101676,0.00659684706783803
2007-05-01,0.8269930481910706,0.8327782154083252,0.8267879486083984,0.8081436610221863,0.8047605958924221,0.8487888192203183,0.7674985028240542,53.304466595829126,0.005864722216614271
2007-05-02,0.8248103260993958,0.8282259702682495,0.8223684430122375,0.8088220882415772,0.8049775514910427,0.8494240826235873,0.7682200938595671,51.31344371820589,0.005050165403167384
2007-05-03,0.823384165763855,0.8261049389839172,0.822571337223053,0.8095019602775574,0.8051765538831883,0.8499138725719441,0.7690900479831707,49.999334489757715,0.004240660347025749
2007-05-04,0.8210854530334473,0.8237910866737366,0.8175278306007385,0.81008584856987,0.8053484043260218,0.8503023432933382,0.7698693538464018,47.8713098843829,0.0033747330299930267
2007-05-07,0.8248103260993958,0.8267195820808411,0.820815920829773,0.8107014775276185,0.8055584561356569,0.8508570657242216,0.7705458893310153,51.475324328610235,0.0029549823221372007
2007-05-08,0.8280202150344849,0.8309788703918457,0.8244022727012634,0.8115423190593719,0.805800680951228,0.8513439880083677,0.7717406501103761,54.4010130428688,0.0028485023114066532
2007-05-09,0.8278830647468567,0.8306337594985962,0.8269930481910706,0.8123581457138062,0.8060386162835497,0.8517846751982894,0.7729316162293229,54.250504670884794,0.002721675473087215
2007-05-10,0.8256275057792664,0.8336111903190613,0.8244022727012634,0.8131708765029907,0.8062495105676435,0.85196506329124,0.7743766897147414,51.71640248348721,0.002411362841968301
2007-05-11,0.8331944942474365,0.8331944942474365,0.825423002243042,0.8141521823406219,0.8065393642213842,0.8524266932263864,0.7758776714548574,58.68824483155068,0.002744394899470315
2007-05-14,0.8325701355934143,0.8349335789680481,0.8320159912109375,0.8154094970226288,0.8068191576831564,0.8518087193934333,0.7790102746518243,57.94478410299944,0.002924235907739714
2007-05-15,0.8338196873664856,0.8352823853492737,0.8306337594985962,0.8165904223918915,0.8071091431556771,0.8514053635251602,0.7817754812586228,59.0625040178772,0.003131491700586242
2007-05-16,0.825423002243042,0.8340979218482971,0.8237910866737366,0.8175793659687042,0.8073056786430073,0.8504396762393002,0.7847190556981082,49.53528620121422,0.002588364044671665
2007-05-17,0.8235197067260742,0.8271298408508301,0.8206138014793396,0.8184819233417511,0.8074795439231436,0.8493687406947775,0.7875951059887246,47.658654465055044,0.0019815098109672302
2007-05-18,0.8241305351257324,0.8256956338882446,0.8210180401802063,0.8193383121490478,0.8076579569259309,0.8483351605832555,0.7903414637148402,48.33513815752985,0.0015321999581975332
2007-05-21,0.8216251730918884,0.8246062397956848,0.818397581577301,0.8200512528419495,0.8078074993193972,0.8474066989006669,0.792695806783232,45.724780405629716,0.000962857661069072
2007-05-22,0.8202099800109863,0.8229098320007324,0.8190678358078003,0.8208219027519226,0.807940188235459,0.8458357100255333,0.7958080954783119,44.27039226098494,0.0003929261265396278
2007-05-23,0.8229774832725525,0.8267879486083984,0.8194706439971924,0.8215396177768707,0.8081009456206525,0.8445850487866208,0.7984941867671206,47.769142804130524,0.00016269027133186675
2007-05-24,0.8185315728187561,0.8235875368118286,0.8179959058761597,0.822128666639328,0.8082123725683248,0.8432094476681244,0.8010478856105316,43.0890820775815,-0.0003742074892771896
2007-05-25,0.8196049332618713,0.8218953013420105,0.8177952170372009,0.8225933945178986,0.8083339864614454,0.84233846003195,0.8028483290038472,44.50274256719689,-0.0007049652152121277
2007-05-28,0.8192691802978516,0.8200753927230835,0.8183305859565735,0.8229505681991577,0.8084506335085392,0.841755332722364,0.8041458036759513,44.13344511401104,-0.0009828558042828117
2007-05-29,0.8185985088348389,0.8212878108024597,0.8165932297706604,0.8232389032840729,0.8085588045880517,0.8412962948234846,0.8051815117446612,43.35943294965021,-0.0012428765727775515
2007-05-30,0.8229774832725525,0.8239946961402893,0.8175946474075317,0.8235289967060089,0.8087123912842641,0.8410770024696137,0.805980990942404,49.57745150750514,-0.0010831128143414803
2007-05-31,0.8284317851066589,0.8291873931884766,0.8222332000732422,0.8239620947837829,0.808922293521489,0.8408801408557746,0.8070440487117913,56.049472978667765,-0.0005104976115430926
2007-06-01,0.83180832862854,0.8334722518920898,0.8282259702682495,0.8244679284095764,0.8091657339370063,0.8407577144459208,0.8081781423732319,59.51395548755776,0.00021330406887964948
2007-06-04,0.8343762755393982,0.8349335789680481,0.8311861157417297,0.8249453723430633,0.8094337162401086,0.8409617248154275,0.8089290198706991,61.96927100537934,0.000982804807753701
2007-06-05,0.8371002674102783,0.8408308029174805,0.8341675400733948,0.8255231499671936,0.809727605659729,0.841155239614795,0.8098910603195921,64.43332211421674,0.0017917884440613596
2007-06-06,0.8411843776702881,0.8440955281257629,0.8371002674102783,0.8262308025360108,0.810061532402427,0.8414160238044397,0.8110455812675819,67.8017247923031,0.002730986260268242
2007-06-07,0.841396689414978,0.8476731181144714,0.8392078280448914,0.8269101691246032,0.8103939470396866,0.841696081909376,0.8121242563398305,67.97154055354522,0.003452639204049368
2007-06-08,0.8433836102485657,0.8456659317016602,0.8371703624725342,0.8275913727283478,0.8107436831095178,0.8422075878247407,0.8129751576319549,69.58805931936655,0.004137191301097909
2007-06-11,0.8430281281471252,0.8445232510566711,0.8401243686676025,0.8281160700321197,0.8110857201788886,0.8430306355497279,0.8132015045145116,68.91786861887019,0.004598016265894622
2007-06-12,0.8401949405670166,0.8448086977005005,0.8394191265106201,0.8286796116828918,0.8113939188255263,0.8432364950821437,0.81412272828364,63.65594078885791,0.0046806531548190256
2007-06-13,0.8401243686676025,0.8426729440689087,0.8366100788116455,0.8291007423400879,0.8116979134060658,0.8437407452413155,0.8144607394388603,63.52583261664137,0.004686426712230185
2007-06-14,0.8359805941581726,0.8408308029174805,0.8338892459869385,0.8294282555580139,0.8119546845612711,0.8439332508023145,0.8149232603137133,56.25512440835379,0.004306986071703545
2007-06-15,0.8404773473739624,0.8425309658050537,0.8356313109397888,0.829840327501297,0.8122561022647208,0.8444079490190688,0.8152727059835252,61.41597726952187,0.004319336412474173
2007-06-18,0.8430281281471252,0.8453800082206726,0.8406187295913696,0.8303770256042481,0.8125810898146306,0.8448695667999859,0.8158844844085102,64.00978342088266,0.004483270485723612
2007-06-19,0.846023678779602,0.8470986485481262,0.8423889875411987,0.8307699406147003,0.8129340659158222,0.8458723645505025,0.8156675166788981,66.82988769220972,0.004799578764669632
2007-06-20,0.8435971140861511,0.8478887677192688,0.8431703448295593,0.831129332780838,0.8132575093284391,0.8465834199195154,0.8156752456421607,62.553913416045646,0.004799130474740343
2007-06-21,0.8468834757804871,0.8476012349128723,0.8433836102485657,0.8314405167102814,0.8136119945241168,0.8475243941984284,0.8153566392221344,65.75009801470509,0.005006248212096165
2007-06-22,0.8486082553863525,0.8494733572006226,0.8460952639579773,0.831754344701767,0.8139807071849561,0.8485522878049616,0.8149564015985724,67.3263512298186,0.005249057938274904
2007-06-25,0.8470268845558167,0.8499065041542053,0.8463817238807678,0.8320504081249237,0.8143286704678254,0.8493950324693336,0.8147057837805138,64.39992995048789,0.005253325914602591
2007-06-26,0.8461668491363525,0.850991427898407,0.8455944657325745,0.8322457432746887,0.8146637198844197,0.850005333477805,0.8144861530715723,62.80115729462255,0.005128195994621776
2007-06-27,0.8394895792007446,0.8461668491363525,0.8357011675834656,0.8322598254680633,0.8149248254008048,0.8500416839490914,0.8144779669870352,52.00614258407229,0.004439059042569804
2007-06-28,0.8468117713928223,0.8471704125404358,0.8392078280448914,0.8324806404113769,0.8152600056405468,0.850709066668621,0.8142522141541328,60.104646291766535,0.004432655861354995
2007-06-29,0.8481764197349548,0.8520790934562683,0.8465966582298279,0.8327105677127838,0.8156058130624144,0.8514383801569252,0.8139827552686425,61.41154180322736,0.00448598536363487
2007-07-02,0.8594757318496704,0.8599191904067993,0.8498342633247375,0.8332361924648285,0.8160664380510393,0.8534367784422586,0.8130356064873984,70.13512930809648,0.005378015024274263
2007-07-03,0.8557248115539551,0.8594018816947937,0.8541898131370544,0.8337861692905426,0.8164826139870609,0.8549064119087225,0.8126659266723627,64.89078454900829,0.00571639202797436
2007-07-04,0.8577800989151001,0.8588114380836487,0.8546278476715088,0.8342653775215149,0.8169157552665971,0.856449242682257,0.8120815123607728,66.37447762875175,0.006080312694691448
2007-07-05,0.85638427734375,0.8607333302497864,0.8557248115539551,0.8348655045032501,0.8173294911767859,0.8577895916548488,0.8119414173516515,64.38450836944656,0.006184796821673277
2007-07-06,0.8481044769287109,0.8590326905250549,0.8470268845558167,0.835194194316864,0.8176519238490848,0.8584008100309256,0.8119875786028025,54.03549333026346,0.005535678690653967
2007-07-09,0.8602150082588196,0.8616233468055725,0.8574122786521912,0.8358009850978851,0.8180976268161281,0.8600051227926658,0.8115968474031044,63.32198153968636,0.005930107968289633
2007-07-10,0.8591064810752869,0.8636324405670166,0.8569714426994324,0.8364432537555695,0.8185268307699604,0.8613864289911912,0.8115000785199478,62.08550198795987,0.006083124658710526
2007-07-11,0.8628872036933899,0.8643043041229248,0.8585901856422424,0.8372047913074493,0.8189908727600327,0.863008516553523,0.8114010660613756,64.62278675765546,0.006435282278476229
2007-07-12,0.8672274351119995,0.8672274351119995,0.8605852127075195,0.8380816566944123,0.8194952050770313,0.8649271704431281,0.8112361429456965,67.3260497564881,0.006984081982301715
2007-07-13,0.8692628145217896,0.8738967180252075,0.8658008575439453,0.839045203924179,0.8200152823811394,0.8668423146309859,0.8112480932173721,68.5401068144714,0.007496829031010899
2007-07-16,0.8716875910758972,0.8761170506477356,0.8700191378593445,0.8399827492237091,0.8205549942294202,0.8689574268909299,0.8110080715564882,69.97157292050589,0.008006549446355593
2007-07-17,0.8728288412094116,0.8752734661102295,0.8712319731712341,0.8408789217472077,0.8211007191411613,0.8710888993021694,0.810668944192246,70.6485092009554,0.00840570021607856
2007-07-18,0.8775778412818909,0.8789663910865784,0.8728288412094116,0.8418728172779083,0.8216900366551965,0.8735708833902517,0.8101747511655649,73.34162426869854,0.009001471335277844
2007-07-19,0.8799718618392944,0.8809796571731567,0.8764241933822632,0.8429597043991088,0.8222978911368322,0.8760791067673448,0.8098403020308729,74.60652727659499,0.009556638708628218
2007-07-20,0.8802816867828369,0.8832361698150635,0.8758100867271423,0.8439014482498169,0.822902347568086,0.8785309018309714,0.8092719946686625,74.77335042079581,0.009907406717904577
2007-07-23,0.8830021619796753,0.8844861388206482,0.879817008972168,0.8449100887775421,0.8235285655641553,0.8810953127432497,0.8087248648118346,76.24882707178564,0.01028633800334866
2007-07-24,0.8830021619796753,0.8863676190376282,0.8809796571731567,0.845893738269806,0.8241479678611281,0.8834946702284471,0.8082928063111648,76.24882707178566,0.010465998263986087
2007-07-25,0.8850340843200684,0.8872327208518982,0.879817008972168,0.8470859599113464,0.8247817867870749,0.8858013152621671,0.8083706045605257,77.394143360282,0.010649577762989915
2007-07-26,0.8719915747642517,0.8863676190376282,0.8676036596298218,0.84805539727211,0.8252730105833614,0.8867896519918056,0.8093211425524144,58.04559509306598,0.009631617032537676
2007-07-27,0.8520790934562683,0.8768084645271301,0.8514261245727539,0.8486143684387207,0.82555180443846,0.8867412930410195,0.810487443836422,41.13660595474631,0.007135847386873562
2007-07-30,0.8588114380836487,0.8602150082588196,0.8468117713928223,0.8493580937385559,0.8258975621303143,0.8867804174791136,0.8119357699979981,46.78127500723242,0.005636205242889436
2007-07-31,0.8520064949989319,0.8614006638526917,0.8499788045883179,0.8499940240383148,0.8261688623154249,0.8864631359073306,0.813524912169299,42.359590252067434,0.003854197217421418
2007-08-01,0.8547739386558533,0.8568246364593506,0.8456659317016602,0.8506299531459809,0.8264659691677952,0.8862758147927361,0.8149840914992257,44.65080605761375,0.0026348793442600993
2007-08-02,0.8585164546966553,0.8603630661964417,0.8498342633247375,0.8514296507835388,0.8267987166259054,0.8859113541425634,0.8169479474245143,47.679664809346406,0.0019480944913998766
2007-08-03,0.8579272627830505,0.8600670695304871,0.8546278476715088,0.8521960973739624,0.8271217530645913,0.8854730866199814,0.8189191081279434,47.241368332933966,0.0013408136193682196
2007-08-06,0.8583691120147705,0.8591064810752869,0.8533879518508911,0.8529780960083008,0.827445883998016,0.8849072060211299,0.8210489859954716,47.63016097247677,0.0008849910672371619
2007-08-07,0.8550662994384766,0.859328031539917,0.8519338965415955,0.8537074518203736,0.8277322713154474,0.8840581777242192,0.8233567259165279,44.96285463863697,0.00025430753948441076
2007-08-08,0.8631851673126221,0.8637070655822754,0.8550662994384766,0.8545116055011749,0.8280997173849111,0.8836452922408277,0.8253779187615221,52.06856506858779,0.00040494315255024116
2007-08-09,0.8507018089294434,0.8661758303642273,0.8494011759757996,0.8549570059776306,0.8283338763102738,0.8831283357386542,0.8267856762166069,42.89777032693108,-0.0004774756900312038
2007-08-10,0.8458090424537659,0.8510638475418091,0.8404773473739624,0.8552370202541352,0.8285148458408056,0.8827395921190999,0.8277344483891704,39.929312207889836,-0.0015536943232754563
2007-08-13,0.8418217301368713,0.8499788045883179,0.8409721255302429,0.8553859293460846,0.8286525935639119,0.8825054471583671,0.8282664115338021,37.643221595867224,-0.0026972558381532785
2007-08-14,0.8345852494239807,0.8421761989593506,0.8336807489395142,0.8553356289863586,0.8287139814854494,0.8826025070988576,0.8280687508738597,33.85483610627969,-0.004139739750403271
2007-08-15,0.8185985088348389,0.8347941637039185,0.8179959058761597,0.8548839116096496,0.8286093535922571,0.8838057881094705,0.8259620351098287,27.31477009328944,-0.006498009987904951
2007-08-16,0.7963685393333435,0.8200082182884216,0.782901406288147,0.853983348608017,0.8282760065448207,0.8871168583273442,0.8208498388886897,21.185992595633365,-0.010044937114409902
2007-08-17,0.7982757687568665,0.7987858653068542,0.768994152545929,0.853081191778183,0.827965946087181,0.8896690191447633,0.8164933644116027,22.78671884970791,-0.012557252748234826
2007-08-20,0.8061915636062622,0.8095200061798096,0.7898269891738892,0.8523444604873657,0.8277409886503538,0.8911733694596389,0.8135155515150925,29.212779131062717,-0.013751029194177367
2007-08-21,0.799424409866333,0.8061915636062622,0.7968127727508545,0.8515290498733521,0.8274485533228492,0.8930204380200699,0.8100376617266343,27.133757878649448,-0.015069447173025052
2007-08-22,0.809192419052124,0.809585452079773,0.7980208992958069,0.8509104108810425,0.8272600868368797,0.8939879348775299,0.807832886884555,34.3919413254265,-0.015151449732252575
2007-08-23,0.8173941373825073,0.8216251730918884,0.8087997436523438,0.8505386817455292,0.8271582740924607,0.8944546750079657,0.8066226884830926,39.81304158033076,-0.014388762528856014
2007-08-24,0.8248103260993958,0.8284317851066589,0.8165932297706604,0.8502253413200378,0.8271340531326231,0.8946549103585189,0.8057957722815567,44.29516441152679,-0.013035636274946194
2007-08-27,0.8259684443473816,0.8331944942474365,0.8256275057792664,0.849884147644043,0.8271220333403829,0.8947986809291085,0.8049696143589774,44.98417485392383,-0.011734554862215196
2007-08-28,0.8132064938545227,0.8276775479316711,0.8128759264945984,0.8492278039455414,0.8269785877818138,0.8953163789544056,0.8031392289366772,39.22633623705773,-0.011599509294836774
2007-08-29,0.8190008401870728,0.8235197067260742,0.8059316277503967,0.8487358784675598,0.8268963801991719,0.8955884786643716,0.801883278270748,42.8058451951898,-0.010899289165150705
2007-08-30,0.8169267177581787,0.820815920829773,0.8132726550102234,0.8481367433071136,0.8267936831015736,0.8958443805180138,0.8004291060962134,41.855513250172784,-0.010391932286759609
2007-08-31,0.8165265321731567,0.8248103260993958,0.8118860721588135,0.8474951088428497,0.8266879586656455,0.8960325985200643,0.7989576191656351,41.66332011837722,-0.009907927516605852
2007-09-03,0.8214227557182312,0.8241305351257324,0.8187325596809387,0.846983026266098,0.8266337598459755,0.8960777400271963,0.7978883125049997,44.991447132102934,-0.009025228709993893
2007-09-04,0.8259001970291138,0.8271982669830322,0.8202099800109863,0.8465776932239533,0.8266262113077943,0.8960332338111928,0.7971221526367137,47.91763514358308,-0.007873629156253226
2007-09-05,0.8229774832725525,0.8284317851066589,0.8187325596809387,0.8462474513053894,0.8265886777780426,0.8961149853220935,0.7963799172886852,46.190348898648985,-0.007114801780982671
2007-09-06,0.8293936848640442,0.8298066258430481,0.8194706439971924,0.8458990895748139,0.8266175224606357,0.8959933739980194,0.7958048051516083,50.415939584431875,-0.005927364801252999
2007-09-07,0.8263779282569885,0.8325701355934143,0.8239946961402893,0.8454631197452546,0.826615059465819,0.8958550476195403,0.7950711918709689,48.48855038160317,-0.005170061543039006
2007-09-11,0.8340283632278442,0.8350730538368225,0.8239946961402893,0.844954172372818,0.8266912420783412,0.8952824354792873,0.7946259092663487,53.35976038276338,-0.003907523590432338
2007-09-12,0.8423889875411987,0.8435971140861511,0.8329168558120728,0.8446874558925629,0.8268525069200634,0.8949240056777417,0.7944509061073841,58.03067887948803,-0.0022068811058097992
2007-09-13,0.8350730538368225,0.8435971140861511,0.8349335789680481,0.8442333149909973,0.8269369303368828,0.8943972634840398,0.7940693664979548,53.02631690678801,-0.001432926507599186
2007-09-14,0.8420343399047852,0.8430281281471252,0.8350033164024353,0.843946316242218,0.8270919282640313,0.8939905720558733,0.7939020604285628,56.84026063083859,-0.00025490590805155033
2007-09-17,0.8336111903190613,0.8456659317016602,0.8320851922035217,0.843656450510025,0.8271588372667728,0.8937702481821186,0.7935426528379315,51.40189375128818,-9.825459217349675e-07
2007-09-18,0.8504124879837036,0.8530967831611633,0.8285003900527954,0.8434604001045227,0.8273974212786468,0.8933861385929363,0.7935346616161092,59.68719740467893,0.001538245913848546
2007-09-19,0.8558712601661682,0.8572653532028198,0.8491847515106201,0.8433956956863403,0.8276894742870288,0.8932469990438371,0.7935443923288436,61.95656886848973,0.0031621218793483896
2007-09-20,0.8654261827468872,0.8660258054733276,0.855798065662384,0.8434464752674102,0.8280764168693617,0.8933839153269673,0.7935090352078532,65.60628108628919,0.005160569843038365
2007-09-21,0.8649770617485046,0.8706251382827759,0.8610298037528992,0.8434014678001404,0.8284546718700702,0.8932554118938686,0.7935475237064121,65.28922119809046,0.006631668198274543
2007-09-24,0.8672274351119995,0.869867742061615,0.8660258054733276,0.8433607602119446,0.8288519979198655,0.8931317684474451,0.7935897519764441,66.1713983968346,0.007888180531820721
2007-09-25,0.874278724193573,0.8745846152305603,0.8614006638526917,0.8434125828742981,0.8293173724671838,0.8933092142399535,0.7935159515086427,68.84341948957456,0.009345229716669623
2007-09-26,0.8751968741416931,0.8771160244941711,0.8716115951538086,0.8434599435329437,0.8297872472106986,0.8934748940164879,0.7934449930493995,69.18473149962514,0.01045353685488648
2007-09-27,0.8796621561050415,0.8830021619796753,0.8751968741416931,0.8435016298294067,0.830297892178142,0.8936359794873184,0.7933672801714949,70.85681788560862,0.011558944862191
2007-09-28,0.8858965039253235,0.8885729908943176,0.8791208267211914,0.8436201226711273,0.8308669753119843,0.8941328771246825,0.7931073682175721,73.05515956777514,0.012790606291045226
2007-10-01,0.8943743705749512,0.895014762878418,0.886210560798645,0.8439019763469696,0.8315168238919991,0.8953974061127817,0.7924065465811575,75.73561032107145,0.014286118353610266
2007-10-02,0.8837825655937195,0.8947745561599731,0.881212592124939,0.8439175844192505,0.832051489643689,0.8954618360351982,0.7923733328033027,66.7954160919619,0.014450080759070172
2007-10-03,0.8827683925628662,0.8911861777305603,0.8815232515335083,0.8439129090309143,0.8325701661800096,0.8954427307606162,0.7923830873012124,65.99213824510431,0.01433296535622497
2007-10-04,0.8888888955116272,0.8898380398750305,0.8802041411399841,0.8439900052547454,0.8331459727215995,0.8957818114565679,0.792198199052923,68.45747012037553,0.01456611488715931
2007-10-05,0.9004141688346863,0.9004141688346863,0.8869178891181946,0.8445584571361542,0.8338335390914564,0.898195737452545,0.7909211768197634,72.50019740915458,0.015502181310247498
2007-10-08,0.8935751914978027,0.9034240245819092,0.8922198414802551,0.8453883790969848,0.8344440091785851,0.9007568113397911,0.7900199468541785,67.01170339535716,0.01551334420391004
2007-10-09,0.8997660279273987,0.9013068675994873,0.8916629552841187,0.8462074708938598,0.8351113232323474,0.9035624912436648,0.7888524505440548,69.27892155443631,0.01583915571094774
2007-10-10,0.8975855112075806,0.900819718837738,0.8946143984794617,0.8471190512180329,0.8357493751211221,0.906270952054043,0.7879671503820228,67.51875951619203,0.01573997358398671
2007-10-11,0.9009820818901062,0.9059611558914185,0.8971828818321228,0.8480432140827179,0.8364154248576547,0.9090965733041821,0.7869898548612536,68.84653254445843,0.01575384537846103
2007-10-12,0.9044862389564514,0.9052231907844543,0.8958165645599365,0.8489626097679138,0.8371102719646017,0.9120115975902444,0.7859136219455832,70.19996206013613,0.015864716489071506
2007-10-15,0.9001709818840027,0.9077704548835754,0.8963786363601685,0.8498074841499329,0.8377538116963728,0.9144585941749241,0.7851563741249417,66.37571238030836,0.015426549797997402
2007-10-16,0.8899171948432922,0.9012256860733032,0.8830801844596863,0.8504384458065033,0.8382860076907064,0.916039413710036,0.7848374779029705,58.25482369480617,0.014089489751338613
2007-10-17,0.8906305432319641,0.8967000842094421,0.8823010921478271,0.8511497306823731,0.8388199172192372,0.9177195694025186,0.7845798919622275,58.633998939481806,0.01293827688252458
2007-10-18,0.8962982892990112,0.8974243998527527,0.8885729908943176,0.8518119931221009,0.8394060450830074,0.9195196588725549,0.7841043273716468,61.61708009670457,0.012341012618773517
2007-10-19,0.893814742565155,0.8993614912033081,0.8902341723442078,0.852674251794815,0.8399607332867971,0.9214144262869114,0.7839340773027187,59.58922958581579,0.011534314523176326
2007-10-22,0.8881783485412598,0.8911861777305603,0.875963568687439,0.853521637916565,0.8404521841639928,0.9229574685730813,0.7840858072600487,55.15296557278501,0.010321214047247507
2007-10-23,0.8986340761184692,0.8990380167961121,0.8859750032424927,0.8546578848361969,0.8410450509159307,0.9251633716556064,0.7841523980167874,60.9593321244535,0.010087233662895545
2007-10-24,0.904077410697937,0.9042408466339111,0.8947745561599731,0.8560477280616761,0.8416871894949348,0.9276690882389079,0.7844263678844442,63.60143903272792,0.010223187588470295
2007-10-25,0.9084302186965942,0.9093389511108398,0.9013068675994873,0.8578443622589111,0.8423669690676578,0.9301351143106562,0.7855536102071661,65.60593776382515,0.010560433181466156
2007-10-26,0.9169264435768127,0.9188643097877502,0.9080178141593933,0.8602555203437805,0.8431261811023423,0.9322184663405279,0.7882925743470331,69.17434975078586,0.011382071648685987
2007-10-29,0.9225943684577942,0.9272136688232422,0.9190332293510437,0.8627418923377991,0.8439351887726032,0.9345546839050096,0.7909291007705885,71.312631820654,0.01234823742805391
2007-10-30,0.9204712510108948,0.9230201244354248,0.9154156446456909,0.8650274860858918,0.8447141674327485,0.9367683666892457,0.7932866054825378,69.37144164610672,0.012795118770221436
2007-10-31,0.9317927956581116,0.9341428875923157,0.920640766620636,0.8676748538017273,0.8456002458450937,0.9393038019151793,0.7960459056882753,73.5120678227156,0.013902569323319125
2007-11-01,0.9151642918586731,0.9335324764251709,0.9114108085632324,0.8697942912578582,0.8463079431592183,0.9406270070025924,0.7989615755131241,60.56200472898174,0.013285305843046324
2007-11-02,0.92336106300354,0.9242998361587524,0.914829432964325,0.871913629770279,0.847091654395791,0.9426881466674355,0.8011391128731224,63.93470006829136,0.013304168839083697
2007-11-05,0.9213193655014038,0.9225943684577942,0.9159187078475952,0.8738438105583191,0.8478464615917058,0.9446390430609611,0.803048578055677,62.50092185766238,0.013004462623967261
2007-11-06,0.9319664835929871,0.9319664835929871,0.9212344288825989,0.8759637713432312,0.8487016748651806,0.9472539534659736,0.8046735892204888,66.69537415718077,0.013470793811749093
2007-11-07,0.9246416687965393,0.9397612810134888,0.9198785424232483,0.8781924748420715,0.8494735582101929,0.9484344816821509,0.8079504680019921,61.591231361623755,0.013098323974405801
2007-11-08,0.927385687828064,0.9326618909835815,0.9225092530250549,0.8803601717948913,0.8502653175573748,0.9498317259600977,0.810888617629685,62.74157282644207,0.012876130332569957
2007-11-09,0.914829432964325,0.9319664835929871,0.9108297228813171,0.8823182260990143,0.8509212925533644,0.94998774976636,0.8146487024316686,54.672510119440645,0.011553671902314155
2007-11-12,0.8799718618392944,0.9077704548835754,0.8761938214302063,0.883587132692337,0.8512163860370784,0.9485462825229074,0.8186279828617666,39.48916855627674,0.007605231026443837
2007-11-13,0.9005764126777649,0.9013881087303162,0.8788890838623047,0.8851702058315277,0.8517176773452554,0.9477606376417618,0.8225797740212937,48.579600285528954,0.006068721791421261
2007-11-14,0.896217942237854,0.9070295095443726,0.8939746022224426,0.8865765607357026,0.8521695209273946,0.9468483013093624,0.8263048201620428,46.97211451700599,0.0044480605403830475
2007-11-15,0.8876264691352844,0.9017132520675659,0.8841732740402222,0.8878695404529572,0.8525294678907048,0.9452782314292988,0.8304608494766156,43.88914962484696,0.00244226187067087
2007-11-16,0.8911861777305603,0.8942144513130188,0.8827683925628662,0.8891053903102875,0.8529218187286848,0.9439805668087564,0.8342302138118185,45.48565634719033,0.0011269005003408106
2007-11-19,0.8823789358139038,0.8997660279273987,0.8809020519256592,0.8902254104614258,0.8532207376192241,0.9420776570900113,0.8383731638328402,42.28032878077785,-0.0006190674555237585
2007-11-20,0.8911067247390747,0.8954154849052429,0.8768084645271301,0.8913669776916504,0.8536051134131052,0.9406173082160272,0.8421166471672736,46.31752169465503,-0.0012837022935177078
2007-11-21,0.8691872358322144,0.8910273313522339,0.8681308627128601,0.8919029426574707,0.853763172404511,0.9395344139487946,0.8442714713661469,38.94925008712352,-0.003538361725615613
2007-11-22,0.872372031211853,0.8782715797424316,0.8688852190971375,0.8926489222049713,0.8539518969407912,0.9377486031098774,0.8475492413000651,40.432004060000295,-0.005010451829019047
2007-11-23,0.877269983291626,0.8787345886230469,0.8694140315055847,0.8933536350727082,0.8541883355607487,0.9362736981482497,0.8504335719971666,42.73546836664204,-0.005715979785959835
2007-11-27,0.8775778412818909,0.8809796571731567,0.8716115951538086,0.8942329680919647,0.8544254534278587,0.933830091635355,0.8546358445485744,42.88496778580427,-0.006179046011849931
2007-11-28,0.886210560798645,0.8918219804763794,0.8728288412094116,0.8949489295482635,0.8547476237108129,0.9325566402911416,0.8573412188053855,47.058750744743854,-0.005782780717272451
2007-11-29,0.8832361698150635,0.8866034150123596,0.8778860569000244,0.8954962277412415,0.8550363268239687,0.9315469987373268,0.8594454567451562,45.816424282391445,-0.005643689175000022
2007-11-30,0.8855043053627014,0.8892050385475159,0.8809796571731567,0.8958977901935578,0.8553450327912728,0.9310166901368147,0.8607788902503009,46.966175613303484,-0.005289464883949324
2007-12-03,0.881212592124939,0.8840950727462769,0.8789663910865784,0.8962225008010865,0.8556070789803665,0.9304637477121627,0.8619812538900102,45.019544203175634,-0.005294018818657653
2007-12-04,0.872372031211853,0.881212592124939,0.8703977465629578,0.8963253927230835,0.8557768824364915,0.930240380507057,0.86241040493911,41.228731634500456,-0.005942485947821652
2007-12-05,0.8710042834281921,0.8735150694847107,0.8670019507408142,0.8962599039077759,0.8559310853546076,0.930360788927315,0.8621590188882368,40.65831591355236,-0.0064919316876259625
2007-12-06,0.879817008972168,0.879817008972168,0.8694140315055847,0.8963523066043854,0.8561729276373962,0.9302446361889454,0.8624599770198254,45.85622798989305,-0.006145417546498777
2007-12-07,0.8775008320808411,0.8823010921478271,0.8745846152305603,0.8963090801239013,0.8563888325592346,0.930293681797611,0.8623244784501917,44.74685461782752,-0.005988665107641733
2007-12-10,0.8855827450752258,0.8868393301963806,0.8745080828666687,0.8963028049468994,0.8566843149392686,0.9302953691402418,0.862310240753557,49.3512758623024,-0.005152895463883755
2007-12-11,0.8771929740905762,0.8889679312705994,0.8712319731712341,0.895959177017212,0.8568918551450505,0.930376032663293,0.8615423213711308,45.1454379445659,-0.0051086372122632895
2007-12-12,0.8847208619117737,0.8902341723442078,0.8754267692565918,0.895977942943573,0.8571734269232657,0.9303687125542145,0.8615871733329316,49.319001451351085,-0.004415228588222853
2007-12-13,0.8784258961677551,0.8850340843200684,0.8739731311798096,0.8958910930156708,0.8573884217446665,0.9304395938553641,0.8613425921759775,46.156490965008906,-0.004323806237420902
2007-12-14,0.8625150918960571,0.8795074820518494,0.8605111837387085,0.8953636169433594,0.8574402757013924,0.9311322633222919,0.8595949705644269,39.29742151768809,-0.005472142841943195
2007-12-17,0.8582954406738281,0.8649770617485046,0.8560177683830261,0.8945212423801422,0.857448923888555,0.9317581164171886,0.8572843683430957,37.69744560425628,-0.006646086514587868
2007-12-19,0.8585901856422424,0.8636324405670166,0.85638427734375,0.893821542263031,0.8574604634634992,0.9324208237060193,0.8552222608200427,37.8876767794691,-0.007466591656477672
2007-12-20,0.8590326905250549,0.8605852127075195,0.8574122786521912,0.8930068755149841,0.8574763580744645,0.9327951659336318,0.8532185850963365,38.19279720243556,-0.007989048666947829
2007-12-21,0.8658758401870728,0.8694140315055847,0.8590326905250549,0.892372682094574,0.8575612600779076,0.9328676732439543,0.8518776909451937,42.86695658800913,-0.007761445512175724
2007-12-24,0.8719155788421631,0.8719915747642517,0.8678295612335205,0.8917913520336151,0.8577063307116084,0.9326150814795421,0.8509676225876882,46.698309877512095,-0.007012871916866503
2007-12-25,0.8706251382827759,0.8719155788421631,0.8694140315055847,0.8911141300201416,0.8578368730946443,0.9322008812684758,0.8500273787718075,45.98869861031311,-0.006449404991753505
2007-12-26,0.874737560749054,0.8748140931129456,0.8704735040664673,0.8906054615974426,0.8580076253123861,0.9318639420832177,0.8493469811116675,48.66583351415324,-0.005606388315317901
2007-12-27,0.8775778412818909,0.8791981339454651,0.8716875910758972,0.8903586745262146,0.8582053182453,0.9317812475737149,0.8489361014787143,50.491062748436654,-0.004655439613892032
2007-12-28,0.874278724193573,0.8789663910865784,0.8725242018699646,0.8900316381454467,0.8583676627749717,0.9317029029811744,0.848360373309719,48.34101624708144,-0.004120518323650457
2007-12-31,0.874278724193573,0.8827683925628662,0.874278724193573,0.889591246843338,0.8585283434998601,0.9314571566913868,0.8477253369952892,48.34101624708144,-0.0036544629729067246
2008-01-01,0.8771160244941711,0.8775778412818909,0.874278724193573,0.8892572724819183,0.858716026692396,0.9312518861341528,0.8472626588296839,50.44572222000973,-0.0030213362442376157
2008-01-02,0.8840169906616211,0.8848774433135986,0.8765778541564941,0.8891740453243255,0.8589714575917728,0.9311938734352267,0.8471542172134243,55.224087020725705,-0.0019403611785693275
2008-01-03,0.8816009759902954,0.8845643997192383,0.8789663910865784,0.8888333833217621,0.8591998851579068,0.930816338666653,0.8468504279768712,53.28680785219982,-0.001264061529065219
2008-01-04,0.8765778541564941,0.8827683925628662,0.8703219890594482,0.8882833921909332,0.8593752771227575,0.930171637798562,0.8463951465833044,49.406165321165204,-0.0011204967473459337
2008-01-07,0.8719155788421631,0.8749672174453735,0.8685833811759949,0.8875530993938446,0.8595018255541091,0.9292805944043058,0.8458256043833835,46.05374997140493,-0.0013671674221011898
2008-01-08,0.8795848488807678,0.8839388489723206,0.8717635869979858,0.8868062674999238,0.8597044615536085,0.9277166362389999,0.8458958987608476,51.842459637509045,-0.0009330540454297598
2008-01-09,0.8830801844596863,0.8855827450752258,0.8788118362426758,0.8860159838199615,0.8599402876752172,0.9256100278184703,0.8464219398214526,54.25188376119359,-0.0003034734443584375
2008-01-10,0.8946143984794617,0.8975855112075806,0.8812902569770813,0.8854988467693329,0.860290049294232,0.9239139561297967,0.8470837374088691,61.158006323495606,0.0011133543380511535
2008-01-11,0.8930166363716125,0.8970218896865845,0.8906305432319641,0.884723323583603,0.8606201208499523,0.9208194461964694,0.8486272009707365,59.81105675236514,0.0020832599898763515
2008-01-14,0.898391842842102,0.9004141688346863,0.8929368853569031,0.8843878746032715,0.861001024673849,0.9196309869972672,0.8491447622092758,62.780887800686564,0.00324820812510751
2008-01-15,0.8837825655937195,0.9018758535385132,0.8788118362426758,0.8835963046550751,0.8612307312359774,0.9169962566691718,0.8501963526409784,51.616562154763564,0.002958487731185677
2008-01-16,0.8789663910865784,0.8868393301963806,0.8751968741416931,0.8827492451667786,0.8614095363773103,0.9143437448487193,0.8511547454848378,48.55132357122938,0.0023135876016893153
2008-01-17,0.8733624815940857,0.8880206346511841,0.8732098937034607,0.8815771651268005,0.8615300262392792,0.9098977615338515,0.8532565687197495,45.18869723349281,0.0013349227817234244
2008-01-18,0.8804367184638977,0.8850340843200684,0.8703977465629578,0.8806930661201477,0.8617205875073521,0.9061406606177757,0.8552454716225198,49.90543085815856,0.0011172763878123382
2008-01-21,0.8572653532028198,0.8812902569770813,0.8572653532028198,0.8792906594276428,0.8616756888142729,0.9017935851132317,0.856787733742054,38.28429478161257,-0.0009144047836604496
2008-01-22,0.872372031211853,0.872372031211853,0.8517887592315674,0.8784415113925934,0.8617834700310283,0.8985473248714323,0.8583356979137545,46.956593296209135,-0.0012906660906902845
2008-01-23,0.8728288412094116,0.8748140931129456,0.8616233468055725,0.8782986509799957,0.8618947541759203,0.8984615091368062,0.8581357928231852,47.198216382073376,-0.0015343085839631954
2008-01-24,0.8829242587089539,0.8833922743797302,0.8700191378593445,0.8779456079006195,0.8621066038321136,0.8971097559980705,0.8587814598031684,52.36270664498875,-0.0009023791290544425
2008-01-25,0.8820675611495972,0.8855043053627014,0.8779630661010742,0.8776626002788543,0.8623076641571265,0.8961306612721629,0.8591945392855458,51.89880685863172,-0.0004653347274756747
2008-01-28,0.8884940147399902,0.8898380398750305,0.8774238228797913,0.8776799511909484,0.862571398583894,0.8961878081995596,0.8591720941823373,55.11147557300658,0.0003950335057866239
2008-01-29,0.8885729908943176,0.8906305432319641,0.886289119720459,0.8776276874542236,0.8628332404929934,0.8959940898528986,0.8592612850555486,55.151118982357566,0.0010709094671688124
2008-01-30,0.8847208619117737,0.8972632884979248,0.8833922743797302,0.877674525976181,0.8630536273443539,0.8961022271730451,0.8592468247793169,52.70607936496425,0.0012809454785653873
2008-01-31,0.8954154849052429,0.898311197757721,0.8850340843200684,0.8777607011795044,0.8633794407701076,0.8964827354564985,0.8590386669025104,58.24122063911089,0.0022840382564484063
2008-02-01,0.904568076133728,0.9048135876655579,0.8947745561599731,0.8784683179855347,0.8637940718751915,0.8984966620196235,0.8584399739514459,62.30703007957335,0.0037740294680997932
2008-02-04,0.9077704548835754,0.9100837707519531,0.9030161499977112,0.8791762864589692,0.8642367147091047,0.9007666999865125,0.8575858729314259,63.64093609215395,0.0051538530302862595
2008-02-05,0.8959770798683167,0.9091735482215881,0.8949346542358398,0.8795504283905029,0.864556159502717,0.9016483949101693,0.8574524618708365,55.80820806083895,0.005235395956362909
2008-02-06,0.892379105091095,0.8997660279273987,0.8915834426879883,0.879846453666687,0.8648361462464257,0.9022312586815104,0.8574616486518636,53.63918894432675,0.004952602301329878
2008-02-07,0.8947745561599731,0.8974243998527527,0.8888888955116272,0.8800177335739136,0.8651373872320044,0.9027299587538397,0.8573055083939874,54.89606825071969,0.004865690522381727
2008-02-08,0.8947745561599731,0.898311197757721,0.8922198414802551,0.8802485013008118,0.8654355637950686,0.9033257383554828,0.8571712642461408,54.89606825071969,0.004742147783634465
2008-02-11,0.904077410697937,0.9058791995048523,0.897102415561676,0.8806199634075165,0.8658242925007914,0.9046219027855065,0.8566180240295265,59.80425346462126,0.005333421523728399
2008-02-12,0.9036688804626465,0.908265233039856,0.9023642539978027,0.8810690891742706,0.8662049592551392,0.9059409338761839,0.8561972444723573,59.49805573031744,0.005703301141514072
2008-02-13,0.8970218896865845,0.9048135876655579,0.8929368853569031,0.8815620863437652,0.86651490341369,0.9067060096779117,0.8564181630096187,54.599747717639985,0.005397853701614608
2008-02-14,0.90203857421875,0.9062896370887756,0.897102415561676,0.8821827721595764,0.8668721477052405,0.907790828285076,0.8565747160340769,57.44714716920157,0.005497220385722312
2008-02-15,0.9075233936309814,0.9098353385925293,0.9013068675994873,0.8827368998527527,0.867280914089955,0.9093166389264761,0.8561571607790294,60.37337063274063,0.00594996084193089
2008-02-18,0.916506290435791,0.916506290435791,0.9091735482215881,0.8835170090198516,0.8677758451100511,0.9117101299090469,0.8553238881306564,64.65971989243093,0.006953450564507246
2008-02-19,0.9213193655014038,0.9237021803855896,0.9165903329849243,0.8842317414283752,0.8683141363675682,0.9143825820385265,0.854080900818224,66.73590936934241,0.00804436786732099
2008-02-20,0.9197939038276672,0.9212344288825989,0.9118264317512512,0.8850837600231171,0.8688316266644373,0.916790287949376,0.8533772320968581,65.42401893313172,0.008685712197634143
2008-02-21,0.9193711280822754,0.920810341835022,0.9170946478843689,0.885776765346527,0.8693396132778214,0.9189324919494062,0.8526210387436479,65.04240168189706,0.009055481773630025
2008-02-22,0.9208951592445374,0.9250693917274475,0.9175995588302612,0.8866261506080627,0.8698577600897875,0.9211605411296996,0.8520917600864258,65.81646453232342,0.009363566043851468
2008-02-25,0.9279881119728088,0.9284188747406006,0.9223390221595764,0.8879356110095977,0.8704419270072207,0.9236823162325705,0.852188905786625,69.23124269115442,0.010064054894355912
2008-02-26,0.9339683651924133,0.935016393661499,0.9256688356399536,0.8894490694999695,0.87108025738861,0.9264590812454638,0.8524390577544751,71.78998216514958,0.010975238097946316
2008-02-27,0.9417969584465027,0.9432182908058167,0.9324009418487549,0.8911132049560547,0.8717907677845954,0.9298997903696593,0.8523266195424501,74.75019526281413,0.012188557299399494
2008-02-28,0.9453582167625427,0.9499382376670837,0.9372949600219727,0.8928397154808044,0.8725298487262073,0.9334405200055553,0.8522389109560535,75.98475218295893,0.013284351555955531
2008-02-29,0.9297136068344116,0.9484066963195801,0.9290226101875305,0.8941164708137512,0.8731042789551967,0.9352675993001646,0.8529653423273379,61.710373460039925,0.012743488126728875
2008-03-03,0.9394964575767517,0.9417082667350769,0.9291952848434448,0.8954680883884429,0.8737711474762359,0.9380572107356637,0.8528789660412222,66.01032136343855,0.012954908141661226
2008-03-04,0.9267840385437012,0.9395847320556641,0.9223390221595764,0.8965912663936615,0.8743035791781228,0.9394673560777815,0.8537151767095414,57.04533463056308,0.01195882021748551
2008-03-05,0.9343174695968628,0.9359790086746216,0.9232758283615112,0.8977828645706176,0.8749062688208225,0.9414836890272503,0.8540820401139849,60.47142100583459,0.011643084062130105
2008-03-06,0.9293680787086487,0.9384384155273438,0.92498379945755,0.8988186693191529,0.87545315122915,0.943017037951909,0.8546203006863967,57.241143109572754,0.010868204507026857
2008-03-07,0.9278159141540527,0.9372071027755737,0.9265264272689819,0.8998894131183625,0.8759789078817133,0.9442548989793376,0.8555239272573874,56.22675666996643,0.01001343156340817
2008-03-10,0.9164223074913025,0.9311854243278503,0.9154993295669556,0.900732284784317,0.876384949560053,0.9447114428248751,0.8567531267437589,49.31787664629803,0.008320732781910145
2008-03-11,0.9287638664245605,0.9309253096580505,0.9153318405151367,0.9017652416229248,0.8769107738019404,0.9459062305030437,0.857624252742806,55.6717517002758,0.007884232936017366
2008-03-12,0.9359790086746216,0.9367681741714478,0.9281604290008545,0.9028044819831849,0.8775036985877696,0.9476805561812028,0.8579284077851669,58.91462986481215,0.008027963972020546
2008-03-13,0.9453582167625427,0.9470593929290771,0.9333581924438477,0.9040796267986297,0.8781847600255793,0.9501051227464569,0.8580541308508026,62.73142465591349,0.008797285924939668
2008-03-14,0.9389671087265015,0.9456264972686768,0.9358913898468018,0.9053274118900299,0.878794784539584,0.9516912634066482,0.8589635603734115,58.72782886837425,0.008789945094010432
2008-03-17,0.920640766620636,0.9438414573669434,0.9133254289627075,0.9063019156455994,0.8792147235718174,0.951840280523821,0.8607635507673778,49.05910777962147,0.007222092991885587
2008-03-18,0.930059552192688,0.9328358173370361,0.9175995588302612,0.9073114097118378,0.8797249257508997,0.952669861888781,0.8619529575348945,53.31334451966608,0.006662771897770425
2008-03-19,0.9138261675834656,0.9356287717819214,0.9119926691055298,0.9079263293743134,0.8800670856662135,0.9527747370642639,0.8630779216843629,46.15842233409605,0.004853657488850249
2008-03-20,0.9007385969161987,0.9165903329849243,0.8958165645599365,0.9080488133430481,0.8802744790723183,0.9527821336764114,0.8633154930096848,41.34129915502073,0.0023369250925769913
2008-03-21,0.8974243998527527,0.9032607674598694,0.8974243998527527,0.9081369686126709,0.8804465268149116,0.9527666284800578,0.863507308745284,40.197269401251646,7.411418909575307e-05
2008-03-24,0.9099181294441223,0.9105809926986694,0.8982304930686951,0.9083674943447113,0.8807421613171272,0.9529106887587924,0.8638242999306303,46.2372198443669,-0.0007029371688968
2008-03-25,0.916506290435791,0.9204712510108948,0.909008264541626,0.9090219688415527,0.8811008881626733,0.9530494023136831,0.8649945353694224,49.15350613933273,-0.0007781761062348735
2008-03-26,0.9197939038276672,0.923787534236908,0.9125752449035645,0.9098385190963745,0.8814889616882481,0.9530984752376501,0.8665785629550988,50.59373555803807,-0.0005659961300824579
2008-03-27,0.920640766620636,0.9248982667922974,0.9175995588302612,0.9107840847969055,0.8818816055265584,0.9528398535346315,0.8687283160591796,50.97892158346061,-0.00032575215240326916
2008-03-28,0.9170946478843689,0.9243853092193604,0.9154156446456909,0.9115172433853149,0.8822347207605744,0.952682325297078,0.8703521614735519,49.24752014299594,-0.00041669580523551186
2008-03-31,0.9138261675834656,0.9181050062179565,0.9109957218170166,0.9126484596729278,0.8825514941341942,0.9507208822232734,0.8745760371225823,47.641432559977524,-0.0007439327560424536
2008-04-02,0.9141603708267212,0.9158347845077515,0.9059611558914185,0.9134842264652252,0.8828684178965461,0.9497391735169816,0.8772292794134688,47.828787547794214,-0.0009651770285112882
2008-04-03,0.9155831933021545,0.9175995588302612,0.9095043540000916,0.9143393135070801,0.8831964048779625,0.9486448389074165,0.8800337881067437,48.67089199562316,-0.0010140158817955047
2008-04-04,0.921998918056488,0.92336106300354,0.9104980826377869,0.9151208066940307,0.8835853960734268,0.9482659709462272,0.8819756424418342,52.40172599918624,-0.0005289284971932151
2008-04-07,0.9252405166625977,0.9284188747406006,0.9181050062179565,0.9159842658042908,0.8840029531943021,0.9478391495743644,0.8841293820342172,54.2125926015037,0.0001157424592895806
2008-04-08,0.931011974811554,0.9323139786720276,0.9246416687965393,0.916834625005722,0.8844741437940115,0.9479557831617533,0.8857134668496907,57.32555672633098,0.0010799087594787204
2008-04-09,0.9298000931739807,0.9322270750999451,0.9266122579574585,0.9176591670513153,0.8849284310388474,0.9478961080528465,0.8874222260497842,56.45757689325744,0.0017263287357237589
2008-04-10,0.9322270750999451,0.9346667528152466,0.9293680787086487,0.9186092913150787,0.8854024556290344,0.9475807685726619,0.8896378140574955,57.834499817264046,0.0024067152669247083
2008-04-11,0.9292816519737244,0.9342302083969116,0.9279019832611084,0.9192866146564483,0.8858421791609973,0.9476213526039401,0.8909518767089566,55.53908291746678,0.002677392154327496
2008-04-14,0.9260973930358887,0.927385687828064,0.9208951592445374,0.9197172009944916,0.886245557297623,0.947792150151315,0.8916422518376682,53.08606622881462,0.0026049343912478706
2008-04-15,0.9256688356399536,0.9308386445045471,0.9237021803855896,0.9200751686096191,0.8866405712506764,0.9479843129030239,0.8921660243162144,52.748393229751976,0.0024842927117662006
2008-04-16,0.9395847320556641,0.9402914643287659,0.9254117608070374,0.9209473216533661,0.8871710250420978,0.9485060111520864,0.8933886321546458,61.34631630634207,0.0034715618483341926
2008-04-17,0.9373828172683716,0.9395847320556641,0.9344921708106995,0.9218473958969117,0.8876740682662921,0.9485232622057127,0.8951715295881106,59.501393847844504,0.004029850028159476
2008-04-18,0.9338812828063965,0.9394081830978394,0.9275577664375305,0.9226295304298401,0.8881369603577213,0.948341294817468,0.8969177660422122,56.58699593417591,0.004142006393982878
2008-04-21,0.9434852004051208,0.9444654583930969,0.9332711696624756,0.923603743314743,0.8886913874897875,0.948691371753538,0.8985161148759481,62.073979803394074,0.004948800319309887
2008-04-22,0.9458948373794556,0.9474182724952698,0.9402031302452087,0.9244400918483734,0.8892643601005096,0.9496585783442878,0.899221605352459,63.326414507990336,0.005716728990161957
2008-04-23,0.9475080370903015,0.9538343548774719,0.9453582167625427,0.9253168749809265,0.8898477134522098,0.9506359122505612,0.8999978377112918,64.1792661702421,0.006381922894513337
2008-04-24,0.9385265111923218,0.9484966993331909,0.9381743669509888,0.9261469674110413,0.8903352355617592,0.950377733509592,0.9019162013124906,56.32559694948264,0.006113882743445376
2008-04-25,0.9332711696624756,0.941974401473999,0.9299730658531189,0.9267716193199158,0.8907652145493725,0.950057549117595,0.9034856895222366,52.29324050141394,0.005414976374917835
2008-04-28,0.9386146068572998,0.9402031302452087,0.9338812828063965,0.9273934435844421,0.8912443682759513,0.950237728969946,0.9045491581989382,55.76110285900352,0.005231948125944519
2008-04-29,0.9326618909835815,0.9386146068572998,0.9296271800994873,0.9277165555953979,0.8916590882648905,0.9503886785602248,0.905044432630571,51.28830370228466,0.00455406605917652
2008-04-30,0.9437523484230042,0.9470593929290771,0.9316191077232361,0.92816521525383,0.8921806732357113,0.9512054923971033,0.9051249381105567,58.04120013681409,0.004855772542669223
2008-05-02,0.9372949600219727,0.938262403011322,0.9280742406845093,0.928515236377716,0.8926323529463556,0.9515681722444981,0.905462300510934,53.399410725368654,0.004521696524324326
2008-05-05,0.9459842443466187,0.9469696879386902,0.9345793724060059,0.929047498703003,0.8931664737984776,0.9524647434418665,0.9056302539641394,58.23923184526549,0.004901589031298559
2008-05-06,0.9502090811729431,0.95084148645401,0.9438414573669434,0.929633777141571,0.8937375085981842,0.9536773869512268,0.9055901673319152,60.39310119421588,0.0054803910667110545
2008-05-07,0.9400263428688049,0.9502090811729431,0.9410879015922546,0.9298745417594909,0.8942008629116541,0.9540913594843402,0.9056577240346416,53.26270847044315,0.0050591156335364484
2008-05-08,0.9438414573669434,0.9453582167625427,0.9354537129402161,0.9300720036029816,0.8946977388457271,0.9545842753752444,0.9055597318307188,55.38793917563245,0.004975742412142492
2008-05-09,0.9428625106811523,0.9453582167625427,0.9387027025222778,0.9300933146476745,0.8951798140326858,0.9546490077376139,0.9055376215577352,54.7006004991071,0.004775625281846052
2008-05-12,0.946342408657074,0.9481368660926819,0.936154305934906,0.9301129984855652,0.8956918640339658,0.954720159746492,0.9055058372246383,56.75499426782508,0.004842013975199011
2008-05-13,0.9414423108100891,0.947777509689331,0.9389671087265015,0.9303475725650787,0.8961497211249708,0.9551619352169901,0.9055332099131673,53.102975310506544,0.004447957265955926
2008-05-14,0.9310986995697021,0.9427735805511475,0.9308386445045471,0.9301796174049377,0.8964994601843694,0.9548545173548313,0.9055047174550441,46.32640894064586,0.0032634030242565393
2008-05-15,0.940733790397644,0.941974401473999,0.9291952848434448,0.9304586124420166,0.896942093810912,0.9552917529431124,0.9056254719409207,52.417640655968974,0.00306675491775521
2008-05-16,0.9560229182243347,0.9561143517494202,0.9403798580169678,0.930892721414566,0.8975332565307889,0.9567393807639228,0.9050460620652092,60.14660603818073,0.004097382639089764
2008-05-19,0.95337975025177,0.9563886523246765,0.9515653252601624,0.9313729548454285,0.8980920253862895,0.957984937365629,0.904760972325228,58.38107951667761,0.0046473096749269915
2008-05-20,0.957762598991394,0.9616310000419617,0.9520182609558105,0.9319718885421753,0.8986890229011414,0.9595862082055865,0.9043575688787641,60.4539974675782,0.005374832355453996
2008-05-21,0.9620935320854187,0.9653441309928894,0.9562057852745056,0.9328853130340576,0.8993233433701353,0.9614067724695745,0.9043638535985408,62.44455132018963,0.006229064647065963
2008-05-22,0.9572125673294067,0.9649716019630432,0.954562783241272,0.9334542870521545,0.8999024557062588,0.9627643042849628,0.9041442698193461,58.84936031383585,0.006437983759421173
2008-05-23,0.9609841108322144,0.963391125202179,0.955931544303894,0.9339543890953064,0.9005134717698561,0.964276074573214,0.9036327036173988,60.73074752039467,0.006829163357536916
2008-05-26,0.9608917236328125,0.9621860980987549,0.9586808681488037,0.9342650592327117,0.9011174194834446,0.9653717923906066,0.9031583260748169,60.65758913617826,0.0070504479571620315
2008-05-27,0.9587727785110474,0.963483989238739,0.9584051966667175,0.9346611726284028,0.9016941005504417,0.9665079065187838,0.9028144387380217,58.90492117551785,0.00697443943767162
2008-05-28,0.9625565409660339,0.9631127715110779,0.956571638584137,0.9354994881153107,0.9023028278913697,0.9680390317519361,0.9029599444786853,61.06817793857024,0.007137246412398213
2008-05-29,0.9563886523246765,0.9637624621391296,0.954016387462616,0.9360260701179505,0.9028437497847709,0.96905477516492,0.9029973650709809,55.90228766826357,0.006691440288301931
2008-05-30,0.9564801454544067,0.9580379128456116,0.951655924320221,0.9368791496753692,0.9033801495438412,0.9697705782629188,0.9039877210878197,55.961798556373665,0.006273204853409542
2008-06-02,0.9544716477394104,0.956937849521637,0.95084148645401,0.9379538106918335,0.903891072869335,0.9695096905506315,0.9063979308330354,54.23158306945915,0.005713815964438207
2008-06-03,0.9514747858047485,0.9607993960380554,0.95084148645401,0.9390348184108734,0.9043668940189873,0.9685616733930967,0.9095079634286501,51.66483268745159,0.004971367695220552
2008-06-04,0.9566631317138672,0.9628345966339111,0.949397087097168,0.9399697184562683,0.9048898129933991,0.9686825893834018,0.9112568475291348,55.5841978992791,0.004746908836643859
2008-06-05,0.9587727785110474,0.9594166874885559,0.9518370032310486,0.9408150482177734,0.9054285715723817,0.9691951910521573,0.9124349053833894,57.107206479950534,0.00468524584195984
2008-06-06,0.9631127715110779,0.9642271995544434,0.9567546844482422,0.9416814255714416,0.9060053095487592,0.9700871129598144,0.9132757381830688,60.13561118736856,0.004929751531688842
2008-06-09,0.9513842463493347,0.9647853374481201,0.9484966993331909,0.9422962951660157,0.9064589953307777,0.9701689646150278,0.9144236257170035,49.88521821755312,0.004129527469067473
2008-06-10,0.9459842443466187,0.9528346657752991,0.9446439146995544,0.9428740870952607,0.9068541388402045,0.9697959477519081,0.9159522264386132,45.997636729684466,0.003024741762021388
2008-06-11,0.9474182724952698,0.9490367770195007,0.9439305663108826,0.9435459291934967,0.9072596492750082,0.9691535412993914,0.917938317087602,47.174960462004286,0.002239094330900193
2008-06-12,0.9372071027755737,0.947777509689331,0.9331840872764587,0.9440068638324738,0.9075590132409582,0.968248810385609,0.9197649172793386,40.41787901259347,0.0007834756043093583
2008-06-13,0.9397612810134888,0.9409993290901184,0.9342302083969116,0.9444904255867005,0.9078809021986942,0.9673429429650072,0.9216379082083938,42.63139315739275,-0.00016214280471660292
2008-06-16,0.9414423108100891,0.9424182176589966,0.9374707341194153,0.9448792934417725,0.9082163616244557,0.9668129078943968,0.9229456789891481,44.10323752890131,-0.0007670649043133304
2008-06-17,0.9446439146995544,0.9451796412467957,0.9394081830978394,0.9452673614025116,0.9085804528507022,0.9664567237488186,0.9240779990562045,46.89757474596815,-0.000976866638976781
2008-06-18,0.9461632966995239,0.9474182724952698,0.9405568242073059,0.945570387840271,0.9089560743523274,0.9663571803326356,0.9247835953479064,48.22049633947138,-0.0010089045719607892
2008-06-19,0.9498479962348938,0.9521089196205139,0.9450902938842773,0.9459713459014892,0.9093647503320962,0.9662845445108402,0.9256581472921382,51.38366090859716,-0.0007285718833350829
2008-06-20,0.9542895555496216,0.956571638584137,0.949397087097168,0.9464125955104827,0.9098137114904506,0.9664640019619691,0.9263611890589963,54.95574277896136,-0.00014632277302806251
2008-06-23,0.9518370032310486,0.9561143517494202,0.9496676325798035,0.9468637025356292,0.9102336578323224,0.9663489175032907,0.9273784875679678,52.655110657026455,0.00011587760163445093
2008-06-24,0.9573042392730713,0.9584051966667175,0.9502993822097778,0.947487839460373,0.9107040224578807,0.966243604790491,0.9287320741302549,56.97876708927842,0.0007561174928090164
2008-06-25,0.9589567184448242,0.9603379964828491,0.9535616040229797,0.9481535971164703,0.9111861791673943,0.9660936198118646,0.930213574421076,58.22068319101287,0.00138093491990543
2008-06-26,0.955931544303894,0.9609841108322144,0.9548362493515015,0.9484805333614349,0.911633270667936,0.9663789330708136,0.9305821336520562,55.08561715224113,0.0016134026601499762
2008-06-27,0.9617233872413635,0.9632055163383484,0.9546539187431335,0.9489673447608947,0.9121337455759898,0.9669575582759579,0.9309771312458316,59.57391957367897,0.0022391765068047187
2008-06-30,0.9580379128456116,0.9668375253677368,0.9558401703834534,0.9494504773616791,0.9125923776980208,0.9670809250922912,0.931820029631067,55.755812282635354,0.002409939523106086
2008-07-02,0.9623712301254272,0.9649716019630432,0.9537435173988342,0.9498281979560852,0.9130897017967864,0.9677439374697063,0.9319124584424641,59.076842747626785,0.002861942244545723
2008-07-03,0.9600614309310913,0.963391125202179,0.9586808681488037,0.9501115298271179,0.9135589618842688,0.9682204113613533,0.9320026482928825,56.63649658937751,0.0029992032188370654
2008-07-04,0.9638553857803345,0.9642271995544434,0.9595087766647339,0.9504384768009185,0.9140614164510817,0.9689414995401958,0.9319354540616412,59.58929121143848,0.003375216583035412
2008-07-07,0.9558401703834534,0.963391125202179,0.9521995782852173,0.9507847499847412,0.9144787640965104,0.9690240231118454,0.9325454768576369,51.59588843604918,0.002991959539473399
2008-07-08,0.9535616040229797,0.9563886523246765,0.9509319067001343,0.9511905586719513,0.9148691656751313,0.9687287901924756,0.9336523271514271,49.56057643613373,0.002475824544514116
2008-07-09,0.9554749131202698,0.9588647484779358,0.9485865831375122,0.9515277647972107,0.9152747639478732,0.9687240812040859,0.9343314483903354,51.297865293339,0.00219585939617295
2008-07-10,0.9615384936332703,0.9638553857803345,0.9549274444580078,0.9521052968502045,0.915736860293988,0.96864246397809,0.9355681297223191,56.42070550753165,0.0024351938719150423
2008-07-11,0.9674922823905945,0.9715340733528137,0.9599692821502686,0.9525800955295562,0.9162537896776194,0.9694972287860938,0.9356629622730187,60.78273928589865,0.003069901252389373
2008-07-14,0.9710623025894165,0.9733307361602783,0.9668375253677368,0.9532554423809052,0.9168011924845455,0.9703767909418368,0.9361340938199736,63.16367186248886,0.003816982421016024
2008-07-15,0.9789525270462036,0.9843488335609436,0.9711565971374512,0.9539148080348968,0.9174219089417159,0.9723797859137912,0.9354498301560025,67.81452974389383,0.004988223664543878
2008-07-16,0.974373996257782,0.9817396402359009,0.9732359647750854,0.9543981063365936,0.9179906785854641,0.9737126263215983,0.935083586351589,62.855237812685345,0.005483778038436138
2008-07-17,0.9728572964668274,0.9789525270462036,0.9679604768753052,0.9550547254085541,0.9185386010109328,0.9746058254713115,0.9355036253457967,61.25710969581033,0.005688549396042686
2008-07-18,0.9728572964668274,0.9739943146705627,0.9704026579856873,0.9556350421905517,0.9190810320059928,0.9755468135426262,0.9357232708384773,61.25710969581032,0.00578415602213278
2008-07-21,0.9765624403953552,0.9774215221405029,0.9709681272506714,0.9563090407848358,0.919655025545991,0.9767310538166576,0.935887027753014,63.8604317708408,0.006088712227503179
2008-07-22,0.9718172550201416,0.9792401790618896,0.968992292881012,0.9568185377120971,0.9201758847496618,0.9774951727483695,0.9361419026758248,58.444053384371365,0.005879404298901658
2008-07-23,0.9611687660217285,0.9727626442909241,0.9602458477020264,0.95721306681633,0.9205851994938334,0.9774400908049303,0.9369860428277297,48.50237636553735,0.004798962733327361
2008-07-24,0.9596928358078003,0.963391125202179,0.9541984796524048,0.957784949541092,0.9209756764517568,0.976563377683998,0.9390065213981859,47.30134235204681,0.0037800358744776164
2008-07-25,0.9563886523246765,0.9603379964828491,0.9552010297775269,0.9580980467796326,0.921329251262041,0.9762268733608411,0.9399692201984241,44.636535220460495,0.0026750724351356503
2008-07-28,0.9570294618606567,0.9594166874885559,0.9530163407325745,0.958118177652359,0.9216856817710718,0.9762398329343407,0.9399965223703772,45.28038542703498,0.0018299938922520242
2008-07-29,0.9523810148239136,0.9585889577865601,0.9502090811729431,0.9580982029438019,0.9219921332981216,0.9762433629170881,0.9399530429705156,41.509266397442666,0.00077622439968561
2008-07-30,0.943396270275116,0.9528346657752991,0.9416195750236511,0.9578108763694764,0.9222058176179521,0.9764266038418812,0.9391951488970716,35.37648679934058,-0.0007749561000889305
2008-07-31,0.9405568242073059,0.947597861289978,0.9402914643287659,0.957380142211914,0.9223890155059139,0.9765789190002515,0.9381813654235766,33.682800161040134,-0.0022079455671438764
2008-08-01,0.9322270750999451,0.939937949180603,0.9289363026618958,0.9568804323673248,0.9224872255264477,0.9773552607699288,0.9364056039647207,29.257536997008486,-0.003969977749986198
2008-08-04,0.9285913109779358,0.9345793724060059,0.9285913109779358,0.9562325763702393,0.9225481585713692,0.9781747567342713,0.9342903960062072,27.555800149120785,-0.0055952778488407295
2008-08-05,0.9169264435768127,0.9295408725738525,0.9138261675834656,0.9553532707691192,0.9224920425121793,0.9799022333795079,0.9308043081587306,22.94468887082685,-0.007735427999898015
2008-08-06,0.9113277792930603,0.9202172160148621,0.9071118235588074,0.9544043707847595,0.9223806041781978,0.9819042958039705,0.9269044457655484,21.118115813500523,-0.009770647884474126
2008-08-07,0.9058791995048523,0.9129918813705444,0.9048954844474792,0.9532708239555359,0.9222158972759823,0.9838942775926504,0.9226473703184214,19.491850088834013,-0.01168849150495943
2008-08-08,0.8916629552841187,0.9061253666877747,0.8873114585876465,0.9519763100147247,0.9219109460407179,0.9871899672000605,0.916762652829389,16.02443843516241,-0.014191932723746192
2008-08-11,0.8837825655937195,0.8951749801635742,0.8811349272727966,0.950522358417511,0.9215303955100071,0.9906389474067645,0.9104057694282575,14.486101819577897,-0.01662022194198709
2008-08-12,0.8694140315055847,0.8845643997192383,0.8685833811759949,0.9488212060928345,0.9210102500310937,0.9950086604989578,0.9026337516867112,12.18852890959647,-0.0194795313485856
2008-08-13,0.8703219890594482,0.8771929740905762,0.8597713112831116,0.9471981501579285,0.920504372967698,0.9984327539231674,0.8959635463926896,13.126186815986983,-0.021425312402466257
2008-08-14,0.8663259148597717,0.8795848488807678,0.8653513789176941,0.9453914058208466,0.9199636793449398,1.0014115027561175,0.8893713088855756,12.493858776034301,-0.023024396783657752
2008-08-15,0.8682816624641418,0.8691872358322144,0.8611780405044556,0.9435815834999084,0.9194479151394336,1.0035452844153585,0.8836178825844584,14.660650335754653,-0.023858840330012954
2008-08-18,0.8685079216957092,0.8752734661102295,0.8667764663696289,0.9416894865036011,0.9189395709116324,1.005013881213595,0.8783650917936072,14.923113508409102,-0.0242226618554936
2008-08-19,0.8737439513206482,0.8745846152305603,0.8631851673126221,0.9401366806030274,0.918488564464241,1.006237586398532,0.8740357748075227,20.97983298360424,-0.023813976506738443
2008-08-20,0.8727526664733887,0.8745080828666687,0.8678295612335205,0.9386720490455628,0.9180321797015158,1.0074357339791224,0.8699083641120031,20.679674497813266,-0.02330147393918469
2008-08-21,0.8785030841827393,0.8845643997192383,0.8655760288238525,0.9372937452793121,0.9176377419747205,1.0080749634288897,0.8665125271297346,27.18755847718502,-0.022175673945749264
2008-08-22,0.8691117763519287,0.8809796571731567,0.8654261827468872,0.9359318387508392,0.9171535433808453,1.0092932862438573,0.8625703912578211,23.759115368816964,-0.021790086838298972
2008-08-25,0.8602890372276306,0.8691872358322144,0.8571183681488037,0.9343423938751221,0.916586157532859,1.0107458083075362,0.8579389794427079,21.070857125604263,-0.021943476848493626
2008-08-26,0.8554319739341736,0.8577064871788025,0.8504847884178162,0.9326221871376038,0.9159759867465521,1.012180991609999,0.8530633826652085,19.746269229493933,-0.022201044135178427
2008-08-27,0.8582217693328857,0.8634833097457886,0.8538250923156738,0.9308937442302704,0.9153997551457431,1.0130976548393378,0.848689833621203,22.750128748975655,-0.021927290733849802
2008-08-28,0.8636324405670166,0.8691872358322144,0.8580008149147034,0.9292431271076202,0.9148832706925161,1.0134846955255488,0.8450015586896917,28.35138764819392,-0.02103130742086856
2008-08-29,0.856531023979187,0.8660258054733276,0.8560910820960999,0.9273767876625061,0.9143011037182992,1.0138600953924466,0.8408934799325655,25.715860624583897,-0.020656147944247305
2008-09-01,0.8483923077583313,0.8580744862556458,0.847529411315918,0.9252588427066804,0.9136435642255,1.014203749878002,0.8363139355353586,23.069074091042182,-0.020776064201615152
2008-09-02,0.8368200659751892,0.8530240058898926,0.8279516100883484,0.9229585039615631,0.9128771542644804,1.0149933677923468,0.8309236401307794,19.928314479485238,-0.02155639321556868
2008-09-03,0.8347941637039185,0.8399125933647156,0.8241984844207764,0.92050830245018,0.9120981995499905,1.015293018754952,0.825723586145408,19.42959765817787,-0.022083715635997425
2008-09-04,0.8173273205757141,0.8392782807350159,0.8112273812294006,0.9176757144927978,0.9111527910479323,1.0161632985242117,0.819188130461384,15.766151889346958,-0.02363856011082266
2008-09-05,0.8112932443618774,0.8198737502098083,0.8067118525505066,0.9147829484939575,0.9101566447623378,1.0171061332637847,0.8124597637241302,14.732702009785228,-0.025068708612592028
2008-09-08,0.8167932629585266,0.8352125883102417,0.8086035251617432,0.9118843460083008,0.9092253242914762,1.0169543506973744,0.8068143413192271,19.88739290919638,-0.025464764119230376
2008-09-09,0.8051530122756958,0.8173941373825073,0.7989134788513184,0.9088266479969025,0.9081872057884459,1.0172590202652274,0.8003942757285775,17.47903787899071,-0.02641343428153209
2008-09-10,0.7989134788513184,0.8118860721588135,0.795418381690979,0.9055574929714203,0.9070972302608095,1.0172092331737483,0.7939057527690924,16.336978073369295,-0.02735342714019129
2008-09-11,0.8025038242340088,0.809585452079773,0.790513813495636,0.9024063408374786,0.9060539651903219,1.0166430275547147,0.7881696541202425,19.59261566628976,-0.02749175949590399
2008-09-12,0.8285003900527954,0.8295313119888306,0.8014747500419617,0.8996992409229279,0.9052804271782404,1.0144064768540537,0.7849920049918019,38.31120875194087,-0.025213043019868042
2008-09-15,0.7978299260139465,0.8259684443473816,0.7971938848495483,0.8965390360355378,0.9042087157472306,1.013615200258093,0.7794628718129825,29.566175446526984,-0.02558704242185772
2008-09-16,0.7956082820892334,0.8039877414703369,0.7858545780181885,0.8933799695968628,0.903125560615728,1.0126789781289856,0.7740809610647401,29.048920794116484,-0.02576569682570884
2008-09-17,0.7905763387680054,0.8071025013923645,0.7808839678764343,0.8900819981098175,0.902003047597968,1.0114732792088574,0.7686907170107776,27.86004354196581,-0.026013450634115087
2008-09-18,0.8021818995475769,0.809192419052124,0.7875256538391113,0.8868948662281037,0.9010075015808355,1.0089943854894872,0.7647953469667201,34.51665132201133,-0.02498531044308161
2008-09-19,0.8336111903190613,0.8359805941581726,0.8021175861358643,0.8842172443866729,0.9003353536031437,1.004967047475141,0.7634674412982048,48.402158830607796,-0.021387874728243772
2008-09-22,0.8451656699180603,0.8520064949989319,0.8288437128067017,0.8816993117332459,0.899785155165485,1.0002887321166583,0.7631098913498336,52.39841045009582,-0.01740390963062166
2008-09-23,0.8387854695320129,0.8470268845558167,0.8287063837051392,0.878895970582962,0.8991768287931535,0.9946958486494879,0.7630960925164361,50.0913821530279,-0.01459319615609389
2008-09-24,0.8336807489395142,0.8423889875411987,0.8320159912109375,0.8760821056365967,0.8985236762214253,0.9892192682448828,0.7629449430283106,48.260546404196006,-0.012631980163132273
2008-09-25,0.8368200659751892,0.8418217301368713,0.8331944942474365,0.8733613610267639,0.8979083572676849,0.9835027035340294,0.7632200185194984,49.483383232378216,-0.010701030887588447
2008-09-26,0.8296689987182617,0.8380122184753418,0.8248103260993958,0.8704975950717926,0.8972278776317935,0.977480594433305,0.7635145957102801,46.77163365839312,-0.00963668532881079
2008-09-29,0.7982757687568665,0.8330556750297546,0.7948493361473083,0.8669318616390228,0.8962411533268213,0.9713393069923488,0.7625244162856968,37.14735984527757,-0.0111972798272153
2008-09-30,0.7925814390182495,0.809192419052124,0.7878978848457336,0.8633471453189849,0.8952075082335077,0.9653358339467806,0.7613584566911893,35.71190434220978,-0.012746612022182968
2008-10-01,0.7922046780586243,0.8019246459007263,0.7862871289253235,0.8599678635597229,0.8941804351234995,0.9599033277797845,0.7600323993396613,35.61384508193943,-0.013845270746960403
2008-10-02,0.7738141417503357,0.7935878038406372,0.7707723379135132,0.8562502896785736,0.8929802508230038,0.9548644892076891,0.7576360901494582,31.121715146102304,-0.016015313718350854
2008-10-03,0.7779073715209961,0.7814942002296448,0.7720815539360046,0.8526806640625,0.8918328716053027,0.9494029148729212,0.7559584132520788,33.14304165772809,-0.01720645368610141
2008-10-06,0.7213966250419617,0.7702973484992981,0.7017051577568054,0.8479680073261261,0.8901335053281464,0.946875300425641,0.7490607142266111,23.07499261908731,-0.02245157783937779
2008-10-07,0.7114905714988708,0.7343761324882507,0.7054175734519958,0.8431501984596252,0.8883523491518514,0.9447299429204473,0.7415704539988032,21.823490787926573,-0.027095373651343624
2008-10-08,0.6700167655944824,0.7137249112129211,0.6506181359291077,0.8376826083660126,0.8861754821667644,0.9464163699132299,0.7289488468187953,17.53540375181818,-0.03373334777957182
2008-10-09,0.6829668283462524,0.7123014330863953,0.6664889454841614,0.8325308084487915,0.884149475496653,0.9456891568508844,0.7193724600466985,22.646366945841493,-0.03751656070576814
2008-10-10,0.643790602684021,0.6832934617996216,0.633874237537384,0.826762079000473,0.8817531256707111,0.9482758482465966,0.7052483097543495,18.84188907512592,-0.04317824626252997
2008-10-13,0.7044237852096558,0.7045726776123047,0.6569870710372925,0.8222787284851074,0.8799852076158157,0.9449932624866024,0.6995641944836124,36.59557541255884,-0.04228514493016988
2008-10-14,0.7015082240104675,0.7237984538078308,0.6958457827568054,0.8179703640937805,0.8782058825050625,0.9422380872805558,0.6937026409070053,36.185664344769144,-0.04133612005113163
2008-10-15,0.656814455986023,0.7074137330055237,0.6509145498275757,0.8128800976276398,0.8759987646139663,0.9422838480635705,0.6834763471917091,30.538633539021873,-0.04368682997348039
2008-10-16,0.6848845481872559,0.6934812664985657,0.6536802053451538,0.8084602046012879,0.8740935256604319,0.939978048564106,0.6769423606384697,37.17040316705828,-0.04279148902509711
2008-10-17,0.6907030940055847,0.7009181976318359,0.674217939376831,0.8044410073757171,0.8722653204644929,0.9378496621283012,0.671032352623133,38.481536597181034,-0.04113820127632495
2008-10-20,0.7026913166046143,0.7059155702590942,0.6895125508308411,0.8008191823959351,0.8705748817498217,0.9352646597442351,0.666373705047635,41.20396028958361,-0.03841775350199317
2008-10-21,0.6783339977264404,0.7028888463973999,0.6710959076881409,0.7969975817203522,0.8686585182900448,0.934316833964155,0.6596783294765494,37.56640777707843,-0.03779157337845951
2008-10-22,0.6676904559135437,0.682314395904541,0.6641870737075806,0.7929449510574341,0.8666551941589964,0.9333570971711134,0.6525328049437549,36.067987655958305,-0.0377193606812386
2008-10-23,0.6707807779312134,0.6752194762229919,0.6538084149360657,0.7890340483188629,0.8647026807638347,0.9319741109238464,0.6460939857138794,36.855525674884596,-0.03698641210301801
2008-10-24,0.6206939220428467,0.6729927659034729,0.6066120862960815,0.784082293510437,0.8622703987357923,0.9328520850807187,0.6353125019401553,30.33352605951457,-0.03998619973108508
2008-10-27,0.6053268909454346,0.6240249872207642,0.6014675498008728,0.7788186728954315,0.8597092284773008,0.9338862803972421,0.6237510653936209,28.657913491151277,-0.04310663753598998
2008-10-28,0.6504911184310913,0.6518055200576782,0.6031727194786072,0.7743536162376404,0.8576238137385691,0.9311124617538887,0.6175947707213921,39.27504534625169,-0.04145733689954123
2008-10-29,0.6711859703063965,0.6791171431541443,0.6347997188568115,0.7703222823143006,0.8557654972785446,0.9271198169426088,0.6135247476859923,43.429409262460304,-0.038041830132788834
2008-10-30,0.6697923541069031,0.6882786154747009,0.6652917265892029,0.7661480677127838,0.8539118446620537,0.9223018240434258,0.6099943113821418,43.21500301642046,-0.03504350982565996
2008-10-31,0.6689858436584473,0.674900472164154,0.6558666825294495,0.7621455490589142,0.8520686606932295,0.9177856128916619,0.6065054852261664,43.08244519718083,-0.03235937925242249
2008-11-03,0.6756300330162048,0.6859180927276611,0.6650704741477966,0.7584523689746857,0.8503101013015882,0.9133487062115995,0.603556031737772,44.590346525285014,-0.02935763929040769
2008-11-04,0.6984215378761292,0.7010164856910706,0.6608948111534119,0.7553121602535248,0.848796257107599,0.9085409031369314,0.6020834173701182,49.52978445515717,-0.024853162986152477
2008-11-05,0.6788865923881531,0.7004762887954712,0.6774150133132935,0.7517254567146301,0.847102828094138,0.9035109098445806,0.5999400035846796,45.764124161223016,-0.02259913118572099
2008-11-06,0.6656016707420349,0.6890848875045776,0.6630859971046448,0.7477648413181305,0.8452939004652975,0.8979580233387741,0.5975716592974869,43.35033866863276,-0.02163537772768609
2008-11-07,0.6734006404876709,0.6770022511482239,0.657418966293335,0.7441022336483002,0.8435807575583074,0.8923889438609056,0.5958155234356948,45.17838934203088,-0.02001160318424411
2008-11-10,0.6715916991233826,0.6973987221717834,0.6657789945602417,0.7405662214756012,0.8418666874373892,0.8871242289840824,0.5940082139671201,44.81714006298927,-0.01865566570850785
2008-11-11,0.6565126180648804,0.675037145614624,0.6482982039451599,0.736960072517395,0.8400194488946142,0.8827221927666039,0.5911979522681862,41.81556451436014,-0.018583611010435264
2008-11-12,0.6377144455909729,0.6659119725227356,0.6354047656059265,0.7330184781551361,0.8380033091100628,0.8786409069275516,0.5873960493827206,38.36590651262025,-0.01981494817071361
2008-11-13,0.6660894155502319,0.6692096590995789,0.6348803639411926,0.7299937200546265,0.8362900690520115,0.8747486105678633,0.5852388295413896,45.65394363194715,-0.018290329274800343
2008-11-14,0.6470816731452942,0.6660006642341614,0.6470816731452942,0.7267094886302948,0.8344045065061765,0.8713869541420387,0.582032023118551,42.06558145620259,-0.01840367763338413
2008-11-17,0.6485084295272827,0.6593696475028992,0.6386104226112366,0.7233437919616699,0.8325519812992587,0.8672954970501109,0.5793920868732289,42.4313513669869,-0.018168939483473423
2008-11-18,0.6504064798355103,0.6573325395584106,0.6418073177337646,0.7202488613128663,0.8307368594723886,0.8636745349630632,0.5768231876626693,42.94739848274219,-0.017626562965553982
2008-11-19,0.6382027864456177,0.6581978797912598,0.6366183161735535,0.7170346474647522,0.828818241883273,0.8604679698462936,0.5736013250832108,40.437501556792206,-0.017974265588422744
2008-11-20,0.6100164651870728,0.6413134336471558,0.6080136299133301,0.7131849002838134,0.8266378968443034,0.8575844532871879,0.568785347280439,35.30543391795197,-0.020290328705729
2008-11-21,0.6317119598388672,0.6331117749214172,0.6096073985099792,0.709249131679535,0.8246955014700599,0.8515317600845546,0.5669665032745154,41.463580901072525,-0.020142984523922824
2008-11-24,0.6499837636947632,0.6550933718681335,0.6237136125564575,0.7062922084331512,0.8229545615879804,0.8471994437160923,0.5653849731502101,46.11560354946167,-0.01834041444968504
2008-11-25,0.6488029360771179,0.6585879921913147,0.6345177888870239,0.703356101512909,0.8212192280006753,0.8427772134123361,0.5639349896134818,45.8619401239844,-0.016813333951337328
2008-11-26,0.6533812284469604,0.655007541179657,0.6439149975776672,0.700612199306488,0.819546830359893,0.8384177965137731,0.5628066020992029,47.07743339438851,-0.015060078512002306
2008-11-27,0.6562110185623169,0.6605019569396973,0.648382306098938,0.6976927816867828,0.8179193170827155,0.832875529649526,0.5625100337240396,47.856695939770674,-0.013289082263868046
2008-11-28,0.6541078090667725,0.6595870852470398,0.649814784526825,0.6941027140617371,0.8162870866632006,0.8239825658411064,0.5642228622823677,47.299240619284916,-0.011917884453562788
2008-12-01,0.635202944278717,0.6519755125045776,0.6348803639411926,0.6899034595489502,0.8144827753409523,0.8132612382150641,0.5665456808828362,42.506356202536466,-0.012215848209737645
2008-12-02,0.6431695222854614,0.6485925316810608,0.6347997188568115,0.6859911406040191,0.8127758439305914,0.8022817267068882,0.56970055450115,45.03402209005836,-0.011674573155379453
2008-12-03,0.6482141613960266,0.6513809561729431,0.6399999856948853,0.6822818088531494,0.8111362060582707,0.790924568407426,0.5736390492988728,46.63397664928521,-0.010715032335818608
2008-12-04,0.6435420513153076,0.6533812284469604,0.6409434676170349,0.6784162485599518,0.8094663760483136,0.7779914158701532,0.5788410812497503,45.318282983621756,-0.010213850647891598
2008-12-05,0.6482982039451599,0.6490135192871094,0.6301197409629822,0.6747888326644897,0.8078605928657431,0.7646109542529568,0.5849667110760227,46.958845194064665,-0.009325381586901993
2008-12-08,0.6629980802536011,0.6685832738876343,0.6474168300628662,0.6720832788944244,0.8064172884960505,0.7545736806110573,0.5895928771777915,51.774646508036795,-0.007350375732895986
2008-12-09,0.6575918793678284,0.6633939146995544,0.650321900844574,0.669383487701416,0.8049345200251286,0.7442618454046153,0.5945051299982167,49.97746078706926,-0.006150505396766093
2008-12-10,0.6560388207435608,0.6640105843544006,0.6535947918891907,0.6666601705551147,0.803451070367879,0.7326874537610121,0.6006328873492174,49.44646458400671,-0.005264235531970418
2008-12-11,0.6697026491165161,0.6799945831298828,0.6556087136268616,0.6645779407024384,0.8021185502327451,0.722933378787299,0.6062225026175777,54.07008431910746,-0.0034198812602056483
2008-12-12,0.6647168397903442,0.6729927659034729,0.6504064798355103,0.6623141300678254,0.8007496500953658,0.7106461810478907,0.61398207908776,52.19422202013116,-0.002333629725609243
2008-12-15,0.6688068509101868,0.6743997931480408,0.6634819507598877,0.6612623345851898,0.7994351522204292,0.706538758270275,0.6159859109001046,53.615853349826416,-0.0011297151892216695
2008-12-16,0.6941069960594177,0.6984215378761292,0.6673785448074341,0.6609146630764008,0.7983858193013287,0.7048643517205234,0.6169649744322782,61.28532462254576,0.0018446421396727253
2008-12-17,0.7053181529045105,0.7077140808105469,0.6870018839836121,0.6616206908226013,0.797458643016224,0.707268583006952,0.6159727986382507,64.11671739105049,0.005048294813603915
2008-12-18,0.6921852231025696,0.7117944359779358,0.6781960129737854,0.6618050587177277,0.7964098810000754,0.7078773415146674,0.6157327759207879,58.700887193911804,0.006453107553268667
2008-12-19,0.6878052353858948,0.6928086280822754,0.6771856546401978,0.6626853513717651,0.7953279454249118,0.7090338709472088,0.6163368317963214,56.97244611543119,0.007130803898362181
2008-12-22,0.6841817498207092,0.6891798973083496,0.6804109811782837,0.6622805106639862,0.7942207037276456,0.707480359865319,0.6170806614626534,55.516091542757316,0.0072914468712457214
2008-12-23,0.6795786619186401,0.6852130889892578,0.6781960129737854,0.6618419194221496,0.793078649761227,0.7058992729832531,0.6177845658610462,53.64023198224335,0.006967015443325564
2008-12-24,0.6839009523391724,0.6843221783638,0.6765899658203125,0.6623836493492127,0.7919910437997093,0.7068528722887233,0.6179144264097021,55.17195621981438,0.006978233184988136
2008-12-25,0.6817097067832947,0.6852130889892578,0.674900472164154,0.6623201525211334,0.7908924562913523,0.7066671367440281,0.6179731682982387,54.19436951631189,0.006732697773742191
2008-12-26,0.6810133457183838,0.6878052353858948,0.6804109811782837,0.6621263575553894,0.7897978881480033,0.7060497511164958,0.618202963994283,53.86771133256548,0.006408050654069464
2008-12-29,0.690321683883667,0.6967670321464539,0.6847907900810242,0.6618789649009704,0.7888069604706304,0.705001846290053,0.6187560835118878,57.55094878216393,0.0068232167740172045
2008-12-30,0.6910849809646606,0.6940106749534607,0.6878998875617981,0.6621339845657349,0.7878335183313702,0.7058014310255605,0.6184665381059093,57.848147896564704,0.007131621714636549
2008-12-31,0.7055171132087708,0.7116931080818176,0.6856359243392944,0.6628905177116394,0.7870135454967713,0.7082295727245383,0.6175514626987405,63.10757359826425,0.0084432586794424
2009-01-01,0.7050197124481201,0.7137758731842041,0.6918978691101074,0.6635752964019775,0.7861967948483657,0.7104103374795091,0.616740255324446,62.8166645938572,0.009334996312791777
2009-01-02,0.7093204259872437,0.7119971513748169,0.692520797252655,0.6653478264808654,0.7854310282167511,0.7122670750532438,0.618428577908487,64.34701313941986,0.010270346292892585
2009-01-05,0.7142857313156128,0.7194244861602783,0.7066638469696045,0.6675270032882691,0.7847223565059683,0.7131718700984669,0.6218821364780712,66.08263169702009,0.011282222100728712
2009-01-06,0.7203572988510132,0.726374626159668,0.7039774656295776,0.6689243268966675,0.7840812289636417,0.7166698281939081,0.6211788255994268,68.12594621680856,0.01243077153019656
2009-01-07,0.7102777361869812,0.726005494594574,0.7098743319511414,0.6697061622142791,0.783346094803053,0.7188622476920545,0.6205500767365038,61.50184774431912,0.012384903303387373
2009-01-08,0.7119971513748169,0.7134194374084473,0.6969126462936401,0.6705502581596374,0.7826354170871916,0.7211409118868849,0.61995960443239,62.17744648510629,0.012344989484792901
2009-01-09,0.706813633441925,0.7119971513748169,0.7020007371902466,0.671306813955307,0.7818801950462543,0.7229229723621036,0.6196906555485104,58.825894094601544,0.011759534327603127
2009-01-12,0.6795324683189392,0.699594259262085,0.6787022948265076,0.6713848626613617,0.780860772080517,0.723039490636578,0.6197302346861453,45.059444334725185,0.008990557321958637
2009-01-13,0.6676012873649597,0.6793016791343689,0.6594130992889404,0.6707684576511384,0.7797326752193865,0.7218384721142254,0.6196984431880513,40.586066498509716,0.005766899280501336
2009-01-14,0.6647168397903442,0.6808279156684875,0.6585012674331665,0.6704850625991822,0.7785870961012841,0.7215284578630563,0.619441667335308,39.563461450508356,0.0029454232388717028
2009-01-15,0.6665777564048767,0.6692992448806763,0.6545788049697876,0.670504584312439,0.7774714733262559,0.7215411025878906,0.6194680660369873,40.60324427816852,0.0008497481984252042
2009-01-16,0.6710057854652405,0.6792093515396118,0.6652917265892029,0.6704566872119904,0.7764110762386544,0.7214866066280367,0.6194267677959441,43.11130065842943,-0.00044861309851584874
2009-01-19,0.6673785448074341,0.6839009523391724,0.6660006642341614,0.6703724241256714,0.7753251239946622,0.7214086073457009,0.619336240905642,41.56307990507722,-0.001750087863995331
2009-01-20,0.6488871574401855,0.6679134368896484,0.6459531188011169,0.6702199149131775,0.7740658276393759,0.7214702699972213,0.6189695598291336,34.71805602192437,-0.004224914232467847
2009-01-21,0.6582845449447632,0.6656460165977478,0.6464959979057312,0.6706313169002533,0.7729126806909087,0.7211415473609615,0.6201210864395452,40.115680729321824,-0.005366084444068719
2009-01-22,0.6545788049697876,0.6615068912506104,0.6498992443084717,0.6704011046886444,0.7717341218192503,0.721100398897724,0.6197018104795649,38.75489828321852,-0.006494626295103556
2009-01-23,0.6523157358169556,0.6588049530982971,0.6423019766807556,0.6705057859420777,0.7705447727815996,0.7210298659390652,0.6199817059450902,37.90917853528376,-0.007485328403745939
2009-01-26,0.6618571877479553,0.6632179617881775,0.6498992443084717,0.6707727611064911,0.7694623073308275,0.7209623716696936,0.6205831505432886,43.506727818083924,-0.007415075162132467
2009-01-27,0.66454017162323,0.6709157824516296,0.6581978797912598,0.6710554349422455,0.7684173531612247,0.7209351088425753,0.6211757610419157,45.00799622125572,-0.007061503963842086
2009-01-28,0.6652032136917114,0.6721785664558411,0.6604147553443909,0.6715954434871674,0.7673894188246081,0.7206003573655859,0.6225905296087488,45.394192559830124,-0.006651124267822994
2009-01-29,0.6501950621604919,0.6660006642341614,0.6491820216178894,0.6723990154266357,0.7662222626500604,0.7185149905826074,0.6262830402706641,38.759020285453886,-0.0074510368871893995
2009-01-30,0.6384880542755127,0.6504064798355103,0.6350012421607971,0.6725345373153686,0.7649501498349446,0.7182001071177475,0.6268689675129897,34.52034260224684,-0.008926729318974091
2009-02-02,0.6305170655250549,0.6362132430076599,0.6253126263618469,0.6721452033519745,0.7636113343019584,0.7189141261828936,0.6253762805210553,31.957721604893365,-0.010617031844551539
2009-02-03,0.6491398811340332,0.6542789936065674,0.6305170655250549,0.6721519422531128,0.762471326072196,0.7189072321531487,0.625396652353077,42.66640934079885,-0.01033477039185704
2009-02-04,0.6427148580551147,0.6529972553253174,0.6362132430076599,0.6719386148452758,0.7612786952803182,0.7191386898081934,0.6247385398823583,40.309315552388384,-0.010508387671490427
2009-02-05,0.6517630219459534,0.6576784253120422,0.6416837573051453,0.6718496549129486,0.7601880598482144,0.7191872856768928,0.6245120241490043,44.9238196003499,-0.009802868048327196
2009-02-06,0.6757213473320007,0.6799945831298828,0.6490978002548218,0.6722819256782532,0.7593468870121274,0.7193522614688544,0.6252115898876519,54.87202986046592,-0.00722719146891837
2009-02-09,0.6748093962669373,0.6847907900810242,0.6634819507598877,0.6730740547180176,0.7585050163786711,0.7189144754254818,0.6272336340105534,54.46872992731746,-0.00519959831965533
2009-02-10,0.657202959060669,0.674900472164154,0.64939284324646,0.6733547234535218,0.7574962033815178,0.7186159948747931,0.6280934520322504,47.24851799627289,-0.004956275620081385
2009-02-11,0.6541078090667725,0.6595001220703125,0.64939284324646,0.6734725964069367,0.7564666221296436,0.7184967070560818,0.6284484857577916,46.091816175511774,-0.004956062956166685
2009-02-12,0.656814455986023,0.6609822511672974,0.643790602684021,0.6737380445003509,0.7554742557420991,0.71819483121411,0.6292812577865918,47.306668461318026,-0.004683502135254369
2009-02-13,0.6595001220703125,0.6640987992286682,0.653979480266571,0.673962082862854,0.7545185240104448,0.7180065829744056,0.6299175827513024,48.54573671808119,-0.004202342919721547
2009-02-16,0.6528693437576294,0.6538939476013184,0.6479621529579163,0.6737595081329346,0.7535062869757776,0.7181019950994694,0.6294170211663999,45.689135042000125,-0.004306427355062703
2009-02-17,0.6373080015182495,0.6529972553253174,0.634195864200592,0.673353830575943,0.7523491770104904,0.7186607019228053,0.6280469592290807,39.77399495948052,-0.005580259528855214
2009-02-18,0.6393043994903564,0.6427974700927734,0.6347191333770752,0.6730191421508789,0.7512234786767493,0.7190889052369364,0.6269493790648214,40.83232554393837,-0.006355426669762743
2009-02-19,0.6442884206771851,0.6518904566764832,0.6391001343727112,0.6725108575820923,0.7501586290848439,0.7192853667638021,0.6257363484003825,43.50158622246203,-0.006492739102353484
2009-02-20,0.6462035775184631,0.6492663025856018,0.6360109448432922,0.6721405923366547,0.7491234620560308,0.7194568894307072,0.6248242952426022,44.53701183323242,-0.006373552694938223
2009-02-23,0.640656054019928,0.6547930836677551,0.640656054019928,0.6715775763988495,0.7480433699272063,0.7197185298286055,0.6234366229690935,42.128555881731444,-0.006650077438926871
2009-02-24,0.6524008512496948,0.6538512110710144,0.6394270658493042,0.6707434535026551,0.7470909920855743,0.7187361303264179,0.6227507766788922,48.48067785840609,-0.00585403661957562
2009-02-25,0.6469979286193848,0.6554798483848572,0.6457862854003906,0.6695770490169525,0.7460943045408466,0.7169710155181162,0.6221830825157888,45.98036239020813,-0.005594647621993798
2009-02-26,0.6469142436981201,0.6547073125839233,0.6464123725891113,0.6686716294288635,0.7451067155873025,0.716032413793618,0.6213108450641089,45.94084136377383,-0.005334341676046295
2009-02-27,0.6422194838523865,0.647794246673584,0.6347594261169434,0.6677599143981934,0.7440822198138602,0.7153717356326617,0.6201480931637251,43.67296509197544,-0.0054441188094958015
2009-03-02,0.6294850707054138,0.6380399465560913,0.6284170150756836,0.6666659808158875,0.7429411312065834,0.7152414429025352,0.6180905187292397,38.16893618670765,-0.006483935916549499
2009-03-03,0.6379178166389465,0.6462870836257935,0.6296833157539368,0.6658327639102936,0.741895380480919,0.7149305897668955,0.6167349380536916,43.267789268570944,-0.006552018750266564
2009-03-04,0.6469979286193848,0.6526136994361877,0.6294058561325073,0.6650947034358978,0.7409504628896082,0.7141934062711217,0.6159960006006739,48.21932959812008,-0.005806353704166378
2009-03-05,0.6390184760093689,0.648382306098938,0.6362132430076599,0.6642408788204193,0.7399355077843152,0.713644111444645,0.6148376461961935,44.540323098869216,-0.005792511455124272
2009-03-06,0.6420133709907532,0.646120011806488,0.6373892426490784,0.6634608793258667,0.738960486234468,0.7130145188437695,0.6139072398079639,46.19948587106227,-0.0054767458602928976
2009-03-09,0.6347997188568115,0.6452028751373291,0.630994439125061,0.6623504400253296,0.7379233530663566,0.7119356209887887,0.6127652590618705,42.87251569216753,-0.005742386138727573
2009-03-10,0.6480881571769714,0.6487609148025513,0.6345983147621155,0.6614905035495758,0.7370288662964553,0.7105300285738084,0.6124509785253432,50.01364169863268,-0.004825022204397511
2009-03-11,0.6482141613960266,0.6524008512496948,0.6408202648162842,0.660344444513321,0.7361445464773397,0.7078383455319026,0.6128505434947393,50.077367440638696,-0.0040412521505743815
2009-03-12,0.6541506052017212,0.6572461128234863,0.6418485641479492,0.6593270623683929,0.7353281458084477,0.7050616079012836,0.6135925168355022,53.11032663951064,-0.0029075706691980008
2009-03-13,0.6584145426750183,0.6601095795631409,0.6524008512496948,0.6583089447021484,0.7345623343094076,0.7017077729870217,0.6149101164172751,55.214935724364224,-0.0016460808136208316
2009-03-16,0.6595870852470398,0.6640105843544006,0.6550933718681335,0.6572149717807769,0.7338158274396409,0.6975004411804101,0.6169295023811437,55.80241860177053,-0.0005454391453735274
2009-03-17,0.6629980802536011,0.6630859971046448,0.6575918793678284,0.6560677874088288,0.7331107201699918,0.6920512842778153,0.6200842905398423,57.547062921025514,0.0005952049444647445
2009-03-18,0.678380012512207,0.6813845634460449,0.6578947305679321,0.6554298329353333,0.7325657893513084,0.68850391813785,0.6223557477328167,64.3761644279486,0.002709137731270017
2009-03-19,0.6880891919136047,0.6940106749534607,0.6725854277610779,0.654951673746109,0.7321229572342444,0.685263731729046,0.624639615763172,67.88760146751355,0.005109000946898146
2009-03-20,0.6868131756782532,0.6928086280822754,0.6854949593544006,0.6545516645908356,0.7316718323320847,0.6825065080620673,0.6265968211196039,66.95353861378706,0.006829222958067205
2009-03-23,0.7041757702827454,0.7060152888298035,0.6907985806465149,0.6550445306301117,0.7313980706659411,0.685549683175247,0.6245393780849764,72.49835762530556,0.00948419962520386
2009-03-24,0.6990073919296265,0.7093204259872437,0.6941069960594177,0.6556726527214051,0.7310755782429038,0.6884424088506538,0.6229028965921564,68.79784730908077,0.011043935212310618
2009-03-25,0.6990073919296265,0.7039774656295776,0.6909895539283752,0.6563584637641907,0.730756298605177,0.6912663106028039,0.6214506169255776,68.79784730908077,0.012140093461897816
2009-03-26,0.7024939060211182,0.7041757702827454,0.6984215378761292,0.6570767867565155,0.730474912186512,0.6942477413902846,0.6199058321227464,69.9960183931087,0.013138684742099116
2009-03-27,0.6966213583946228,0.7030865550041199,0.6876159906387329,0.6575890982151031,0.7301378609828149,0.6962210204886278,0.6189571759415785,65.43792124255415,0.013302862888951217
2009-03-30,0.6799945831298828,0.6922810673713684,0.6775068044662476,0.6578414189815521,0.7296386297217737,0.6968967962835131,0.6187860416795912,54.59743748652604,0.011953540471332458
2009-03-31,0.6918021440505981,0.696815550327301,0.6799020767211914,0.6586997187137604,0.7292619282609777,0.6988235257893003,0.6185759116382206,59.70284492257372,0.011702070041274215
2009-04-01,0.6990073919296265,0.6999860405921936,0.6868131756782532,0.6595141756534576,0.7289607147138186,0.7012254160999015,0.6178029352070137,62.47575281764127,0.011946469734099519
2009-04-02,0.7169486880302429,0.7197869420051575,0.6977880001068115,0.6607615733146668,0.7288411239063083,0.7054915597245364,0.6160315869047972,68.32121829317458,0.013433023373437991
2009-04-03,0.7150007486343384,0.7228044867515564,0.7070136070251465,0.6620152735710144,0.7287033309836407,0.7092242496143294,0.6148062975276994,67.0990533687272,0.014289228086369565
2009-04-06,0.7117944359779358,0.7207207083702087,0.7085163593292236,0.663014018535614,0.7285349892350781,0.7122775633027635,0.6137504737684646,65.03677023021055,0.014541429309536058
2009-04-07,0.7119971513748169,0.7171028852462769,0.7066138982772827,0.6639631581306458,0.7283703425766765,0.7151382965364953,0.6127880197247962,65.10978338491202,0.014589479595135235
2009-04-08,0.7081149816513062,0.7128599882125854,0.7036802172660828,0.6648213934898376,0.7281686862805585,0.7174986771148327,0.6121441098648425,62.42137426059993,0.014151175201690513
2009-04-09,0.7188555598258972,0.7203054428100586,0.706813633441925,0.6661946034431457,0.7280759680932377,0.7208579179020531,0.6115312889842384,66.53797843853366,0.014503305628711938
2009-04-10,0.7187005877494812,0.721188485622406,0.7177205085754395,0.6677988541126251,0.7279826306319905,0.7238341923571477,0.6117635158681024,66.42491044920504,0.014601549009841341
2009-04-13,0.7305135726928711,0.7323861122131348,0.7200978994369507,0.6697987842559815,0.7280078275238109,0.7275156989815181,0.6120818695304449,70.53513380101887,0.015454467278177786
2009-04-14,0.7231180667877197,0.7321180105209351,0.72061687707901,0.6712783479690552,0.7279591475787277,0.7306040953333179,0.6119526006047924,65.15733583838465,0.015356633914461515
2009-04-15,0.7282790541648865,0.7295542359352112,0.7150007486343384,0.6729896318912506,0.7279623323876224,0.7338683675620123,0.6121108962204889,67.04559686718846,0.015516682164834261
2009-04-16,0.72061687707901,0.7315824031829834,0.7145919799804688,0.6743667089939117,0.727889205571506,0.736389857433391,0.6123435605544324,61.699504897728005,0.01485402000468794
2009-04-17,0.7228044867515564,0.7228044867515564,0.7174115777015686,0.6753083717823029,0.7278385855113848,0.738827108129456,0.6117896354351497,62.616049678074326,0.01434007384164615
2009-04-20,0.6999860405921936,0.7242178320884705,0.6957973837852478,0.675811904668808,0.7275613056100733,0.7397125143336781,0.6119112950039379,49.35010221944322,0.011953714916673852
2009-04-21,0.7088679671287537,0.7130124568939209,0.6975932717323303,0.6768452048301696,0.7273752091157409,0.7411869593962912,0.6125034502640481,53.48138721328506,0.010656365569065906
2009-04-22,0.7077140808105469,0.7117437720298767,0.7012130618095398,0.6779173302650452,0.7271794790256747,0.7424986996665401,0.6133359608635502,52.87796424115226,0.009426435797618038
2009-04-23,0.7136231064796448,0.7156146764755249,0.7035812139511108,0.6790535032749176,0.7270445235495071,0.7441165836869106,0.6139904228629247,55.638317837787405,0.008826767103589761
2009-04-24,0.7221259474754333,0.7243227958679199,0.7113893628120422,0.68030601978302,0.7269955587152522,0.7462380906718904,0.6143739488941495,59.330182418599136,0.008934640575412933
2009-04-27,0.7070136070251465,0.7189072370529175,0.7070136070251465,0.6813889050483704,0.726796637684499,0.7472602125758125,0.6155175975209282,51.17800758113916,0.007711794734506117
2009-04-28,0.7065140604972839,0.709723174571991,0.6994474530220032,0.682773026227951,0.7265947248827926,0.7477662534805383,0.6177797989753637,50.92889768693179,0.006625991065082881
2009-04-29,0.7249003052711487,0.7295010089874268,0.7058159112930298,0.6844849443435669,0.726577857036726,0.7493138355529124,0.6196560531342213,58.865208677403466,0.007166489299602841
2009-04-30,0.7266914248466492,0.7380073666572571,0.7236937284469604,0.6861330044269561,0.7265789875921891,0.7509806684849137,0.6212853403689985,59.55150466635587,0.007651168517291085
2009-05-01,0.7328155040740967,0.7345379590988159,0.7254788279533386,0.6878652429580688,0.7266410711617715,0.7529860433670538,0.6227444425490839,61.89256589786052,0.008432240680150471
2009-05-04,0.7411249876022339,0.7418947815895081,0.7316359877586365,0.6898746216297149,0.7267852556759418,0.7552494068578602,0.6244998364015696,64.86409167322253,0.009610962676884216
2009-05-05,0.7407956123352051,0.7477753758430481,0.7381708025932312,0.6916425168514252,0.7269247253614771,0.7576587222284087,0.6256263114744417,64.64889648939857,0.010398661226506567
2009-05-06,0.7488393187522888,0.7504127025604248,0.7341066002845764,0.6936793446540832,0.7271428788137013,0.7603543767437893,0.6270043125643772,67.48583980041198,0.011538963892940957
2009-05-07,0.7550589442253113,0.7614986300468445,0.746324360370636,0.695842238664627,0.7274207739476085,0.7633365673013905,0.6283479100278635,69.52250506281504,0.01279701771328945
2009-05-08,0.767990231513977,0.7707129120826721,0.7509763240814209,0.6983576536178588,0.7278246276019795,0.7670588708463291,0.6296564363893886,73.27126575896169,0.01466839313729329
2009-05-11,0.7599362134933472,0.7700007557868958,0.7571741938591003,0.7009666764736175,0.7281442849344043,0.7688960441375485,0.6330373088096866,67.68696249371052,0.015324923520410705
2009-05-12,0.7661073803901672,0.767990231513977,0.7564868927001953,0.7035304677486419,0.7285221899469978,0.7714234741737639,0.63563746132352,69.5988597606837,0.016156942991597645
2009-05-13,0.7536931037902832,0.7704753875732422,0.7510890364646912,0.7056643712520599,0.7287727536487895,0.7730097035320546,0.6383190389720653,61.69118676603093,0.015634372728957402
2009-05-14,0.7603984475135803,0.761904776096344,0.7469933032989502,0.7080919706821441,0.7290875700809,0.7743740245254502,0.641809916838838,64.06603585898384,0.0155816813076195
2009-05-15,0.7487832307815552,0.7606876492500305,0.7480550408363342,0.7102273678779603,0.7292836287538885,0.7746744395694971,0.6457802961864234,57.425089714477494,0.014436259841536625
2009-05-18,0.7659900188446045,0.7668123245239258,0.7452120184898376,0.712851173877716,0.7296490176736758,0.7754189376109153,0.6502834101445167,63.46664600062707,0.014746955349304258
2009-05-19,0.7745933532714844,0.7783918380737305,0.7633005380630493,0.7153812777996064,0.7300964082927279,0.7774892542559246,0.6532733013432881,66.05998223807748,0.015508627164664723
2009-05-20,0.7751938104629517,0.7811279296875,0.7688168287277222,0.7179208707809448,0.7305453207556825,0.7791976266836097,0.6566441148782799,66.24010570217058,0.015976541814028078
2009-05-21,0.7783918380737305,0.7802137732505798,0.7674008011817932,0.7204056954383851,0.7310215967754273,0.7812018912144535,0.6596094996623166,67.23739574524375,0.01641618607163664
2009-05-22,0.7848061919212341,0.7867201566696167,0.7774840593338013,0.7229335284233094,0.7315569797444005,0.7837196689970287,0.66214738784959,69.20252407998065,0.017085244004075184
2009-05-25,0.7808229923248291,0.7835761904716492,0.7777259349822998,0.7253582465648651,0.7320473818683236,0.7854993409510168,0.6652171521787135,66.5337114119709,0.017096982940556504
2009-05-26,0.7880220413208008,0.7883948683738708,0.7707723379135132,0.7278587257862091,0.7326045608013004,0.7878131258937233,0.667904325678695,68.87038299113824,0.01748562581137514
2009-05-27,0.7778469324111938,0.7892037034034729,0.7748934030532837,0.7298480641841888,0.7330549074187507,0.78970217116573,0.6699939572026475,62.25420147258219,0.016779162098442435
2009-05-28,0.7841907143592834,0.7870298027992249,0.7762769460678101,0.7317700946331024,0.7335639158641227,0.7923188829650677,0.6712213063011371,64.5413332076593,0.01654050604458568
2009-05-29,0.8010253310203552,0.801796019077301,0.7832080125808716,0.7340543377399444,0.734235427697669,0.7962749347892322,0.6718337406906567,69.77523083112355,0.01750796139364852
2009-06-01,0.8104384541511536,0.8155276775360107,0.799424409866333,0.7361795914173126,0.7349939507920032,0.8014205278132619,0.6709386550213633,72.24240519727654,0.01881732271296488
2009-06-02,0.8206811547279358,0.8231807947158813,0.8054123520851135,0.7386130666732789,0.7358468759820782,0.8071864618971097,0.670039671449448,74.66572510942692,0.020445814701882337
2009-06-03,0.8025681972503662,0.8265146017074585,0.79377681016922,0.7406842827796936,0.7365110134846853,0.8106174616564622,0.6707511039029249,64.02149395971368,0.0200437897126311
2009-06-04,0.8012820482254028,0.8086035251617432,0.7915149927139282,0.7426600456237793,0.7371557356706323,0.8137615016379887,0.6715585896095699,63.33110052368714,0.019397794830598114
2009-06-05,0.7944073677062988,0.8120178580284119,0.7925186157226562,0.7446157658100128,0.7377256086701,0.8159275797429704,0.6733039518770552,59.629593249681825,0.018122208430551456
2009-06-08,0.7902638912200928,0.7989773154258728,0.7832693457603455,0.746821151971817,0.738248563918419,0.8167835378279437,0.6768587661156903,57.45012961676,0.01658576274579704
2009-06-09,0.801988959312439,0.8043758273124695,0.7856693863868713,0.7490248882770538,0.7388830204423972,0.8188550508283876,0.67919472572572,61.714520875865084,0.016128316285099142
2009-06-10,0.8023750185966492,0.8130742311477661,0.7971938848495483,0.7510922408103943,0.7395150022618471,0.8209988089308955,0.681185672689893,61.85009461658805,0.015616916336738895
2009-06-11,0.8206138014793396,0.8237232565879822,0.8023106455802917,0.7531655430793762,0.7403222345125848,0.8250596871170804,0.681271399041672,67.67406461339206,0.016493221948047476
2009-06-12,0.8134710788726807,0.8214227557182312,0.8069071173667908,0.7551349496841431,0.7410503328775913,0.8281480518593279,0.6821218475089582,63.58049497767899,0.016422039390586618
2009-06-15,0.7940288782119751,0.8101101517677307,0.7908263802528381,0.7567796385288239,0.741577661247339,0.8295121778158544,0.6840470992417934,54.004644565470514,0.014628179050518608
2009-06-16,0.7923930287361145,0.8056719303131104,0.7870298027992249,0.7583875560760498,0.7420834564585703,0.8306322340303812,0.6861428781217184,53.277567512733086,0.01292553490509174
2009-06-17,0.7928327918052673,0.7997441291809082,0.785484254360199,0.760081912279129,0.7425885927265256,0.8314830188068185,0.6886808057514395,53.458970906240324,0.011479335720828154
2009-06-18,0.8005764484405518,0.8054123520851135,0.791702926158905,0.7617163300514221,0.7431657760924834,0.8330068108044636,0.6904258492983807,56.65061816242702,0.010833182636019512
2009-06-19,0.80560702085495,0.8118201494216919,0.7987858653068542,0.7634544587135315,0.7437872843278717,0.8347019772551356,0.6922069401719273,58.63518614231416,0.010604781492819293
2009-06-22,0.7870298027992249,0.802825927734375,0.7846214175224304,0.7645847833156586,0.7442176968600239,0.8354916622866552,0.693677904344662,49.603948393770025,0.008823039196774629
2009-06-23,0.794470489025116,0.7980208992958069,0.7791802883148193,0.7660118317604065,0.7447178842428096,0.8363824051901644,0.6956412583306487,52.74349924879087,0.007920098815366039
2009-06-24,0.7977026104927063,0.8057368993759155,0.7922046780586243,0.7674003028869629,0.7452452620508716,0.8374710345027343,0.6973295712711916,54.08168475577488,0.007380242407798221
2009-06-25,0.8036001324653625,0.8043758273124695,0.7937138080596924,0.7690599679946899,0.7458260891884332,0.8385363655873255,0.6995835704020543,56.50209868189012,0.0073436302525904384
2009-06-26,0.8054123520851135,0.8089960813522339,0.8030838370323181,0.7707121253013611,0.7464191709745932,0.839625454731315,0.7017987958714073,57.24783915139804,0.007375821949628936
2009-06-29,0.8101101517677307,0.8101101517677307,0.7987858653068542,0.7729146075248718,0.7470531064220246,0.8396050617906466,0.706224153259097,59.20056771021661,0.007691741664729634
2009-06-30,0.8061915636062622,0.8156607151031494,0.8041817545890808,0.774861079454422,0.7476417274395231,0.839573473287402,0.710148685621442,56.86729145029048,0.0075390080079565935
2009-07-01,0.8089960813522339,0.81089848279953,0.8026970624923706,0.7768867194652558,0.7482524020300689,0.8393207293761575,0.714452709554354,58.13893052430996,0.007557152478733786
2009-07-02,0.792707085609436,0.8095200061798096,0.7908263802528381,0.7784683990478516,0.7486948688277082,0.8383141069654121,0.7186226911302911,49.08694346453187,0.006185839768621082
2009-07-03,0.7939028143882751,0.8006405234336853,0.792330265045166,0.7799039363861084,0.7491448316675579,0.8376395712056008,0.722168301566616,49.70598001377302,0.005136341339709416
2009-07-06,0.7961149215698242,0.7982119917869568,0.7882705330848694,0.781685962677002,0.7496123320774488,0.8356135091265424,0.7277584162274615,50.89548619570565,0.004432015321971017
2009-07-07,0.7886435389518738,0.8039231896400452,0.7877737283706665,0.7833285522460938,0.7500008144560861,0.832723170002137,0.7339339344900505,46.863965587067675,0.0032336779160777596
2009-07-08,0.7770007848739624,0.7891414165496826,0.7726781368255615,0.78437056183815,0.7502695476936577,0.830846175475058,0.737894948201242,41.36521152126434,0.0013291918406745928
2009-07-09,0.7849293351173401,0.7862871289253235,0.7759155631065369,0.7855353200435639,0.7506145188267598,0.8289275829864647,0.742143057100663,46.010939456554624,0.00045440257775730686
2009-07-10,0.7799704074859619,0.7849909663200378,0.774113655090332,0.7864784181118012,0.7509066990852733,0.8271588566522706,0.7457979795713318,43.67985367164993,-0.0006317359729317573
2009-07-13,0.7841907143592834,0.7845598459243774,0.7704160213470459,0.7873397326469421,0.7512379752111803,0.8258674414896099,0.7488120238042744,46.17898997336418,-0.0011388372979880268
2009-07-14,0.7940288782119751,0.794975757598877,0.7816163897514343,0.7884043979644776,0.7516638723067062,0.8245508373036484,0.7522579586253068,51.573633549318224,-0.0007383499114443914
2009-07-15,0.8026970624923706,0.8054772615432739,0.7927699685096741,0.7894815528392791,0.7521718033514038,0.823988332802541,0.7549747728760172,55.77930413032775,0.00027531558939997147
2009-07-16,0.8041170835494995,0.807297945022583,0.7963051199913025,0.790462715625763,0.7526888109877966,0.8237425343332684,0.7571828969182576,56.446612602887384,0.001179638495309332
2009-07-17,0.8032128214836121,0.8043758273124695,0.7975117564201355,0.7911671674251557,0.7531916714817903,0.8239934667647844,0.758340868085527,55.868447491938305,0.001802575553141228
2009-07-20,0.8140007853507996,0.8153946399688721,0.8138682842254639,0.7922484588623047,0.7537968969899446,0.8244312590443559,0.7600656586802534,61.00062320730945,0.0031306677952279705
2009-07-21,0.8153281211853027,0.8165265321731567,0.8149959444999695,0.7932328736782074,0.7544093079635709,0.8251621141829926,0.7613036331734222,61.59245042056379,0.004241403119327747
2009-07-22,0.8154611587524414,0.8158603310585022,0.8152616620063782,0.7944682347774505,0.7550169462262294,0.8248977898153788,0.7640386797395223,61.65525932630209,0.005073914952746672
2009-07-23,0.8149294853210449,0.8151952624320984,0.8145312666893005,0.7955588555335998,0.7556132435862991,0.8248935504347271,0.7662241606324726,61.224351710343385,0.0056259327256814595
2009-07-24,0.8181297183036804,0.8181297183036804,0.8181297183036804,0.7969457852840424,0.7562354558041576,0.8236974459979322,0.7701941245701526,62.904903379808275,0.006249601330149068
2009-07-27,0.8220303654670715,0.8230452537536621,0.8216251730918884,0.7980665922164917,0.7568902958851723,0.8242135791303733,0.7719196053026101,64.90163389838824,0.006978172787365344
2009-07-28,0.8239946961402893,0.8254911303520203,0.8233163356781006,0.7990546190738678,0.7575581673261591,0.8253144807397824,0.7727947574079531,65.89716770528901,0.007626166287180602
2009-07-29,0.8153946399688721,0.8163931965827942,0.8145976066589355,0.7998586356639862,0.7581337962363932,0.8255930643803916,0.7741242069475808,58.124032483887426,0.007360901257268293
2009-07-30,0.8250144124031067,0.8259684443473816,0.8244702219963074,0.8007910871505737,0.7587994371403505,0.8267285495813032,0.7748536247198442,63.334064983067485,0.00783657686952921
2009-07-31,0.8356313109397888,0.8356313109397888,0.8356313109397888,0.8018075895309448,0.759564117803859,0.829134591862431,0.7744805871994586,68.05753873881777,0.008966883550215132
2009-08-03,0.8430281281471252,0.8438106775283813,0.8416091799736023,0.8030516922473907,0.760394803800023,0.832089685440909,0.7740136990538724,70.87286312282592,0.010340324247631538
2009-08-04,0.8448086977005005,0.8454514145851135,0.8438819050788879,0.8041874253749848,0.7612349416346536,0.835200950347215,0.7731739004027546,71.52350987197676,0.011440583057584552
2009-08-05,0.8409721255302429,0.8418217301368713,0.8406187295913696,0.8054499292373657,0.7620285321719643,0.8372170939731572,0.7736827645015741,67.99884279342062,0.011866180834620321
2009-08-06,0.8408308029174805,0.8414674997329712,0.8399831652641296,0.8065827310085296,0.7628128160865433,0.8392814937206229,0.7738839682964364,67.8661719146451,0.012053125655671515
2009-08-07,0.8373806476593018,0.8373806476593018,0.8373806476593018,0.8073098373413086,0.7635549548020172,0.8411027288290318,0.7735169458535853,64.55475411150243,0.011787008778000319
2009-08-10,0.8366100788116455,0.8366800546646118,0.8356313109397888,0.8078332698345184,0.7642820365873907,0.8426201086410033,0.7730464310280335,63.805931122035574,0.011382717882826743
2009-08-11,0.8296001553535461,0.830426812171936,0.8296001553535461,0.8080116498470307,0.7649321142884028,0.8431570145378701,0.7728662851561913,57.29485094055032,0.010377052000972387
2009-08-12,0.8343762755393982,0.8343762755393982,0.8335416913032532,0.8086478114128113,0.7656232548252526,0.844534693002875,0.7727609298227476,60.26967168305983,0.009851881173878474
2009-08-13,0.8430281281471252,0.8447372913360596,0.8418217301368713,0.8094827330112457,0.7663936223581271,0.8465918202071839,0.7723736458153075,65.02284441106889,0.010018326674932743
2009-08-14,0.8331944942474365,0.8331944942474365,0.8331944942474365,0.8102584755420685,0.767058452720639,0.8477014122362185,0.7728155388479185,56.71732513786603,0.009250114301425305
2009-08-17,0.8231807947158813,0.8235875368118286,0.8214227557182312,0.8109168136119842,0.7676170046510145,0.8480813215395615,0.7737523056844069,49.7486906608794,0.007744010464377449
2009-08-18,0.8300821781158447,0.830426812171936,0.8267879486083984,0.8114786779880524,0.768238681633191,0.8489405257820025,0.7740168301941023,53.94825569821534,0.007026301456267259
2009-08-19,0.830426812171936,0.830771803855896,0.8287063837051392,0.8120397138595581,0.7688576000621328,0.8497842310761691,0.7742951966429471,54.15430077877715,0.006411414192777687
2009-08-20,0.8324314951896667,0.8327782154083252,0.8316699862480164,0.8122760677337646,0.7694903087805026,0.8503859643685747,0.7741661710989545,55.404220521643644,0.006016518096668699
2009-08-21,0.8341675400733948,0.8341675400733948,0.8341675400733948,0.8126899969577789,0.7701339969272389,0.8512991883695529,0.7740808055460049,56.51001075209639,0.005777050170536868
2009-08-24,0.8373806476593018,0.837520956993103,0.8367500901222229,0.8135570323467255,0.7708032553617974,0.8524021005483411,0.7747119641451099,58.55818435878331,0.0057799137945738766
2009-08-25,0.8334027528762817,0.8350033164024353,0.8333333134651184,0.8143772268295288,0.7714262626873865,0.8531300366962972,0.7756244169627605,55.0985489431355,0.005398964471232892
2009-08-26,0.8271982669830322,0.8285690546035767,0.8271298408508301,0.8150645363330841,0.7719813198086612,0.853475211944568,0.7766538607216001,50.12429240327372,0.004544028497401986
2009-08-27,0.8407600522041321,0.8409014344215393,0.8389261364936829,0.8158682084083557,0.7726658218121273,0.8547205877553139,0.7770158290613975,58.86580793635195,0.004904274877452264
2009-08-28,0.8430281281471252,0.8430281281471252,0.8416799902915955,0.8166166305541992,0.7733660825233509,0.8560988176005633,0.7771344435078351,60.124527322349714,0.0053115591549675045
2009-08-31,0.8428860306739807,0.8445232510566711,0.8428860306739807,0.8177337551116943,0.7740579585463674,0.8569590390684846,0.7785084711549041,60.00064899186317,0.0055587905237673985
2009-09-01,0.8258320689201355,0.8278145790100098,0.8256275057792664,0.8183609867095947,0.7745732235436281,0.8570674832448544,0.779654490174335,47.38273858046969,0.0043287122765229835
2009-09-02,0.8347941637039185,0.8356313109397888,0.8347941637039185,0.819102817773819,0.775172551713205,0.8576145470644885,0.7805910884831495,52.978934253663326,0.004030570643610232
2009-09-03,0.8394191265106201,0.8404067158699036,0.8394191265106201,0.8198191976547241,0.7758119424060143,0.8584861555270321,0.7811522397824161,55.60315380261732,0.004119994367149271
2009-09-04,0.8517887592315674,0.8517887592315674,0.8517887592315674,0.8207467257976532,0.7765680726431247,0.8602196482928435,0.7812738033024629,61.75146385156142,0.005129855514417581
2009-09-07,0.8554319739341736,0.8561643958091736,0.8554319739341736,0.8216531622409821,0.7773529340181597,0.8621961257022557,0.7811101987797084,63.360855022775766,0.006153224189956341
2009-09-08,0.8637816905975342,0.8648275136947632,0.8637816905975342,0.8228049647808074,0.7782130799923238,0.8648012085592273,0.7808087210023876,66.80794481203823,0.007550960815561503
2009-09-09,0.8619946837425232,0.8625895380973816,0.8614006638526917,0.8238649368286133,0.7790468797598731,0.8670957901292407,0.7806340835279859,65.3900049901846,0.008417449524504073
2009-09-10,0.8623663187026978,0.8630361557006836,0.8622176051139832,0.8252581214904785,0.7798760785302553,0.868878565427055,0.781637677553902,65.5537419660435,0.009030043187598369
2009-09-11,0.8630361557006836,0.8630361557006836,0.8630361557006836,0.8266407883167267,0.7807036898389346,0.8705860599768339,0.7826955166566195,65.86718211507174,0.009460523303108759
2009-09-14,0.8625150918960571,0.8625150918960571,0.8614006638526917,0.8279687917232513,0.7815178776492885,0.8721613176449848,0.7837762658015178,65.36888302228152,0.009648415474115435
2009-09-15,0.8643789291381836,0.8648275136947632,0.8631106615066528,0.8294834995269775,0.7823425101286822,0.8733650679876448,0.7856019310663103,66.34953266589648,0.009834353160468656
2009-09-16,0.8732098937034607,0.874355137348175,0.8722198009490967,0.8314076817035675,0.7832468199808998,0.874322824340392,0.788492539066743,70.59780175220871,0.010572422844038365
2009-09-17,0.8709284067153931,0.8717635869979858,0.8706251382827759,0.8331276631355286,0.7841194233597402,0.8753270684656155,0.7909282578054416,68.20220417503175,0.010848200154407683
2009-09-18,0.8679802417755127,0.8679802417755127,0.8679802417755127,0.8348878598213196,0.7849540011910112,0.8753431957032203,0.794432523939419,65.12680885006864,0.010705457537362961
2009-09-21,0.8643789291381836,0.8653513789176941,0.8634087443351746,0.8364916241168976,0.7857444319698028,0.8750574317304022,0.797925816503393,61.47986421577898,0.01018433843855393
2009-09-22,0.8769621849060059,0.8788118362426758,0.8754267692565918,0.8381502902507783,0.7866522225165623,0.8763943095675741,0.7999062709339824,68.18386013401872,0.010663785890326904
2009-09-23,0.8691872358322144,0.8691872358322144,0.8666262030601501,0.839480093717575,0.7874736018889845,0.877314160199061,0.801646027236089,61.10721183050733,0.010297672874971076
2009-09-24,0.8631851673126221,0.8648275136947632,0.8611039519309998,0.8406614553928375,0.7882270738220477,0.877668305768661,0.8036546050170141,56.25340053424676,0.009414682307246514
2009-09-25,0.8661007881164551,0.8661007881164551,0.8661007881164551,0.8419192147254944,0.7890020619282141,0.877994105061627,0.8058443243893617,57.99869217254281,0.008848175888882093
2009-09-28,0.8729050755500793,0.8736676573753357,0.8728288412094116,0.84309730052948,0.789837051418729,0.8792978897067486,0.8068967113522113,61.82627456316212,0.008846290075593566
2009-09-29,0.8738203644752502,0.8741258382797241,0.8726003170013428,0.8442671453952789,0.7906728387053168,0.8805852018835978,0.80794908890696,62.32365730540893,0.008817014665189249
2009-09-30,0.8837825655937195,0.8844078779220581,0.883626401424408,0.8456335735321044,0.7915994490097632,0.882662070342185,0.8086050767220239,67.31538934277404,0.00948830479281082
2009-10-01,0.8684324622154236,0.8701705932617188,0.8676789402961731,0.8467036330699921,0.7923640753596723,0.8831989659868927,0.8102083001530914,55.183408171310475,0.008681605850737961
2009-10-02,0.8658758401870728,0.8664010167121887,0.8658758401870728,0.8476585555076599,0.7930956481978528,0.8835965977758197,0.8117205132395001,53.45538819537381,0.007746694029464929
2009-10-05,0.8774238228797913,0.8775778412818909,0.8771929740905762,0.8487664246559143,0.7939348622723744,0.8848945397971653,0.8126383095146634,59.60800447128334,0.007847138440941204
2009-10-06,0.8906305432319641,0.8911861777305603,0.8898380398750305,0.8500991415977478,0.794897153390037,0.8873948247620462,0.8128034584334494,65.26326877387552,0.008889935675280403
2009-10-07,0.8930166363716125,0.8935751914978027,0.8906305432319641,0.8516515815258026,0.7958736123629889,0.889508846459103,0.8137943165925021,66.18446252926427,0.009795975859475115
2009-10-08,0.9044044613838196,0.9049773812294006,0.9031791687011719,0.8532393825054169,0.7969536808750927,0.8931409298977621,0.8133378351130717,70.24069549700624,0.011302631835422239
2009-10-09,0.9039139747619629,0.9039139747619629,0.9039139747619629,0.8546050357818603,0.7980181180988515,0.8966625812528102,0.8125474903109104,69.8520471729414,0.012315128247478602
2009-10-12,0.9083476662635803,0.909587025642395,0.9074410200119019,0.8559114265441895,0.7991160835469101,0.9004839242921432,0.8113389287962358,71.39291231889027,0.013321736117481109
2009-10-13,0.9063718318939209,0.9074410200119019,0.9056330323219299,0.8571426892280578,0.8001834579542065,0.9038151030400532,0.8104702754160624,69.68365490020003,0.013800957933521873
2009-10-14,0.9158347845077515,0.9161703586578369,0.9151642918586731,0.858639942407608,0.8013343807896635,0.9079250650947811,0.8093548197204349,73.01579201318826,0.014774020158206613
2009-10-15,0.924043595790863,0.9246416687965393,0.9207255244255066,0.8603041982650756,0.8025555396157416,0.9126589697550034,0.8079494267751479,75.52851511963301,0.01602285989348473
2009-10-16,0.9164223074913025,0.9164223074913025,0.9164223074913025,0.8618850314617157,0.8036886999421505,0.9161529398411865,0.8076171230822449,69.09545999846353,0.016210732871375977
2009-10-19,0.9284188747406006,0.9293680787086487,0.9275577664375305,0.8637212073802948,0.804929967192686,0.9206462737705904,0.8067961409899992,72.99461096001431,0.017130180222985514
2009-10-20,0.9243853092193604,0.92498379945755,0.9225943684577942,0.8656169104576111,0.8061187396844898,0.9241931308546432,0.8070406900605791,69.80560824984703,0.017333563317589396
2009-10-21,0.9272136688232422,0.9278159141540527,0.9270418286323547,0.8674736583232879,0.8073238270656142,0.9278653622340455,0.8070819544125304,70.76993467802112,0.017520999689824124
2009-10-22,0.9287638664245605,0.9292816519737244,0.9277297854423523,0.8691883730888367,0.8085323472191295,0.9315824973657009,0.8067942488119725,71.31075624518441,0.017591844522992672
2009-10-23,0.9223390221595764,0.9223390221595764,0.9223390221595764,0.8709712636470794,0.8096649018364419,0.9342555750554893,0.8076869522386696,65.87100854544133,0.01693434968427432
2009-10-26,0.9160025715827942,0.9279019832611084,0.9126585721969604,0.8728276991844177,0.8107231267631392,0.935835082614001,0.8098203157548345,60.93412982214855,0.01572076251750909
2009-10-27,0.9174311757087708,0.9216589331626892,0.9124087691307068,0.8745746791362763,0.8117850361532724,0.9375883417885029,0.8115610164840497,61.63232076076623,0.014704755094708255
2009-10-28,0.898876428604126,0.9199631810188293,0.8964589834213257,0.87594367146492,0.8126517284877554,0.9380095840656635,0.8138777588641766,49.30666221297795,0.012261011560294799
2009-10-29,0.9147457480430603,0.9181893467903137,0.8947745561599731,0.8775899565219879,0.8136677185708174,0.9393108248206727,0.8158690882233031,57.19191096881755,0.011472599668799877
2009-10-30,0.9009820818901062,0.9175995588302612,0.8980691432952881,0.8789262473583221,0.8145366275957693,0.9396957046555521,0.8181567900610922,49.9367756155361,0.009626199893531973
2009-11-02,0.9053051471710205,0.9119926691055298,0.8971828818321228,0.8802847373485565,0.8154399095305193,0.9402955457394991,0.8202739289576139,51.99657754311459,0.008414750007756489
2009-11-03,0.904322624206543,0.9092562198638916,0.8919015526771545,0.8817031347751617,0.81632442380122,0.9405319745298371,0.8228742950204864,51.47817705517234,0.0072913358720737564
2009-11-04,0.9098353385925293,0.9141603708267212,0.898391842842102,0.8833558762073517,0.8172549943551158,0.9405553191230033,0.8261564332917001,54.23513591383164,0.006767836647021297
2009-11-05,0.9104151725769043,0.9123255610466003,0.9030161499977112,0.8847489786148072,0.8181820734393325,0.9411006614119933,0.828397295817621,54.52779502386275,0.006326815900824623
2009-11-06,0.9185266494750977,0.9199631810188293,0.9099181294441223,0.8862589490413666,0.8191806465148277,0.9420912965068542,0.830426601575879,58.52366373457954,0.006556255742254935
2009-11-09,0.9316191077232361,0.9319664835929871,0.9199631810188293,0.8880336105823516,0.8202995698352975,0.9438797460024414,0.8321874751622619,64.01954995551677,0.007705713760409294
2009-11-10,0.9305788278579712,0.9321401715278625,0.9258401393890381,0.8901285457611084,0.821397004704576,0.9442838883579805,0.8359732031642364,63.301809951896026,0.00843548659153015
2009-11-11,0.9304056167602539,0.9344047904014587,0.927385687828064,0.8920407748222351,0.8224817935789736,0.9449591420482455,0.8391224075962247,63.17480850332415,0.008897297621319411
2009-11-12,0.9250693917274475,0.9369437098503113,0.921404242515564,0.8937537801265717,0.8235026831612059,0.9452453794262514,0.842262180826892,59.232116064035615,0.008732039905616218
2009-11-13,0.9338812828063965,0.9344921708106995,0.9241290092468262,0.8953956305980683,0.8246011028093024,0.946660316796419,0.8441309443997175,63.30477624095081,0.009205996939148142
2009-11-16,0.9366803765296936,0.940733790397644,0.9317927956581116,0.8970205986499786,0.8257164452510275,0.9482656234630582,0.845775573836899,64.51735240112917,0.009695708679082649
2009-11-17,0.9312721490859985,0.9377343654632568,0.9242144227027893,0.898370407819748,0.8267668680492394,0.9495973047871663,0.8471435108523296,60.36667543840779,0.009537468010541894
2009-11-18,0.9283326864242554,0.9339683651924133,0.9267840385437012,0.8996971678733826,0.8277775849382347,0.9505132979199868,0.8488810378267784,58.17597132108715,0.009070314134702384
2009-11-19,0.9194557070732117,0.9284188747406006,0.9134923219680786,0.9008389556407929,0.8286899049090798,0.9507895779934809,0.8508883332881049,52.03465976704957,0.007892809877654172
2009-11-20,0.9150804877281189,0.9215739965438843,0.9065361618995667,0.9018798422813415,0.8295496058532318,0.9507730115821204,0.8529866729805627,49.27374883292289,0.006531296909387918
2009-11-23,0.9237021803855896,0.9279019832611084,0.9155831933021545,0.9031035840511322,0.8304865479052217,0.9510286047617176,0.8551785633405469,54.40745388589608,0.0060779240902950615
2009-11-24,0.9213193655014038,0.92336106300354,0.9135757684707642,0.9042423927783966,0.8313904530408364,0.9511058633909438,0.8573789221658493,52.81652623458897,0.005463371274429196
2009-11-25,0.9296271800994873,0.9324009418487549,0.921404242515564,0.9053707385063171,0.832368035709646,0.9519000603811507,0.8588414166314835,57.48442336328768,0.0055823550330773575
2009-11-26,0.9044044613838196,0.9296271800994873,0.9012256860733032,0.9060402595996857,0.8330848906953486,0.9514977746611711,0.8605827445382003,43.43493949959865,0.0035998906155766397
2009-11-27,0.907605767250061,0.9100009202957153,0.8949346542358398,0.9068327701091766,0.8338264683909761,0.9509436755475056,0.8627218646708477,45.26349118992133,0.0022610281853194802
2009-11-30,0.9175995588302612,0.9196248054504395,0.9109126925468445,0.9078971827030182,0.834660116551259,0.9503646042192387,0.8654297611867977,50.62908689983702,0.001983520730002186
2009-12-01,0.9255831241607666,0.9272136688232422,0.9110787510871887,0.9088696014881134,0.8355649145078727,0.9506671618868565,0.8670720410893702,54.46881999367297,0.002380361744594439
2009-12-02,0.9278159141540527,0.9295408725738525,0.92336106300354,0.9100421750545502,0.836482926727788,0.9505660081613321,0.8695183419477683,55.51094246350019,0.0028422647413081092
2009-12-03,0.9243853092193604,0.9321401715278625,0.92336106300354,0.9112661778926849,0.8373576639260114,0.9496540533533165,0.8728783024320533,53.4853493792646,0.0028980975816489396
2009-12-04,0.9153318405151367,0.9289363026618958,0.9110787510871887,0.9122507989406585,0.8381336024570667,0.9483686313644688,0.8761329665168482,48.45979310493124,0.0021866004792241434
2009-12-07,0.9151642918586731,0.9190332293510437,0.9056330323219299,0.9130959832668304,0.8389001513874689,0.9473873922549421,0.8788045742787187,48.36921380492808,0.001590875500692257
2009-12-08,0.9023642539978027,0.9165903329849243,0.9021199941635132,0.9136668610572815,0.8395316956896194,0.9461945066383554,0.8811392154762075,41.922356221574695,8.492412974225871e-05
2009-12-09,0.909587025642395,0.9114108085632324,0.9025270342826843,0.914182950258255,0.8402288299802698,0.9455742803947926,0.8827916201217174,46.27388443298267,-0.0005197445810315449
2009-12-10,0.9164223074913025,0.9186954498291016,0.9095043540000916,0.9151427471637725,0.8409870454599416,0.9436243033218087,0.8866611910057364,50.08539949636317,-0.0004423002088642658
2009-12-11,0.9129918813705444,0.9190332293510437,0.9093389511108398,0.916085067987442,0.8417035783155591,0.9407794248217223,0.8913907111531618,48.23588074766146,-0.0006502361866412842
2009-12-14,0.9155831933021545,0.9175153374671936,0.9057150483131409,0.9168482553958893,0.8424387667469834,0.9388809309118088,0.8948155798799698,49.74553858650861,-0.0005990245486272583
2009-12-15,0.9061253666877747,0.9166743755340576,0.9039139747619629,0.9171581518650055,0.8430725221949465,0.9380942749342371,0.8962220287957738,44.62956083283776,-0.0013065454789812359
2009-12-16,0.8994423747062683,0.9067004919052124,0.8959770798683167,0.9172866666316986,0.843633467019512,0.9376900386821161,0.896883294581281,41.390359212983746,-0.0023790977565127935
2009-12-17,0.8856611847877502,0.9004952907562256,0.8812902569770813,0.9169118010997772,0.8440516907417145,0.9389077917762848,0.8949158104232696,35.64503120665337,-0.00429165844885937
2009-12-18,0.8908686637878418,0.8916629552841187,0.8833922743797302,0.9166508948802948,0.8445175726004037,0.9395664222430287,0.893735367517561,39.08583134342891,-0.005325784216942853
2009-12-21,0.8805918097496033,0.8906305432319641,0.8785801529884338,0.9160957777500153,0.8448765517638022,0.9410833556334831,0.8911081998665474,35.09766774217198,-0.006895110035819996
2009-12-22,0.8765010237693787,0.8832361698150635,0.8745080828666687,0.9154983615875244,0.8451912504928162,0.942759738108273,0.8882369850667758,33.62681043827307,-0.008372392564293563
2009-12-23,0.879817008972168,0.8818342685699463,0.8738967180252075,0.9147780060768127,0.8455358150677884,0.9438466617551894,0.885709350398436,35.969265537074406,-0.009169872733509887
2009-12-24,0.8845643997192383,0.8868393301963806,0.8798944354057312,0.9139884221553802,0.8459241922976796,0.9441538521854936,0.8838229921252668,39.273594236005195,-0.009311469926337468
2009-12-25,0.8850340843200684,0.8863676190376282,0.8827683925628662,0.9133606576919555,0.8463133782949949,0.9446064270899912,0.8821148882939198,39.6056622222351,-0.009278826563086762
2009-12-28,0.8868393301963806,0.889284074306488,0.8830021619796753,0.9125290668010712,0.846716655290853,0.9443470511015402,0.8807110825006021,40.94238111911325,-0.00900350144718065
2009-12-29,0.8937349915504456,0.8993614912033081,0.8863676190376282,0.9119160604476929,0.8471845381348788,0.9439817627317193,0.8798503581636665,45.870717901775336,-0.008135105633571782
2009-12-30,0.8943743705749512,0.8959770798683167,0.8903926014900208,0.911259274482727,0.8476541271631923,0.9433912588568062,0.8791272901086479,46.31803959033445,-0.007311026192082015
2009-12-31,0.898311197757721,0.9010632634162903,0.8931760787963867,0.9106502211093903,0.8481582184884197,0.942581759858043,0.8787186823607376,49.106854134137066,-0.006268014476140227
2010-01-01,0.8984725475311279,0.8984725475311279,0.8978272080421448,0.9101728916168212,0.8486588987694507,0.9421047825092189,0.8782410007244236,49.223283511022295,-0.0053665384834225005
2010-01-04,0.9124919772148132,0.9139096736907959,0.8942144513130188,0.9101026797294617,0.8492941042612778,0.9419976678708516,0.8782076915880718,58.17635116139698,-0.003480737676943124
2010-01-05,0.9118264317512512,0.9173470139503479,0.9095043540000916,0.9099905848503113,0.8499163654367139,0.9418197743726824,0.8781613953279401,57.65660844847245,-0.002016683832185784
2010-01-06,0.9204712510108948,0.9219139218330383,0.9104151725769043,0.9104224812984466,0.8506184587925316,0.9422221542029822,0.878622808393911,62.36041671000513,-0.00015703573558445427
2010-01-07,0.9177680015563965,0.9261832237243652,0.9164223074913025,0.9104829263687134,0.8512866649825152,0.9423275985126203,0.8786382542248066,60.111684413159985,0.0010860992637936606
2010-01-08,0.9250693917274475,0.9254117608070374,0.9129918813705444,0.9109646725654602,0.852020877530471,0.9429511664874,0.8789781786435205,63.89837338735028,0.00263013531098244
2010-01-11,0.9297136068344116,0.9325748682022095,0.9285913109779358,0.911452841758728,0.8527939979600492,0.9438294399083519,0.8790762436091041,66.10267404768874,0.004180355808782954
2010-01-12,0.9204712510108948,0.9307520985603333,0.9171788096427917,0.911775814294815,0.8534674538684591,0.9441842617448456,0.8793673668447844,58.453576640585226,0.004609994699385611
2010-01-13,0.9242144227027893,0.9267840385437012,0.9192020893096924,0.9120633959770202,0.8541714559744881,0.9446562270805643,0.8794705648734762,60.449679500975556,0.005192671404488869
2010-01-14,0.9313588738441467,0.9328358173370361,0.9242998361587524,0.9124822700023651,0.8549395463332026,0.9455238775202767,0.8794406624844536,64.00445243879842,0.006159936476407446
2010-01-15,0.9226794838905334,0.9314455389976501,0.9218289256095886,0.9125653266906738,0.8556136245235264,0.9456897237817772,0.8794409295995704,57.27011426085219,0.006155193542421222
2010-01-18,0.927385687828064,0.9279019832611084,0.9180207252502441,0.9124806582927704,0.8563278257661724,0.9454274338101718,0.8795338827753689,59.74347382329355,0.006456756588674617
2010-01-19,0.9225943684577942,0.9275577664375305,0.9180207252502441,0.9123209691047669,0.8569872412976508,0.944985898895087,0.8796560393144468,56.17820374654589,0.006237229149920864
2010-01-20,0.9114938974380493,0.9239583015441895,0.9075233936309814,0.9119427347183228,0.8575296343168735,0.9441882185941034,0.8796972508425421,48.89770094292696,0.005108647523682119
2010-01-21,0.904568076133728,0.9147457480430603,0.8996850848197937,0.9115327084064484,0.8579977111791827,0.9436178858073468,0.87944753100555,44.980860818984645,0.003613725774874732
2010-01-22,0.9012256860733032,0.9093389511108398,0.8987956643104553,0.9108795964717865,0.8584278700028957,0.9424330058481457,0.8793261870954273,43.18310062614461,0.002134679319850674
2010-01-25,0.9049773812294006,0.9093389511108398,0.9022827744483948,0.9102455365657807,0.8588910809045374,0.940945360968701,0.8795457121628604,45.80156022069771,0.0012508359351206533
2010-01-26,0.9001709818840027,0.908265233039856,0.8942144513130188,0.9096235132217407,0.8593018540068327,0.9398409605280853,0.8794060659153962,43.06343083247527,0.00016069503423055131
2010-01-27,0.8962982892990112,0.904731810092926,0.8916629552841187,0.9089828252792358,0.8596700024252338,0.9389384487431971,0.8790272018152745,40.93971518642392,-0.001004167986457416
2010-01-28,0.8935751914978027,0.9048135876655579,0.8916629552841187,0.9084652149677277,0.8600073898871868,0.9385762005196141,0.8783542294158413,39.46589469180418,-0.0021225936194408934
2010-01-29,0.8843296766281128,0.8960573077201843,0.8837044835090637,0.9078501987457276,0.8602494185971357,0.9386577983954562,0.877042599095999,34.87528765431692,-0.0037121978671444955
2010-02-01,0.8919811248779297,0.8925384283065796,0.8791981339454651,0.9072157776355744,0.8605651775138354,0.9379974221520394,0.8764341331191093,40.99248789311765,-0.004304938111176049
2010-02-02,0.8873114585876465,0.8927774429321289,0.8782715797424316,0.9065356194972992,0.860831326809264,0.9375473132112678,0.8755239257833306,38.60895158910148,-0.005092785606309658
2010-02-03,0.8822231888771057,0.8915834426879883,0.8808244466781616,0.9055875396728515,0.8610441947347837,0.9366162484265614,0.8745588309191417,36.142861228059445,-0.0060579094542631
2010-02-04,0.8689607381820679,0.8825346231460571,0.8628127574920654,0.9048786652088165,0.8611229712857005,0.9375914688654773,0.8721658615521558,30.647949260260702,-0.007802997886830587
2010-02-05,0.8685833811759949,0.8718396425247192,0.8583691120147705,0.9040982174873352,0.8611972088610028,0.9383702597409991,0.8698261752336713,30.50583604697134,-0.00911141191412057
2010-02-08,0.8634833097457886,0.8709284067153931,0.8617717623710632,0.9030158925056457,0.8612199575415044,0.9389264741164246,0.8671053108948669,28.57715441117621,-0.010439532170228971
2010-02-09,0.8775008320808411,0.8797395825386047,0.8635578751564026,0.9020542466640472,0.8613819662207951,0.938073211232414,0.8660352820956804,39.83600293669538,-0.010242906290933829
2010-02-10,0.8768084645271301,0.8792754411697388,0.8712319731712341,0.9010340976715088,0.8615354730294551,0.9369641680299735,0.865104027313044,39.5047526157757,-0.010027357999007891
2010-02-11,0.8902341723442078,0.8919811248779297,0.8768084645271301,0.9003510749340058,0.8618210493797989,0.9357639922865676,0.864938157581444,48.455302451142224,-0.008673212611105319
2010-02-12,0.889284074306488,0.8914245367050171,0.8789663910865784,0.8998301196098327,0.8620943295606991,0.9351096456223028,0.8645505935973626,47.91502592535462,-0.007589223759078334
2010-02-15,0.889284074306488,0.8910273313522339,0.8852691054344177,0.8993125152587891,0.8623648902140008,0.9344328183892077,0.8641922121283705,47.91502592535462,-0.006653457863512124
2010-02-16,0.9013068675994873,0.9026899933815002,0.8880206346511841,0.8992913675308227,0.8627523951636809,0.9344054430820603,0.8641772919795851,55.23949418576521,-0.004885401838045533
2010-02-17,0.8987148404121399,0.9039139747619629,0.8969414234161377,0.8990739238262176,0.8631102510916249,0.9340621981496399,0.8640856495027954,53.492952040692884,-0.0036512700628040795
2010-02-18,0.8896797299385071,0.9026899933815002,0.889284074306488,0.8985390722751617,0.8633746391214696,0.9332615029134551,0.8638166416368683,47.81756561430605,-0.0033634973414909952
2010-02-19,0.900009036064148,0.900009036064148,0.8880206346511841,0.8982794153690338,0.8637391811051973,0.9327539952828637,0.8638048354552038,53.846319759968516,-0.002275713696918369
2010-02-22,0.9001709818840027,0.9026085138320923,0.8975855112075806,0.8979711711406708,0.8641017068885963,0.932088006000904,0.8638543362804376,53.93617564097812,-0.0013846087396504059
2010-02-23,0.8927774429321289,0.9072763323783875,0.8884150981903076,0.8977042126655579,0.8643870534171264,0.9317694696353226,0.8636389556957932,49.22436728041849,-0.0012604685471864219
2010-02-24,0.8943743705749512,0.8954154849052429,0.8859750032424927,0.8976028525829315,0.8646854510630243,0.9316771581456199,0.8635285470202431,50.23558330606668,-0.0010214531593933929
2010-02-25,0.8865247964859009,0.8951749801635742,0.8804367184638977,0.8976201248168946,0.8649027697937403,0.9316705905459802,0.8635696590878089,45.44468218056252,-0.0014487267497430567
2010-02-26,0.8958967924118042,0.8978272080421448,0.8869178891181946,0.8977206873893738,0.8652111846240387,0.9317194282514201,0.8637219465273276,51.40376062912287,-0.0010193519475263368
2010-03-01,0.9004952907562256,0.9017132520675659,0.8938946723937988,0.8981187570095063,0.8655622889615558,0.9317631496478381,0.8644743643711744,54.055576963380794,-0.000304498864781233
2010-03-02,0.9049773812294006,0.9059611558914185,0.8967805504798889,0.8986882841587067,0.8659544996206834,0.9317988896957233,0.8655776786216901,56.54462646489313,0.0006165869655975209
2010-03-03,0.9052231907844543,0.9085127711296082,0.9009009003639221,0.8991964077949524,0.8663452532704912,0.9319022643934366,0.8664905511964681,56.68322532836567,0.0013508175155497737
2010-03-04,0.8997660279273987,0.9053869843482971,0.898149847984314,0.8995004403591156,0.8666778154849126,0.9319326012061683,0.8670682795120629,52.66708997001974,0.0014753462083620938
2010-03-05,0.9079353213310242,0.9093389511108398,0.8996041417121887,0.8999584650993347,0.8670883589444252,0.9322030462009654,0.8677138839977041,57.5193814616199,0.0022077798864004183
2010-03-08,0.9083476662635803,0.9134088158607483,0.9077704548835754,0.9003886318206787,0.867498920120853,0.9324924165842757,0.8682848470570818,57.754789886783165,0.002789357664253811
2010-03-09,0.9154156446456909,0.9164223074913025,0.9057971239089966,0.9008222448825837,0.8679757273711368,0.9331441441675915,0.8685003455975758,61.675190179179204,0.003777049553005174
2010-03-10,0.9139096736907959,0.9192866086959839,0.9128252267837524,0.9012129509449005,0.8684328042669911,0.933688639211031,0.86873726267877,60.389256160752865,0.004387704494479672
2010-03-11,0.9155831933021545,0.9170105457305908,0.911577045917511,0.9015583908557891,0.8689019854398089,0.9342746462919885,0.8688421354195898,61.35356580560759,0.004949635662700791
2010-03-12,0.9149130582809448,0.9194557070732117,0.9141603708267212,0.9018872010707856,0.8693598293515163,0.9348067042346155,0.8689676979069556,60.71614839996637,0.005280030956194115
2010-03-15,0.9136592745780945,0.9177680015563965,0.9100009202957153,0.9019105470180512,0.8698006410998694,0.9348623867929107,0.8689587072431917,59.47124366306696,0.0053786994411116895
2010-03-16,0.9190332293510437,0.9212344288825989,0.9122422933578491,0.902054682970047,0.8702905409797046,0.935245736094886,0.8688636298452079,62.97536223953168,0.005823399638349436
2010-03-17,0.9235315322875977,0.925154983997345,0.9176837801933289,0.902115888595581,0.8708203271190127,0.9354565071568525,0.8687752700343095,65.65238165525494,0.006464286925843776
2010-03-18,0.9212344288825989,0.9237021803855896,0.9181893467903137,0.9021852171421051,0.8713219834392005,0.935672773142519,0.8686976611416912,63.141689694999286,0.006709494791990789
2010-03-19,0.9161703586578369,0.9225092530250549,0.9131585955619812,0.9020072364807129,0.8717682565972839,0.935090515277406,0.8689239576840198,57.88610397369444,0.006421176323982536
2010-03-22,0.9185266494750977,0.9187798500061035,0.9089255928993225,0.9017834973335266,0.8722335355720118,0.9342474942864655,0.8693195003805877,59.57226180395471,0.006310076206846094
2010-03-23,0.9179364442825317,0.9197094440460205,0.913993239402771,0.9017328011989594,0.8726883115276401,0.9340854095285839,0.8693801928693349,58.935744237199195,0.006104040359462215
2010-03-24,0.9119095206260681,0.9187798500061035,0.9067827463150024,0.901486703157425,0.8730785898555314,0.9333244065226373,0.8696489997922127,52.73884714641838,0.005392274314307222
2010-03-25,0.9085953235626221,0.913993239402771,0.9065361618995667,0.9010314321517945,0.873432005916963,0.9317572166091229,0.8703056476944661,49.647416638445286,0.004508792042366094
2010-03-26,0.9044044613838196,0.911577045917511,0.9004141688346863,0.9006659317016602,0.873740203130916,0.9307691067691491,0.8705627566341713,45.97728287854036,0.0034309090396317243
2010-03-29,0.9167582988739014,0.9180207252502441,0.9038322567939758,0.9004533839225769,0.8741682625548703,0.9299300771201674,0.8709766907249864,56.24542547193424,0.003532806440805003
2010-03-30,0.9186110496520996,0.9214891791343689,0.9161703586578369,0.900373717546463,0.8746104984385958,0.9296268484862751,0.8711205866066509,57.54861370015105,0.003720178467440327
2010-03-31,0.9155831933021545,0.9207255244255066,0.9136592745780945,0.9004555034637451,0.8750182043751323,0.9298580158650105,0.8710529910624798,54.68223927457074,0.003583046318313521
2010-04-01,0.920640766620636,0.9216589331626892,0.9157509207725525,0.9007769572734833,0.8754721794338015,0.9307096501054432,0.8708442644415234,58.408665384399505,0.0038382273058757965
2010-04-02,0.9196248054504395,0.9214891791343689,0.9185266494750977,0.901144939661026,0.8759115274571805,0.9315488252862272,0.8707410540358249,57.387812065252454,0.00391336961240174
2010-04-05,0.9208951592445374,0.9221689105033875,0.9193711280822754,0.9014632952213287,0.8763591443545659,0.9323603200443277,0.8705662703983298,58.36763898239834,0.00402898374938121
2010-04-06,0.9278159141540527,0.9289363026618958,0.9168423414230347,0.9020161938667297,0.8768711730464028,0.9337956325485753,0.8702367551848841,63.31644481681122,0.004625733293934564
2010-04-07,0.9272136688232422,0.9298865795135498,0.925154983997345,0.9026345014572144,0.8773721137743384,0.9351542335564793,0.8701147693579494,62.61888832858809,0.004992514838987994
2010-04-08,0.9290226101875305,0.9294544458389282,0.9225943684577942,0.9033434498310089,0.8778860697553027,0.9365943939627444,0.8700925056992734,63.905191483395434,0.005367287556178435
2010-04-09,0.9335324764251709,0.9345793724060059,0.9267840385437012,0.9043275058269501,0.8784397874164095,0.9381883798761687,0.8704666317777315,66.95788249564791,0.005959508643519129
2010-04-12,0.9266122579574585,0.9385265111923218,0.9242998361587524,0.9050201284885406,0.8789191343991474,0.9392647895552525,0.8707754674218288,58.74741817057773,0.005803544675851424
2010-04-13,0.9279881119728088,0.9295408725738525,0.9225943684577942,0.9058336615562439,0.8794074020101899,0.9402931916972403,0.8713741314152474,59.802774974583116,0.005724968159092958
2010-04-14,0.9359790086746216,0.9362419247627258,0.9279881119728088,0.9069087779521943,0.8799703253451622,0.941714207020093,0.8721033488842955,65.34761647950941,0.006235614007827461
2010-04-15,0.9339683651924133,0.9367681741714478,0.9311854243278503,0.9082089304924011,0.8805076398526404,0.9420724222324917,0.8743454387523106,62.993055328622525,0.00640423832369319
2010-04-16,0.9242998361587524,0.9341428875923157,0.9235315322875977,0.9093232595920563,0.8809433996226028,0.941488856007851,0.8771576631762615,53.08742912643613,0.005692089949407619
2010-04-19,0.9254117608070374,0.926268994808197,0.9160025715827942,0.9105618286132813,0.881385887489473,0.9401922042575083,0.8809314529690543,53.983621682272776,0.005157972363726282
2010-04-20,0.9313588738441467,0.9325748682022095,0.9246416687965393,0.9116389894485474,0.8818831496166138,0.9402624756598497,0.8830155032372451,58.54507989115029,0.005155137433588974
2010-04-21,0.9275577664375305,0.9337940216064453,0.9258401393890381,0.9126539754867554,0.8823376401398678,0.9397971419617162,0.8855108090117947,54.80565133246611,0.004790946086274506
2010-04-22,0.9257545471191406,0.9302325248718262,0.9230201244354248,0.913364382982254,0.8827696649037153,0.939966437791154,0.886762328173354,53.073771012521455,0.0043071667535921065
2010-04-23,0.9279019832611084,0.9280742406845093,0.9175153374671936,0.9141367411613465,0.8832187588965504,0.940120414007868,0.8881530683148249,54.90149685057397,0.004050358287703393
2010-04-26,0.9278159141540527,0.9312721490859985,0.9260116219520569,0.9149073779582977,0.8836625275320725,0.9401577544584035,0.8896570014581918,54.8093539665107,0.00379613123280953
2010-04-27,0.9165903329849243,0.9287638664245605,0.913993239402771,0.9152130472660065,0.8839901789712713,0.9401596192499398,0.8902664752820731,44.35365149459498,0.0026582017804942515
2010-04-28,0.9246416687965393,0.9267840385437012,0.9160025715827942,0.9157315838336945,0.8843946855661645,0.9403541624456584,0.8911090052217305,51.499998137792254,0.002378640516153885
2010-04-29,0.9308386445045471,0.931011974811554,0.9225092530250549,0.9165547621250153,0.8848568305261857,0.9403608965431157,0.8927486277069149,56.166098450667626,0.002626849661641173
2010-04-30,0.9248127341270447,0.9325748682022095,0.9239583015441895,0.9170508360862732,0.8852544153472658,0.9404804458579124,0.8936212263146341,51.02535523981449,0.0023106805043544565
2010-05-03,0.9268699884414673,0.9274716973304749,0.9231053590774536,0.9175848162174225,0.8856685147178961,0.9406584791931514,0.8945111532416936,52.61976115323149,0.002200748540059805
2010-05-04,0.909587025642395,0.9272996783256531,0.9074410200119019,0.9179210078716278,0.8859065178555684,0.9399872036480617,0.8958548120951939,40.64749666171162,0.0007108418656571747
2010-05-05,0.9067827463150024,0.9119095206260681,0.9026899933815002,0.9181691753864288,0.8861142484383415,0.9394184646197574,0.8969198861531003,39.0932602482553,-0.0006882678895858696
2010-05-06,0.8866034150123596,0.9094216227531433,0.8762706518173218,0.9181707477569581,0.8861191159278895,0.9394104890534067,0.8969310064605094,30.1572256012729,-0.003386340218952011
2010-05-07,0.8880206346511841,0.8939746022224426,0.881212592124939,0.9180132246017456,0.8861380371297185,0.9400298426908859,0.8959966065126054,31.344183632990422,-0.005348569221267696
2010-05-10,0.9025270342826843,0.9077704548835754,0.8926976919174194,0.9180538594722748,0.8863011169976168,0.9399456565713179,0.8961620623732317,42.176585706623115,-0.0056677701018083
2010-05-11,0.8946143984794617,0.9030161499977112,0.8935751914978027,0.917846599817276,0.8863838388626166,0.9404290352491617,0.8952641643853904,38.599153298774496,-0.006484473703607829
2010-05-12,0.8951749801635742,0.8979078531265259,0.8892050385475159,0.9176456356048583,0.8864713156759536,0.9408566829909646,0.8944345882187521,38.99395164285365,-0.0070057252948479976
2010-05-13,0.895495593547821,0.902771532535553,0.8935751914978027,0.9175602269172668,0.8865611123013389,0.9410693221429469,0.8940511316915867,39.2346010211155,-0.007308699971921295
2010-05-14,0.8861320614814758,0.8975049257278442,0.8853474855422974,0.9171241617202759,0.8865568430064139,0.9421235628916472,0.8921247605489045,34.90416311193272,-0.008209731693189504
2010-05-17,0.8775008320808411,0.8857396245002747,0.8688852190971375,0.9165072250366211,0.8864667306753022,0.9438072722182949,0.8892071778549473,31.457460051269933,-0.00951064115129141
2010-05-18,0.8617717623710632,0.8788118362426758,0.8604370951652527,0.9154343473911285,0.8862210021201661,0.9468201105237295,0.8840485842585275,26.35081420102661,-0.011676229436894392
2010-05-19,0.8476731181144714,0.8636324405670166,0.8363301753997803,0.9141096162796021,0.8858374295293687,0.9508864656948189,0.8773327668643852,22.78101239174238,-0.014364531146232928
2010-05-20,0.8134048581123352,0.8486082553863525,0.8079502582550049,0.9120660495758056,0.8851166859278887,0.9585761254144136,0.8655559737371976,16.817411187930034,-0.019040702444076185
2010-05-21,0.8327782154083252,0.8359805941581726,0.8097821474075317,0.9104233527183533,0.8845958897473272,0.9620440851321009,0.8588026203046056,28.252507324857206,-0.020941928349611394
2010-05-24,0.8248103260993958,0.8357710242271423,0.8190678358078003,0.9086463737487793,0.884000991124148,0.965648924072373,0.8516438234251856,26.63100339622717,-0.022828453452955366
2010-05-25,0.8279516100883484,0.8300821781158447,0.8071677088737488,0.9068247413635254,0.8834432696965433,0.9681313661626114,0.8455181165644394,28.376288661524256,-0.02379576011368789
2010-05-26,0.8258320689201355,0.8383634686470032,0.8202099800109863,0.9048707520961762,0.8828700074892771,0.9701059278558409,0.8396355763365114,27.894134333519105,-0.024451524911285216
2010-05-27,0.8470268845558167,0.8529512286186218,0.8220303654670715,0.9033866012096405,0.8825133493805775,0.9704530944509657,0.8363201079683154,39.0472509666808,-0.022995896369675695
2010-05-28,0.847385823726654,0.8550662994384766,0.8430992364883423,0.9020109105110169,0.8821638119435298,0.9708066680905141,0.8332151529315197,39.218714364651206,-0.021564751836328777
2010-05-31,0.8465966582298279,0.8515712022781372,0.8390669822692871,0.9005723106861114,0.8818099000739682,0.970948547657744,0.8301960737144789,38.959224529787946,-0.020260685967084857
2010-06-01,0.8331944942474365,0.8465966582298279,0.8284317851066589,0.8988774716854095,0.8813261513730537,0.9715897161117643,0.8261652272590548,34.75370521861616,-0.020077209424624876
2010-06-02,0.8418217301368713,0.8428150415420532,0.8278145790100098,0.8974757158756256,0.8809330618391353,0.9718459375184001,0.8231054942328511,39.29631870181901,-0.019016447339784026
2010-06-03,0.8433836102485657,0.8520790934562683,0.8368200659751892,0.8961714816093445,0.8805594253711404,0.9720183465241096,0.8203246166945793,40.1092805542998,-0.017844059858821537
2010-06-04,0.8241984844207764,0.8478887677192688,0.821692705154419,0.8945673620700836,0.8799986050032728,0.9730503357242776,0.8160843884158896,34.07302674267501,-0.018252608937106785
2010-06-07,0.8114906549453735,0.8215576410293579,0.8084728121757507,0.8924620091915131,0.8793169158247358,0.9740995836662503,0.8108244347167759,30.769797815724772,-0.01937842029349235
2010-06-08,0.8261731863021851,0.8285690546035767,0.8108327388763428,0.8906132519245148,0.8787881086460703,0.9740017142676306,0.807224789581399,38.2218685623176,-0.018868373466829458
2010-06-09,0.8296689987182617,0.8359106779098511,0.8198065161705017,0.888894968032837,0.8782993486097785,0.9737117529457127,0.8040781831199613,39.88116429898837,-0.017974871703724693
2010-06-10,0.8476012349128723,0.850991427898407,0.8277460932731628,0.8874341773986817,0.8779938869001654,0.9725347407145888,0.8023336140827746,47.64876627016963,-0.015639501090853436
2010-06-11,0.8507018089294434,0.8509190082550049,0.842957079410553,0.8860557174682617,0.8777223170327627,0.9712607857085251,0.8008506492279983,48.87866934663369,-0.013384227599779419
2010-06-14,0.8585164546966553,0.8667764663696289,0.8531695604324341,0.8848081433773041,0.877531209115863,0.9697574065034362,0.7998588802511719,51.94311192697567,-0.010841358078621521
2010-06-15,0.8642295598983765,0.8660258054733276,0.850991427898407,0.8835364162921906,0.8773988510997388,0.9677584587103738,0.7993143738740074,54.108945034836225,-0.008269786864145479
2010-06-16,0.8634833097457886,0.8673027157783508,0.8583691120147705,0.8822618091106414,0.877260384586287,0.9657112980620084,0.7988123201592745,53.76807351667459,-0.0062203104334758175
2010-06-17,0.8676036596298218,0.8687342405319214,0.8587376475334167,0.8810334300994873,0.8771642954242564,0.9634755452807368,0.7985913149182379,55.43734529068171,-0.004215019673017184
2010-06-18,0.8720676302909851,0.8732098937034607,0.8659507632255554,0.8798041331768036,0.8771135811122085,0.9608726509397703,0.798735615413837,57.238734382089234,-0.00223978828745941
2010-06-21,0.8767315745353699,0.8858965039253235,0.8755800724029541,0.8788065195083619,0.8771097799607546,0.9587437190580058,0.7988693199587179,59.099049748284756,-0.0002946651449494686
2010-06-22,0.8728288412094116,0.8819897174835205,0.8705493211746216,0.8777033340930939,0.8770671825457635,0.9563827467090595,0.7990239214771282,56.86950753027983,0.0009213205862277363
2010-06-23,0.8748906254768372,0.8779630661010742,0.8667764663696289,0.8764815664291382,0.8770455247533404,0.9533436126870147,0.7996195201712617,57.77577403185431,0.002027989398810992
2010-06-24,0.8676036596298218,0.8769621849060059,0.864677906036377,0.8751542723178863,0.8769515736642048,0.9502358514127112,0.8000726932230615,53.49727564545595,0.002290630202653521
2010-06-25,0.8744316101074219,0.875963568687439,0.8599191904067993,0.8741569077968597,0.8769264988232788,0.9478865474538352,0.8004272681398843,56.73063817979339,0.003014978674502289
2010-06-28,0.8695652484893799,0.8774238228797913,0.8695652484893799,0.8730399775505066,0.8768532508834814,0.9452773294284827,0.8008026256725304,53.85646741560568,0.0031599296424658085
2010-06-29,0.8499065041542053,0.8722198009490967,0.8468117713928223,0.8714109301567078,0.8765851180058543,0.9419336160326107,0.8008882442808049,44.1298207152652,0.0016692657001160516
2010-06-30,0.8413259983062744,0.856531023979187,0.8394895792007446,0.8696862947940827,0.8762342731635454,0.9388082931395116,0.8005642964486537,40.67669245257274,-0.00020214116794292636
2010-07-01,0.8470268845558167,0.8431703448295593,0.8336111903190613,0.8681117415428161,0.8759436459595221,0.9355878201965914,0.8006356628890409,43.821985398498086,-0.0012112679743738752
2010-07-02,0.8421052694320679,0.8511362075805664,0.840548038482666,0.8663958072662353,0.875606938329523,0.9320036413233121,0.8007879732091585,41.76334280939977,-0.0023806982402884147
2010-07-05,0.837520956993103,0.8468834757804871,0.8374508023262024,0.8645899081230164,0.8752279651329206,0.928238827514108,0.8009409887319248,39.883864246238446,-0.0036354882074005612
2010-07-06,0.8509190082550049,0.8560177683830261,0.8320159912109375,0.863276481628418,0.8749860797781156,0.9252334188594112,0.8013195443974247,47.34242585078564,-0.0035083652808848287
2010-07-07,0.8635578751564026,0.8664760589599609,0.8451656699180603,0.8620548057556152,0.8748723638850906,0.9214279796331205,0.8026816318781099,53.23657986692055,-0.002360557477025904
2010-07-08,0.8774238228797913,0.8791208267211914,0.8629617094993591,0.8609865093231202,0.8748977520704102,0.9171432187087162,0.8048297999375241,58.69858011818941,-0.00032826143080311176
2010-07-09,0.8781944513320923,0.8788118362426758,0.8732098937034607,0.8600541436672211,0.8749305557307737,0.9133612378997918,0.8067470494346504,58.985304814772235,0.0013292088116438894
2010-07-12,0.8761170506477356,0.8776549100875854,0.8705493211746216,0.8590390849113464,0.874942361893584,0.9089797106983721,0.8090984591243207,57.820003734370545,0.0024469303565566314
2010-07-13,0.8837825655937195,0.8841732740402222,0.8685833811759949,0.8585229957103729,0.8750303259137169,0.9068384032287832,0.8102075881919627,60.89032798397985,0.003906246943201408
2010-07-14,0.8816787600517273,0.8870753049850464,0.8789663910865784,0.8580209159851074,0.8750964808232082,0.9047862612446514,0.8112555707255634,59.60790727078505,0.004837245571061022
2010-07-15,0.8837825655937195,0.8847991228103638,0.8732861876487732,0.8579644989967347,0.875182911255462,0.9045957172184705,0.8113332807749988,60.503731814663084,0.005679360088305829
2010-07-16,0.8697165250778198,0.883626401424408,0.8685079216957092,0.8575984168052674,0.8751285182764976,0.9035489685776779,0.8116478650328569,52.172334846113166,0.005152337061080536
2010-07-19,0.8677542209625244,0.8720676302909851,0.8635578751564026,0.8569029605388642,0.875055140745779,0.9010970394838896,0.8127088815938387,51.11487925268013,0.004524174109628798
2010-07-20,0.8824567198753357,0.8847991228103638,0.8669267892837524,0.8566598069667816,0.8751287897283073,0.9001349365221506,0.8131846774114125,57.98597064379003,0.005153315025500538
2010-07-21,0.8764241933822632,0.8858965039253235,0.8763473629951477,0.8562847912311554,0.8751416795645149,0.8987148007927763,0.8138547816695345,54.59521584227331,0.005106277276089477
2010-07-22,0.8943743705749512,0.8951749801635742,0.8739731311798096,0.856262366771698,0.8753330532639894,0.8986088952977958,0.8139158382456002,61.76058929656359,0.006443156111425208
2010-07-23,0.8958967924118042,0.8972632884979248,0.8903133273124695,0.8564576613903045,0.8755376714367071,0.8994515678332045,0.8134637549474046,62.303944796850324,0.007538588780096167
2010-07-26,0.90203857421875,0.9036688804626465,0.8943743705749512,0.8569484162330627,0.8758013669274775,0.9014562403177536,0.8124405921483718,64.49572779508372,0.008800866613026703
2010-07-27,0.9013068675994873,0.9070295095443726,0.9001709818840027,0.8577391183376313,0.8760551576879195,0.9039681316738433,0.8115101050014193,64.01816317865877,0.009631166192127671
2010-07-28,0.8926180005073547,0.9025270342826843,0.890789270401001,0.858638015985489,0.8762199651055942,0.905806452092731,0.8114695798782469,58.48053974444388,0.009478799926898485
2010-07-29,0.9019572138786316,0.9044044613838196,0.8926180005073547,0.8604090631008148,0.8764760617662544,0.9072942773921583,0.8135238488094713,62.25940004905242,0.009996412609947214
2010-07-30,0.9044044613838196,0.9066182971000671,0.8967805504798889,0.8618415880203247,0.8767539612672921,0.9096488205046295,0.81403435553602,63.20445414409414,0.01048325240351955
2010-08-02,0.9128252267837524,0.9146620631217957,0.9053869843482971,0.8636018860340119,0.877112885696889,0.9123166704557625,0.8148871016122613,66.32883763709373,0.011416954297583493
2010-08-03,0.9131585955619812,0.9149967432022095,0.9073586463928223,0.8653060257434845,0.8774715557736013,0.9148843010114359,0.815727750475533,66.45029276562462,0.012044972900055462
2010-08-04,0.9129085540771484,0.9182736277580261,0.9096697568893433,0.8670475554466247,0.877824168850918,0.9170816067401212,0.8170135041531282,66.25724580992191,0.012379799288956495
2010-08-05,0.9165903329849243,0.9174311757087708,0.9119926691055298,0.8684388244152069,0.8782099084654801,0.9200445550845158,0.8168330937458981,67.74324003165205,0.012794750483286044
2010-08-06,0.9151642918586731,0.9224241375923157,0.9137426614761353,0.8697943937778473,0.8785776200377751,0.9226876379507605,0.8169011496049341,66.521282162759,0.012860287306569407
2010-08-09,0.9181893467903137,0.920640766620636,0.9155831933021545,0.871226247549057,0.8789717732212063,0.9254165346905323,0.8170359604075816,67.8462572107125,0.013006392763157959
2010-08-10,0.9160025715827942,0.9165903329849243,0.9061253666877747,0.8728824090957642,0.8793402450300872,0.9273891432479018,0.8183756749436266,65.81838010820374,0.012798198243780812
2010-08-11,0.9134088158607483,0.9134923219680786,0.898391842842102,0.8743141508102417,0.8796792413895866,0.9292498716774584,0.8193784299430249,63.3979069485868,0.01228232517819372
2010-08-12,0.8942144513130188,0.900819718837738,0.8919015526771545,0.8753307676315307,0.8798238727115884,0.9298096215076691,0.8208519137553923,49.02869973865518,0.01020700722638268
2010-08-13,0.8975855112075806,0.9038322567939758,0.8948546051979065,0.8767985081672669,0.8800006082972247,0.9295825369260393,0.8240144794084945,51.12392917163295,0.008733643156280557
2010-08-16,0.8938946723937988,0.8977466821670532,0.8863676190376282,0.8784465885162354,0.8801388599095148,0.9279516799254376,0.8289414971070331,48.760631178576574,0.007185343501895702
2010-08-17,0.8959770798683167,0.9079353213310242,0.8947745561599731,0.879842666387558,0.8802964566414928,0.9272222411661338,0.8324630916089822,50.16051854764508,0.006056521935864589
2010-08-18,0.9053869843482971,0.905551016330719,0.8975855112075806,0.8813570261001586,0.8805461175601723,0.9269994216146284,0.8357146305856888,56.00916909131975,0.00585374503283731
2010-08-19,0.898391842842102,0.9018758535385132,0.8919811248779297,0.8823728382587432,0.8807236897309613,0.9272023876538317,0.8375432888636548,51.19920991959171,0.005070147908514566
2010-08-20,0.8914245367050171,0.8926180005073547,0.8844861388206482,0.8831872928142548,0.8808301674617363,0.9271393970309549,0.8392351885975546,46.88074098309209,0.0038426425732973613
2010-08-23,0.8880206346511841,0.898311197757721,0.8877052664756775,0.8837773764133453,0.8809017154909676,0.9271661715947677,0.840388581231923,44.8886905806321,0.002565594724336595
2010-08-24,0.89007568359375,0.8906305432319641,0.8808244466781616,0.8842942988872529,0.8809930001350674,0.9273470795507291,0.8412415182237766,46.37032420263362,0.0016997566418018861
2010-08-25,0.8835482597351074,0.8894423246383667,0.8775778412818909,0.8846955978870392,0.8810184259841096,0.9273286269684222,0.8420625688056562,42.465177386994675,0.0004813168489066211
2010-08-26,0.8847208619117737,0.8915039300918579,0.8837044835090637,0.8850379419326783,0.8810552666882675,0.9273847145766041,0.8426911692887524,43.38754237061234,-0.00038524540036743993
2010-08-27,0.8848774433135986,0.8986340761184692,0.8845643997192383,0.8852941381931305,0.881093298854196,0.9274752995536975,0.8431129768325636,43.51775650601251,-0.001047294852497993
2010-08-30,0.9026899933815002,0.9031791687011719,0.8934155106544495,0.8858133065700531,0.8813081944569978,0.9282027917596298,0.8434238213804763,55.93467220713709,-0.00013311541667082594
2010-08-31,0.8918219804763794,0.8951749801635742,0.8863676190376282,0.8861931693553925,0.8814128107470097,0.9284479182530345,0.8439384204577505,48.87481877615054,-0.00028232497457458816
2010-09-01,0.893255889415741,0.9100009202957153,0.8915039300918579,0.8865604746341705,0.8815306540028218,0.9287334134980161,0.844387535770325,49.775530989331884,-0.0002816237729310611
2010-09-02,0.9098353385925293,0.911244809627533,0.9056330323219299,0.8874051082134247,0.8818122966236104,0.9297197784393983,0.845090437987451,58.811255037258746,0.0010447121316097263
2010-09-03,0.9100009202957153,0.9175153374671936,0.9067827463150024,0.8881164944171905,0.882092784353804,0.9307358003607289,0.8454971884736522,58.890800160639316,0.00208516743904974
2010-09-06,0.9157509207725525,0.9181893467903137,0.914578378200531,0.889040207862854,0.8824276958090811,0.9320189065707213,0.8460615091549867,61.65983962022266,0.0033352658810476
2010-09-07,0.9167582988739014,0.9171788096427917,0.9094216227531433,0.8903772437572479,0.8827692985202336,0.9325385251548356,0.8482159623596602,62.14097670787149,0.004357039655586092
2010-09-08,0.9105809926986694,0.9194557070732117,0.910663902759552,0.8917623436450959,0.8830460355417943,0.9318454398912804,0.8516792473989113,57.38535513460443,0.004615145229572515
2010-09-09,0.9182736277580261,0.9276438355445862,0.9171788096427917,0.89318727850914,0.8833965635452663,0.9318185377397962,0.8545560192784839,61.35194701979608,0.005378427946353126
2010-09-10,0.9230201244354248,0.9266981482505798,0.920810341835022,0.8948055756092071,0.883790833064222,0.9314297190833706,0.8581814321350437,63.60310374213327,0.006293786756314423
2010-09-13,0.9291952848434448,0.936154305934906,0.9290226101875305,0.896639062166214,0.8842426245891566,0.9306430325434963,0.8626350917889317,66.34930227202688,0.007431829540185286
2010-09-14,0.9337940216064453,0.9440196752548218,0.9316191077232361,0.8982965624332429,0.8847356797284105,0.9312679289124925,0.8653251959539932,68.2693896645042,0.008605616083683043
2010-09-15,0.9400263428688049,0.9427735805511475,0.9345793724060059,0.8998259317874908,0.8852858426648174,0.9333103289975488,0.8663415345774328,70.7086713700755,0.009924344945430152
2010-09-16,0.9389671087265015,0.9394081830978394,0.9332711696624756,0.901056797504425,0.8858199914252959,0.9356850686256875,0.8664285263831626,69.72756776531236,0.010759941814986296
2010-09-17,0.936154305934906,0.947328507900238,0.935366153717041,0.9022159945964813,0.8863208366971527,0.9375928538045606,0.866839135388402,67.06635914427928,0.011067608178813582
2010-09-20,0.9376465678215027,0.9491268396377563,0.9363296031951904,0.9034465849399567,0.8868315468713194,0.9393939382416806,0.8674992316382327,67.76916664183659,0.011301571569588331
2010-09-21,0.9464319944381714,0.9502090811729431,0.9442870616912842,0.9046995735168457,0.8874245934876215,0.9421839074628237,0.8672152395708678,71.6103042884823,0.012056915134976975
2010-09-22,0.9535616040229797,0.9596928358078003,0.9530163407325745,0.9061372303962707,0.8880826812551323,0.9454853570552701,0.8667891037372712,74.28828228045865,0.013080051568927442
2010-09-23,0.9530163407325745,0.9575792551040649,0.9469696879386902,0.9075219058990478,0.8887287951548655,0.9484981790354786,0.866545632762617,73.71557759867254,0.01368909698468046
2010-09-24,0.9498479962348938,0.9612611532211304,0.9466111660003662,0.9091245353221893,0.8893369537110148,0.950333067540095,0.8679160031042836,70.32308319106507,0.01375752278370701
2010-09-27,0.9608917236328125,0.9632055163383484,0.9576709866523743,0.9109872853755951,0.8900489499346818,0.952975719448622,0.8689988513025683,74.69467627058427,0.014535332956753244
2010-09-28,0.9599692821502686,0.9680542349815369,0.9563886523246765,0.9125375366210937,0.8907446828209908,0.9559267849779289,0.8691482882642585,73.71788527116063,0.014905498495925373
2010-09-29,0.967117965221405,0.9728572964668274,0.9659969210624695,0.9143514120578766,0.8915046248334997,0.9591389117855098,0.8695639123302434,76.30405988992159,0.015595916317237224
2010-09-30,0.9693679809570312,0.9733307361602783,0.9632055163383484,0.9158512842655182,0.8922793935331472,0.9628751873928342,0.8688273811382022,77.06889312587668,0.016138599155383515
2010-10-01,0.9644131064414978,0.974373996257782,0.9637624621391296,0.9172216105461121,0.892997150117481,0.9658383629896427,0.8686048581025815,71.58901401623707,0.015984601712174862
2010-10-04,0.9717229008674622,0.9721952676773071,0.9654373526573181,0.9186152970790863,0.8937804997782417,0.9694023342484108,0.8678282599097618,74.47273554779903,0.01626490524549662
2010-10-05,0.9670243859291077,0.9704026579856873,0.9544716477394104,0.9199296474456787,0.8945093028238433,0.972266227564704,0.8675930673266534,69.58378973026942,0.0159243509218715
2010-10-06,0.9718172550201416,0.9782821536064148,0.9696500301361084,0.9215136325359344,0.8952785447045642,0.9752515742495618,0.8677756908223071,71.62976547988843,0.01585839790724064
2010-10-07,0.9764671921730042,0.9917683601379395,0.9758002161979675,0.9230038321018219,0.8960864008074633,0.9786276000499017,0.8673800641537421,73.49269792556115,0.01599693799165003
2010-10-08,0.9825113415718079,0.986971914768219,0.9715340733528137,0.9245659697055817,0.8969463598090378,0.9824008769083684,0.866731062502795,75.72412107590705,0.016405333873167005
2010-10-11,0.9895111918449402,0.9908838868141174,0.9824147820472717,0.9260996890068054,0.8978674128202382,0.9866665076361473,0.8655328703774635,78.03071225822363,0.017096739399013794
2010-10-12,0.9842519164085388,0.9857072234153748,0.9771350622177124,0.9275215554237366,0.8987269692725754,0.9901511979804857,0.8648919128669875,72.45993905327424,0.017024060908394256
2010-10-13,0.9866798520088196,0.9927529096603394,0.9837678074836731,0.92899698138237,0.8996021315610293,0.9936641693601325,0.8643297934046075,73.40392050228891,0.016966794151282993
2010-10-14,0.9913750290870667,0.9994003772735596,0.9915716648101807,0.9304926753044128,0.9005153042518265,0.9974089157340924,0.8635764348747332,75.1759490461113,0.017103117294816284
2010-10-15,0.9933445453643799,0.9990009665489197,0.987751841545105,0.9320562803745269,0.9014389878378594,1.0011294446590762,0.8629831160899778,75.90128508519139,0.017172128266489062
2010-10-18,0.9890217781066895,0.9918666481971741,0.9804883003234863,0.9334729290008545,0.9023104673038373,1.0042692342288755,0.8626766237728336,70.99786761885551,0.016685666787653597
2010-10-19,0.9896091222763062,0.9951239228248596,0.9706853032112122,0.9349450600147248,0.9031791194355809,1.0073025238621574,0.8625875961672922,71.2694546963486,0.016161239616482304
2010-10-20,0.970779538154602,0.9874593019485474,0.9666505455970764,0.9360924744606018,0.9038517671633969,1.0088742862458278,0.8633106626753759,53.857179382594936,0.014064114870198097
2010-10-21,0.9858044385910034,0.989315390586853,0.9807767271995544,0.9379242742061615,0.9046672247266503,1.0110137299308608,0.8648348184814622,61.863736210889286,0.013459361159401273
2010-10-22,0.9788566827774048,0.9853187799453735,0.9762765169143677,0.939549697637558,0.9054054355457792,1.0125923107503618,0.8665070845247542,56.94331767825229,0.012277931307869916
2010-10-25,0.9836710691452026,0.9974067807197571,0.9828009605407715,0.941345225572586,0.9061842056481091,1.0142206316097124,0.8684698195354597,59.355702564300124,0.011596443797601275
2010-10-26,0.9900990128517151,0.9928514957427979,0.9834775328636169,0.943227664232254,0.907019186899256,1.0161822703176797,0.8702730581468283,62.385910279980415,0.011443132069020368
2010-10-27,0.9863878488540649,0.9865824580192566,0.9672114849090576,0.9448476815223694,0.9078089323627291,1.0179697488287638,0.871725614215975,59.62213293603677,0.010896562708421875
2010-10-28,0.9727626442909241,0.9816432595252991,0.9725733995437622,0.9463350975513458,0.9084552440580328,1.0186209415853573,0.8740492535173343,50.73534664574493,0.009257250592278887
2010-10-29,0.9727626442909241,0.9813542366027832,0.9684291481971741,0.947961859703064,0.9090951246703252,1.0188513440064164,0.8770723753997117,50.73534664574493,0.007867393514477072
2010-11-01,0.9866798520088196,0.991276741027832,0.9829941987991333,0.9499350440502167,0.9098671191536222,1.0194943666741718,0.8803757214262615,58.128564777205696,0.007799021849655641
2010-11-02,0.9886307716369629,1.00210440158844,0.9867772459983826,0.9519061458110809,0.9106508442717786,1.0201144530431534,0.8836978385790083,59.05616022777883,0.007812205480320911
2010-11-03,0.9990009665489197,1.0005302429199219,0.9946290850639343,0.9542151999473572,0.9115299579431608,1.0207750434523637,0.8876553564423505,63.66411991097009,0.008560758568772253
2010-11-04,1.00393545627594,1.0148677825927734,1.0022952556610107,0.9565994918346405,0.9124494238982364,1.0215192255603587,0.8916797581089225,65.64539627398429,0.00944330779215008
2010-11-05,1.015702724456787,1.0181018114089966,1.0087966918945312,0.9592159974575043,0.9134768290617719,1.0228702546757502,0.8955617402392584,69.86523002141483,0.010965847149198571
2010-11-08,1.0164254903793335,1.0166010856628418,1.0081967115402222,0.9614907073974609,0.9145012028714589,1.0250288118815991,0.8979526029133227,70.10809821591641,0.012091409486585603
2010-11-09,1.010396957397461,1.0175009965896606,1.0076074600219727,0.9638622069358825,0.9154553978025258,1.025613023248972,0.9021113906227932,65.37532920223572,0.01235455786647921
2010-11-10,1.0048130750656128,1.00730299949646,0.9983028173446655,0.96609335064888,0.9163445365941352,1.025446374075643,0.906740327222117,61.25085512105398,0.0119744976605336
2010-11-11,1.0046011209487915,1.0066337585449219,0.9969095587730408,0.9679886662960052,0.9172227190674102,1.0260472893150132,0.9099300432769971,61.093297817087546,0.011523360160396234
2010-11-12,0.9964129328727722,1.000400185585022,0.9830908179283142,0.9697169065475464,0.9180106880604764,1.0258423963622034,0.9135914167328892,55.187264547433756,0.010385395717923629
2010-11-15,0.9890217781066895,0.9900009632110596,0.9815468788146973,0.9711823236942291,0.9187172719894859,1.0253486156519602,0.917016031736498,50.44655843366506,0.008785868259228558
2010-11-16,0.9835742712020874,0.9894132614135742,0.9762765169143677,0.9725186431407928,0.9193626206171163,1.0244555290239925,0.9205817572575933,47.226525336544604,0.006997994420177456
2010-11-17,0.9759905934333801,0.9831874966621399,0.9730466604232788,0.9738268351554871,0.9199260876595408,1.0225943845793617,0.9250592857316126,43.101835270426676,0.004912523591278362
2010-11-18,0.9817396402359009,0.9900990128517151,0.9809691905975342,0.9750961554050446,0.9205411528839212,1.0211925494631586,0.9289997613469304,46.88880681086148,0.003681237945005522
2010-11-19,0.9905893802642822,0.9910803437232971,0.9818360805511475,0.9764475405216217,0.9212381557807068,1.0202155419321632,0.9326795391110803,52.166512643363255,0.0033805661965429223
2010-11-22,0.9901970624923706,0.9955201148986816,0.9864851236343384,0.9776675760746002,0.9219243195236837,1.0194135661856085,0.9359215859635919,51.920199477410904,0.0030751761873494265
2010-11-23,0.9865824580192566,0.9882400035858154,0.9757049679756165,0.9787233448028565,0.9225676891610838,1.0185671911920577,0.9388794984136553,49.59663097297252,0.00251252125138135
2010-11-24,0.9746588468551636,0.9848335385322571,0.9741841554641724,0.9794159948825836,0.9230860131862806,1.0176871457833436,0.9411448439818234,42.79323222327057,0.001091890752830449
2010-11-25,0.985027551651001,0.9846396446228027,0.9763718247413635,0.9803372037410736,0.9237023516680906,1.0168094890346784,0.9438649184474689,49.305549588185315,0.0007935511065929601
2010-11-26,0.977325975894928,0.977899432182312,0.9617233872413635,0.981160637140274,0.9242359241530729,1.0153489809464178,0.9469722933341302,45.19050013092233,-6.3604814523055e-05
2010-11-29,0.9659969210624695,0.96983802318573,0.957120954990387,0.9817276442050934,0.92465145961007,1.013848225877678,0.9496070625325087,39.91338481123536,-0.001638183146026262
2010-11-30,0.9607070684432983,0.9659035801887512,0.954562783241272,0.9820131456851959,0.9250102245791253,1.0130900355877632,0.9509362557826286,37.69967052078512,-0.003275140929262954
2010-12-01,0.959784984588623,0.9660902619361877,0.9543806314468384,0.9821376132965088,0.9253562446622945,1.0127964291437703,0.9514787974492472,37.31120381775454,-0.00459389071445937
2010-12-02,0.966183602809906,0.974373996257782,0.963391125202179,0.9824009585380554,0.9257624900199518,1.0122544251828443,0.9525474918932667,41.79338159580229,-0.005064316121511481
2010-12-03,0.9769441485404968,0.9885330200195312,0.9742790460586548,0.9829428815841674,0.9262717639625437,1.0113322420624171,0.9545535211059177,48.46640122417665,-0.004516778919222975
2010-12-06,0.9919650554656982,0.9923588633537292,0.9853187799453735,0.9835643482208252,0.9269254332673017,1.0113371780252574,0.9557915184163929,56.0422608910146,-0.0028380745311549216
2010-12-07,0.9886307716369629,0.9967108964920044,0.987751841545105,0.9841375780105591,0.9275394211162205,1.0110937863473832,0.957181369673735,54.13965842522673,-0.0017564903213579397
2010-12-08,0.9829941987991333,0.985512912273407,0.9756097793579102,0.9844551026821137,0.9280912138483106,1.0109633290639868,0.9579468763002404,50.988283737610615,-0.0013387194395335644
2010-12-09,0.9792401790618896,0.9884352684020996,0.9781864285469055,0.9846525466442109,0.9286001623366728,1.0108473105514932,0.9584577827369285,48.94486316614137,-0.0012956159705391768
2010-12-10,0.9843488335609436,0.9897069931030273,0.9829941987991333,0.9850512611865997,0.9291548793256489,1.0105872109166485,0.959515311456551,51.77713565695924,-0.0008395525978066587
2010-12-13,0.9841550588607788,0.9952229857444763,0.9841550588607788,0.9852999043464661,0.929702148546816,1.0105466131548946,0.9600531955380375,51.66007099559159,-0.0004881282494076933
2010-12-14,0.9950248599052429,1.0019036531448364,0.99443119764328,0.9858599138259888,0.9303521301874638,1.0106907774398006,0.961029050212177,57.46907675458782,0.0006598735684053558
2010-12-15,0.9974067807197571,0.997307300567627,0.9896091222763062,0.9863717043399811,0.931019345125655,1.0110757349007553,0.9616676737792069,58.64193734441439,0.001741796042568744
2010-12-16,0.9871668219566345,0.9905893802642822,0.9834775328636169,0.9865856969356537,0.9315780302053656,1.0111243544876567,0.9620470393836507,52.002634205992216,0.0017527437658086953
2010-12-17,0.9894132614135742,0.9925557971000671,0.9844457507133484,0.986723735332489,0.9321535089346261,1.0112464894831077,0.9622009811818704,53.253033771823596,0.0019205499014840477
2010-12-20,0.9881423115730286,0.9942334294319153,0.9865824580192566,0.9866963577270508,0.932710615082723,1.0112094645742309,0.9621832508798707,52.42097334424255,0.0019287490244741523
2010-12-21,0.9928514957427979,1.0025062561035156,0.9920634627342224,0.986868349313736,0.9333090356706619,1.0114320746257988,0.9623046240016733,55.21327157209454,0.002288854208171931
2010-12-22,0.9966115355491638,1.001001000404358,0.995322048664093,0.9870669829845429,0.9339389153189988,1.0117846289077301,0.9623493370613557,57.36479487793405,0.0028448502858426927
2010-12-23,0.9994003772735596,1.0050958395004272,0.9989012479782104,0.9872274899482727,0.9345902772729694,1.0121625893375095,0.9622923905590358,58.94033066085426,0.0034705115066380188
2010-12-24,1.0042983293533325,1.005156397819519,1.002697229385376,0.9874465656280518,0.935283894078868,1.0127901563041122,0.9621029749519914,61.6226486391054,0.004311871757138985
2010-12-27,1.0003300905227661,1.0058237314224243,0.9977052807807922,0.9876727318763733,0.9359311239304137,1.013274217512671,0.9620712462400755,58.29966048881088,0.004605364334356432
2010-12-28,1.0058034658432007,1.0153727531433105,1.0059046745300293,0.9879966187477112,0.9366263753849708,1.0141028703865886,0.9618903671088338,61.392136313402986,0.005219448409483407
2010-12-29,1.0095809698104858,1.0153006315231323,1.0093872547149658,0.9887726473808288,0.9373522961628035,1.0150958596311932,0.9624494351304643,63.40899488178133,0.005942426865625738
2010-12-30,1.0173975229263306,1.0199294090270996,1.0121560096740723,0.9894045090675354,0.9381487708771759,1.0169263396469972,0.9618826784880736,67.22443701511875,0.007064685712407259
2010-12-31,1.0157749652862549,1.0236986875534058,1.0154964923858643,0.9901428747177125,0.9389211754266406,1.018478561917116,0.9618071875183091,65.69313775882617,0.007734004305265274
2011-01-03,1.021440029144287,1.0221081972122192,1.0175423622131348,0.990898253917694,0.9397422633948468,1.0205145201901866,0.9612819876452013,68.39967384694903,0.008622176338996979
2011-01-04,1.016911268234253,1.0171180963516235,1.0052272081375122,0.9914344990253449,0.940510118676591,1.0219490251464376,0.960919972904252,64.0494885454057,0.008858510522584462
2011-01-05,1.0072014331817627,1.00770902633667,0.9964129328727722,0.9918507707118988,0.9411737176852609,1.022650827904699,0.9610507135190984,55.84823364753974,0.008168147208984955
2011-01-06,0.9998999834060669,1.001502275466919,0.9939369559288025,0.9923935174942017,0.9417580619849767,1.022774214519666,0.9620128204687373,50.60127066845738,0.006951728138342883
2011-01-07,0.9930486679077148,0.9994003772735596,0.9911784529685974,0.9927992379665375,0.9422684191671292,1.0226470359480555,0.9629514399850194,46.21374869462784,0.005372927594372023
2011-01-10,0.9952229857444763,0.9983028173446655,0.9886307716369629,0.9929701006412506,0.94279533323588,1.0227726936791584,0.9631675076033429,47.76178089262011,0.004248195513061104
2011-01-11,0.9947279095649719,0.994925856590271,0.9823182821273804,0.9930920433998108,0.9433120781614664,1.0228720529576965,0.9633120338419251,47.427070881918034,0.0032790894234916435
2011-01-12,0.982221782207489,0.9931473135948181,0.9823182821273804,0.9927564597129822,0.9436992415265628,1.0226426605538645,0.9628702588720999,39.8331166197027,0.0014848099410554871
2011-01-13,0.9958176016807556,1.0019538402557373,0.9927529096603394,0.9925941026210785,0.9442178350006153,1.0223201976553318,0.9628680075868253,49.33144938985292,0.0011466813023582878
2011-01-14,0.9982032775878906,0.9987016916275024,0.9861932396888733,0.9922441136837006,0.9447550064814305,1.0212633595439842,0.9632248678234169,50.79920163609674,0.0010590084378244713
2011-01-17,0.9908838868141174,0.9962143301963806,0.9865824580192566,0.9917332816123963,0.9452140027670771,1.0199018594008658,0.9635647038239267,46.3618559934198,0.0003943673746799048
2011-01-18,0.9929500818252563,1.0019036531448364,0.9900990128517151,0.9913843441009521,0.9456889911400137,1.0190367823501065,0.9637319058517977,47.74937493311804,3.396765515972788e-05
2011-01-19,0.9977052807807922,1.0075769424438477,0.9976056814193726,0.9912421882152558,0.9462065688709493,1.0186851389686586,0.9637992374618528,50.89749231635847,0.0001305482171719552
2011-01-20,0.9969095587730408,0.9982032775878906,0.9836710691452026,0.9910883569717407,0.9467110788481,1.0183110069677197,0.9638657069757616,50.35079975937136,0.00014125262021369434
2011-01-21,0.9859015941619873,0.9917683601379395,0.9842519164085388,0.990878130197525,0.947101036225446,1.0180952944651342,0.9636609659299158,43.405074233377206,-0.0007300986867774251
2011-01-24,0.9896091222763062,0.9983028173446655,0.9866798520088196,0.9908898770809174,0.9475240044046911,1.0181042780037906,0.9636754761580442,46.10186406025841,-0.0011087038932575677
2011-01-25,0.9976056814193726,0.9994003772735596,0.9896091222763062,0.9911705052852631,0.9480223320556761,1.0183663717847697,0.9639746387857564,51.472891879481004,-0.0007547949479672633
2011-01-26,0.9952229857444763,0.9998000264167786,0.9946290850639343,0.991555153131485,0.9484919926401962,1.0184166737782359,0.9646936324847342,49.8779589097365,-0.0006589867973986197
2011-01-27,0.999300479888916,1.0002000331878662,0.9881423115730286,0.9919063699245453,0.9489975522198307,1.0187032003062906,0.9651095395427999,52.585555666199426,-0.00025114342235510456
2011-01-28,0.9900990128517151,0.9991008043289185,0.9887285232543945,0.991896562576294,0.9494065239736699,1.0186957191581227,0.9650974059944651,46.483173284454324,-0.0006627661437660359
2011-01-31,0.9873617887496948,0.9977052807807922,0.9867772459983826,0.9918398571014404,0.9497841901249525,1.0186656767046025,0.9650140374982783,44.81702393406497,-0.0011960637468130253
2011-02-01,0.9974067807197571,1.011725902557373,0.9969095587730408,0.9920563435554505,0.9502580490150254,1.0188836954098948,0.9652289917010062,51.66419305470914,-0.0007989492473513549
2011-02-02,1.0110814571380615,1.0134587287902832,1.00673508644104,0.9927847957611085,0.9508632599229473,1.0196619286207471,0.9659076629014697,59.10367026665246,0.0006121425590699392
2011-02-03,1.0116031169891357,1.01449716091156,1.0085830688476562,0.9933163070678711,0.9514676394446442,1.0206150885027987,0.9660175256329436,59.36063610085121,0.0017523367253368116
2011-02-04,1.0146104097366333,1.0200022459030151,1.014404535293579,0.9940619957447052,0.9520959286334917,1.0216137030043002,0.9665102884851101,60.886415157436744,0.0028655795907270853
2011-02-07,1.0125967264175415,1.0161981582641602,1.0113677978515625,0.9949939918518066,0.9526979293888018,1.021813707422386,0.9681742762812271,59.28145681577949,0.0035444865328492225
2011-02-08,1.0133970975875854,1.019097924232483,1.0116645097732544,0.9960477924346924,0.9533019039605314,1.021473067350614,0.9706225175187708,59.73576210242583,0.00409984794513818
2011-02-09,1.0147957801818848,1.01518714427948,1.0094077587127686,0.9971480083465576,0.9539137860830538,1.0208724785602792,0.973423538132836,60.56382394563824,0.004599814068326991
2011-02-10,1.0107953548431396,1.0140033960342407,1.001452088356018,0.9980402433872223,0.9544797743668226,1.0203233383845087,0.9757571483899359,56.95592877609372,0.004619983635616887
2011-02-11,1.0014019012451172,1.0031801462173462,0.9966115355491638,0.9985293984413147,0.9549466632635717,1.019980551961482,0.9770782449211475,49.49928559961091,0.0038338012872338734
2011-02-14,1.0015925168991089,1.0073435306549072,1.0005003213882446,0.9987219476699829,0.9554108031402907,1.0201053289354114,0.9773385664045545,49.64335745260715,0.0031893622198764238
2011-02-15,1.00210440158844,1.0059046745300293,0.9980040192604065,0.9989914202690124,0.9558754180716338,1.020194574765546,0.9777882657724788,50.05542480137256,0.0026889479147440554
2011-02-16,0.997307300567627,1.0017330646514893,0.9967108964920044,0.9992776823043823,0.9562876773759456,1.0199798589308795,0.978575505677885,46.23693299263735,0.0018835674185810891
2011-02-17,1.0030291080474854,1.009000301361084,1.0024861097335815,0.9997534608840942,0.9567527682119995,1.0196539476594604,0.9798529741087281,51.03499217349009,0.0016875466303101216
2011-02-18,1.0121968984603882,1.0138286352157593,1.0094586610794067,1.000310422182083,0.9573044534178693,1.0200089378862602,0.9806119064779061,57.569016947284375,0.002246071497163271
2011-02-21,1.01449716091156,1.0141987800598145,1.008715271949768,1.0009172642230988,0.9578735374516077,1.0204531883488086,0.9813813400973889,59.04571497331945,0.002841562668185693
2011-02-22,1.0087255239486694,1.008501648902893,0.9988014698028564,1.0011912775039673,0.958379529450759,1.0207741425412735,0.9816084124666611,53.970319490201746,0.002815317615187052
2011-02-23,1.000400185585022,1.005924940109253,0.9992006421089172,1.0012511456012725,0.9587976471369383,1.020805068092389,0.9816972231101558,47.612734193210805,0.002098542304026063
2011-02-24,1.0027776956558228,1.01236093044281,1.0004602670669556,1.0015633630752563,0.9592352613264928,1.020693311353133,0.9824334147973797,49.44425914988331,0.0017027101165532077
2011-02-25,1.0108054876327515,1.0162187814712524,1.0092955827713013,1.00199120759964,0.9597483999573885,1.0209682875082209,0.9830141276910591,55.146457099642376,0.002013574741432933
2011-02-28,1.01449716091156,1.0193160772323608,1.0124019384384155,1.0025183045864106,0.9602931659034452,1.0213890843268625,0.9836475248459586,57.519332707436696,0.002528675381554768
2011-03-01,1.0187968015670776,1.0200958251953125,1.0151666402816772,1.0030372107028962,0.960875293911821,1.0222468630619328,0.9838275583438596,60.16272391211359,0.003246418723041433
2011-03-02,1.0136024951934814,1.018298864364624,1.0087356567382812,1.0033770298957825,0.9613999447155659,1.022723376261793,0.9840306835297719,55.6569480593824,0.003357396402688062
2011-03-03,1.0160949230194092,1.0187034606933594,1.0133047103881836,1.0037109208106996,0.9619441754451138,1.0233511555951667,0.9840706860262324,57.3091261159793,0.0036049099508876914
2011-03-04,1.0128017663955688,1.0146000385284424,1.0081051588058472,1.0038809895515441,0.9624502230499736,1.0236885387825236,0.9840734403205647,54.42380187204163,0.0034950472742032446
2011-03-07,1.0147030353546143,1.0184959173202515,1.0118999481201172,1.0041684484481812,0.9629701534874867,1.0241817684833627,0.9841551284129996,55.80717229045174,0.003520811108016053
2011-03-08,1.012248158454895,1.0134998559951782,1.005682110786438,1.0042973423004151,0.9634604837222229,1.024436261350766,0.9841584232500641,53.547175598344104,0.0033050426085126094
2011-03-09,1.0092039108276367,1.0131404399871826,1.006299376487732,1.0042898011207582,0.963915643880055,1.0244209255515857,0.9841586766899307,50.799819852798926,0.0028554829465161635
2011-03-10,1.0096625089645386,1.0116031169891357,0.9994003772735596,1.0041351008415222,0.9643708382300509,1.023971819222875,0.9842983824601695,51.20596573084027,0.0025073060490750088
2011-03-11,1.0019036531448364,1.0071609020233154,0.9975062012672424,1.0038576745986938,0.9647443004254642,1.023415987725006,0.9842993614723815,44.51120865170384,0.0015870045278663092
2011-03-14,1.0101009607315063,1.0112961530685425,1.0050958395004272,1.0036308932304383,0.9651956120940264,1.022611508889297,0.9846502775715795,51.696596680114226,0.0015018013255383433
2011-03-15,1.0088882446289062,1.0095911026000977,0.9818360805511475,1.0034704327583313,0.9656303661975622,1.0221256617074155,0.984815203809247,50.65160986642161,0.0013211912491419842
2011-03-16,0.9940357208251953,0.9964129328727722,0.9848335385322571,1.0032071185112,0.9659130075339785,1.0220184088746986,0.9843958281477013,39.98993660725516,-2.018539618409143e-05
2011-03-17,0.9797198176383972,0.9872642755508423,0.9763718247413635,1.0028035151958465,0.9660503892063586,1.0227369007502498,0.9828701296414433,32.81920657464691,-0.0022129008523388283
2011-03-18,0.9841550588607788,0.9950248599052429,0.983380913734436,1.0026256430149079,0.9662305357927327,1.023066576803374,0.9821847092264417,36.61153603885913,-0.0035518136523573496
2011-03-21,0.9974067807197571,1.007099986076355,0.9955201148986816,1.0026693189144134,0.9665407482414845,1.023054950194757,0.9822836876340698,46.3553142000499,-0.0035032254852471745
2011-03-22,1.0058844089508057,1.012904405593872,1.00398588180542,1.00289244890213,0.9669322287724623,1.0231672196222261,0.9826176781820338,51.49236649025264,-0.002748956999874874
2011-03-23,1.0091021060943604,1.0121968984603882,1.0069174766540527,1.0034300553798676,0.9673518309425135,1.022876255070645,0.9839838556890902,53.319532299621194,-0.0018699963688308952
2011-03-24,1.0132944583892822,1.0220037698745728,1.0116031169891357,1.003779592514038,0.9678089730249307,1.023295453242298,0.9842637317857781,55.66285902631876,-0.0008256088381464188
2011-03-25,1.0202000141143799,1.0294950008392334,1.0192744731903076,1.004219527244568,0.9683302786220865,1.0242083013871126,0.9842307531020235,59.28815890923428,0.0005529226906100249
2011-03-28,1.024233341217041,1.0312148332595825,1.0242018699645996,1.0048865163326264,0.9688865298030918,1.0252805342539464,0.9844924984113063,61.27959178921576,0.0019484145382455687
2011-03-29,1.02421236038208,1.0272319316864014,1.0208144187927246,1.0055117619037628,0.969437037345597,1.026324696998111,0.9846988268094147,61.26280429756887,0.0030178707677837036
2011-03-30,1.029198408126831,1.033367395401001,1.0272952318191528,1.0061416244506836,0.9700316797390566,1.0278760389821835,0.9844072099191836,63.80078025854425,0.004219119533894533
2011-03-31,1.0319172143936157,1.0362050533294678,1.0312042236328125,1.0068417775630951,0.9706474581391125,1.0295939522073458,0.9840896029188443,65.14190593364394,0.0053290725481818235
2011-04-01,1.0333994626998901,1.0387020111083984,1.0316617488861084,1.0077917349338532,0.9712718581378471,1.0309382094023167,0.9846452604653897,65.88399464483837,0.006256205714312735
2011-04-04,1.0395010709762573,1.041601538658142,1.033997893333435,1.008789573907852,0.9719507578700355,1.0330132621661052,0.984565885649599,68.82605758500421,0.007398034288577993
2011-04-05,1.0363982915878296,1.0370001792907715,1.0290924310684204,1.0095654261112212,0.9725920288186435,1.034791273158539,0.9843395790639036,65.7222317294529,0.00796080607744587
2011-04-06,1.0319066047668457,1.0451068878173828,1.032002329826355,1.0102990984916687,0.973182225386855,1.0359525424834397,0.9846456544998976,61.405129266247286,0.007952691509472531
2011-04-07,1.0435363054275513,1.0505967140197754,1.0417860746383667,1.0111838150024415,0.9738822680776771,1.0382985691897764,0.9840690608151067,67.3797587153573,0.008783430387732327
2011-04-08,1.046101689338684,1.0545964241027832,1.0455001592636108,1.0123038685321808,0.974600871411778,1.0404699710137637,0.9841377660505979,68.53681010838815,0.009538844118450962
2011-04-11,1.056602120399475,1.0581003427505493,1.052797794342041,1.0136886751651764,0.9754168066291775,1.0436036943734983,0.9837736559568543,72.79100537396565,0.010859628930917964
2011-04-12,1.0504974126815796,1.0519007444381714,1.039252519607544,1.014750487804413,0.976163879504181,1.0460437528438484,0.9834572227649774,67.10976918731347,0.01128369016055819
2011-04-13,1.0451068878173828,1.0536853075027466,1.0431009531021118,1.0154309964179993,0.9768498815578769,1.0478579101430376,0.9830040826929608,62.47307084360499,0.01105732942355342
2011-04-14,1.0498026609420776,1.0545964241027832,1.0460032224655151,1.0161949872970581,0.9775757819250657,1.05002349543681,0.9823664791573063,64.75736586983035,0.011128563403955072
2011-04-18,1.0562005043029785,1.0573395490646362,1.0459047555923462,1.017026789188385,0.9783581196743685,1.052691718891959,0.9813618594848114,67.6469514213133,0.011567921538142567
2011-04-19,1.0487017631530762,1.052797794342041,1.0445282459259033,1.0177488899230958,0.9790580583769846,1.0544934026360495,0.981004377210142,61.30262247986073,0.011182129653674489
2011-04-20,1.0535964965820312,1.0691871643066406,1.0536408424377441,1.0185528779029847,0.9797997364264108,1.0566432573738032,0.9804624984321662,63.696031535215816,0.011142902443325164
2011-04-21,1.0681250095367432,1.0773656368255615,1.0681021213531494,1.0196194624900818,0.9806785972672557,1.0601865081971944,0.9790524167829694,69.68865979570701,0.012144153925127243
2011-04-22,1.0748989582061768,1.0756968259811401,1.0723055601119995,1.0209015345573424,0.9816161158332519,1.064284420301504,0.9775186488131808,72.00868132537619,0.013330587271392913
2011-04-25,1.0759861469268799,1.077597737312317,1.0686386823654175,1.0223932194709777,0.982555123633267,1.0681059325031015,0.976680506438854,72.37415007255403,0.014194940847795046
2011-04-26,1.0726046562194824,1.0774468183517456,1.0681250095367432,1.0238134622573853,0.9834511412593324,1.071267761045928,0.9763591634688427,69.34159526780064,0.01444062668914059
2011-04-27,1.0794240236282349,1.0849988460540771,1.0784810781478882,1.0253598546981813,0.9844060978203241,1.0749192093762705,0.975800500020092,71.89882764827965,0.01501254517078876
2011-04-28,1.0855170488357544,1.0947027206420898,1.0857055187225342,1.0271240496635436,0.9854121795504353,1.0788406329288425,0.9754074663982448,73.98663643517277,0.015775599608340407
2011-04-29,1.093900442123413,1.0965032577514648,1.0886961221694946,1.0289414763450622,0.9864916675286077,1.0835101220879724,0.9743728306021521,76.566383621981,0.01686241608682404
2011-05-02,1.0960345268249512,1.1013094186782837,1.0925021171569824,1.0306182289123536,0.9875816490056091,1.0881581359361068,0.9730783218886004,77.18660544579774,0.017691986567960116
2011-05-03,1.0950024127960205,1.0950982570648193,1.084975242614746,1.0322283339500427,0.9886505150235328,1.092373473654242,0.9720831942458433,76.13705214762149,0.01805798298742034
2011-05-04,1.0853991508483887,1.087725043296814,1.0744138956069946,1.0337618064880372,0.9896131904213682,1.0953534771470084,0.972170135829066,67.00727290245173,0.01737287116083408
2011-05-05,1.075002908706665,1.077168345451355,1.0613007545471191,1.03525386095047,0.9904628414606564,1.0971605119698855,0.9733472099310546,58.78863428876188,0.01580879134054114
2011-05-06,1.0606027841567993,1.0800302028656006,1.0600968599319458,1.0364103627204895,0.9911607530469422,1.098000384058868,0.974820341382111,49.696279685987264,0.01325448762732484
2011-05-09,1.071593165397644,1.0787136554718018,1.0712143182754517,1.0376261162757874,0.9919610774978493,1.0995520882523786,0.9757001442991962,55.36968879363234,0.011978929801398586
2011-05-10,1.080100178718567,1.0817945003509521,1.0738370418548584,1.0389381766319274,0.9928380855848254,1.1016390478620839,0.976237305401771,59.20499485541732,0.011521671259092203
2011-05-11,1.0847986936569214,1.0889331102371216,1.0747950077056885,1.0402582144737245,0.9937531186850004,1.103998777848354,0.9765176510990948,61.18878415049191,0.01140692947591071
2011-05-12,1.0712946653366089,1.0714553594589233,1.0569595098495483,1.0414120578765869,0.9945246781780814,1.1052717216609664,0.9775523940922073,53.18388250924436,0.010109794144721906
2011-05-13,1.0666552782058716,1.0716276168823242,1.0564347505569458,1.0424232649803162,0.9952423972628,1.1062478523565509,0.9785986776040816,50.728505414218546,0.008608215135273323
2011-05-16,1.0557209253311157,1.0643166303634644,1.0518122911453247,1.043281648159027,0.9958441750490338,1.1066328773510516,0.9799304189670024,45.407618354508976,0.0064614089568326705
2011-05-17,1.0573842525482178,1.0619995594024658,1.0507954359054565,1.0441352725028992,0.9964565155264778,1.1070635413891063,0.9812070036166921,46.329837587189836,0.004838491085551677
2011-05-18,1.0636035203933716,1.0665984153747559,1.057183027267456,1.0451623797416687,0.9971246464381709,1.1076411586539627,0.9826836008293746,49.74806662769928,0.004007958665950273
2011-05-19,1.0630042552947998,1.0681021213531494,1.0598047971725464,1.0462383866310119,0.9977801664010456,1.1080389247182043,0.9844378485438194,49.42144264061383,0.0032637772619208416
2011-05-20,1.066996693611145,1.0704002380371094,1.061255693435669,1.047385070323944,0.9984688895905779,1.108539857563519,0.986230283084369,51.69681035653384,0.0029620202183366917
2011-05-23,1.0628347396850586,1.0641920566558838,1.048327922821045,1.0486036920547486,0.9991093472151317,1.1084741331666925,0.9887332509428045,49.21141902831186,0.002359837945432375
2011-05-24,1.0505526065826416,1.058234691619873,1.0483938455581665,1.0494127249717713,0.9996212215541861,1.1082437630748108,0.9905816868687318,42.689006119603086,0.0008813786756372011
2011-05-25,1.0558992624282837,1.056222677230835,1.0443973541259766,1.0503529453277587,1.0001812032642772,1.1080318639380684,0.9926740267174491,46.041699065002575,0.00013951129609801605
2011-05-26,1.0536963939666748,1.062450885772705,1.0513147115707397,1.0515461587905883,1.0007136938573908,1.1068909903745177,0.9962013272066591,44.876851127359174,-0.00061904110128852
2011-05-27,1.0625749826431274,1.0716965198516846,1.0611881017684937,1.053203262090683,1.0013292303663017,1.1045902923747215,1.0018162318066446,50.33118531810664,-0.0004980304515322942
2011-05-30,1.0706982612609863,1.0712946653366089,1.0679652690887451,1.054934126138687,1.002019470919744,1.1025176127326488,1.0073506395447254,54.74344729987356,0.0002504648527104081
2011-05-31,1.070297122001648,1.0759050846099854,1.0646679401397705,1.056391932964325,1.0026988519358018,1.1011649856655208,1.0116188802631292,54.4860456728398,0.0008020387843183929
2011-06-01,1.0682048797607422,1.0753498077392578,1.0672016143798828,1.0576383423805238,1.003350654540633,1.100081611069834,1.0151950736912136,53.0840562813473,0.0010581410444596706
2011-06-02,1.0634112358093262,1.067896842956543,1.0589966773986816,1.058724524974823,1.0039482734746743,1.0988122867420622,1.0186367632075837,49.91500650706623,0.0008643334282814052
2011-06-03,1.0670992136001587,1.0715357065200806,1.0600968599319458,1.0598006200790406,1.0045766422976856,1.0977419779548612,1.02185926220322,52.27555565390921,0.0009968375592817047
2011-06-06,1.075002908706665,1.0767160654067993,1.0723285675048828,1.0608966779708862,1.005277402558133,1.0973039891345249,1.0244893668072474,56.957531417394314,0.001719785561475895
2011-06-07,1.072995901107788,1.0750954151153564,1.0676004886627197,1.061871929168701,1.0059512197880298,1.096855209074886,1.0268886492625162,55.469386702290656,0.002106495947769238
2011-06-08,1.0720986127853394,1.0718343257904053,1.059108853340149,1.0628296542167663,1.0066094040832747,1.0961890405192973,1.0294702679142353,54.78028083968357,0.002313889963185156
2011-06-09,1.064407229423523,1.0662685632705688,1.056602120399475,1.0635338306427002,1.0071845079305795,1.095450854218097,1.0316168070673035,49.144377395443996,0.0018364513884152611
2011-06-10,1.062699317932129,1.0653257369995117,1.0536741018295288,1.0641494727134704,1.0077368951530141,1.0947371400373622,1.0335618053895785,47.9643199045327,0.001305217954300053
2011-06-13,1.0538963079452515,1.05850350856781,1.0531082153320312,1.0645594096183777,1.0081961936597916,1.09399259637784,1.0351262228589153,42.323280095405444,0.00017190072970918457
2011-06-14,1.0607041120529175,1.0705950260162354,1.057205319404602,1.0649834704399108,1.008718661485964,1.0935410092341502,1.0364259316456714,47.46868639646849,-0.00017491216107923258
2011-06-15,1.069415807723999,1.0712946653366089,1.0614246129989624,1.0656438207626342,1.009322614307378,1.093005360216383,1.0382822813088854,53.21991293099559,0.00025031172059541973
2011-06-16,1.0575966835021973,1.0589966773986816,1.0485037565231323,1.0661576223373412,1.0098029541843172,1.091847081189931,1.0404681634847515,45.88084502114625,-0.00036222434103505563
2011-06-17,1.0562005043029785,1.0632867813110352,1.050894856452942,1.06641090631485,1.0102646221870306,1.0914310275397892,1.0413907850899107,45.0898279174625,-0.0009493797175659235
2011-06-20,1.0603779554367065,1.0613908767700195,1.0501995086669922,1.0666964316368104,1.0107632632142827,1.0910885266702839,1.0423043366033369,47.97972267711117,-0.0010653386290513378
2011-06-21,1.0595015287399292,1.0621010065078735,1.0535852909088135,1.0667544198036194,1.0112482219423895,1.0910622056621386,1.0424466339451002,47.41590053268718,-0.0012139633972907404
2011-06-22,1.0597037076950073,1.0647813081741333,1.057071328163147,1.066938545703888,1.0117303669278799,1.0908804237895207,1.0429966676182554,47.56896622117088,-0.0013004447275883901
2011-06-23,1.055297613143921,1.0566915273666382,1.0457953214645386,1.0671423602104186,1.0121638726207964,1.0904918411798945,1.0437928792409428,44.52703274873511,-0.0017048641986765478
2011-06-24,1.0535964965820312,1.0599957704544067,1.0506629943847656,1.0672182369232177,1.0125761382471148,1.0903614751755615,1.044074998670874,43.37379625462162,-0.002137990014880131
2011-06-27,1.0472848415374756,1.0481960773468018,1.0395983457565308,1.0670399236679078,1.0129214990687814,1.0906620788332335,1.043417768502582,39.306100620689634,-0.002956462894207812
2011-06-28,1.0460032224655151,1.053097128868103,1.0438958406448364,1.0669859528541565,1.0132506710025375,1.090790745980657,1.0431811597276561,38.51621357674292,-0.0036662621086043234
2011-06-29,1.0536963939666748,1.067896842956543,1.0522106885910034,1.0669879508018494,1.0136531166809737,1.0907881733870983,1.0431877282166004,45.58514316249436,-0.003566891548753004
2011-06-30,1.0692671537399292,1.0750722885131836,1.068764328956604,1.067010793685913,1.0142064911013478,1.090817662123171,1.043203925248655,56.48902103799622,-0.0022062768940369626
2011-07-01,1.071799874305725,1.0757777690887451,1.0678056478500366,1.066948812007904,1.0147795605314385,1.0906878965129347,1.0432097275028733,57.96452901395075,-0.0009130851177825416
2011-07-04,1.0777952671051025,1.0785974264144897,1.0714553594589233,1.0669849944114684,1.0154065835061974,1.0907857358479551,1.0431842529749817,61.309285504034435,0.0005887698033675282
2011-07-05,1.07449471950531,1.0747140645980835,1.06662118434906,1.0670227956771852,1.0159945261037275,1.0908659331637056,1.0431796581906647,58.54737830741748,0.0014954355905714145
2011-07-06,1.0691642761230469,1.073433518409729,1.0657004117965698,1.0668176007270813,1.0165235791853222,1.090400293272359,1.0432349081818035,54.29343076751975,0.0017635237228090794
2011-07-07,1.0695987939834595,1.077597737312317,1.0690499544143677,1.0664992356300353,1.0170516916080825,1.089473496931481,1.0435249743285897,54.583119072928405,0.0019881295392356613
2011-07-08,1.0772960186004639,1.0789813995361328,1.0709046125411987,1.0661671471595764,1.0176511385836122,1.0879751865428775,1.0443591077762753,59.482147600188576,0.0027554696265190692
2011-07-11,1.0722020864486694,1.0727657079696655,1.0633999109268188,1.0656904983520508,1.0181939349236921,1.0858105158921512,1.0455704808119504,55.235786843194354,0.0029189070773643078
2011-07-12,1.0642033815383911,1.0647019147872925,1.052897572517395,1.065074517726898,1.0186517410631797,1.0833312729826532,1.046817762471143,49.285955805709364,0.0023756191377206637
2011-07-13,1.0587948560714722,1.0778998136520386,1.0587724447250366,1.0645424318313599,1.019051175648495,1.0819105337137438,1.047174329948976,45.701230598692646,0.0014914442857931753
2011-07-14,1.0777952671051025,1.0787951946258545,1.071604609489441,1.0645982789993287,1.019635694848167,1.0821209393549291,1.0470756186437282,57.41841595549948,0.0022974204895491734
2011-07-15,1.072593092918396,1.0746448040008545,1.0631964206695557,1.0648380851745605,1.0201626349149413,1.0824654343755735,1.0472107359735474,53.983612927370565,0.0024877136429592994
2011-07-18,1.064803957939148,1.0654959678649902,1.0562784671783447,1.0647023010253907,1.0206068278368914,1.0822215273788869,1.0471830746718944,49.23453302504184,0.00198709821047216
2011-07-19,1.061311960220337,1.071799874305725,1.0610417127609253,1.064326536655426,1.0210118546193068,1.0812950553033616,1.0473580180074904,47.22857528621844,0.0012936692278437967
2011-07-20,1.0743907690048218,1.0761598348617554,1.0712946653366089,1.064118378162384,1.0215429888611909,1.0802988986255397,1.0479378576992282,54.676780449686795,0.0017789655208106936
2011-07-21,1.0770175457000732,1.0855759382247925,1.0695987939834595,1.0642328357696533,1.0220949752889248,1.0806989980264763,1.0477666735128304,56.01940192681503,0.0023484537428897223
2011-07-22,1.0837758779525757,1.087583065032959,1.0822745561599731,1.0645752477645873,1.022708716480878,1.0819348245255715,1.0472156710036031,59.35547785830138,0.0033069971878192383
2011-07-25,1.0845986604690552,1.0864014625549316,1.0798087120056152,1.0651528024673462,1.0233245376802929,1.0832172158974314,1.047088389037261,59.7557075384891,0.0040859412592315625
2011-07-26,1.0847046375274658,1.0965994596481323,1.082297921180725,1.0656992101669311,1.0239352857880846,1.0844444473126071,1.0469539730212551,59.81060221850271,0.0046581156530689505
2011-07-27,1.0959985256195068,1.1080577373504639,1.0949784517288208,1.066347110271454,1.0246523339335194,1.0869445558049275,1.0457496647379803,65.25050092201306,0.005954253437314483
2011-07-28,1.10349702835083,1.1076037883758545,1.100545883178711,1.0671569657325746,1.02543685932081,1.0902508632942074,1.0440630681709417,68.31686178597741,0.007500062421346598
2011-07-29,1.1000010967254639,1.1007033586502075,1.0915957689285278,1.0678170537948608,1.0261787930282114,1.0927089748220955,1.042925132767626,65.41852708955747,0.008346817792894257
2011-08-01,1.1017341613769531,1.1065741777420044,1.0929319858551025,1.0685950422286987,1.0269305887382563,1.09522244587401,1.0419676385833874,66.18443023746943,0.009053359861970423
2011-08-02,1.0978032350540161,1.100897192955017,1.0828019380569458,1.0695400547981262,1.0276357901278983,1.096897723217049,1.0421823863792035,62.78763538879574,0.00919016810272777
2011-08-03,1.0748873949050903,1.0787136554718018,1.0681135654449463,1.0699198174476623,1.0281059559626344,1.0970306656527775,1.042808969242547,47.48688502486059,0.007364578557506718
2011-08-04,1.0760903358459473,1.0769248008728027,1.0507844686508179,1.0703676962852477,1.0285834130952716,1.0971221697431417,1.0436132228273538,48.200489334491124,0.005946307637786363
2011-08-05,1.0429050922393799,1.0523545742034912,1.0379151105880737,1.069974298477173,1.0287259175475012,1.0977552239637538,1.0421933729905921,34.33779892664931,0.0021201066279341596
2011-08-08,1.038303017616272,1.0437977313995361,1.030651569366455,1.0693263936042785,1.0288212121961355,1.0985138380379358,1.0401389491706212,32.9236430223783,-0.001268907029239985
2011-08-09,1.0129249095916748,1.0255988836288452,0.9934432506561279,1.0681789493560792,1.0286630398327554,1.1014376304066908,1.0349202683054675,26.453687138661323,-0.005934121138341464
2011-08-10,1.0383893251419067,1.0384323596954346,1.0173250436782837,1.0675826382637024,1.0287598189110958,1.1018919813614219,1.0332732951659829,39.33575020629974,-0.007490228716811709
2011-08-11,1.012996792793274,1.029908537864685,1.0117872953414917,1.0665743494033812,1.0286029726874635,1.1041881079016738,1.0289605909050887,33.10820200853324,-0.010649657705340987
2011-08-12,1.0338268280029297,1.0357006788253784,1.024779200553894,1.0659089016914367,1.0286549514105143,1.1046452899947192,1.0271725133881542,41.31585711876087,-0.011341974956491585
2011-08-15,1.038303017616272,1.0489987134933472,1.0378719568252563,1.065174903869629,1.028750952184834,1.104592776664454,1.0257570310748039,42.93621141803665,-0.011398060526482512
2011-08-16,1.0487346649169922,1.0504753589630127,1.0408968925476074,1.064689679145813,1.028949795334557,1.1043113675266716,1.0250679907649543,46.63432567191034,-0.010479955584093315
2011-08-17,1.0476031303405762,1.0600968599319458,1.043601632118225,1.0641997694969176,1.0291354008769888,1.1040526265204897,1.0243469124733455,46.28393733855639,-0.00973147776827088
2011-08-18,1.0539518594741821,1.0559215545654297,1.035936713218689,1.063990662097931,1.0293823311017238,1.103948655789805,1.0240326684060568,48.616694994838824,-0.008527712166660484
2011-08-19,1.0379257202148438,1.0481960773468018,1.0318958759307861,1.0634951901435852,1.0294673400469332,1.104127231824058,1.0228631484631123,43.4831936250982,-0.00876584752321885
2011-08-22,1.0384970903396606,1.0472848415374756,1.0369033813476562,1.0631872057914733,1.029557188411428,1.1043462484139217,1.022028163169025,43.71139697783044,-0.008806945726824944
2011-08-23,1.0398037433624268,1.0522550344467163,1.0388963222503662,1.0627691984176635,1.0296591442976617,1.104452359237318,1.0210860375980089,44.26563320709143,-0.00863454669106134
2011-08-24,1.052398920059204,1.052498698234558,1.0453362464904785,1.0624288606643677,1.0298854109770927,1.1041683598875067,1.0206893614412287,49.43409052532883,-0.007396333388756338
2011-08-25,1.046331524848938,1.0514030456542969,1.043111801147461,1.0622035574913025,1.030049054083023,1.104170514563109,1.0202366004194958,47.16505691581697,-0.006825943286757896
2011-08-26,1.0441792011260986,1.058234691619873,1.0440047979354858,1.0619631314277649,1.0301896527157353,1.1042072835332033,1.0197189793223265,46.35227243588924,-0.006472963266937137
2011-08-29,1.0579659938812256,1.0643619298934937,1.0563454627990723,1.0619148921966552,1.0304660345208903,1.1041719391554359,1.0196578452378746,52.0521381358014,-0.0050228448747378085
2011-08-30,1.0679539442062378,1.0691070556640625,1.062394380569458,1.0620839405059814,1.0308390489498358,1.1043691988780353,1.0197986821339275,55.7223853555805,-0.0030327122637572312
2011-08-31,1.0676004886627197,1.0720527172088623,1.065405249595642,1.0622418761253356,1.0312048348101222,1.104549830979541,1.0199339212711303,55.56030372723535,-0.001467126617443526
2011-09-01,1.0689127445220947,1.0751993656158447,1.0674750804901123,1.062514178752899,1.031580038288408,1.1048149652068175,1.0202133922989807,56.07118732952076,-0.00011912740585229287
2011-09-02,1.0723055601119995,1.0735949277877808,1.0641467571258545,1.0628883600234986,1.0319852677853285,1.1051981630671899,1.0205785569798074,57.43370805935285,0.0012090068657384379
2011-09-05,1.0609854459762573,1.061221957206726,1.0515025854110718,1.0631623721122743,1.0322738270712588,1.1052365148557093,1.0210882293688393,51.674709961058035,0.00133276100084867
2011-09-06,1.051513671875,1.0617965459823608,1.0492959022521973,1.063272581100464,1.0324652685094526,1.1051918511542838,1.0213533110466442,47.39261801378615,0.0006589480900700551
2011-09-07,1.0491968393325806,1.0631964206695557,1.049306869506836,1.063182590007782,1.0326317519702914,1.1052049620367808,1.0211602179787833,46.38020298797851,-6.129593845449754e-05
2011-09-08,1.0650761127471924,1.0661208629608154,1.0573954582214355,1.0630987691879272,1.0329545817553343,1.10508831032021,1.0211092280556444,53.6832867300628,0.000641831501769774
2011-09-09,1.0607378482818604,1.063705325126648,1.0428833961486816,1.06287752866745,1.0332310324437142,1.1047964557782526,1.0209586015566472,51.61492498923803,0.0008393281257734753
2011-09-12,1.0442010164260864,1.044233798980713,1.0278021097183228,1.0622056436538696,1.033340186620762,1.1042254234761308,1.0201858638316084,44.566152252114435,-0.0003346805148640719
2011-09-13,1.0351645946502686,1.0376135110855103,1.0267045497894287,1.0614190411567688,1.0333583399522006,1.1039690050660311,1.0188690772475064,41.251013589467696,-0.001971527990188182
2011-09-14,1.0319278240203857,1.0370432138442993,1.0181018114089966,1.0606743121147155,1.0333441059490793,1.1039679277608607,1.0173806964685703,40.10035910291582,-0.0034896947177951443
2011-09-15,1.0276963710784912,1.034297227859497,1.0184959173202515,1.0598362636566163,1.0332879095284628,1.1040374845419434,1.0156350427712892,38.58508216146477,-0.004976924785013992
2011-09-16,1.0325992107391357,1.0399984121322632,1.0296964645385742,1.0589423274993897,1.0332810567977024,1.1035086917091568,1.0143759632896225,41.35044019651502,-0.005694306719051134
2011-09-19,1.0312999486923218,1.0314276218414307,1.0170042514801025,1.0581242847442627,1.0332613442607617,1.1031959195479661,1.0130526499405592,40.8258186301004,-0.006295110543252935
2011-09-20,1.0151047706604004,1.0312042236328125,1.015341877937317,1.057142312526703,1.0330806816692026,1.1037853774441024,1.0104992476093035,34.884624856687054,-0.007986009672530159
2011-09-21,1.0251994132995605,1.0293148756027222,1.0187034606933594,1.0564704036712647,1.0330022610163514,1.1039762312581474,1.008964576084382,40.67937165078665,-0.008414508897500728
2011-09-22,1.0061981678009033,1.007384181022644,0.974373996257782,1.0550384616851807,1.0327355533785405,1.1042077816172338,1.0058691417531276,34.46248061894278,-0.010170104695903293
2011-09-23,0.9765624403953552,0.9867772459983826,0.9680542349815369,1.05311784863472,1.0321766164275235,1.1067848132704683,0.9994508839989716,27.423108717938888,-0.013793776471209274
2011-09-26,0.982607901096344,0.9838646650314331,0.9625565409660339,1.0514739274978637,1.0316833949396376,1.1086037235822326,0.9943441314134949,30.539993093038134,-0.01599338254726801
2011-09-27,0.9821252822875977,0.9976056814193726,0.977899432182312,1.049890193939209,1.031190278955516,1.1102082311191979,0.9895721567592201,30.427648997535414,-0.017572959377387676
2011-09-28,0.9904912114143372,0.9955201148986816,0.9848335385322571,1.0482122027873992,1.03078531275537,1.1103876831861157,0.9860367223886828,34.89827591580543,-0.017942890360933772
2011-09-29,0.9747538566589355,0.9875568151473999,0.9704026579856873,1.0461669290065765,1.0302277853465736,1.1111398624846394,0.9811939955285137,30.878595507709534,-0.019283646464018256
2011-09-30,0.9764671921730042,0.9810654520988464,0.9684291481971741,1.044020755290985,1.0296928536129104,1.1109818909768014,0.9770596196051685,31.799616932008348,-0.019977663410167046
2011-10-03,0.9676794409751892,0.9701203107833862,0.9581297636032104,1.0416823709011078,1.0290758042075445,1.1109847256251733,0.9723800161770424,29.619616271293395,-0.020994760390477873
2011-10-04,0.9524716138839722,0.9541984796524048,0.9401147365570068,1.039037710428238,1.0283135728179436,1.111652114366896,0.96642330648958,26.264017731610323,-0.0227655347112119
2011-10-05,0.9556575417518616,0.9627419114112854,0.9490367770195007,1.036230890750885,1.027590626634116,1.1106846781182256,0.9617771033835444,28.101667908106492,-0.023639309124477093
2011-10-06,0.9640412926673889,0.9746588468551636,0.9623712301254272,1.033441776037216,1.0269582944323452,1.1080585579833553,0.9588249940910769,32.84464606217894,-0.023385707134492062
2011-10-07,0.9741841554641724,0.987751841545105,0.9733307361602783,1.0309254372119903,1.0264331781937637,1.1048634201515293,0.9569874542724511,38.15973479710825,-0.022111395071546802
2011-10-10,0.9767532348632812,0.9998999834060669,0.9755145907402039,1.028425818681717,1.0259388500005773,1.1010315235421302,0.9558201138213038,39.466587656962524,-0.020656079912654612
2011-10-11,0.9984025359153748,1.0005003213882446,0.9907857179641724,1.0264378046989442,1.025664856606726,1.0966953596037292,0.9561802497941593,49.20761931390592,-0.017553469035718416
2011-10-12,0.9956192374229431,1.018744945526123,0.9868746399879456,1.0248524415493012,1.0253658949853695,1.0942194170133848,0.9554854660852176,48.13517937076622,-0.01514463852428749
2011-10-13,1.015960693359375,1.0244011878967285,1.0106523036956787,1.0236498486995698,1.0252723108163109,1.0914585241047328,0.9558411732944068,55.72909787172359,-0.011462109433231227
2011-10-14,1.0154036283493042,1.0327163934707642,1.0147957801818848,1.0230998194217682,1.0251741148947444,1.090716874855939,0.9554827639875975,55.48948382903228,-0.008490752973141724
2011-10-17,1.0342117547988892,1.0372045040130615,1.022704005241394,1.0230179941654205,1.0252640417289793,1.0905698269490915,0.9554661613817496,61.50722870233856,-0.004565643061445024
2011-10-18,1.0170042514801025,1.022599458694458,1.012022852897644,1.023099581003189,1.0251818546988773,1.0906115003145813,0.9555876616917968,54.27711825199184,-0.0028110627052160275
2011-10-19,1.0253045558929443,1.035400390625,1.023499608039856,1.0228378856182099,1.0251830756071996,1.0902091913349787,0.9554665799014411,56.908427868044605,-0.0007422240375709599
2011-10-20,1.0238558053970337,1.029198408126831,1.015001654624939,1.023055065870285,1.025169868928605,1.0903668702787583,0.9557432614618118,56.29941495565266,0.000771549511908054
2011-10-21,1.0230493545532227,1.0363982915878296,1.0205955505371094,1.022839516401291,1.0251487692675199,1.0900795154302785,0.9555995173723033,55.940538028176015,0.0018844295815161338
2011-10-24,1.031991720199585,1.0468463897705078,1.032002329826355,1.0227132904529572,1.0252168583812307,1.0898584334629289,0.9555681474429857,59.05712464905535,0.003448220290673598
2011-10-25,1.046725869178772,1.0498136281967163,1.0407018661499023,1.0226731145381927,1.0254308785438626,1.0897570836188455,0.9555891454575398,63.62300147393141,0.005809490191736044
2011-10-26,1.042872428894043,1.0437215566635132,1.0329084396362305,1.022578500509262,1.0256044264327353,1.089532173582263,0.955624827436261,61.68552093626347,0.007285886015248044
2011-10-27,1.0399010181427002,1.0698047876358032,1.0391013622283936,1.0222974836826324,1.0257466811774028,1.0888303137445965,0.9557646536206683,60.164065928020335,0.0081225407342429
2011-10-28,1.0697017908096313,1.0728347301483154,1.0658140182495117,1.0229330050945282,1.0261840457591391,1.0906712746659495,0.955194735523107,68.54382156895895,0.011062744493390397
2011-10-31,1.0673953294754028,1.0698047876358032,1.0509942770004272,1.023510969877243,1.0265941085684551,1.0922766184211161,0.9547453213333702,67.36274123347229,0.01305626055730369
2011-11-01,1.0545074939727783,1.056602120399475,1.0274957418441772,1.02380504488945,1.0268718538878225,1.0929796289169367,0.9546304608619633,61.034209823124634,0.013441253381444529
2011-11-02,1.0307046175003052,1.0426876544952393,1.0283093452453613,1.0233711588382721,1.026909990865151,1.092084309540554,0.9546580081359904,51.42492629001082,0.011690904298492066
2011-11-03,1.0253045558929443,1.0447683334350586,1.0206997394561768,1.0229506194591522,1.0268940163770495,1.0913468576725904,0.9545543812457139,49.52010940482556,0.009755544355438017
2011-11-04,1.0418511629104614,1.043982982635498,1.031704306602478,1.0229040586948395,1.0270428438050434,1.0912444585786123,0.9545636588110666,55.01819339193376,0.009448019668055752
2011-11-07,1.0395983457565308,1.041102647781372,1.0279288291931152,1.0225367057323456,1.0271677742552487,1.0903028932861887,0.9547705181785024,54.15338430770252,0.008919699873148668
2011-11-08,1.0362157821655273,1.036989450454712,1.028594970703125,1.0219019424915314,1.0272578042435863,1.0885165106804877,0.9552873743025753,52.81110202911917,0.008134290973889069
2011-11-09,1.0378719568252563,1.0397820472717285,1.016063928604126,1.021307371854782,1.0273634177704971,1.0867779709812997,0.9558367727282644,53.41988660939802,0.007558360145628384
2011-11-10,1.013900637626648,1.0206997394561768,1.0058135986328125,1.020207129716873,1.0272294596732383,1.084245672705531,0.9561685867282154,44.47610753115915,0.005108755143020893
2011-11-11,1.0152902603149414,1.0262304544448853,1.0109996795654297,1.019066823720932,1.0271106615942724,1.081324594563638,0.9568090528782258,45.05045125040538,0.0032421826045110347
2011-11-14,1.0333033800125122,1.0336772203445435,1.0203040838241577,1.0185131824016571,1.0271722807217314,1.0797331275169069,0.9572932372864074,51.98398742336859,0.003179764294037213
2011-11-15,1.0205748081207275,1.0226413011550903,1.011725902557373,1.0178944051265717,1.0271066341873485,1.0783738665135119,0.9574149437396315,47.42973802642572,0.0020792397768678583
2011-11-16,1.01449716091156,1.0181951522827148,1.0061981678009033,1.0172004115581512,1.0269811667142892,1.0770063848013258,0.9573944383149766,45.385169492677036,0.000708483870355936
2011-11-17,1.0052978992462158,1.0118999481201172,1.0025765895843506,1.0160048472881318,1.0267654126775654,1.0742747051974488,0.9577349893788148,42.405453784397984,-0.0011073883131249573
2011-11-18,0.9984025359153748,1.0107953548431396,0.9968101382255554,1.014758141040802,1.026483194827953,1.071775464823451,0.957740817258153,40.271208187389135,-0.0030675178586188068
2011-11-21,0.9998000264167786,0.9998000264167786,0.982221782207489,1.0138701212406158,1.0262176905059566,1.07039671217508,0.9573435303061516,40.92019833079342,-0.0044567936977555345
2011-11-22,0.9852216839790344,0.9899029731750488,0.9821252822875977,1.0128712630271912,1.0258097698016,1.0696265717861264,0.9561159542682561,36.4685866852342,-0.006657412698406251
2011-11-23,0.9849305152893066,0.9858044385910034,0.9675859212875366,1.0119313168525697,1.0254030108119145,1.0689544987211788,0.9549081349839605,36.38345236862103,-0.008328903575038016
2011-11-24,0.9699320793151855,0.9784736037254333,0.9699320793151855,1.0107760310173035,1.0248510609246142,1.0688268847356952,0.9527251772989117,32.21198207757391,-0.01074001635010613
2011-11-25,0.9708738327026367,0.9774215221405029,0.9670243859291077,1.0095415234565734,1.024313973768187,1.0683188817412712,0.9507641651718757,32.73348896921074,-0.012431545845532743
2011-11-28,0.9828009605407715,0.9976056814193726,0.9805845022201538,1.0085715436935425,1.0239009087250925,1.0674838716533546,0.9496592157337304,39.12135048877441,-0.012663696410753267
2011-11-29,0.9907857179641724,1.0075058937072754,0.9864851236343384,1.008085162639618,1.0235714041539254,1.067178612285204,0.9489917129940317,43.02231438515672,-0.012064304421970928
2011-11-30,1.0018032789230347,1.0305029153823853,0.9946290850639343,1.0076172399520873,1.0233548057722062,1.06652779501288,0.9487066848912945,47.975902521029305,-0.010578316611568606
2011-12-01,1.025483250617981,1.0267045497894287,1.0153006315231323,1.0080029416084288,1.0233759843395713,1.0671277129136425,0.9488781703032152,56.691023339067165,-0.007404529939872395
2011-12-02,1.0222963094711304,1.0325032472610474,1.0209603309631348,1.0089176189899445,1.0233652413001857,1.0674693656070309,0.9503658723728582,55.347200360418206,-0.00508779175649865
2011-12-05,1.0240026712417603,1.0303648710250854,1.0204393863677979,1.0097455143928529,1.0233715838900994,1.067948430475775,0.9515425983099308,55.949291747148294,-0.0030785829330475245
2011-12-06,1.0256620645523071,1.0267994403839111,1.0158988237380981,1.010616250038147,1.0233943747546637,1.0684339780348173,0.9527985220414767,56.56268584181695,-0.0013369596541970008
2011-12-07,1.0249052047729492,1.0300995111465454,1.023740530014038,1.0113045299053192,1.0234094078971436,1.0689635338785828,0.9536455259320554,56.178441784593005,-1.7580262519745204e-05
2011-12-08,1.0276541709899902,1.0380011796951294,1.021001935005188,1.0123625361919404,1.023451644367997,1.0692198651498341,0.9555052072340465,57.31270648213105,0.0012356126373049836
2011-12-09,1.017822027206421,1.0203665494918823,1.0052776336669922,1.0131896328926087,1.0233956282477286,1.0691111413764351,0.9572681244087822,52.11672909917766,0.0014190473124122693
2011-12-12,1.0206997394561768,1.0208247900009155,1.0059046745300293,1.0142500388622284,1.0233688034698327,1.0686389529504476,0.9598611247740092,53.44702306274149,0.0017761535500131487
2011-12-13,1.0041571855545044,1.0163015127182007,1.0033512115478516,1.015283750295639,1.0231776429951973,1.066767252809564,0.9638002477817141,45.60364354485077,0.0007160626437265893
2011-12-14,0.9989012479782104,1.004379153251648,0.989315390586853,1.016148624420166,1.0229360867040604,1.0649254601780875,0.9673717886622446,43.423252533162916,-0.0005419302392932757
2011-12-15,0.9902951717376709,0.9989012479782104,0.9865824580192566,1.0166737020015717,1.022611301318359,1.0636946639577114,0.969652740045432,40.04693131878021,-0.0022078859561263098
2011-12-16,0.9938382506370544,1.002697229385376,0.9939369559288025,1.0170667839050294,1.022325002165087,1.0629528572714548,0.9711807105386039,42.04483199635296,-0.003205322050490622
2011-12-19,0.9964129328727722,0.9970089793205261,0.9902951717376709,1.0174599778652191,1.0220671705036617,1.062260153640858,0.9726598020895802,43.517827318131054,-0.003744873432679041
2011-12-20,0.9917683601379395,1.0095503330230713,0.9915716648101807,1.0173272943496705,1.0217656896574336,1.0623963350957715,0.9722582536035697,41.470194480488274,-0.004495429480959157
2011-12-21,1.007901906967163,1.0216904878616333,1.0056214332580566,1.0175729477405548,1.0216277415047905,1.0622915753034474,0.9728543201776623,50.23046012390234,-0.00374523541866556
2011-12-22,1.0074145793914795,1.0147957801818848,1.0063601732254028,1.0174020254611968,1.0214863169389854,1.0622110434020846,0.9725930075203091,49.98708631784745,-0.0031536709266821727
2011-12-23,1.0133970975875854,1.0181951522827148,1.0133970975875854,1.0173618948459626,1.0214058271563495,1.0621818106278962,0.9725419790640291,52.99782040660557,-0.002177017284251459
2011-12-26,1.0157955884933472,1.0173975229263306,1.015197515487671,1.0169935715198517,1.0213500038600845,1.06155021453688,0.9724369285028234,54.18852291697814,-0.0011956908849157788
2011-12-27,1.0160020589828491,1.0172008275985718,1.01449716091156,1.0169735276699066,1.0212967904536963,1.0615310527430193,0.972416002596794,54.29585891975018,-0.0003967487280411852
2011-12-28,1.0147957801818848,1.0205018520355225,1.0097134113311768,1.0167633521556854,1.0212321037548087,1.061259577735934,0.9722671265754367,53.50707736804184,0.00013749708855614884
2011-12-29,1.0078917741775513,1.0125967264175415,1.0050050020217896,1.0164440715312957,1.021099364097059,1.0609616696203876,0.9719264734422037,49.10968392953399,3.7519121707241254e-06
2011-12-30,1.0140959024429321,1.0238033533096313,1.013900637626648,1.01626500248909,1.0210296778802777,1.0607461688393671,0.9717838361388129,52.85896099603272,0.0003938392633844323
2012-01-02,1.0208040475845337,1.023604393005371,1.0208040475845337,1.016041249036789,1.021027432801714,1.0603115721305372,0.9717709259430407,56.58350818900269,0.001230097749125525
2012-01-03,1.0253992080688477,1.0387235879898071,1.0252203941345215,1.0156147158145905,1.021070933072199,1.059082022236784,0.9721474093923971,58.97467189665264,0.0022378333221826363
2012-01-04,1.0370001792907715,1.0374305248260498,1.0308003425598145,1.015497270822525,1.0212294331033687,1.0586948688968811,0.9722996727481689,64.3176819517491,0.003927300967526914
2012-01-05,1.0341261625289917,1.034457802772522,1.023604393005371,1.0153817737102508,1.02135775882444,1.0583432881596417,0.97242025926086,62.15790007295999,0.004976936093651574
2012-01-06,1.0257041454315186,1.026999831199646,1.0205435752868652,1.0145018208026886,1.0214010064707708,1.0546310964519716,0.9743725451534057,56.20205725483531,0.005070740756273784
2012-01-09,1.01980459690094,1.0242962837219238,1.0147442817687988,1.0135500061511993,1.0213851217917433,1.0507060406035704,0.9763939716988281,52.41347117695984,0.0046158289623701165
2012-01-10,1.0253992080688477,1.0351966619491577,1.0253360271453857,1.0129678404331208,1.021425062965386,1.0483755940058026,0.977560086860439,55.47847348466061,0.004653108317152155
2012-01-11,1.0298025608062744,1.0326951742172241,1.026504397392273,1.01294979929924,1.021508421187274,1.0483215667626717,0.9775780318358084,57.783255072866986,0.004980553519272846
2012-01-12,1.03152334690094,1.0377641916275024,1.0288594961166382,1.0130741751194001,1.021608072230134,1.0486663055015994,0.9774820447372007,58.683399921350784,0.00531761114650009
2012-01-13,1.0336664915084839,1.0369033813476562,1.023499608039856,1.0129104816913606,1.021728056550118,1.0480346179001072,0.9777863454826139,59.83212418077975,0.00569205118043925
2012-01-16,1.0281190872192383,1.0330791473388672,1.0256409645080566,1.0126808965206147,1.0217916489205638,1.047238520323138,0.9781232727180912,55.528538213275546,0.005478021221785978
2012-01-17,1.032002329826355,1.0445609092712402,1.0321195125579834,1.0125966274738312,1.0218932477758496,1.0469398905737575,0.9782533643739049,57.815896888187105,0.005557680679000976
2012-01-18,1.0379796028137207,1.0427963733673096,1.0362050533294678,1.0125987803936005,1.0220533110729202,1.0469485235894158,0.9782490371977853,61.129962310006036,0.006033576039867983
2012-01-19,1.041894555091858,1.0432968139648438,1.0374627113342285,1.0131586587429047,1.0222507364633064,1.0484934527191274,0.9778238647666819,63.1708184405303,0.0066499737147021065
2012-01-20,1.041590690612793,1.0481960773468018,1.038594126701355,1.0136846673488618,1.0224431738921087,1.0499205288942832,0.9774488058034403,62.894792269073086,0.007032883288225822
2012-01-23,1.0468025207519531,1.0573954582214355,1.046101689338684,1.0139546501636505,1.0226855555452823,1.0509796997648937,0.9769296005624073,65.66590600456617,0.0076684953778629605
2012-01-24,1.052897572517395,1.0532968044281006,1.0431989431381226,1.0146011054515838,1.0229861727430165,1.0531934750456022,0.9760087358575654,68.61763810801908,0.00856530675270939
2012-01-25,1.047998309135437,1.0541962385177612,1.0445936918258667,1.0152711284160614,1.023235049815022,1.0550025846313371,0.9755396722007856,63.86482083597711,0.008779501984552907
2012-01-26,1.0592883825302124,1.068798542022705,1.0590976476669312,1.0163509380817413,1.0235937895767149,1.0578705075253168,0.9748313686381657,69.16520220099184,0.009747900092451856
2012-01-27,1.061582326889038,1.0670992136001587,1.059490442276001,1.0176145339012146,1.0239717851112742,1.0607198762439323,0.974509191558497,70.12409225400162,0.010578522090598508
2012-01-30,1.0637166500091553,1.063795804977417,1.052997350692749,1.018892866373062,1.0243672565471655,1.0636030038654476,0.9741827288806765,71.0268785706727,0.011279000747268508
2012-01-31,1.05860435962677,1.06859290599823,1.0579994916915894,1.0203605198860168,1.0247079243617776,1.065375945509364,0.9753450942626695,65.89083282027718,0.011291455154358143
2012-02-01,1.060805320739746,1.06859290599823,1.0579994916915894,1.0218780159950256,1.025067102562829,1.0671334061423257,0.9766226258477256,66.99729661914938,0.011348110574573411
2012-02-02,1.071799874305725,1.0756042003631592,1.0684788227081299,1.0239153718948364,1.0255321054303395,1.068796063874915,0.9790346799147578,71.90083348775794,0.012140233931007272
2012-02-03,1.0705033540725708,1.077702283859253,1.067452311515808,1.0259079623222351,1.025979580697075,1.070016734787148,0.9817991898573221,70.5692698245963,0.012519067038605503
2012-02-06,1.0751993656158447,1.0759050846099854,1.0686957836151123,1.0277559304237365,1.02646932996964,1.0722339288217388,0.983277932025734,72.55204104488793,0.013047816781188715
2012-02-07,1.0722020864486694,1.0823447704315186,1.0704116821289062,1.0293842577934265,1.0269243824282823,1.0742970284496516,0.9844714871372013,69.34101034691668,0.013074287138467255
2012-02-08,1.0797970294952393,1.0845046043395996,1.078399658203125,1.0309441328048705,1.0274504785968357,1.077340164928382,0.984548100681359,72.64482944660121,0.013551895699725591
2012-02-09,1.0787951946258545,1.0826963186264038,1.0744023323059082,1.0320103716850282,1.0279613714646216,1.080305644725815,0.9837150986442413,71.54955821023572,0.013691734432501601
2012-02-10,1.0769131183624268,1.077574610710144,1.064305305480957,1.033102707862854,1.0284484536846954,1.0829469901703999,0.9832584255553082,69.43168273035087,0.013495126393776369
2012-02-13,1.0709046125411987,1.0778882503509521,1.068844199180603,1.0340407466888428,1.0288709031651322,1.0849401836398145,0.9831413097378712,63.01847500124995,0.012707987136742371
2012-02-14,1.0705033540725708,1.0733990669250488,1.0666552782058716,1.034937572479248,1.0292851565425325,1.0868053989675093,0.9830697459909867,62.60260991174223,0.01191445300183358
2012-02-15,1.0704002380371094,1.077702283859253,1.0670992136001587,1.0358474731445313,1.029694261962582,1.0885858580634147,0.9831090882256479,62.48848741447229,0.011148735200978699
2012-02-16,1.0687299966812134,1.0739868879318237,1.064894676208496,1.0366689896583556,1.030082677357065,1.0901607528404331,0.9831772264762783,60.56264232272547,0.010288524106949914
2012-02-17,1.0750607252120972,1.0797853469848633,1.071799874305725,1.0378137636184692,1.030530220262848,1.092103206284561,0.9835243209523774,64.96948009372414,0.010002336789511235
2012-02-20,1.0803452730178833,1.0801585912704468,1.0748989582061768,1.0390066742897033,1.0310258925842357,1.0943717679797176,0.983641580599689,68.16714980214627,0.010085688581842556
2012-02-21,1.0722020864486694,1.075026035308838,1.0654959678649902,1.0403675723075867,1.031435606082597,1.0955812152120095,0.985153929403164,59.19954203658971,0.009386457142030125
2012-02-22,1.066996693611145,1.0685701370239258,1.0608166456222534,1.0417294812202453,1.0317894478577754,1.0961215628751326,0.987337399565358,54.283525628088675,0.008316413056653094
2012-02-23,1.0624960660934448,1.071604609489441,1.060546636581421,1.043173499107361,1.032094986440206,1.0957970064409968,0.990549991773725,50.387498107269785,0.007024261073174998
2012-02-24,1.0728002786636353,1.0755001306533813,1.0703773498535156,1.0447527396678924,1.0325000143449543,1.096055912150446,0.9934495671853386,57.84698614913628,0.006753831193448745
2012-02-27,1.0695186853408813,1.0744831562042236,1.065200924873352,1.0462148547172547,1.0328683594393222,1.0960406050315608,0.9963891044029487,55.01026737617031,0.006203209669985332
2012-02-28,1.0759166479110718,1.0787951946258545,1.073502779006958,1.0478978204727172,1.0332967007440226,1.0958672606948032,0.9999283802506311,59.210080909997025,0.006211497972928415
2012-02-29,1.0799602270126343,1.0855995416641235,1.0764957666397095,1.0493389868736267,1.0337610145733283,1.0967301510614362,1.0019478226858172,61.646914312177145,0.006469770070539171
2012-03-01,1.0741138458251953,1.0797970294952393,1.0728002786636353,1.050672972202301,1.0341625353979609,1.096990167649952,1.0043557767546498,56.400508472558506,0.006132012444648893
2012-03-02,1.0807772874832153,1.0817711353302002,1.0736640691757202,1.0520205760002137,1.034626363909196,1.097829129651695,1.0062120223487323,60.52412661445785,0.0063290636398800615
2012-03-05,1.072259545326233,1.0741254091262817,1.0662003755569458,1.0531498551368714,1.0350008235315113,1.0980890808004184,1.0082106294733244,53.5517440299087,0.005731844391257512
2012-03-06,1.0677030086517334,1.069198489189148,1.0550971031188965,1.054183874130249,1.03532621849929,1.0979995057588134,1.0103682425016844,50.218900373164075,0.004835133001450664
2012-03-07,1.056602120399475,1.0584698915481567,1.051325798034668,1.055020000934601,1.0355379190742993,1.0973376894853026,1.0127023123838992,43.16986685656337,0.0031919391687842413
2012-03-08,1.0568814277648926,1.0669056177139282,1.0539740324020386,1.0559997940063477,1.0357502923532922,1.096072720682461,1.0159268673302344,43.38519546302467,0.0018904421476255706
2012-03-09,1.0644639730453491,1.0664050579071045,1.0578763484954834,1.057007155418396,1.036036000696391,1.0952720758266776,1.0187422350101143,49.03124154586285,0.0014540826560121012
2012-03-12,1.0563342571258545,1.0565017461776733,1.0476031303405762,1.0577177596092224,1.0362379734514269,1.0945306239303267,1.0209048952881181,43.96833963848175,0.00044711047207024457
2012-03-13,1.0532968044281006,1.0559996366500854,1.04889976978302,1.0582757115364074,1.0364077131082698,1.093916242296516,1.0226351807762988,42.2144332018068,-0.0005892270436260727
2012-03-14,1.0542962551116943,1.0550971031188965,1.0432859659194946,1.058621633052826,1.036585708597949,1.093751405028927,1.023491861076725,43.01986058891611,-0.001314729292917649
2012-03-15,1.0440047979354858,1.052941918373108,1.0425028800964355,1.0588192057609558,1.036659530401643,1.0934948548216392,1.0241435567002724,37.26071123729229,-0.0026891310089216525
2012-03-16,1.0521000623703003,1.0596812963485718,1.0512040853500366,1.0593471240997314,1.036813167575305,1.0927451719364394,1.0259490762630235,43.65091970601573,-0.0030895200222851305
2012-03-19,1.0601980686187744,1.0621010065078735,1.0560665130615234,1.0601549935340882,1.0370458532172733,1.091542619575898,1.0287673674922784,49.22250124563543,-0.002722012112394978
2012-03-20,1.059984564781189,1.062665343284607,1.0459047555923462,1.0608467006683349,1.037274099161213,1.0905893163861646,1.031104084950505,49.084700975252424,-0.0024200901288706778
2012-03-21,1.0485148429870605,1.052897572517395,1.0424050092697144,1.0612209463119506,1.0373859473864941,1.0898180307620349,1.0326238618618664,42.2428788319037,-0.0030709257535173062
2012-03-22,1.0459047555923462,1.0485037565231323,1.0341689586639404,1.0615085744857788,1.0374707116682644,1.0891601515044924,1.0338569974670653,40.84754402195514,-0.003754055499431086
2012-03-23,1.0401498079299927,1.0466053485870361,1.0376026630401611,1.0616382408142089,1.037497369349054,1.0888136252698206,1.0344628563585971,37.87677473777236,-0.00470557399707916
2012-03-26,1.048866629600525,1.0545519590377808,1.0431009531021118,1.0620531916618348,1.0376104963442223,1.0877319207434477,1.0363744625802218,44.46503767209962,-0.0047020819289593785
2012-03-27,1.052698016166687,1.0559996366500854,1.0474933385849,1.0624671053886414,1.0377606209556902,1.086800694488857,1.0381335162884258,47.1196071436384,-0.004340123324112488
2012-03-28,1.0443209409713745,1.044801115989685,1.0358400344848633,1.0625939321517945,1.037825897787316,1.0864683567580227,1.0387195075455664,42.35276759258928,-0.004675334138469545
2012-03-29,1.039198637008667,1.0398037433624268,1.030598521232605,1.0625400137901306,1.0378395568872671,1.086616567048079,1.0384634605321823,39.70756040362396,-0.005293300373085286
2012-03-30,1.0374951362609863,1.041601538658142,1.035400390625,1.0624581027030944,1.0378361298155587,1.0868513459682114,1.0380648594379773,38.83878953311677,-0.005853031239074324
2012-04-02,1.0426006317138672,1.0436997413635254,1.036946415901184,1.0623740649223328,1.0378835378056055,1.0870151458911528,1.0377329839535128,42.872958007993425,-0.005817589616595509
2012-04-03,1.0429269075393677,1.046495795249939,1.0356041193008423,1.0621746516227721,1.0379337206005113,1.0872856540285738,1.0370636492169705,43.13111527642136,-0.005697496944908842
2012-04-04,1.0309809446334839,1.0310978889465332,1.024600625038147,1.0618343043327332,1.0378645387344172,1.0881614095827699,1.0355071990826965,36.60819737531823,-0.0064914328106389085
2012-04-05,1.0280978679656982,1.0323007106781006,1.0255885124206543,1.0612104940414429,1.0377673579089473,1.089208868957573,1.0332121191253127,35.223657749534624,-0.007269474914716634
2012-04-06,1.0295162200927734,1.0331004858016968,1.0276013612747192,1.0605691719055175,1.0376852570169197,1.0899668106586509,1.031171533152384,36.49610551023278,-0.007683064143788831
2012-04-09,1.0287959575653076,1.0320981740951538,1.0259672403335571,1.0598707580566407,1.037596806256658,1.0905926185153747,1.0291488975979066,36.10820453237305,-0.007977001842332188
2012-04-10,1.0310128927230835,1.0355290174484253,1.0255988836288452,1.059318928718567,1.0375312946649473,1.0911063572999742,1.0275315001371597,38.2825530509575,-0.007939539378834626
2012-04-11,1.0233948230743408,1.0330791473388672,1.022829532623291,1.0585707187652589,1.0373906332257676,1.091937252949099,1.0252041845814188,34.0005529286702,-0.008427418624383565
2012-04-12,1.032002329826355,1.0446155071258545,1.0307577848434448,1.0577747678756715,1.0373370182551285,1.0917464613574215,1.0238030743939215,41.907085498251305,-0.008026982524588666
2012-04-13,1.0438958406448364,1.045303463935852,1.0358937978744507,1.0572426176071168,1.0374022801832419,1.091234067918486,1.0232511672957476,50.696172880531215,-0.006673004859462095
2012-04-16,1.0343722105026245,1.0379151105880737,1.0312999486923218,1.0564260745048524,1.0373721302298646,1.090617793988143,1.0222343550215618,44.8453712608703,-0.00629587029146883
2012-04-17,1.035400390625,1.041894555091858,1.0307046175003052,1.055690040588379,1.037352510926251,1.0900794814552883,1.0213005997214695,45.57564362449491,-0.0058466266140027034
2012-04-18,1.040680170059204,1.041601538658142,1.0344792604446411,1.0549077033996581,1.0373856219691884,1.088835368174014,1.0209800386253023,49.28875863784824,-0.0050068478621025925
2012-04-19,1.0372260808944702,1.0387128591537476,1.031704306602478,1.0540763211250306,1.0373840344954859,1.087650213517002,1.020502428733059,47.02824903184005,-0.004567383327605867
2012-04-20,1.0346397161483765,1.038303017616272,1.0310978889465332,1.0532308530807495,1.0373567278397782,1.0865858368726329,1.019875869288866,45.35104206366888,-0.004377343249524879
2012-04-23,1.0384000539779663,1.0383137464523315,1.0273902416229248,1.052580761909485,1.0373671091964525,1.0857965166702808,1.019365007148689,48.24127719214902,-0.003878597227590763
2012-04-24,1.0310978889465332,1.0325032472610474,1.0249576568603516,1.051792652606964,1.0373047288831703,1.085142372393195,1.0184429328207332,43.43707450915685,-0.004026150150490571
2012-04-25,1.0333994626998901,1.034907341003418,1.0307683944702148,1.0510526371002198,1.037265870505609,1.0843591085216595,1.01774616567878,45.286574633326424,-0.003912270914312677
2012-04-26,1.0362050533294678,1.0394037961959839,1.0351966619491577,1.0504021382331847,1.0372553151087835,1.0835696007566118,1.0172346757097577,47.53846669716982,-0.00355465720709236
2012-04-27,1.0366991758346558,1.0448665618896484,1.0356041193008423,1.049634907245636,1.037249781383605,1.082244258706137,1.0170255557851349,47.94482820690772,-0.00319454943370423
2012-04-30,1.0456314086914062,1.0462987422943115,1.0408860445022583,1.0489406299591064,1.037333180676084,1.0803368216819453,1.0175444382362675,54.7658318116927,-0.002163465800070208
2012-05-01,1.0421985387802124,1.0429050922393799,1.0306727886199951,1.0483405590057373,1.0373815922085794,1.0790617365023514,1.0176193815091232,51.948491378981544,-0.0016048290338701587
2012-05-02,1.033698558807373,1.0357006788253784,1.028594970703125,1.0476745963096619,1.0373449451032613,1.0781880234562269,1.0171611691630968,45.682056561201584,-0.0018269230862888453
2012-05-03,1.0307791233062744,1.0315552949905396,1.0257987976074219,1.0470402574539184,1.0372796135310929,1.077614703094179,1.0164658118136578,43.730858930171436,-0.0022129982033851636
2012-05-04,1.0267994403839111,1.0279182195663452,1.018288493156433,1.0461202406883239,1.0371753331823077,1.076296661185198,1.0159438201914497,41.15058454247778,-0.002807726939037858
2012-05-07,1.0124019384384155,1.0208561420440674,1.0112041234970093,1.0449779057502746,1.0369288316976917,1.0758552015178164,1.0141006099827328,33.459023317404956,-0.004390204286679467
2012-05-08,1.0215651988983154,1.0217427015304565,1.009000301361084,1.0438908767700195,1.0367759597022905,1.0741430253540922,1.0136387281859467,41.01557121397658,-0.004849033803994374
2012-05-09,1.0102949142456055,1.0116645097732544,1.0022450685501099,1.042497570514679,1.0365124666661738,1.0723840681906738,1.0126110728386843,35.65271220909027,-0.0060523100214346925
2012-05-10,1.0054596662521362,1.014404535293579,1.004974603652954,1.0411244869232177,1.036203483523494,1.0713882028773611,1.0108607709690742,33.621597235968224,-0.007311793393307786
2012-05-11,1.0060261487960815,1.0083186626434326,1.0019538402557373,1.039629464149475,1.0359032114842175,1.0692770228243553,1.0099819054745947,34.095305268103104,-0.0081700533433402
2012-05-14,1.002466082572937,1.003612995147705,0.9961150884628296,1.0382335948944093,1.0355705036768796,1.0681810992259186,1.0082860905628999,32.524401806500705,-0.009033367095857558
2012-05-15,0.9974067807197571,1.001542329788208,0.994925856590271,1.0368276703357697,1.035190765075609,1.0677139008817034,1.005941439789836,30.382057392238337,-0.010010399191150654
2012-05-16,0.9946290850639343,0.9968101382255554,0.9872642755508423,1.0355882096290587,1.0347871662017742,1.0681632460693677,1.0030131731887497,29.243163969904174,-0.010883384113669292
2012-05-17,0.9931473135948181,0.9964129328727722,0.9899029731750488,1.0343135273456574,1.0343728392413054,1.0684387074800399,1.000188347211275,28.626685069158995,-0.011561523482254144
2012-05-18,0.9895111918449402,0.9895111918449402,0.9799118638038635,1.0328144717216492,1.0339264546166511,1.068099096936173,0.9975298465071255,27.116041457111976,-0.012251134996294821
2012-05-21,0.9838646650314331,0.9876542687416077,0.9817396402359009,1.0313650798797607,1.033428327275952,1.0686058025392566,0.9941243572202647,24.917088610309463,-0.013102250030922358
2012-05-22,0.9917683601379395,0.9939369559288025,0.9866798520088196,1.0301345109939575,1.0330138001728983,1.0684674878239864,0.9918015341639286,33.095658933331904,-0.012989270462309133
2012-05-23,0.9772304892539978,0.978090763092041,0.9706853032112122,1.0285931956768035,1.0324587422641813,1.069096783446423,0.9880896079071841,27.221967681663372,-0.013912444027928683
2012-05-24,0.9728572964668274,0.9815468788146973,0.9713453054428101,1.0271702456474303,1.031865692958515,1.0703730009066452,0.9839674903882155,25.741959282396337,-0.014826040473724822
2012-05-25,0.9764671921730042,0.9800077676773071,0.9727626442909241,1.0256575882434844,1.0313144640087033,1.0705604343948643,0.9807547420921046,29.165460269333735,-0.015084894550437156
2012-05-28,0.9819324612617493,0.9887285232543945,0.9815468788146973,1.024092276096344,1.0308231007211517,1.0695339501701084,0.9786506020225795,34.117653776921884,-0.014679816939067725
2012-05-29,0.9821252822875977,0.9899029731750488,0.9804883003234863,1.022535090446472,1.0303385452395155,1.0682916032400205,0.9767785776529236,34.292194598177105,-0.014179775344746903
2012-05-30,0.9827043414115906,0.9832842350006104,0.9721952676773071,1.0212188804149627,1.029864572990133,1.0677054259833731,0.9747323348465522,34.850398572813106,-0.013580219232812163
2012-05-31,0.9704968333244324,0.9761812090873718,0.9674922823905945,1.0197107219696044,1.0292738491235345,1.067793850063451,0.9716275938757578,29.215587261372306,-0.013929539514086153
2012-06-01,0.9721007347106934,0.9722898006439209,0.9584970474243164,1.0183497405052184,1.0287049623282636,1.0679013498935024,0.9687981311169345,30.79873336910741,-0.013916535754766146
2012-06-04,0.9644131064414978,0.9746588468551636,0.9632055163383484,1.016660670042038,1.028065242274898,1.0677016031443622,0.9656197369397137,27.611112473827234,-0.014361012719738886
2012-06-05,0.9748489260673523,0.9803921580314636,0.9711565971374512,1.0151036882400513,1.0275357266134706,1.0664065014965418,0.9638008749835608,37.12447992688832,-0.013713104357814698
2012-06-06,0.9776126742362976,0.9906875491142273,0.9766578674316406,1.0137695229053498,1.0270389797518784,1.0654393276550782,0.9620997181556215,39.39601848652068,-0.012828739213396223
2012-06-07,0.9908838868141174,1.0003000497817993,0.9888262748718262,1.0128032279014587,1.026679227531884,1.0643389045067022,0.9612675512962151,48.93604891182395,-0.01093099185229185
2012-06-08,0.9909821152687073,0.991276741027832,0.982221782207489,1.0118729674816132,1.0263240323346845,1.0632684286044634,0.9604775063587628,49.000041520447205,-0.009311747155877681
2012-06-11,0.9986019730567932,0.9997000694274902,0.9910803437232971,1.0109929943084717,1.0260481909101593,1.0617436908947868,0.9602422977221565,53.833284360226465,-0.007329139468687296
2012-06-12,0.987751841545105,0.9939369559288025,0.9867772459983826,1.0098894929885864,1.0256671326546258,1.0602036062018352,0.9595753797753377,47.00260991682698,-0.006557828957220568
2012-06-13,0.995322048664093,1.000100016593933,0.9933445453643799,1.0091763150691986,1.0253651914788953,1.0592806367067167,0.9590719934316805,51.615532041943624,-0.005274901590229475
2012-06-14,0.994925856590271,0.9995002746582031,0.992457389831543,1.00851287484169,1.0250623124835683,1.0584728343838627,0.9585529152995174,51.36355589725815,-0.004241251293316428
2012-06-15,1.0015223026275635,1.006897211074829,0.9996002316474915,1.007952996492386,1.024828083498224,1.057578553172489,0.9583274398122827,55.27815792476096,-0.0028568657495313676
2012-06-18,1.011439323425293,1.0133047103881836,1.0060462951660156,1.0076058638095855,1.0246948619871932,1.0568778907892564,0.9583338368299145,60.43404448116389,-0.0009485749521654929
2012-06-19,1.0112961530685425,1.0196797847747803,1.0106420516967773,1.0072115290164947,1.0245615414828364,1.0560324672384669,0.9583905907945225,60.32591499138976,0.0005459136492456107
2012-06-20,1.0181951522827148,1.0210124254226685,1.0169628858566284,1.0071075356006622,1.0244981943183349,1.0558097790646113,0.9584052921367132,63.696666026177326,0.002260935554624144
2012-06-21,1.0196278095245361,1.0195966958999634,1.0086034536361694,1.006860045194626,1.0244497327718258,1.0551701178800776,0.9585499725091742,64.37357900310107,0.003693134086053096
2012-06-22,1.0044395923614502,1.0065425634384155,1.0009509325027466,1.0060709202289582,1.024250626871582,1.0531859733214854,0.9589558671364309,53.074963810456275,0.0035615442832963584
2012-06-25,1.0035022497177124,1.0041067600250244,0.9971083998680115,1.0054535210132598,1.0240441753314216,1.0518585451425426,0.959048496883977,52.462970465144906,0.0033430856880941606
2012-06-26,1.0014019012451172,1.005995750427246,1.0012015104293823,1.0047735512256621,1.0238188790435583,1.050376947462402,0.9591701549889222,51.042708783031706,0.002966281660556791
2012-06-27,1.0050050020217896,1.0086950063705444,1.0041571855545044,1.004060047864914,1.0236316762638433,1.0484711775217517,0.9596489182080763,53.374597518377286,0.0029246878928410602
2012-06-28,1.007678508758545,1.0128017663955688,1.0014621019363403,1.0034690964221955,1.0234729382591727,1.0468533921702505,0.9600848006741405,55.0841393288639,0.0030720415992113725
2012-06-29,1.0033713579177856,1.0251573324203491,1.0021947622299194,1.0028437292575836,1.0232729225100026,1.0452852977375322,0.960402160777635,51.789610872888545,0.0028088902582248387
2012-07-02,1.0239187479019165,1.0276647806167603,1.0215861797332764,1.0025541031360625,1.0232793486340808,1.044195401830686,0.960912804441439,63.12127829458206,0.004209815442701936
2012-07-03,1.0238033533096313,1.0298025608062744,1.0231330394744873,1.0024082124233247,1.023284562611575,1.0436909026165582,0.9611255222300911,63.03167468491926,0.005250226027819771
2012-07-04,1.0289971828460693,1.0318958759307861,1.02638840675354,1.0023201668262482,1.0233414046106817,1.0433510853778571,0.9612892482746394,65.4116193933326,0.006419853474590287
2012-07-05,1.0268627405166626,1.0326951742172241,1.0245376825332642,1.002133320569992,1.0233764427830039,1.0426158451034773,0.9616507960365068,63.59955923051151,0.007092798627696073
2012-07-06,1.0280767679214478,1.0289018154144287,1.0188382863998413,1.001960872411728,1.0234232121927893,1.0419123770972814,0.9620093677261745,64.20691834264804,0.007636050735751132
2012-07-09,1.0195966958999634,1.0212000608444214,1.0156512260437012,1.001440178155899,1.0233851373994352,1.0397118747444005,0.9631684815673974,57.04671605975069,0.007298182103758322
2012-07-10,1.0206893682479858,1.0244957208633423,1.0161981582641602,1.0010099947452544,1.0233583138227405,1.0378692286584386,0.9641507608320703,57.70127066401286,0.007037464791882497
2012-07-11,1.0188279151916504,1.0282142162322998,1.0181018114089966,1.00071258187294,1.023313235224324,1.036725506565224,0.964699657180656,56.131968403475945,0.0066045080810255286
2012-07-12,1.0249682664871216,1.0253992080688477,1.0102745294570923,1.000596364736557,1.0233297031989228,1.0362489601724671,0.9649437693006468,59.99689085016622,0.006679860526790371
2012-07-13,1.0136950016021729,1.0229970216751099,1.0123711824417114,1.0003342759609222,1.0232338355107697,1.0353882940009211,0.9652802579209232,51.09622270501465,0.005763481790891811
2012-07-16,1.023499608039856,1.0244327783584595,1.0203977823257446,1.000556229352951,1.0232364800138354,1.036059775805774,0.9650526829001282,57.062407382907104,0.005761974385534163
2012-07-17,1.024075984954834,1.0310022830963135,1.0237720012664795,1.0006064450740815,1.0232448332977335,1.0362381475401201,0.9649747426080428,57.39149510439595,0.0057411086294199
2012-07-18,1.0315978527069092,1.0356041193008423,1.0291030406951904,1.0010325038433074,1.0233279479276163,1.0376333266411644,0.9644316810454505,61.53479042296081,0.006259370109787499
2012-07-19,1.0360976457595825,1.0445064306259155,1.0362050533294678,1.0016452634334565,1.0234550096110504,1.0395512034191954,0.9637393234477177,63.802462003547596,0.006953041426416506
2012-07-20,1.0424375534057617,1.0429050922393799,1.0366777181625366,1.00237349152565,1.0236438906636496,1.0419836751913678,0.9627633078599319,66.77452698637848,0.00792302678385326
2012-07-23,1.0339871644973755,1.0342010259628296,1.0245376825332642,1.0030039131641388,1.0237468088219388,1.0436109253628867,0.9623969009653911,59.73437491612127,0.007918590820106486
2012-07-24,1.0272952318191528,1.03153395652771,1.0253150463104248,1.0036016821861267,1.0237821165170842,1.044748764822966,0.9624545995492874,54.806467074595695,0.007291045611271585
2012-07-25,1.0215965509414673,1.0310554504394531,1.0191913843154907,1.0041410315036774,1.0237603695937196,1.0455144158642589,0.962767647143096,50.95164843122015,0.006261694672668128
2012-07-26,1.0304604768753052,1.0422964096069336,1.0293254852294922,1.004887294769287,1.0238270373345848,1.0467939240854554,0.9629806654531188,56.12131157382151,0.006090958602414043
2012-07-27,1.0395010709762573,1.0455657243728638,1.038594126701355,1.0058870923519134,1.023982997883897,1.04867249665771,0.963101688046117,60.67404895471177,0.00660896538616651
2012-07-30,1.0464081764221191,1.0506961345672607,1.045128583908081,1.0071379625797272,1.0242061340108015,1.050940371140403,0.9633355540190515,63.76722315648209,0.007490489478677587
2012-07-31,1.0498688220977783,1.0538963079452515,1.0490317344665527,1.008299971818924,1.0244614841659987,1.0534985478303196,0.9631013958075285,65.24232366470076,0.008371843457151362
2012-08-01,1.0485037565231323,1.0542407035827637,1.0466053485870361,1.0097254371643067,1.0247007107797852,1.0554174827231055,0.9640333916055079,64.13318997313199,0.008858063212597411
2012-08-02,1.0469998121261597,1.0573954582214355,1.0440047979354858,1.0112082874774933,1.0249225924064964,1.0568289720653534,0.965587602889633,62.86516591774437,0.009018085254711705
2012-08-03,1.0458828210830688,1.056993007659912,1.0447901487350464,1.0125966000556945,1.0251311519156139,1.0581268394350798,0.9670663606763092,61.88648069569535,0.008951583748603387
2012-08-06,1.0558992624282837,1.0593332052230835,1.0537962913513184,1.0140759360790252,1.0254373022977472,1.0603402101758495,0.967811661982201,66.86767339863485,0.009596501436614169
2012-08-07,1.0563008785247803,1.0603779554367065,1.0555983781814575,1.0155594480037688,1.0257444025872882,1.0623954655083576,0.9687234304991802,67.05360130650467,0.010024454739059774
2012-08-08,1.0536963939666748,1.0582571029663086,1.0532746315002441,1.0169792890548706,1.026022531880367,1.0640536329922314,0.9699049451175096,64.5248001786394,0.010037741837604974
2012-08-09,1.0557990074157715,1.0612894296646118,1.0555425882339478,1.0186853325366974,1.026318815246051,1.065061564463497,0.9723091006098976,65.65103401512164,0.010101491584967537
2012-08-10,1.0573954582214355,1.0574736595153809,1.0500340461730957,1.0203912270069122,1.0266280356020867,1.066042605736043,0.9747398482777814,66.52013102583679,0.010163673456031308
2012-08-13,1.0552864074707031,1.0572389364242554,1.0505746603012085,1.0222086930274963,1.0269131935566211,1.0659598979360863,0.9784574881189062,64.2087837354313,0.009928322742919882
2012-08-14,1.0514030456542969,1.0540851354599,1.0481411218643188,1.0237397754192352,1.0271568736985646,1.0660609084510604,0.9814186423874101,60.069977565369285,0.009321004030849789
2012-08-15,1.0487127304077148,1.05138099193573,1.0456860065460205,1.0251617765426635,1.0273713598537695,1.0659054189374282,0.9844181341478988,57.313723370355234,0.00852435021647091
2012-08-16,1.0496042966842651,1.0512704849243164,1.0476908683776855,1.0263361847400665,1.0275925831250072,1.066426944204604,0.986245425275529,58.00147398956714,0.007874169749015891
2012-08-17,1.052398920059204,1.0525429248809814,1.0413954257965088,1.0275645208358766,1.0278394123694345,1.0669920163158626,0.9881370253558907,60.167835637675715,0.007497967888480561
2012-08-20,1.0437215566635132,1.0469998121261597,1.0428180694580078,1.0284669125080108,1.027997443669382,1.0672488415463814,0.9896849834696403,51.31659890121742,0.006425564588536048
2012-08-21,1.0452051162719727,1.0521553754806519,1.0449649095535278,1.0296159780025482,1.0281686643067092,1.06684762860476,0.9923843274003364,52.600452956990374,0.005630483401065867
2012-08-22,1.0469011068344116,1.0469998121261597,1.0415364503860474,1.0306475591659545,1.0283550567852084,1.0668447433329662,0.994450374998943,54.090966778076215,0.005078684186222038
2012-08-23,1.0509058237075806,1.0543184280395508,1.045653223991394,1.0317671585083008,1.0285794425442476,1.0669019715804888,0.9966323454361128,57.490221632244356,0.004907950715058895
2012-08-24,1.0432424545288086,1.0444954633712769,1.0380011796951294,1.0326015615463258,1.0287253431729304,1.0667730313717119,0.9984300917209398,49.879280343955074,0.004106931215242193
2012-08-27,1.0404852628707886,1.042024850845337,1.0373982191085815,1.0331824803352356,1.0288423573087428,1.0668696772372388,0.9994952834332324,47.44555368555402,0.0032126022872218662
2012-08-28,1.0366023778915405,1.0390797853469849,1.034714698791504,1.0336886048316956,1.028919571450079,1.066788959238733,1.0005882504246582,44.176548178638164,0.0021655605670694023
2012-08-29,1.0374951362609863,1.0399118661880493,1.0356147289276123,1.034074604511261,1.0290049004599384,1.0668863778212987,1.0012628312012233,45.112932744780956,0.0013917671740049098
2012-08-30,1.034104824066162,1.0345326662063599,1.0301631689071655,1.0343641448020935,1.0290556459724418,1.066910002030872,1.001818287573315,42.216832129638114,0.0004992059396919934
2012-08-31,1.0280978679656982,1.0354111194610596,1.0280133485794067,1.0348373103141784,1.0290461158422808,1.066276523039025,1.0033980975893317,37.609877328723016,-0.0006849705104727821
2012-09-03,1.0278126001358032,1.0278021097183228,1.0233948230743408,1.0353235173225404,1.0290338420532121,1.0655118186829025,1.0051352159621783,37.40114188703905,-0.0016276945588786784
2012-09-04,1.024096965789795,1.0289018154144287,1.0222649574279785,1.0357774186134339,1.02898471890257,1.0645323918563556,1.007022445370512,34.699762195891665,-0.0026441506750163324
2012-09-05,1.0212000608444214,1.0224008560180664,1.0170042514801025,1.0361013197898865,1.028907259612567,1.063786438601107,1.008416200978666,32.71575313571026,-0.003641478788145136
2012-09-06,1.019295334815979,1.0289547443389893,1.0171594619750977,1.0363336563110352,1.028811618562673,1.0632289059106474,1.009438406711423,31.442774912960658,-0.004533306835877937
2012-09-07,1.028594970703125,1.0397387742996216,1.0279394388198853,1.0368381285667418,1.0288094628624185,1.0621068743692594,1.0115693827642243,43.08662273448654,-0.004438519602097291
2012-09-10,1.0362157821655273,1.0387020111083984,1.0336238145828247,1.0370840692520142,1.0288831575872466,1.0620774465446736,1.0120906919593549,50.505232613301324,-0.003705746699973922
2012-09-11,1.0333994626998901,1.0449320077896118,1.0324711799621582,1.0372759914398193,1.0289280959498328,1.0619990309006633,1.0125529519789753,48.01439715634061,-0.0033140698058256035
2012-09-12,1.0430465936660767,1.0505967140197754,1.0429050922393799,1.0375569796562194,1.0290685785242526,1.0622152395078746,1.0128987198045643,56.01642612692767,-0.0021998615660328014
2012-09-13,1.0466053485870361,1.0490977764129639,1.0431989431381226,1.0379518318176268,1.0292430737611526,1.0625433113603626,1.013360352274891,58.55105900162664,-0.0010179474634857133
2012-09-14,1.0535187721252441,1.0623153448104858,1.0535964965820312,1.0384606719017029,1.0294846230155932,1.0632700553170582,1.0136512884863476,63.010521568465414,0.0004711523288909447
2012-09-17,1.0538629293441772,1.0547521114349365,1.0487897396087646,1.0391459965705871,1.029727193244707,1.0637204795873925,1.0145715135537818,63.22264953320649,0.001659910835210443
2012-09-18,1.0475921630859375,1.0488007068634033,1.0412653684616089,1.0396840524673463,1.029904954150903,1.0637825819893736,1.015585522945319,56.82781795760925,0.002072125908333833
2012-09-19,1.0455001592636108,1.0482949018478394,1.0419923067092896,1.0402174973487854,1.0300601303317691,1.0636019065049584,1.0168330881926124,54.83511873732816,0.0022045889694461973
2012-09-20,1.047219157218933,1.0473946332931519,1.0369678735733032,1.0406625151634217,1.0302308669292473,1.0637068502558582,1.0176181800709851,56.194395880494156,0.002420375091033433
2012-09-21,1.043514609336853,1.0518896579742432,1.043274998664856,1.0412589073181153,1.0303630434794584,1.062958828086488,1.0195589865497428,52.5256067167431,0.0022663361804184934
2012-09-24,1.043558120727539,1.0437977313995361,1.038874626159668,1.041660077571869,1.03049433778913,1.0627530828336094,1.0205670723101286,52.5647793807768,0.0021232942254281184
2012-09-25,1.042589783668518,1.04639732837677,1.0407993793487549,1.0420303535461426,1.030614690492339,1.062504360949877,1.0215563461424082,51.54543216295463,0.0019097809713637393
2012-09-26,1.0363768339157104,1.0379042625427246,1.0331859588623047,1.0421259331703185,1.0306720252564927,1.0624451900104033,1.0218066763302338,45.45479199511204,0.0012251146983386363
2012-09-27,1.0372798442840576,1.0438958406448364,1.0365487337112427,1.042149577140808,1.030737774703779,1.0624429374876707,1.0218562167939453,46.4452819453858,0.0007467688477360568
2012-09-28,1.0437650680541992,1.0475043058395386,1.0377750396728516,1.0421761274337769,1.0308673995214843,1.0624744986225032,1.0218777562450505,53.04056243375779,0.0008808260592954031
2012-10-01,1.0355397462844849,1.0404419898986816,1.032769799232483,1.042207179069519,1.0309138905369803,1.062459116087067,1.0219552420519713,45.40333233501949,0.0003196677099781553
2012-10-02,1.0360976457595825,1.0380120277404785,1.028594970703125,1.0423832273483276,1.0309654701941537,1.0622555488861098,1.0225109058105453,45.97158013231826,-7.912440284063571e-05
2012-10-03,1.0259777307510376,1.0262515544891357,1.0201479196548462,1.042470850944519,1.030915840942899,1.06200482502897,1.0229368768600682,38.20399532311494,-0.0011979533306274437
2012-10-04,1.0232168436050415,1.0242962837219238,1.018547773361206,1.0423259782791137,1.03083923399953,1.0623254192246758,1.0223265373335515,36.39715218878478,-0.002281118521244796
2012-10-05,1.0242648124694824,1.0279922485351562,1.0207102298736572,1.0420212531089783,1.0307738168659182,1.062650752108349,1.0213917541096076,37.60345575695118,-0.003020157909080723
2012-10-08,1.0170457363128662,1.0221081972122192,1.0153006315231323,1.0414340043067931,1.030637219041284,1.0631944760343401,1.019673532579246,32.96520935813548,-0.004140640337581658
2012-10-09,1.0213565826416016,1.0248421430587769,1.0177910327911377,1.0408637595176697,1.0305448743950123,1.0632085435845493,1.0185189754507902,37.89173824775313,-0.004627439224427432
2012-10-10,1.018755316734314,1.0264095067977905,1.0185996294021606,1.0402687907218933,1.0304275653566717,1.0633551576475313,1.0171824237962552,36.1645839389376,-0.005163608405022835
2012-10-11,1.0222022533416748,1.0297495126724243,1.021941065788269,1.0397728395462036,1.0303457214512652,1.0633296382679236,1.0162160408244836,40.063224673565955,-0.005249870131625256
2012-10-12,1.0255358219146729,1.0292725563049316,1.0218783617019653,1.0393658995628356,1.030297861751628,1.0631933141850607,1.0155384849406106,43.64768722759547,-0.004991700827480683
2012-10-15,1.0226308107376099,1.0257357358932495,1.0203874111175537,1.0387005305290222,1.0302215726824633,1.0625015080181888,1.0148995530398557,41.32815814220987,-0.004964284733486757
2012-10-16,1.0269049406051636,1.0290395021438599,1.024800181388855,1.0381126117706299,1.0301885713663987,1.0615891154466144,1.0146361080946453,45.88477627348887,-0.004545275613618394
2012-10-17,1.0308959484100342,1.038303017616272,1.0302162170410156,1.0376566028594971,1.0301956099443406,1.0607807046257374,1.0145325010932569,49.80484983102461,-0.003846823109474151
2012-10-18,1.0379042625427246,1.0413954257965088,1.036323070526123,1.0372987079620362,1.030272312959513,1.0598228538538779,1.0147745620701945,55.85262098618408,-0.002696696252514341
2012-10-19,1.0374951362609863,1.0383353233337402,1.0323752164840698,1.036900701522827,1.0303441818520211,1.058665902772694,1.0151355002729603,55.4327378590358,-0.001797504985319609
2012-10-22,1.0305771827697754,1.0340405702590942,1.0305347442626953,1.0364065170288086,1.030346500269239,1.057581898599696,1.015231135457921,48.757980040916635,-0.0016243855532229734
2012-10-23,1.0336772203445435,1.0337947607040405,1.0237300395965576,1.0360520005226135,1.0303796417643047,1.0567916494365683,1.0153123516086586,51.57207683517629,-0.0012229427095391543
2012-10-24,1.0269049406051636,1.0351216793060303,1.026883840560913,1.0356158447265624,1.03034506762158,1.0561852746575404,1.0150464147955844,45.671304954647674,-0.0014347241336174488
2012-10-25,1.0345969200134277,1.0399010181427002,1.033997893333435,1.0353156971931456,1.0303873746127798,1.0554860932137713,1.01514530117252,52.341283728058116,-0.0009706944232346082
2012-10-26,1.0351431369781494,1.0386481285095215,1.0307896137237549,1.0349705815315247,1.030434695633806,1.0545291544918536,1.0154120085711957,52.78457667462999,-0.0005525034743445456
2012-10-29,1.0353038311004639,1.036924958229065,1.0333888530731201,1.0348022270202637,1.030483144745426,1.0541975811587705,1.015406872881757,52.92330780078237,-0.00020574575278620166
2012-10-30,1.033976435661316,1.038604974746704,1.0330578088760376,1.0345776534080506,1.030517903860792,1.0537399937015273,1.015415313114574,51.5752262106658,-3.7613889129373135e-05
2012-10-31,1.0366023778915405,1.0400956869125366,1.0354218482971191,1.034371678829193,1.0305784458940095,1.0532120457743226,1.0155313118840634,54.06784328197825,0.0003040188758518525
2012-11-01,1.0376026630401611,1.041135311126709,1.0356147289276123,1.0341056156158448,1.03064833860543,1.0523595496209521,1.0158516816107375,55.01768899085133,0.0006480100981531844
2012-11-02,1.0413628816604614,1.04150390625,1.0365058183670044,1.0340680241584779,1.03075495097942,1.0522527682373155,1.0158832800796402,58.492541146355336,0.0012100946198303486
2012-11-05,1.034297227859497,1.0372045040130615,1.033698558807373,1.0339442634582519,1.0307901975172695,1.052034729956353,1.0158537969601507,50.58501884305412,0.001073042080100839
2012-11-06,1.0380982160568237,1.0446046590805054,1.036720633506775,1.0339741802215576,1.0308629141231853,1.0520875217498373,1.015860838693278,54.17407325828806,0.0012566490680756548
2012-11-07,1.043068289756775,1.0480971336364746,1.0409510135650635,1.0340856432914733,1.0309843606527433,1.0523553359984283,1.0158159505845183,58.426074950766214,0.0017826530253957085
2012-11-08,1.0403987169265747,1.0433404445648193,1.0393282175064087,1.0342115211486815,1.031078035844008,1.0525682754441883,1.0158547668531748,55.449977325849396,0.0019614918770078926
2012-11-09,1.0401065349578857,1.043514609336853,1.0360654592514038,1.0344516944885254,1.0311678716603212,1.0527961937856545,1.0161071951913963,55.11904554897927,0.0020559466392928716
2012-11-12,1.0395010709762573,1.0443973541259766,1.0391013622283936,1.0346854639053344,1.0312507890703198,1.0529824788045987,1.0163884490060702,54.39458893397958,0.0020582209458044343
2012-11-13,1.0426549911499023,1.0436887741088867,1.039890170097351,1.0350566244125365,1.031364263723121,1.0532294305267562,1.0168838182983169,57.52627427734329,0.002288142072213395
2012-11-14,1.0443973541259766,1.0460032224655151,1.0379151105880737,1.0355205702781678,1.0314939462206243,1.0534320439573195,1.017609096599016,59.193386811807684,0.002581195932052971
2012-11-15,1.036591649055481,1.0387020111083984,1.0310022830963135,1.0358664965629578,1.0315446696342137,1.0531562519084614,1.0185767412174542,49.76884386165114,0.0021587038686734505
2012-11-16,1.0339871644973755,1.0351966619491577,1.0300995111465454,1.0359743404388428,1.0315689730667776,1.0531458328905174,1.0188028479871682,47.075590460504785,0.001595325804482517
2012-11-19,1.0360440015792847,1.0421009063720703,1.0356361865997314,1.035970904827118,1.031613500715645,1.0531422688461676,1.0187995408080683,49.40420127983734,0.0012998305549754008
2012-11-20,1.0402363538742065,1.0426985025405884,1.0366023778915405,1.0361076426506042,1.0316993002533323,1.053304295676183,1.0189109896250255,53.86033193284874,0.0013879369607403547
2012-11-21,1.0390042066574097,1.0390042066574097,1.0339550971984863,1.036026794910431,1.0317719858923566,1.0531280395153393,1.0189255503055226,52.39963134379929,0.0013428583045356213
2012-11-22,1.038303017616272,1.039890170097351,1.0353682041168213,1.0358607482910156,1.031836971285444,1.0527020017324882,1.019019494849543,51.54295127337453,0.0012363017323806513
2012-11-23,1.038022756576538,1.0449211597442627,1.037699580192566,1.0355508279800416,1.0318985213904683,1.0516183048485426,1.0194833511115406,51.182765568042534,0.0011163713238773187
2012-11-26,1.0459047555923462,1.0469011068344116,1.043982982635498,1.035391664505005,1.0320378869108002,1.0508654364375731,1.0199178925724368,59.71007432256259,0.001638450027036109
2012-11-27,1.0471972227096558,1.0492959022521973,1.04436457157135,1.0353837656974791,1.0321887260792844,1.050832500505067,1.0199350308898913,60.91569050619011,0.0021319170428344414
2012-11-28,1.0443973541259766,1.04639732837677,1.042872428894043,1.0353617095947265,1.0323102049703496,1.0507545406099936,1.0199688785794594,56.94068171529931,0.002270889808732468
2012-11-29,1.0475043058395386,1.047998309135437,1.043079137802124,1.0353674125671386,1.032461390059821,1.0507783753358024,1.0199564497984748,60.055598040971894,0.002601740519178941
2012-11-30,1.0429377555847168,1.044899344444275,1.0403987169265747,1.035355875492096,1.0325656325070842,1.050742788425493,1.019968962558699,53.885531763206174,0.002467021362942523
2012-12-03,1.0426006317138672,1.0445282459259033,1.0394037961959839,1.0353367257118224,1.0326654832494713,1.0506843059317859,1.019989145491859,53.448954120739906,0.0023064648905761764
2012-12-05,1.0474933385849,1.0488007068634033,1.0443755388259888,1.03543479681015,1.0328130241044478,1.0510321832153795,1.0198374104049206,58.68112781484819,0.0025446896852370227
2012-12-06,1.044801115989685,1.0514252185821533,1.0441901683807373,1.0356032824516297,1.032932308605515,1.05142262555379,1.0197839393494694,55.01679866912606,0.0024875695345951687
2012-12-07,1.0473946332931519,1.0492959022521973,1.0461344718933105,1.0358055782318116,1.0330762123393602,1.0519674159082093,1.019643740555414,57.753631530344464,0.002621359178276661
2012-12-10,1.048185110092163,1.0506961345672607,1.0469449758529663,1.0358939790725707,1.0332265496362352,1.0522803093876185,1.019507648757523,58.58078190965231,0.0027593650633810363
2012-12-11,1.0488007068634033,1.0521000623703003,1.0464410781860352,1.0361591982841492,1.0333815163807354,1.0529464891268627,1.0193719074414356,59.24991953431188,0.002885151011372322
2012-12-12,1.0536963939666748,1.0556986331939697,1.0524210929870605,1.036511173248291,1.0335836544738148,1.0540158455445396,1.0190065009520424,64.20286781270444,0.003341361183861302
2012-12-13,1.0546298027038574,1.0565017461776733,1.0539073944091797,1.0370842146873473,1.0337930688919075,1.0550512559696732,1.0191171734050215,65.07447569440839,0.0037351725722949425
2012-12-14,1.0531748533248901,1.0558992624282837,1.0510826110839844,1.0376833748817444,1.0339859224755064,1.05576060949169,1.0196061402717989,62.51914761848019,0.003885083851266291
2012-12-17,1.0555315017700195,1.0555983781814575,1.052797794342041,1.0383087086677552,1.0342003063569543,1.0566525431666698,1.0199648741688405,64.92187222331117,0.004146255995926218
2012-12-18,1.0547966957092285,1.0559996366500854,1.0516905784606934,1.0390637278556825,1.0344052455619384,1.0569370148667885,1.0211904408445764,63.553831927066454,0.004245010258307147
2012-12-19,1.0519893169403076,1.0535964965820312,1.0480422973632812,1.0396763825416564,1.0345802114525966,1.0571682508178806,1.0221845142654322,58.48330894095517,0.004050055203012937
2012-12-20,1.0476799011230469,1.0501995086669922,1.046462893486023,1.040254874229431,1.0347105566280907,1.0568108017504318,1.0236989467084303,51.668704377366645,0.003507387100730064
2012-12-21,1.0480971336364746,1.0482949018478394,1.0410810708999634,1.0407727718353272,1.034843756404017,1.056629020284153,1.0249165233865014,52.248849953382205,0.0030755330661011993
2012-12-24,1.0396956205368042,1.0417101383209229,1.0367099046707153,1.0410559678077698,1.0348920336607554,1.0562952514865358,1.0258166841290037,41.45750141186705,0.002031930904910162
2012-12-25,1.0367958545684814,1.04639732837677,1.0360976457595825,1.0413392686843872,1.0349109771530296,1.0556806952740594,1.026997842094715,38.50173943675329,0.0009598176141403236
2012-12-26,1.0373982191085815,1.0386372804641724,1.0357756614685059,1.0415491342544556,1.0349357258300516,1.055324347710235,1.0277739207986762,39.4672080759237,0.0001569565933552397
2012-12-27,1.0365809202194214,1.0389394760131836,1.0347574949264526,1.0416628336906433,1.0349520959240328,1.055170393477026,1.0281552739042605,38.58215759213237,-0.0005390518852366188
2012-12-28,1.0369787216186523,1.0396956205368042,1.0364949703216553,1.041644322872162,1.0349722613545067,1.0551754223968386,1.0281132233474852,39.295702249915536,-0.001046481186927073
2012-12-31,1.039198637008667,1.041005253791809,1.0366346836090088,1.0416783928871154,1.035014314845,1.0551753860738375,1.0281813997003932,43.25747925883771,-0.0012550267775162105
2013-01-01,1.0399010181427002,1.0444954633712769,1.0387020111083984,1.041864869594574,1.035062938760009,1.0549883074967217,1.0287414316924264,44.49185784497107,-0.001348084494180224
2013-01-02,1.0391662120819092,1.052498698234558,1.0392849445343018,1.0419746494293214,1.0351037673516061,1.0549090023452201,1.0290402965134227,43.42749642938903,-0.0014642471830919046
2013-01-03,1.0492959022521973,1.0527867078781128,1.0477348566055298,1.042422468662262,1.0352449826288013,1.0547641078586405,1.0300808294658836,58.253819108306615,-0.0007305048068817488
2013-01-04,1.045303463935852,1.0467039346694946,1.039684772491455,1.0426365995407105,1.0353450670231106,1.0547942041369858,1.0304789949444353,52.42243105542203,-0.0004657956905638194
2013-01-07,1.049538254737854,1.0508174896240234,1.0468902587890625,1.0429245018959046,1.0354862927759785,1.0550395170578708,1.0308094867339384,57.30454201642728,8.472377440993384e-05
2013-01-08,1.051171064376831,1.0518012046813965,1.0472739934921265,1.043241846561432,1.035642360159974,1.0553733447582987,1.0311103483645652,59.04937634276126,0.000645329551223206
2013-01-09,1.0513699054718018,1.0537962913513184,1.048954725265503,1.0435897159576415,1.0357988531529985,1.0556339851200531,1.0315454467952299,59.26768296467316,0.0010930583862032162
2013-01-10,1.0506078004837036,1.058750033378601,1.0496593713760376,1.0438698244094848,1.0359462058672753,1.0559022524329684,1.0318373963860012,57.99164050604168,0.0013705918802426886
2013-01-11,1.0580331087112427,1.0591648817062378,1.0548189878463745,1.0442784333229065,1.0361659760514994,1.0568190448013277,1.0317378218444853,65.73286027268786,0.002164745651499045
2013-01-14,1.0537852048873901,1.0581003427505493,1.0524654388427734,1.044526879787445,1.0363412917665789,1.0573213682401597,1.0317323913347303,59.03095400343799,0.0024234123108199945
2013-01-15,1.056423544883728,1.0574960708618164,1.0527645349502563,1.0449694061279298,1.0365411151866264,1.0578500365302883,1.0320887757255712,61.64649565219001,0.002808920008733118
2013-01-16,1.0570825338363647,1.05794358253479,1.0533411502838135,1.0453490924835205,1.0367455074180187,1.0585189772957264,1.0321792076713145,62.29400823659301,0.0031315143892600705
2013-01-17,1.0558435916900635,1.0564347505569458,1.0496042966842651,1.0456045985221862,1.036935538112836,1.059085893632929,1.0321233034114434,60.23503865042489,0.0032497395088939562
2013-01-18,1.0546075105667114,1.0557990074157715,1.0487017631530762,1.045888774394989,1.0371113786398432,1.0595203510914346,1.0322571976985433,58.16928737538669,0.003206727196671144
2013-01-21,1.0507181882858276,1.052797794342041,1.0494831800460815,1.0461010074615478,1.0372467697844703,1.0596955152705625,1.032506499652533,52.113248894070175,0.00282622486472639
2013-01-22,1.0516021251678467,1.0579994916915894,1.0505415201187134,1.0463430285453796,1.037389609145562,1.0598887328742772,1.032797324216482,53.3031596373531,0.0025664162947911517
2013-01-23,1.0562896728515625,1.0571048259735107,1.052897572517395,1.0466157221794128,1.0375776694862158,1.0604051615513426,1.032826282807483,59.10631721120828,0.0027075510903260547
2013-01-24,1.0536853075027466,1.0548968315124512,1.0452706813812256,1.0468014812469482,1.0377379444958026,1.0607185926529552,1.0328843698409411,55.01556356206752,0.0025795158613914904
2013-01-25,1.0446046590805054,1.046955943107605,1.042165994644165,1.0469617414474488,1.0378062700159352,1.0605803198855888,1.0333431630093088,43.66738319637371,0.0017254249576155178
2013-01-28,1.0413520336151123,1.0433948040008545,1.0386265516281128,1.0471090388298034,1.0378415512467374,1.0603076748532303,1.0339104028063766,40.44891363924831,0.0007771337570461334
2013-01-29,1.0422312021255493,1.0467039346694946,1.0419706106185913,1.0472327828407288,1.0378852293661107,1.0601203390135314,1.0343452266679263,41.6997074463424,9.544744111300574e-05
2013-01-30,1.0469011068344116,1.0478994846343994,1.0404636859893799,1.047366077899933,1.0379749395920674,1.06009516442907,1.034636991370796,47.953045839802215,-6.719698851065381e-05
2013-01-31,1.0418837070465088,1.0444518327713013,1.0382167100906372,1.047423667907715,1.0380138328015958,1.0600237417863767,1.034823594029053,42.658788082581545,-0.0005941075989202016
2013-02-01,1.0432206392288208,1.044473648071289,1.0362263917922974,1.0475220203399658,1.038065641822126,1.0599064356111108,1.0351376050688208,44.419650842271764,-0.0008935089845674149
2013-02-04,1.0426006317138672,1.0442010164260864,1.041189432144165,1.0476135778427125,1.038110766100823,1.0597770670368223,1.0354500886486027,43.74869185897096,-0.0011673595701326978
2013-02-05,1.0441029071807861,1.0458282232284546,1.0372045040130615,1.0475775408744812,1.0381703893966783,1.0597723308349545,1.0353827509140079,45.88174616134725,-0.001248771990862485
2013-02-06,1.0390042066574097,1.0399551391601562,1.0298025608062744,1.0474136805534362,1.0381786860860502,1.059847170414903,1.0349801906919693,40.29662531198069,-0.0017050595760244036
2013-02-07,1.032002329826355,1.0339016914367676,1.0300040245056152,1.0471657800674439,1.0381172298033163,1.0603182198433618,1.034013340291526,34.14896540927796,-0.002601673248061376
2013-02-08,1.0282670259475708,1.0348002910614014,1.0258935689926147,1.0467810344696045,1.038019217822216,1.06097713505969,1.032584933879519,31.39710198749482,-0.003572472608243338
2013-02-11,1.032279372215271,1.0326951742172241,1.0264201164245605,1.0465678668022156,1.0379621049291992,1.0613091429477528,1.0318265906566784,37.246909727217904,-0.0039722852524641805
2013-02-12,1.026356816291809,1.0318533182144165,1.0228400230407715,1.0462429904937744,1.037846629417556,1.0620206790859974,1.0304653019015515,32.800810476699255,-0.00471271517271421
2013-02-13,1.0338696241378784,1.036301612854004,1.0320236682891846,1.045970516204834,1.0378070572247637,1.0621260966896275,1.0298149357200406,42.22243767642293,-0.004639805621967641
2013-02-14,1.0360976457595825,1.0366023778915405,1.032823085784912,1.0457964468002319,1.0377900481550522,1.0621892653645002,1.0294036282359635,44.698712960404904,-0.004352073558290037
2013-02-15,1.0350574254989624,1.0374196767807007,1.029866099357605,1.045549702644348,1.0377628578792244,1.06221349297539,1.0288859123133063,43.75581206702623,-0.004160026708013298
2013-02-18,1.0299403667449951,1.0315552949905396,1.0276435613632202,1.0451848077774049,1.0376850221447234,1.062402861797719,1.0279667537570907,39.35757040180276,-0.0043703533588763666
2013-02-19,1.0318958759307861,1.035571813583374,1.0305559635162354,1.0448467111587525,1.0376274186984735,1.0624348738623157,1.0272585484551893,41.766586639194905,-0.0043293395650005895
2013-02-20,1.034896731376648,1.0369033813476562,1.0284574031829834,1.044470717906952,1.0376002476797224,1.0620904520657086,1.0268509837481952,45.35407743514269,-0.004008484567678883
2013-02-21,1.0248421430587769,1.0265675783157349,1.0228610038757324,1.0438749647140504,1.0374733013622024,1.0620967323497523,1.0256531970783485,37.10578463795538,-0.004513497132824673
2013-02-22,1.0294420719146729,1.0340086221694946,1.0272530317306519,1.043400309085846,1.0373933886295839,1.0618680582747815,1.0249325598969103,42.27782520272253,-0.004490780491567481
2013-02-25,1.029823660850525,1.0331004858016968,1.026504397392273,1.042886152267456,1.0373180679534881,1.0614067403503344,1.0243655641845775,42.69878862817051,-0.004391365424570637
2013-02-26,1.027031421661377,1.0293996334075928,1.0201791524887085,1.0423308467864991,1.0372157132617579,1.061057652782872,1.0236040407901263,40.378240414076565,-0.004486174803983056
2013-02-27,1.0233948230743408,1.02378249168396,1.018558144569397,1.0417589569091796,1.0370781919633592,1.0610206912417193,1.02249722257664,37.518369510388915,-0.004799430190192355
2013-02-28,1.0232272148132324,1.0291136503219604,1.0206997394561768,1.0412699031829833,1.0369403712922205,1.061149819668896,1.0213899866970706,37.38693674036365,-0.005003534297764567
2013-03-01,1.0218993425369263,1.0242962837219238,1.018485426902771,1.0407459473609924,1.036790709311354,1.0612621764424834,1.0202297182795013,36.30192381379228,-0.005212351722630348
2013-03-04,1.0196278095245361,1.0200022459030151,1.0117565393447876,1.0403445911407472,1.0366199341854798,1.061712190112158,1.0189769921693363,34.45957290813479,-0.005497760011218711
2013-03-05,1.0203874111175537,1.0253045558929443,1.019575834274292,1.0400164222717285,1.0364584165396258,1.062098543147347,1.01793430139611,35.635926095092344,-0.005598122959117324
2013-03-06,1.0266835689544678,1.0298025608062744,1.0257041454315186,1.0398021292686463,1.03636115437258,1.0621937451908543,1.0174105133464384,44.524006559491255,-0.005110701020091923
2013-03-07,1.023352861404419,1.0289971828460693,1.0220977067947388,1.0395375680923462,1.0362317186189924,1.0623923220280855,1.0166828141566069,41.276757463966405,-0.004936273595844032
2013-03-08,1.0270631313323975,1.0280978679656982,1.0224322080612183,1.039339256286621,1.0361404888928911,1.0624552190944205,1.0162232934788216,46.00128595275661,-0.0044473841541490255
2013-03-11,1.0217949151992798,1.0270947217941284,1.0212417840957642,1.0389911818504334,1.035997746863213,1.0626339071194018,1.015348456581465,40.96196533270848,-0.00443392523290842
2013-03-12,1.0278971195220947,1.0336130857467651,1.0267889499664307,1.0387511038780213,1.0359171436044798,1.0625990142515247,1.0149031935045179,48.05962173016507,-0.003886065901536284
2013-03-13,1.0328978300094604,1.0333994626998901,1.0284786224365234,1.0386257362365723,1.035887100682543,1.062530577015865,1.0147208954572795,53.04185089899627,-0.0030136286554403036
2013-03-14,1.0300040245056152,1.0396956205368042,1.0300040245056152,1.0382398986816406,1.0358285626099863,1.0620644191403166,1.0144153782229646,50.04996725805757,-0.0025265967375185383
2013-03-15,1.038022756576538,1.0405502319335938,1.036312460899353,1.0380942845344543,1.0358503953861955,1.0618314306026193,1.0143571384662893,57.24643539169013,-0.0014765549644006892
2013-03-18,1.0353895425796509,1.039879322052002,1.0346183776855469,1.0378113102912903,1.0358458097860426,1.0613279318057456,1.014294688776835,54.471103425300974,-0.0008471027833403255
2013-03-19,1.0393929481506348,1.0406043529510498,1.0362908840179443,1.0375757479667664,1.0358811046958127,1.060780039951829,1.0143714559817039,57.81928172358094,-2.492866108250169e-05
2013-03-20,1.0361191034317017,1.0399010181427002,1.0357542037963867,1.0372707319259644,1.035883472842483,1.060133358201692,1.0144081056502368,54.30243129849116,0.00035834753873253966
2013-03-21,1.0378073453903198,1.044899344444275,1.03638756275177,1.0370147228240967,1.0359026158532654,1.0595521377131087,1.0144773079350846,55.79559708707113,0.0007892259992325901
2013-03-22,1.0440047979354858,1.0454018115997314,1.0422964096069336,1.0367341566085815,1.0359832345819362,1.0585410219209717,1.0149272912961913,60.85247480828044,0.00161219848899119
2013-03-25,1.0448774099349976,1.0484048128128052,1.043351173400879,1.0365560007095338,1.0360717338407939,1.0579356490368272,1.0151763523822404,61.51996522294601,0.0023082149468658386
2013-03-26,1.0462440252304077,1.0498026609420776,1.0448557138442993,1.0363524103164672,1.0361729506723683,1.0571456799242536,1.0155591407086808,62.595620123035495,0.00293624028703543
2013-03-27,1.0473617315292358,1.0482949018478394,1.0419814586639404,1.0361579942703247,1.0362842818271625,1.0563327167846575,1.015983271755992,63.49441971187785,0.003483983260726742
2013-03-28,1.0448665618896484,1.0459047555923462,1.0399118661880493,1.0359384536743164,1.0363696776501907,1.0554673845938627,1.01640952275477,60.02671547666783,0.0036743782317061324
2013-03-29,1.0418294668197632,1.0429050922393799,1.0406043529510498,1.0356828927993775,1.036424003911536,1.0545374365220477,1.0168283490767074,56.0165194366663,0.0035393994343719815
2013-04-01,1.0412328243255615,1.0426766872406006,1.0387991666793823,1.035493185520172,1.0364718528717092,1.053916200118976,1.0170701709213683,55.235822763111614,0.0033457163664460943
2013-04-02,1.0437977313995361,1.0480971336364746,1.0437324047088623,1.035337097644806,1.0365447471866704,1.0533302728681455,1.0173439224214664,57.949038197991825,0.003360450522930103
2013-04-03,1.045718789100647,1.0498136281967163,1.044801115989685,1.0351256799697877,1.0366360311873661,1.0523458036558306,1.0179055562837447,59.9090275874435,0.003486945413449849
2013-04-04,1.045478343963623,1.0487017631530762,1.039630651473999,1.0349615406990051,1.036724014400551,1.0516064415537525,1.0183166398442578,59.53499419689274,0.0035271330185853156
2013-04-05,1.0423941612243652,1.0437650680541992,1.0357649326324463,1.0349173307418824,1.036780433772872,1.0514691720339364,1.0183654894498284,54.808142516298176,0.0032723921144217627
2013-04-08,1.0351645946502686,1.0425028800964355,1.0351860523223877,1.0347935819625855,1.0367643557713868,1.0512412536290412,1.0183459102961299,45.657200896914105,0.0024587990056543774
2013-04-09,1.042024850845337,1.0495051145553589,1.0415147542953491,1.0347894549369812,1.0368166990068084,1.051229611148393,1.0183492987255693,53.57781781750536,0.002340604910293198
2013-04-10,1.04889976978302,1.055230736732483,1.0477018356323242,1.0348294281959534,1.0369369285687147,1.0513989933607168,1.0182598630311899,59.88751482497157,0.002769755720520184
2013-04-11,1.0537852048873901,1.0583914518356323,1.050276756286621,1.035067458152771,1.0371045731118829,1.0523761069435393,1.0177588093620027,63.6667786325791,0.0034641421389038918
2013-04-12,1.0546187162399292,1.0563008785247803,1.048481822013855,1.035295419692993,1.0372788431955209,1.0533274732716473,1.0172633661143389,64.28503811202188,0.004035190612895478
2013-04-15,1.0514030456542969,1.052398920059204,1.0377964973449707,1.0354714679718018,1.0374193825256741,1.0539607104168365,1.016982225526767,60.04026760286742,0.004180087454771275
2013-04-16,1.0338054895401,1.038475513458252,1.0310766696929932,1.035265519618988,1.0373834233909307,1.0535910144302674,1.0169400248077085,43.221068886083856,0.002842180647076864
2013-04-17,1.0384970903396606,1.0387344360351562,1.0296752452850342,1.035255377292633,1.0373945046542727,1.0535729860532708,1.0169377685319951,47.44782107519558,0.0021358322928985984
2013-04-18,1.0303012132644653,1.033997893333435,1.0270947217941284,1.0352213549613953,1.037323924639369,1.0535699182341156,1.016872791688675,41.61912292356028,0.0009042833337074008
2013-04-19,1.0298025608062744,1.0359044075012207,1.0282670259475708,1.0352520656585693,1.0372490851971155,1.0535582109729813,1.0169459203441573,41.28680498931234,-0.00011068921883317095
2013-04-22,1.0273902416229248,1.0308109521865845,1.0236881971359253,1.0351542830467224,1.0371509872496394,1.0535770983454102,1.0167314677480346,39.63790965612054,-0.0010970699373720194
2013-04-23,1.0265675783157349,1.026926040649414,1.022275447845459,1.0351584982872009,1.037045679696502,1.0535731922905607,1.016743804283841,39.06492778835673,-0.001922998685092825
2013-04-24,1.0261040925979614,1.0294950008392334,1.0234053134918213,1.0350031876564025,1.0369368081814907,1.053592413629395,1.01641396168341,38.7252840134691,-0.002585152562530224
2013-04-25,1.0278971195220947,1.0339443683624268,1.0274007320404053,1.0348391771316527,1.036846861029348,1.053533397762196,1.0161449565011096,40.86718944873327,-0.002931440175548472
2013-04-26,1.0293891429901123,1.0336023569107056,1.0265253782272339,1.034725811481476,1.0367726548786396,1.053483270389289,1.015968352573663,42.6632684891553,-0.0030503195937061633
2013-04-29,1.0284150838851929,1.035797119140625,1.0277175903320312,1.0346953058242798,1.0366894949670762,1.0534894560518713,1.0159011555966884,41.77126029949876,-0.0031863999827554945
2013-04-30,1.0344042778015137,1.0384000539779663,1.033271312713623,1.0347454738616944,1.0366667564874972,1.0535225072976075,1.0159684404257812,48.8524653522825,-0.0027789329668024276
2013-05-01,1.037075400352478,1.0383137464523315,1.0272847414016724,1.034789047241211,1.0366708225956631,1.0535776212954568,1.016000473186965,51.67507665647727,-0.002214942674263254
2013-05-02,1.028573751449585,1.0283622741699219,1.022275447845459,1.0348636794090271,1.0365902547224528,1.0535201644326297,1.0162071943854245,43.455249996335695,-0.002426022640461767
2013-05-03,1.0255674123764038,1.0323007106781006,1.0244957208633423,1.0347861862182617,1.036480574697613,1.0535663663977415,1.0160060060387819,40.973251908757526,-0.002803573621065203
2013-05-06,1.0302480459213257,1.0308003425598145,1.0225681066513062,1.0347946739196778,1.036418559485071,1.053566081312694,1.0160232665266618,46.131968376758984,-0.0026940422419308163
2013-05-07,1.0244851112365723,1.0253045558929443,1.015671730041504,1.0347437477111816,1.0362998187048913,1.0536146725086293,1.015872822913734,41.34125490637828,-0.0030372470081514447
2013-05-08,1.0178323984146118,1.0209081172943115,1.0157955884933472,1.0346324992179872,1.0361160632766848,1.0538391018592026,1.0154258965767717,36.6142301118436,-0.0038022278676757004
2013-05-09,1.0191705226898193,1.025493860244751,1.017998218536377,1.0345513653755187,1.035947450930327,1.0539875182812628,1.0151152124697747,38.14620942391183,-0.004251496657398324
2013-05-10,1.00764799118042,1.0094586610794067,0.9962143301963806,1.0342663383483888,1.035665864262495,1.0548442447255295,1.013688431971248,31.161929857114885,-0.005474214072803685
2013-05-13,0.998502254486084,1.0011012554168701,0.9952229857444763,1.0338438272476196,1.03529607709579,1.0564190940369806,1.0112685604582585,26.944936947829675,-0.007099373789005048
2013-05-14,0.9971083998680115,1.0003401041030884,0.9891196489334106,1.0333782470226287,1.0349161002031184,1.0579574832529115,1.008799010792346,26.359474900075284,-0.008402933208108587
2013-05-15,0.9908838868141174,0.9918666481971741,0.9856100678443909,1.0326622533798218,1.0344779687210937,1.0599715484224752,1.0053529583371683,23.865642340909346,-0.009825022874576206
2013-05-16,0.9898049831390381,0.9914733171463013,0.980199933052063,1.031991295814514,1.0340334613963273,1.061770883644161,1.0022117079848671,23.45148734763039,-0.010913296007574624
2013-05-17,0.982607901096344,0.9828009605407715,0.9712509512901306,1.031102191209793,1.0335217642725987,1.063976099599884,0.9982282828197023,20.851956110485986,-0.012215689810251895
2013-05-20,0.9767532348632812,0.9798158407211304,0.9744688868522644,1.030201357603073,1.0329569032765484,1.0664151314029606,0.9939875838031854,19.00629296854271,-0.013563912576693538
2013-05-21,0.9813542366027832,0.9839614629745483,0.9754194021224976,1.029270499944687,1.032443443900448,1.0680293201127362,0.9905116797766377,24.650717826738045,-0.014098606484837739
2013-05-22,0.9819324612617493,0.982607901096344,0.9676794409751892,1.0282511925697326,1.0319408470522515,1.0692373009498046,0.9872650841896607,25.354761216449987,-0.014310732149650396
2013-05-23,0.9663702845573425,0.9779950976371765,0.9602458477020264,1.0269785177707673,1.0312884036366043,1.0715384865642184,0.9824185489773163,19.951516527539695,-0.01555526940591323
2013-05-24,0.9684291481971741,0.9706853032112122,0.9649716019630432,1.02558664560318,1.0306629384010075,1.072995140141537,0.9781781510648228,22.310365383887458,-0.016188826345894247
2013-05-27,0.9637624621391296,0.9669309854507446,0.9618158936500549,1.0241541039943696,1.0299972620125541,1.074585872157018,0.9737223358317211,20.813258623401666,-0.016872986068790174
2013-05-28,0.9629273414611816,0.9695559740066528,0.9598771333694458,1.0226247918605804,1.0293298996113276,1.0757367290937487,0.969512854627412,20.54753440407538,-0.017283343215524494
2013-05-29,0.9574875831604004,0.9670243859291077,0.9530163407325745,1.0210521614551544,1.0286150506832727,1.0771081503627138,0.964996172547595,18.85859009393789,-0.01784182775943255
2013-05-30,0.9636695981025696,0.9697439670562744,0.9586808681488037,1.0195694065093994,1.0279688272672196,1.0777001173914253,0.9614386956273736,26.275183085363594,-0.017582909013438952
2013-05-31,0.9669309854507446,0.9679604768753052,0.9551097750663757,1.0180279302597046,1.0273614855508197,1.0775840139460628,0.9584718465733464,29.914716780403737,-0.016919509762866602
2013-06-03,0.9622787237167358,0.9775362610816956,0.9600614309310913,1.0163759565353394,1.0267138958736681,1.0774550191403975,0.9552968939302814,27.806005653450214,-0.016578058183360556
2013-06-04,0.975324273109436,0.9762765169143677,0.9637624621391296,1.0149575614929198,1.0262025563380779,1.0764976812068363,0.9534174417790033,40.47674082442492,-0.015080944792781548
2013-06-05,0.9645061492919922,0.9658195972442627,0.9512937068939209,1.013300449848175,1.0255886617339507,1.0757347721747292,0.9508661275216207,34.99213476870534,-0.014599114323573859
2013-06-06,0.9514747858047485,0.9620935320854187,0.9436632990837097,1.0114326143264771,1.0248512102242542,1.075576966349654,0.9472882623033003,29.76085546623331,-0.015094779113649093
2013-06-07,0.9561508893966675,0.9562972784042358,0.9440018534660339,1.0097190427780152,1.0241676249351253,1.0751144700218398,0.9443236155341905,33.59707646684714,-0.014938077689838125
2013-06-10,0.9417969584465027,0.9480469822883606,0.9403798580169678,1.007730325460434,1.023348016304727,1.0752281256440757,0.9402325252767924,28.458850780926696,-0.015790114340257677
2013-06-11,0.9458053708076477,0.9458233118057251,0.9329228401184082,1.0057704782485961,1.022576447684781,1.0746698232268894,0.9368711332703028,31.60460490101258,-0.015957960708896657
2013-06-12,0.9460737705230713,0.9562057852745056,0.9417969584465027,1.0037775778770446,1.0218152270086571,1.0737171807277213,0.9338379750263679,31.82078474627548,-0.015886196368464445
2013-06-13,0.9480469822883606,0.9622787237167358,0.9433072805404663,1.0018289506435394,1.021081214615888,1.072452154070127,0.9312057472169518,33.4852795277548,-0.015491524264416467
2013-06-14,0.9637624621391296,0.9651577472686768,0.9570294618606567,1.0002563166618348,1.0205108787645845,1.07069425513943,0.9298183781842394,45.001718105019954,-0.013752110129110484
2013-06-17,0.9575792551040649,0.9640412926673889,0.9529255032539368,0.9987046098709107,1.0198846934482644,1.0694215032893593,0.9279877164524621,41.92594621297924,-0.012725849357760666
2013-06-18,0.9544716477394104,0.9573959112167358,0.9441978931427002,0.9969535458087921,1.0192338173651119,1.0676280617967544,0.9262790298208299,40.430299488160536,-0.012024675274165508
2013-06-19,0.9485865831375122,0.9546539187431335,0.9440196752548218,0.994947282075882,1.0185308598037144,1.0652974653480225,0.9245970988037415,37.68832880200215,-0.011807752866096699
2013-06-20,0.9280742406845093,0.9313588738441467,0.916506290435791,0.9924330627918243,1.0176307939330924,1.0631847724170522,0.9216813531665963,30.04087117568561,-0.013139550344731243
2013-06-21,0.9203019142150879,0.9258401393890381,0.9186110496520996,0.9897467267513275,1.0166623473594245,1.0610587065197594,0.9184347469828955,27.74369179329193,-0.014653257599401948
2013-06-24,0.923616886138916,0.9270418286323547,0.9152480363845825,0.9871910035610199,1.0157365218658319,1.0586431135248824,0.9157388935971572,30.195460822079596,-0.01540777968136664
2013-06-25,0.9261832237243652,0.9297136068344116,0.9198785424232483,0.9850385582447052,1.0148454442639883,1.0572392915099877,0.9128378249794227,32.11585659721091,-0.015618620141259143
2013-06-26,0.9263548254966736,0.9344921708106995,0.9238728880882263,0.9827957129478455,1.0139649405864477,1.0551852686065868,0.9104061572891041,32.25007391975879,-0.015592129532372434
2013-06-27,0.9288501143455505,0.9337068200111389,0.9265264272689819,0.9807666909694671,1.0131180268846862,1.053408132845018,0.9081252490939161,34.28472661456324,-0.015194632314874168
2013-06-28,0.9281604290008545,0.9285050630569458,0.9139096736907959,0.9787338483333587,1.0122726776442814,1.051463048886828,0.9060046477798895,33.98096560112148,-0.014765062302281473
2013-07-01,0.9129085540771484,0.9246416687965393,0.9126585721969604,0.9764442145824432,1.011283979888394,1.050123180169007,0.9027652489958795,28.06018697190892,-0.0154769155649358
2013-07-02,0.9244707822799683,0.9250693917274475,0.9141603708267212,0.9744022786617279,1.0104201669691248,1.0480703916038177,0.9007341657196382,37.01909340781682,-0.014935917260922249
2013-07-03,0.9144947528839111,0.9186110496520996,0.9053869843482971,0.9721700918674469,1.0094656852284636,1.0462066737110518,0.8981335100238419,33.179728500376825,-0.015137656920301668
2013-07-04,0.9092562198638916,0.9180207252502441,0.9077128171920776,0.9697972738742828,1.0084685761115981,1.0441480583937637,0.895446489354802,31.341537806873603,-0.015541094821181156
2013-07-05,0.9141603708267212,0.9180207252502441,0.9038322567939758,0.967492698431015,1.0075301860010988,1.0414464624813933,0.8935389343806367,34.97354453791115,-0.01528885783114664
2013-07-08,0.9062075018882751,0.9137426614761353,0.9012256860733032,0.9650485467910767,1.0065220000808464,1.038861794213804,0.8912352993683492,32.01579408699686,-0.015551421155056588
2013-07-09,0.913993239402771,0.9199631810188293,0.9038322567939758,0.9626403260231018,1.005601315887145,1.0350615966836005,0.890219055362603,37.581212533660874,-0.014958824514170965
2013-07-10,0.916506290435791,0.9232758283615112,0.9090908765792847,0.9602289438247681,1.0047147982134792,1.0305322669289847,0.8899256207205515,39.30826518950639,-0.014123597154556244
2013-07-11,0.9275577664375305,0.9304922223091125,0.9120758771896362,0.958208624124527,1.003947066547601,1.0262654039615466,0.8901518442875075,46.339743703026066,-0.012426664845265667
2013-07-12,0.9175995588302612,0.9188643097877502,0.9012256860733032,0.9560492670536042,1.003087887359225,1.022207632025619,0.8898909020815893,41.65651263394708,-0.011749931992181883
2013-07-15,0.907803475856781,0.9120842218399048,0.9003331065177917,0.9536003756523133,1.0021397837544195,1.01757723850525,0.8896235127993766,37.62787995872883,-0.011867279743437376
2013-07-16,0.9091735482215881,0.923787534236908,0.9068650007247925,0.9512941443920135,1.0012147465774364,1.0131187083211408,0.8894695804628863,38.523369570263974,-0.011714685687616577
2013-07-17,0.9241290092468262,0.9291952848434448,0.9158347845077515,0.9494200766086578,1.0004477243092815,1.0086380333811813,0.8902021198361343,47.40085053728279,-0.010268603018648292
2013-07-18,0.9231905937194824,0.9242998361587524,0.9140768051147461,0.9475004780292511,0.9996789966356104,1.0036318883938715,0.8913690676646305,46.942783965475215,-0.009093470507892665
2013-07-19,0.9180207252502441,0.9232758283615112,0.9155831933021545,0.9457079327106476,0.9988664765159284,0.9996823621147204,0.8917335033065747,44.39731302077955,-0.008481564509742467
2013-07-22,0.9219139218330383,0.9268699884414673,0.9187798500061035,0.9441761660575867,0.9981007794484407,0.9963523019735716,0.8920000301416018,46.73947159717809,-0.007594926584248096
2013-07-23,0.9258401393890381,0.9285050630569458,0.9225092530250549,0.9427508008480072,0.9973817680990191,0.9928784602445513,0.8926231414514632,49.06944844942689,-0.006500512830926342
2013-07-24,0.9289363026618958,0.9313674569129944,0.9186954498291016,0.9415118491649628,0.9967007186864828,0.9898126741293314,0.8932110242005942,50.893832852580374,-0.00532199885620499
2013-07-25,0.9129918813705444,0.9196248054504395,0.9135757684707642,0.939975587129593,0.9958677949257969,0.9868728134100575,0.8930783608491284,42.45898636401065,-0.005609931784081534
2013-07-26,0.9239583015441895,0.9295408725738525,0.922934889793396,0.9388025951385498,0.9951522775733594,0.9842592613698894,0.8933459289072102,48.7503363736259,-0.004896775268889653
2013-07-29,0.9255831241607666,0.9286775588989258,0.9192866086959839,0.9377791929244995,0.9944600471860138,0.9820367092352505,0.8935216766137485,49.62909947220714,-0.004152615223255718
2013-07-30,0.9194557070732117,0.9207425117492676,0.9046417474746704,0.9365412223339081,0.9937137353386186,0.9792598098673828,0.8938226348004334,46.39809810163746,-0.004011057402769191
2013-07-31,0.9072763323783875,0.9071940183639526,0.8949346542358398,0.9350480997562408,0.992853661671074,0.9764908072377089,0.8936053922747728,40.723007225948834,-0.004826014272313883
2013-08-01,0.895014762878418,0.8990380167961121,0.8909479379653931,0.9336209893226624,0.99188014028305,0.9755724745513732,0.8916695040939515,35.95499238545247,-0.006387646830817162
2013-08-02,0.8942144513130188,0.8970218896865845,0.8879417777061462,0.9321366953849792,0.9909083423759301,0.9743124385072429,0.8899609522627155,35.66150118114177,-0.007602196945051709
2013-08-05,0.8905512690544128,0.8919811248779297,0.8850810527801514,0.9306724715232849,0.9899097645248943,0.9734458935652066,0.8878990494813632,34.282109677038875,-0.008759352491704897
2013-08-06,0.8914245367050171,0.9005764126777649,0.8907099366188049,0.9292424154281617,0.9889298120024332,0.9723937388523664,0.886091092003957,34.92828991889978,-0.00949647178271884
2013-08-07,0.898876428604126,0.90203857421875,0.8922198414802551,0.9280701923370361,0.9880337584300883,0.9712740735348022,0.8848663111392701,40.32086770643779,-0.009371312081074668
2013-08-08,0.9002520442008972,0.9124087691307068,0.8987956643104553,0.9268018412590027,0.9871603085312843,0.9694600882988249,0.8841435942191804,41.288132370126434,-0.009056721189376504
2013-08-09,0.9107467532157898,0.9203019142150879,0.9090908765792847,0.9256781566143036,0.9863999746423974,0.9669595980894234,0.8843967151391838,48.18758519731779,-0.007869851581423504
2013-08-12,0.9185266494750977,0.9248127341270447,0.9135757684707642,0.9248031151294708,0.9857246181685416,0.9647512303953386,0.8848549998636029,52.63150701672004,-0.006229664562126147
2013-08-13,0.911577045917511,0.914829432964325,0.907605767250061,0.9235281705856323,0.9849868313750753,0.9608797306836779,0.8861766104875867,48.619907138692966,-0.0054280087531721755
2013-08-14,0.9099181294441223,0.9157257080078125,0.908265233039856,0.922436410188675,0.9842398791121455,0.9580498617912286,0.8868229585861213,47.6855608366529,-0.004870408407815607
2013-08-15,0.9144947528839111,0.9192866086959839,0.9065361618995667,0.9216968095302582,0.9835458977521239,0.9563724339864287,0.8870211850740878,50.511134218419166,-0.004012952040526652
2013-08-16,0.9133254289627075,0.9213193655014038,0.913241982460022,0.9208403003215789,0.9828471866153886,0.9541302484298742,0.8875503522132837,49.771461253683725,-0.0033887034953048456
2013-08-19,0.9199631810188293,0.92336106300354,0.9127418398857117,0.9204036247730255,0.9822214751129236,0.9531397453012492,0.8876675042448018,53.8985000853683,-0.0023314948870750696
2013-08-20,0.911577045917511,0.9124919772148132,0.902771532535553,0.9197190582752228,0.9815185454647484,0.9517101089011686,0.8877280076492771,48.47891078016335,-0.002145607240423897
2013-08-21,0.9062075018882751,0.9058791995048523,0.9001709818840027,0.9189217329025269,0.980769181842386,0.9502112820252213,0.8876321837798324,45.33558659885203,-0.0024038571009020737
2013-08-22,0.8969575762748718,0.904322624206543,0.8934155106544495,0.9178999447822571,0.9799352355131681,0.9486393113646794,0.8871605781998348,40.467801001427766,-0.003316681033674662
2013-08-23,0.9018758535385132,0.9048135876655579,0.8975049257278442,0.9166622126102447,0.9791585252400027,0.9447319988428725,0.8885924263776169,43.91598737702358,-0.003601718338506088
2013-08-26,0.9028530120849609,0.9068650007247925,0.9004141688346863,0.9155676877498626,0.9783992663980315,0.9412954991667937,0.8898398763329316,44.6025267878933,-0.003706042971480694
2013-08-27,0.9013881087303162,0.9009009003639221,0.8934155106544495,0.9145060169696808,0.9776329862176295,0.93796193924481,0.8910500946945517,43.73812593360709,-0.0038624030743642512
2013-08-28,0.8946143984794617,0.8967805504798889,0.8896005749702454,0.9134265732765198,0.9768069306133311,0.935401772862384,0.8914513736906555,39.88860328097584,-0.004481244393508055
2013-08-29,0.894694447517395,0.8979078531265259,0.8918219804763794,0.9127589774131775,0.9759898909757242,0.9349450077198137,0.8905729471065412,39.95585935726276,-0.004908637590454901
2013-08-30,0.8926180005073547,0.8955758213996887,0.8896005749702454,0.9122052991390228,0.9751603199214508,0.93499650644459,0.8894140918334557,38.74487538402615,-0.005353193416892776
2013-09-02,0.8938946723937988,0.9013068675994873,0.8938946723937988,0.9116108548641205,0.9743517065085477,0.9347352141066128,0.8884864956216283,39.949951306587934,-0.005538644316557706
2013-09-03,0.900009036064148,0.9070295095443726,0.8975049257278442,0.9110873711109161,0.9736119784401968,0.9340497403006677,0.8881250019211645,45.4817982875369,-0.005133066645252482
2013-09-04,0.9056330323219299,0.9187798500061035,0.9041591882705688,0.9106729352474212,0.9729355710123071,0.9332554446058902,0.8880904258889523,50.040616794912715,-0.004308171997366883
2013-09-05,0.9171788096427917,0.9188643097877502,0.9119926691055298,0.9104395091533661,0.9723807773637314,0.9324901398610824,0.8883888784456498,57.83566603012812,-0.002691760370181373
2013-09-06,0.9119095206260681,0.9215739965438843,0.9119095206260681,0.9101144909858704,0.9717790733132533,0.9315700348619549,0.8886589471097859,53.71637903754617,-0.0018150078160831251
2013-09-09,0.9196248054504395,0.9232758283615112,0.9169264435768127,0.9102488160133362,0.9712601253714703,0.9318592945355234,0.888638337491149,58.38956624479872,-0.0004919452556165771
2013-09-10,0.9231905937194824,0.9314455389976501,0.9232758283615112,0.9102232122421264,0.9707818215713379,0.9317678485594031,0.8886785759248498,60.380614815013175,0.0008346987805201156
2013-09-11,0.930059552192688,0.9322270750999451,0.9279019832611084,0.910534508228302,0.9703766248589217,0.9327697774187714,0.8882992390378325,63.95832082317558,0.0024125311225863255
2013-09-12,0.9335324764251709,0.935016393661499,0.9230201244354248,0.9110200333595276,0.9700100164148413,0.9341822368042035,0.8878578299148517,65.6473837788768,0.003898273709729949
2013-09-13,0.926268994808197,0.9267840385437012,0.9226794838905334,0.9112622058391571,0.9695747823667079,0.934808444619202,0.8877159670591122,59.37962220795498,0.004438469240642395
2013-09-16,0.9323139786720276,0.9387908577919006,0.9323139786720276,0.9117843353748322,0.9692040280991527,0.9360207674103306,0.8875479033393338,62.58157914754847,0.005293339446413414
2013-09-17,0.9322270750999451,0.9366803765296936,0.9288501143455505,0.9121490120887756,0.968836098216661,0.9370604203570292,0.8872376038205221,62.50529829706305,0.005895854115311128
2013-09-18,0.935366153717041,0.9370315074920654,0.9337940216064453,0.9125262093544007,0.9685030639413279,0.9382643246784257,0.8867880940303756,64.20263990391248,0.0065511313767478985
2013-09-19,0.9497578740119934,0.9523810148239136,0.9441978931427002,0.9129702115058899,0.9683165446376031,0.9404722141930525,0.8854682088187272,70.74204846068375,0.008137925934146084
2013-09-20,0.9445546865463257,0.9458948373794556,0.9379982948303223,0.9135093140602112,0.9680801082374983,0.942403248863824,0.8846153792565984,66.0445575063572,0.008873332060952976
2013-09-23,0.9402031302452087,0.945268988609314,0.9384384155273438,0.9141573071479797,0.9678027253705253,0.9439676422536945,0.884346972042265,62.31756424110188,0.009001251662653309
2013-09-24,0.9423294067382812,0.9422405958175659,0.9366803765296936,0.9148204243183136,0.9675492595122411,0.94563637578315,0.8840044728534772,63.404269596056665,0.009168512704314291
2013-09-25,0.9384384155273438,0.9394964575767517,0.9339683651924133,0.915106612443924,0.9672595993716773,0.9465351120095367,0.8836781128783113,59.99461559980578,0.008884680743440398
2013-09-26,0.9365926384925842,0.9402031302452087,0.9346667528152466,0.915374653339386,0.9669544554808618,0.9473090899136319,0.88344021676514,58.39049277544301,0.008413813879658782
2013-09-27,0.9359790086746216,0.937558650970459,0.9299730658531189,0.9157338190078735,0.9666462420783333,0.9481894259822929,0.8832782120334541,57.83683454657895,0.007900066648999116
2013-09-30,0.9301460981369019,0.9356287717819214,0.9286775588989258,0.9158984625339508,0.9662830565647618,0.9485648697177963,0.8832320553501053,52.71960058173279,0.006942225480669917
2013-10-01,0.93205326795578,0.9436632990837097,0.9296271800994873,0.9160227251052856,0.965942461651636,0.9488901423552615,0.8831553078553097,54.14808966511658,0.006264805343106916
2013-10-02,0.9391434788703918,0.9408223032951355,0.9335324764251709,0.9162268686294556,0.9656758051053138,0.9495453653246171,0.8829083719342941,59.095941259335994,0.0062282701476849
2013-10-03,0.9387027025222778,0.9414423108100891,0.9369437098503113,0.9167410850524902,0.9654074160236547,0.9506442776779506,0.8828378924270298,58.67206953256742,0.006093506623243372
2013-10-04,0.9402031302452087,0.9458948373794556,0.9402914643287659,0.9170659816265107,0.9651566271092975,0.9515577147046481,0.8825742485483732,59.73090895486472,0.006038173234433342
2013-10-07,0.9442870616912842,0.945000946521759,0.9388790130615234,0.917440060377121,0.9649489697410205,0.9527058435958199,0.8821742771584221,62.54383190520985,0.006251793478392331
2013-10-09,0.944822371006012,0.9466111660003662,0.9415308833122253,0.9179473936557769,0.9647487050760992,0.9540514193342365,0.8818433679773173,62.90956059365144,0.006390616994026321
2013-10-10,0.945000946521759,0.946880042552948,0.9393816590309143,0.9187018859386444,0.9645522099652399,0.9554663801826664,0.8819373916946225,63.03921243699879,0.006440799652898566
2013-10-11,0.9455639123916626,0.948676586151123,0.944822371006012,0.9197128689289094,0.9643632716801015,0.9565986028997366,0.8828271349580821,63.47270245000074,0.006451626082914497
2013-10-14,0.9447330832481384,0.9485865831375122,0.9435742497444153,0.9207232415676116,0.9641679464212283,0.9575256671416836,0.8839208159935397,62.31120471589303,0.006320308555575527
2013-10-15,0.9512032270431519,0.9549274444580078,0.9509047865867615,0.9219362807273864,0.9640389442378102,0.9586777774348707,0.8851947840199021,67.32567333670971,0.006661534971586502
2013-10-16,0.9537435173988342,0.9543806314468384,0.95084148645401,0.9231826603412628,0.9639365021792773,0.9599275570109872,0.8864377636715385,69.065894078633,0.007055606921659963
2013-10-17,0.9543806314468384,0.9645991921424866,0.9524716138839722,0.924292744398117,0.9638414188880087,0.9613923920142691,0.887193096781965,69.50457713354552,0.007334770887265862
2013-10-18,0.9617233872413635,0.9676794409751892,0.9607070684432983,0.9255221712589264,0.9638203439461634,0.9634353109117574,0.8876090316060955,74.06876112748009,0.008055648862306586
2013-10-21,0.9660902619361877,0.9678667783737183,0.9644131064414978,0.9266290414333344,0.9638429301949132,0.9659855224890133,0.8872725603776555,76.33702777327767,0.008876991708865134
2013-10-22,0.9653441309928894,0.9731412529945374,0.9645061492919922,0.9275653910636902,0.9638578675163469,0.9683373264253915,0.8867934557019889,75.12782081679862,0.009359811223269121
2013-10-23,0.9701203107833862,0.9756097793579102,0.9609841108322144,0.9287362563610077,0.9639201803849267,0.970970340643113,0.8865021720789023,77.57643494097462,0.010012429900482456
2013-10-24,0.9641342163085938,0.9672114849090576,0.9573959112167358,0.9298205780982971,0.9639223100956185,0.9728589093352501,0.8867822468613441,68.47728856258391,0.009932115858709234
2013-10-25,0.9621860980987549,0.9623712301254272,0.9575792551040649,0.930774405002594,0.963905034354288,0.9745342380760786,0.8870145719291094,65.77346721481842,0.009600599805153709
2013-10-28,0.9599692821502686,0.9623712301254272,0.9557487964630127,0.9317072820663452,0.963865872640662,0.9759350485236832,0.8874795156090073,62.7377628171507,0.009054616441888763
2013-10-29,0.954562783241272,0.9549274444580078,0.9487665891647339,0.932399274110794,0.9637733045865785,0.9769584987368961,0.887840049484692,55.95483035382103,0.008092377524175687
2013-10-30,0.9478673338890076,0.9515653252601624,0.9461632966995239,0.933125079870224,0.9636150362208222,0.9774817337460849,0.888768425994363,48.903419989286185,0.006712155887904303
2013-10-31,0.9470324516296387,0.9526531100273132,0.9458948373794556,0.9339415788650512,0.963450035378493,0.977775734364172,0.8901074233659305,48.089615837903224,0.005487693560871421
2013-11-01,0.9462528228759766,0.9491268396377563,0.9424182176589966,0.9349274837970734,0.9632789188355368,0.977567607099428,0.8922873604947187,47.29807839331814,0.004403626554375428
2013-11-04,0.9466111660003662,0.9511128664016724,0.946342408657074,0.9358221900463104,0.9631130705480031,0.9774980819813788,0.894146298111242,47.723989051591246,0.0035326883050279534
2013-11-05,0.9512032270431519,0.9537435173988342,0.9465215802192688,0.9367891943454743,0.962994564642046,0.9775769819866135,0.896001406704335,52.96925133793258,0.003176388981402045
2013-11-06,0.9500284790992737,0.9541074633598328,0.9487665891647339,0.9377620017528534,0.9628655488650308,0.9774077374923943,0.8981162660133125,51.54440501896474,0.002767326837951112
2013-11-07,0.9527438879013062,0.9527438879013062,0.9447330832481384,0.9389245915412903,0.9627648358202523,0.9767744764865818,0.9010747065959988,54.585394692804115,0.002631913874008296
2013-11-08,0.9456264972686768,0.9479570984840393,0.9354537129402161,0.939943232536316,0.9625943050877868,0.975613202022147,0.9042732630504849,46.37080437974494,0.00192805872217372
2013-11-11,0.9369437098503113,0.9389671087265015,0.9351912140846252,0.9408297467231751,0.9623390752835262,0.9738000754220808,0.9078594180242694,38.71616353199119,0.0006619890658846606
2013-11-12,0.9364173412322998,0.9366803765296936,0.9313588738441467,0.941680200099945,0.962081147580621,0.9717775606329448,0.9115828395669452,38.30337019285853,-0.00037947940433569194
2013-11-13,0.9304922223091125,0.9319664835929871,0.9282465577125549,0.9422898638248444,0.9617668299151384,0.9700891099642056,0.9144906176854831,33.91928647134594,-0.0016637792377900418
2013-11-14,0.9365926384925842,0.9384384155273438,0.9285050630569458,0.9429090559482575,0.9615163404473877,0.9686809623246475,0.9171371495718674,41.36103855282967,-0.0021643937224383736
2013-11-15,0.931011974811554,0.9372949600219727,0.9306654334068298,0.9431857192516326,0.9612128144201292,0.9681133852594404,0.9182580532438249,37.2304680505257,-0.002977128740835555
2013-11-18,0.9370315074920654,0.941974401473999,0.9360666275024414,0.9436881589889526,0.9609722044001351,0.9670033217206099,0.9203729962572954,43.755198867119354,-0.0030997689118941185
2013-11-19,0.9370315074920654,0.9442870616912842,0.9358913898468018,0.9440362930297852,0.9607339885097093,0.9663846794881953,0.9216879065713751,43.75519886711935,-0.0031605295141549083
2013-11-20,0.9440196752548218,0.9441978931427002,0.9367681741714478,0.944452874660492,0.9605676769344853,0.9659765629976302,0.9229291863233537,50.660440624927624,-0.0026146558680236742
2013-11-21,0.9328358173370361,0.9333581924438477,0.9232758283615112,0.9445083999633789,0.9602917380321174,0.9658944174089845,0.9231223825177732,41.81294659313814,-0.003049340043350668
2013-11-22,0.9226794838905334,0.92498379945755,0.9156670570373535,0.9442913401126861,0.9599174867459169,0.9663420354549743,0.9222406447703979,35.71322061475284,-0.004165346096181466
2013-11-25,0.9165903329849243,0.9188643097877502,0.9121590852737427,0.9440977668762207,0.9594863707867166,0.9669495941294407,0.9212459396230007,32.638962250742296,-0.00547798571299285
2013-11-26,0.9192866086959839,0.9204712510108948,0.909008264541626,0.9438372194766999,0.9590863731527057,0.9675194099200128,0.9201550290333869,35.29504224275095,-0.006228892356472948
2013-11-27,0.9123255610466003,0.9137426614761353,0.9071118235588074,0.943439189195633,0.9586210914387477,0.9685440842800621,0.9183342941112038,31.807952779142013,-0.007301522247395664
2013-11-28,0.9084302186965942,0.9147457480430603,0.9079353213310242,0.942900470495224,0.9581216797681208,0.9698040416827347,0.9159968993077132,30.02054491661312,-0.008369433121510617
2013-11-29,0.9084302186965942,0.9138261675834656,0.9057150483131409,0.942073917388916,0.957627237367879,0.9706075939069659,0.913540240870866,30.02054491661312,-0.009110737275059178
2013-12-02,0.9123255610466003,0.9168423414230347,0.9100837707519531,0.9414293348789216,0.9571764744180365,0.971165078752346,0.9116935910054971,34.30216723982042,-0.00927696550105761
2013-12-03,0.9116601347923279,0.9143274426460266,0.9063718318939209,0.9408584749698639,0.9567235755149234,0.9717632461814565,0.9099537037582712,33.920366019407155,-0.009354563322325316
2013-12-04,0.9133254289627075,0.9139096736907959,0.9005764126777649,0.9402783954143524,0.9562917531598817,0.9721443329476478,0.9084124578810571,35.844887386092566,-0.009175910646509577
2013-12-05,0.9031791687011719,0.9057150483131409,0.9006575345993042,0.9395732104778289,0.9557632697308708,0.9731214918587029,0.906024929096955,30.09400131679145,-0.009740760102029955
2013-12-06,0.9067004919052124,0.9117432832717896,0.8994423747062683,0.9389753675460816,0.9552750828854067,0.9737822153448595,0.9041685197473036,34.04871785684236,-0.009791396883075065
2013-12-09,0.9105809926986694,0.9129918813705444,0.9075233936309814,0.9384674072265625,0.9548303655688282,0.9741821959999886,0.9027526184531365,38.19797358782128,-0.009409931085463397
2013-12-10,0.909008264541626,0.9156670570373535,0.9083395004272461,0.938044650554657,0.954374424263768,0.9746507735201644,0.9014385275891497,37.177097551392144,-0.009129285984928348
2013-12-11,0.9146620631217957,0.9153318405151367,0.9048135876655579,0.9376968264579773,0.9539792763905871,0.9748615459271018,0.9005321069888527,43.06773754721156,-0.008354354626433746
2013-12-12,0.9048135876655579,0.9077704548835754,0.8919015526771545,0.9370102286338806,0.9534900655561277,0.9753167734294078,0.8987036838383534,36.62544108707503,-0.00843764172239636
2013-12-13,0.8925384283065796,0.8963786363601685,0.8911067247390747,0.9360869431495666,0.9528835816017087,0.9763997993415092,0.8957740869576241,30.501245671125105,-0.009385954675534602
2013-12-16,0.8952551484107971,0.8969414234161377,0.8929368853569031,0.9351879835128785,0.9523101643544488,0.977099147219547,0.8932768198062099,33.16487260462398,-0.009805254050157974
2013-12-17,0.894134521484375,0.8959770798683167,0.8883361220359802,0.9341849327087403,0.9517313022347602,0.9775815112485876,0.8907883541688929,32.60967989702385,-0.01011141890987477
2013-12-18,0.8921402096748352,0.8929209113121033,0.8874689936637878,0.9331312894821167,0.9511383560385334,0.9780066884458068,0.8882558905184265,31.59596973598518,-0.010395152218848458
2013-12-19,0.8847991228103638,0.8874689936637878,0.8823789358139038,0.9319272530078888,0.950478264163852,0.978693446910982,0.8851610591047956,28.129543708990937,-0.011084600889211926
2013-12-20,0.8863754868507385,0.8930166363716125,0.8857396245002747,0.9307434844970703,0.9498404255819343,0.9790711344656958,0.8824158345284449,29.907825657371447,-0.011372697150358935
2013-12-23,0.8922198414802551,0.8956560492515564,0.8920606374740601,0.9296932196617127,0.9492670864351419,0.9790514196442759,0.8803350196791495,36.209697990980786,-0.01100259388422653
2013-12-24,0.8930166363716125,0.8934155106544495,0.8908686637878418,0.9285294878482818,0.9487073804629088,0.97855692407609,0.8785020516204737,37.040799246005086,-0.010523679266900787
2013-12-25,0.8926976919174194,0.894134521484375,0.8915834426879883,0.9273085713386535,0.9481500701276917,0.9778018580676157,0.8768152846096914,36.833927819105014,-0.010053976155462663
2013-12-26,0.891742467880249,0.8921402096748352,0.8877841234207153,0.9260558080673218,0.9475888004521609,0.9769144256570993,0.8751971904775443,36.18216500037085,-0.009647600123478206
2013-12-27,0.8886518478393555,0.8928571343421936,0.8879417777061462,0.9245943772792816,0.9470023631112539,0.9754691162759077,0.8737196382826555,34.0809144268553,-0.009465815370929387
2013-12-30,0.8855043053627014,0.8908686637878418,0.8837044835090637,0.9229826581478119,0.9463904421371065,0.9735969837263927,0.8723683325692311,32.04016931788115,-0.009466604889196262
2013-12-31,0.8919811248779297,0.8954154849052429,0.8912656307220459,0.9215153980255127,0.9458490558943861,0.9713650740966717,0.8716657219543538,40.00161545708803,-0.00884267255740201
2014-01-01,0.8915039300918579,0.8925384283065796,0.8915039300918579,0.9199430704116821,0.945308308372642,0.9684773166511982,0.871408824172166,39.633217190083066,-0.00829113230821965
2014-01-02,0.8892050385475159,0.894134521484375,0.8844861388206482,0.9184444868564605,0.9447500668804947,0.96602724102486,0.870861732688061,37.82589040775741,-0.007947915400765337
2014-01-03,0.8906305432319641,0.9004952907562256,0.8887308835983276,0.9170133757591248,0.9442115641563343,0.9635184419846058,0.8705083095336438,39.66324983121966,-0.007474723257410498
2014-01-06,0.8965393900871277,0.898311197757721,0.8936550617218018,0.9157447779178619,0.9437372141644715,0.9609082828550278,0.870581272980696,46.69511201510348,-0.006547445638046323
2014-01-07,0.8967000842094421,0.8968609571456909,0.8896797299385071,0.9145875239372253,0.943269183019542,0.9586429089915043,0.8705321388829463,46.876436967753484,-0.00573351240926534
2014-01-08,0.891742467880249,0.8951749801635742,0.8904719352722168,0.9134650266170502,0.942756479385124,0.956915297032187,0.8700147562019134,42.11650774085362,-0.005425955627685886
2014-01-09,0.8890469670295715,0.8913450837135315,0.8868393301963806,0.9123053169250488,0.9422220563753816,0.9551903714294674,0.8694202624206302,39.75294850768456,-0.005338183793993201
2014-01-10,0.889758825302124,0.8999280333518982,0.8877841234207153,0.9111754369735717,0.9417000341744588,0.9533813428008634,0.8689695311462801,40.699429198048,-0.0051517962695688535
2014-01-13,0.9013068675994873,0.9085127711296082,0.8987956643104553,0.9102693510055542,0.9412981121180802,0.951299001451832,0.8692397005592764,53.46995886338506,-0.004025844877485807
2014-01-14,0.9049773812294006,0.9054690003395081,0.8971828818321228,0.9093448340892791,0.9409367118099233,0.9486570130227461,0.8700326551558122,56.664421367831714,-0.0028050061482255417
2014-01-15,0.8961375951766968,0.8971828818321228,0.8890469670295715,0.9082670164108276,0.9404909494543787,0.9459476490630006,0.8705863837586547,48.0998157825254,-0.0025217108044541803
2014-01-16,0.8905512690544128,0.8906305432319641,0.8778089880943298,0.9070231640338897,0.9399940372105056,0.942767397893545,0.8712789301742344,43.61352598846806,-0.0027166511710324803
2014-01-17,0.8819897174835205,0.8827683925628662,0.8769621849060059,0.9057504284381866,0.9394168797990364,0.9403993132494589,0.8711015436269144,37.79527682323719,-0.003521396014650402
2014-01-20,0.8774238228797913,0.8819897174835205,0.8758867979049683,0.9045600306987762,0.9388000334602085,0.938923279181444,0.8701967822161084,35.10556833393389,-0.004475995150948764
2014-01-21,0.8804367184638977,0.8837044835090637,0.8776549100875854,0.9034404182434081,0.9382193039565244,0.9372098304665001,0.8696710060203162,38.22943260316257,-0.004932547018536515
2014-01-22,0.8805918097496033,0.888809859752655,0.8788890838623047,0.902442409992218,0.9376458960527624,0.9358966486201175,0.8689881713643186,38.39383075306031,-0.005221661034242264
2014-01-23,0.8844861388206482,0.8847991228103638,0.8764241933822632,0.9014002799987793,0.9371169432433817,0.9337402058227964,0.8690603541747621,42.52989485187398,-0.00507801002624475
2014-01-24,0.8760402798652649,0.8775008320808411,0.8661758303642273,0.9003008460998535,0.9365092152483171,0.9322673550030887,0.8683343371966183,36.76497593608641,-0.005581337614411264
2014-01-27,0.8694896101951599,0.8755800724029541,0.8679049015045166,0.8989500081539155,0.935842353505134,0.9302832523292464,0.8676167639785846,33.0257775751941,-0.00643463814732026
2014-01-28,0.8732098937034607,0.8821454048156738,0.8732098937034607,0.8976735758781433,0.9352191449486346,0.9278534424831122,0.8674937092731745,36.94788001369586,-0.006733074488426416
2014-01-29,0.8788118362426758,0.8824567198753357,0.8730574250221252,0.8963694190979004,0.934657878194219,0.9238935996593832,0.8688452385364175,42.41625691563538,-0.006443283333875116
2014-01-30,0.8748906254768372,0.8800492882728577,0.8713078498840332,0.8952105152606964,0.9340631791610278,0.921310399982555,0.8691106305388377,39.81337783950278,-0.006455614389733744
2014-01-31,0.8795848488807678,0.8822231888771057,0.8697165250778198,0.8943486225605011,0.933521106221853,0.9195777328062481,0.869119512314754,44.22585833003083,-0.006017239254383577
2014-02-03,0.87565678358078,0.8830021619796753,0.8740494847297668,0.8935299515724182,0.9329453418163468,0.918468084162042,0.8685918189827945,41.48507718275602,-0.0059185603631038974
2014-02-04,0.8750437498092651,0.8915039300918579,0.8732861876487732,0.8926450943946839,0.9323692065713882,0.9169855180778039,0.8683046707115638,41.057435244695384,-0.005822702839024418
2014-02-05,0.8914245367050171,0.8938946723937988,0.8874689936637878,0.8922270739078522,0.9319617969202014,0.9158966025741199,0.8685575452415845,54.54192388764191,-0.004374515763357678
2014-02-06,0.8928571343421936,0.8982304930686951,0.8925384283065796,0.8919156122207642,0.9315726957992894,0.9151201602447164,0.868711064196812,55.50073367089111,-0.003075762935144777
2014-02-07,0.895014762878418,0.8998470306396484,0.8924587368965149,0.8916473031044007,0.9312089352720353,0.9143778424263214,0.86891676378248,56.9727155809625,-0.0018510516003487076
2014-02-10,0.894694447517395,0.8958967924118042,0.8908686637878418,0.8912946808338166,0.930845607035,0.9132496923171629,0.8693396693504702,56.67299843734361,-0.000895977545187332
2014-02-11,0.8945664167404175,0.9039139747619629,0.8945344090461731,0.8909528064727783,0.9304846200662349,0.9121320890338759,0.8697735239116807,56.544954264188334,-0.00014770286258114496
2014-02-12,0.9021199941635132,0.9068650007247925,0.9009009003639221,0.8907286977767944,0.9302023849821149,0.9111658492787535,0.8702915462748353,61.99991011982907,0.001042800034893765
2014-02-13,0.9024455547332764,0.9032607674598694,0.893096387386322,0.8907140254974365,0.9299261976159601,0.9111157160545541,0.8703123349403189,62.2200386514131,0.00198961710788359
2014-02-14,0.8982304930686951,0.90399569272995,0.8982304930686951,0.8905446255207061,0.9296108174706518,0.9105411565145392,0.8705480945268731,57.57011694550574,0.002372507421366077
2014-02-17,0.9059611558914185,0.9069472551345825,0.9025270342826843,0.8904522287845612,0.9293754974545247,0.910110714775911,0.8707937427932114,63.027579123166376,0.0032621466394813226
2014-02-18,0.9039466977119446,0.9079353213310242,0.9003331065177917,0.8903509974479675,0.9291224745710741,0.9096686402563232,0.8710333546396118,60.83186283671831,0.003761284444035562
2014-02-19,0.90203857421875,0.9044862389564514,0.8992806077003479,0.8900985276699066,0.928852983024816,0.9084237822458735,0.8717732730939397,58.74427827858001,0.0039572682066191245
2014-02-20,0.8999280333518982,0.9013881087303162,0.893814742565155,0.8900008165836334,0.928565172579819,0.9080559295359114,0.8719457036313554,56.4372609404532,0.00389735743058528
2014-02-21,0.9009820818901062,0.9016319513320923,0.8952551484107971,0.890169689655304,0.9282907139655279,0.9084778562936908,0.8718615230169171,57.33836370594621,0.0038900881027739143
2014-02-24,0.8977466821670532,0.9019572138786316,0.8939746022224426,0.8902195203304291,0.9279867932506074,0.9085976119887765,0.8718414286720816,53.66865278421999,0.0035819667073189176
2014-02-25,0.9037505388259888,0.904322624206543,0.9007385969161987,0.8904118406772613,0.9277456364897646,0.9091547881312764,0.8716688932232463,58.92250191845799,0.003778681054529165
2014-02-26,0.9009820818901062,0.9026899933815002,0.8959770798683167,0.8905886781215667,0.9274793324634614,0.909563593112754,0.8716137631303794,55.78138499363451,0.0036688945219364166
2014-02-27,0.8963786363601685,0.8968609571456909,0.8907099366188049,0.8908202683925629,0.9271698728002404,0.9097894240219511,0.8718511127631747,50.92039622338619,0.0031738422444749226
2014-02-28,0.8961697816848755,0.8987956643104553,0.8927774429321289,0.8910161542892456,0.9268614141816821,0.9100002426752007,0.8720320659032905,50.70450858339071,0.0027331508593239073
2014-03-03,0.8902341723442078,0.8942144513130188,0.889284074306488,0.8909764409065246,0.926496964013566,0.909958559281202,0.8719943225318473,44.880767351905654,0.0018832369109121894
2014-03-04,0.8925384283065796,0.8967000842094421,0.8914245367050171,0.890966876745224,0.926159068135353,0.9099452809142248,0.8719884725762233,47.406224109840295,0.0013797038154408359
2014-03-05,0.8954154849052429,0.9000900387763977,0.8945344090461731,0.8910212326049805,0.9258531618340794,0.9100354045897222,0.8720070606202387,50.45839744454462,0.0011989834970538293
2014-03-06,0.8978192210197449,0.9085953235626221,0.8974243998527527,0.8911427676677703,0.9255742171489295,0.9102531953092461,0.8720323400262946,52.91685854271566,0.0012354809034965664
2014-03-07,0.9105809926986694,0.9134923219680786,0.9071940183639526,0.8915813505649567,0.9254250308357638,0.9114499507738928,0.8717127503560206,63.323116377611925,0.0022680292515526723
2014-03-10,0.9057971239089966,0.9064539670944214,0.9013068675994873,0.8919872069358825,0.9252297282789833,0.9121755999911857,0.8717988138805793,58.13598598620991,0.0026695402276163405
2014-03-11,0.9024455547332764,0.905059278011322,0.9011445045471191,0.8921964955329895,0.9250030200841594,0.9126004453091214,0.8717925457568576,54.752073906568114,0.002686330599658837
2014-03-12,0.8965393900871277,0.8978272080421448,0.8928571343421936,0.8922972047328949,0.9247197998847644,0.9127368785557057,0.871857530910084,49.30563507242054,0.002197724958122871
2014-03-13,0.8997660279273987,0.9104151725769043,0.8997660279273987,0.8925084245204925,0.9244715036460184,0.913035757014272,0.871981092026713,52.10848587612201,0.002047264582831443
2014-03-14,0.9030161499977112,0.9049773812294006,0.8999280333518982,0.8927561366558074,0.9242580175397551,0.9134888716674493,0.8720234016441656,54.81828524281646,0.002165320868963261
2014-03-17,0.9029345512390137,0.9098353385925293,0.9012256860733032,0.8928840398788452,0.9240458437454128,0.9137902177436367,0.8719778620140538,54.73454992304036,0.002226629786247769
2014-03-18,0.9084302186965942,0.9135757684707642,0.9066182971000671,0.8931186425685883,0.923890464391472,0.9144583744177895,0.8717789107193871,59.24935777120916,0.0026876899626594453
2014-03-19,0.9133254289627075,0.9134923219680786,0.9097525477409363,0.8935503017902374,0.9237853396606893,0.9156365146454891,0.8714640889349857,62.80779974671669,0.003408791604009087
2014-03-20,0.9030161499977112,0.904568076133728,0.8997660279273987,0.8938296854496002,0.9235786810567893,0.916036467417694,0.8716229034815064,52.42517927080329,0.0031125180254770735
2014-03-21,0.9038322567939758,0.9094216227531433,0.9037505388259888,0.8941111540794373,0.923382199223057,0.9164636137944554,0.8717586943644192,53.08632356462021,0.002910027096978962
2014-03-24,0.9094216227531433,0.9130752682685852,0.9053869843482971,0.8942734491825104,0.9232432880142112,0.9169545799726048,0.871592318392416,57.4478711982649,0.0031640930033374204
2014-03-25,0.9129918813705444,0.9158347845077515,0.9120758771896362,0.8944337391853332,0.9231412839678674,0.9175330520977247,0.8713344262729417,60.0056423870521,0.00361189640368631
2014-03-26,0.9162543416023254,0.9246416687965393,0.9155831933021545,0.8948360741138458,0.9230727571780687,0.918743165613073,0.8709289826146186,62.23927118820658,0.004181831548903059
2014-03-27,0.9218289256095886,0.9272136688232422,0.9218289256095886,0.8954616272449494,0.923060380744535,0.9205201940474596,0.8704030604424392,65.75827569486032,0.005025401893468118
2014-03-28,0.9266981482505798,0.9297136068344116,0.923787534236908,0.8963557958602906,0.923096577436185,0.9226141903605087,0.8700974013600724,68.51804628809771,0.006017477309790853
2014-03-31,0.9260116219520569,0.9278159141540527,0.9220839738845825,0.8973275518417358,0.9231255828542911,0.9243124276315651,0.8703426760519066,67.68968069687227,0.00667140350321227
2014-04-01,0.9268699884414673,0.9294544458389282,0.9231905937194824,0.8982562172412872,0.9231628406213758,0.926052241731503,0.8704601927510714,68.20722294018016,0.007176185129655455
2014-04-02,0.9238728880882263,0.9264406561851501,0.9226794838905334,0.8991218388080597,0.9231699057703087,0.9273646633940634,0.870879014222056,64.33243652874616,0.007250804493936114
2014-04-03,0.924727201461792,0.9250693917274475,0.920810341835022,0.8999266600608826,0.9231854012498455,0.9287545716947823,0.871098748426983,64.94377697144714,0.007294787062771646
2014-04-04,0.9232758283615112,0.9305788278579712,0.9231905937194824,0.9008713710308075,0.923186301022102,0.9296000022064258,0.8721427398551892,62.96915441463129,0.007130335813115951
2014-04-07,0.9290226101875305,0.9297136068344116,0.9254974722862244,0.9020620310306549,0.923244373750188,0.9304142448435868,0.8737098172177229,67.21922455556142,0.007378667591522614
2014-04-08,0.9266981482505798,0.9358038306236267,0.9266981482505798,0.9031317961215973,0.9232787396656569,0.9310740264972596,0.8751895657459351,64.01869601095494,0.007303714983149745
2014-04-09,0.9351038336753845,0.9387027025222778,0.9337940216064453,0.9042576360702514,0.9233964022927621,0.9327314491412402,0.8757838229992627,69.6468650943571,0.007832297218646644
2014-04-10,0.9378223419189453,0.9461632966995239,0.9376465678215027,0.9055162703990937,0.9235399439807572,0.9342539950560856,0.8767785457421017,71.21505223477915,0.00837403270783954
2014-04-11,0.9397612810134888,0.9427735805511475,0.9365926384925842,0.906719799041748,0.9237013503195833,0.9360589198171929,0.8773806782663032,72.31374617362192,0.00885771197662577
2014-04-14,0.9385265111923218,0.9424182176589966,0.9385265111923218,0.9079771935939789,0.9238488643582917,0.9372713499406645,0.8786830372472932,70.46908569942045,0.0090372202273864
2014-04-15,0.9411764740943909,0.9417969584465027,0.9338812828063965,0.9092998480796814,0.9240212783857175,0.9384964621041954,0.8801032340551675,72.11320260209602,0.00928626538210886
2014-04-16,0.9343174695968628,0.9383503198623657,0.9333581924438477,0.9101577067375183,0.9241237280496282,0.939728757624514,0.8805866558505225,62.42544189165551,0.00882840278977115
2014-04-17,0.9373828172683716,0.9392316937446594,0.9337940216064453,0.9110482203960418,0.9242556592857862,0.9411693669156553,0.8809270738764283,64.7073404873494,0.008613599116695125
2014-04-18,0.9330969452857971,0.9344047904014587,0.9324879050254822,0.9118098640441894,0.9243436322809107,0.9422009099002289,0.8814188181881499,59.28609076861435,0.008005252045257039
2014-04-21,0.9333581924438477,0.9347541332244873,0.9318796396255493,0.9125831389427185,0.9244333293970601,0.9431636278621316,0.8820026500233054,59.50878233131399,0.007458239132433375
2014-04-22,0.9337940216064453,0.9378223419189453,0.9332711696624756,0.913367691040039,0.9245264706131772,0.9440740825451934,0.8826612995348846,59.902807819963556,0.006979440582565832
2014-04-23,0.9370315074920654,0.9378223419189453,0.9270418286323547,0.9140659213066101,0.9246508988409644,0.945311361293678,0.8828204813195423,62.79879581585993,0.006783036711493273
2014-04-24,0.9288501143455505,0.9304056167602539,0.9254974722862244,0.9145940124988556,0.9246926820798614,0.9459302340245552,0.883257790973156,52.482944970267944,0.005899212724332692
2014-04-25,0.9270418286323547,0.9298000931739807,0.9254974722862244,0.9151702392101287,0.9247160566724488,0.946337433562043,0.8840030448582145,50.508072722089004,0.004995279825939725
2014-04-28,0.927385687828064,0.9315323233604431,0.9254974722862244,0.9155987298488617,0.9247426201665628,0.9468381689514263,0.8843592907462972,50.886532459112864,0.004257574387529495
2014-04-29,0.925377607345581,0.9281604290008545,0.9230201244354248,0.9160273480415344,0.9247489384469577,0.9472022689125484,0.8848524271705204,48.55160155701929,0.0034708919185196807
2014-04-30,0.9274716973304749,0.9297136068344116,0.9254117608070374,0.9165360105037689,0.9247760305751802,0.9476091010092789,0.8854629199982589,51.072874065713755,0.002982040844232592
2014-05-01,0.9283326864242554,0.9312721490859985,0.9261832237243652,0.9171041035652161,0.9248114201856553,0.9479758300826214,0.8862323770478108,52.111984632320144,0.002633737385030255
2014-05-02,0.9276438355445862,0.9280742406845093,0.9203864932060242,0.9176373386383057,0.9248396034230865,0.9482927336592744,0.886981943617337,51.175530183888156,0.0022758848908664975
2014-05-05,0.9275577664375305,0.9290226101875305,0.9253261685371399,0.9182335603237152,0.9248666498212675,0.9484666411318834,0.888000479515547,51.05208637811247,0.001962714205806404
2014-05-06,0.9282465577125549,0.9366803765296936,0.927385687828064,0.9187234807014465,0.9249002807455926,0.9487920838965844,0.8886548775063086,52.04893729296946,0.0017499317570484063
2014-05-07,0.9351038336753845,0.9355412125587463,0.93205326795578,0.9194059157371521,0.925001808635542,0.949379719067661,0.8894321124066432,60.642483014749295,0.002110298784178344
2014-05-08,0.9324009418487549,0.9395847320556641,0.9322270750999451,0.9201263618469239,0.9250754318516663,0.9495679911731737,0.890684732520674,56.355312669976975,0.0021529733316950628
2014-05-09,0.9369437098503113,0.9380863308906555,0.934841513633728,0.9209418404102325,0.9251935241701758,0.9499303279624234,0.8919533528580417,61.30648987410822,0.0025242585490281577
2014-05-12,0.9360666275024414,0.9387027025222778,0.935016393661499,0.9218584895133972,0.9253017142531881,0.9497619061091432,0.8939550729176512,59.89374719776078,0.0027164183633590078
2014-05-13,0.9360666275024414,0.9383503198623657,0.9333581924438477,0.9227290534973145,0.9254088278179594,0.9495955703575367,0.8958625366370923,59.89374719776078,0.0028360145898191913
2014-05-14,0.9365049004554749,0.9410879015922546,0.9365049004554749,0.9235508418083191,0.9255192365010241,0.9495055044765779,0.8975961791400604,60.42229093525897,0.0029323580274324135
2014-05-15,0.9371192455291748,0.9393199682235718,0.9330969452857971,0.9243368422985077,0.9256346594765366,0.9494784668329517,0.8991952177640636,61.19429016993032,0.003023431176428115
2014-05-16,0.9358038306236267,0.9372949600219727,0.9336196184158325,0.9248412990570068,0.9257358452591884,0.9498682809435905,0.8998143171704232,58.560355582651965,0.0029553963442707776
2014-05-19,0.9367681741714478,0.9367681741714478,0.9344921708106995,0.9254607200622559,0.9258456196763264,0.9500938170075011,0.9008276231170107,59.92227329125249,0.0029453406608480615
2014-05-20,0.9334453344345093,0.9335324764251709,0.9250693917274475,0.9260807156562805,0.9259212387287152,0.9498963466961231,0.9022650846164378,53.40883569030547,0.002638827304099034
2014-05-21,0.9234462380409241,0.9244707822799683,0.9210647344589233,0.9266188526153565,0.9258966118561778,0.9488748372522927,0.9043628679784202,39.49610715026881,0.00157096069058682
2014-05-22,0.923616886138916,0.9274716973304749,0.9219139218330383,0.9270958697795868,0.9258739280181749,0.9479830082481477,0.9062087313110259,39.784399820502045,0.0007300233266710476
2014-05-23,0.9227646589279175,0.9248982667922974,0.9215739965438843,0.9274908399581909,0.9258429900172496,0.9472350515920621,0.9077466283243197,38.79034005220302,-5.134024586683772e-06
2014-05-26,0.924043595790863,0.9250693917274475,0.9231905937194824,0.9279130208492279,0.925825085597071,0.9463751730470039,0.9094508686514519,41.166116615454406,-0.0004790300454842189
2014-05-27,0.9256688356399536,0.9277297854423523,0.9237021803855896,0.9282577931880951,0.9258235308711281,0.9458586719242335,0.9106569144519567,44.13360686403829,-0.0007152083069952297
2014-05-28,0.9265264272689819,0.9271277189254761,0.9215739965438843,0.9285218131542206,0.9258305248651426,0.945596620279417,0.9114470060290241,45.69024401450437,-0.0008236858656127666
2014-05-29,0.922934889793396,0.9312721490859985,0.9219139218330383,0.9289201879501343,0.9258017125758471,0.9444232237440289,0.9134171521562398,40.58948452365028,-0.001185793086335707
2014-05-30,0.9310986995697021,0.9329228401184082,0.9290226101875305,0.9294655168056488,0.9258544189141387,0.9431818496908777,0.9157491839204199,53.34058841475802,-0.0008047379285491818
2014-06-02,0.9299730658531189,0.9308386445045471,0.9235315322875977,0.9298765456676483,0.9258954004757546,0.9423132936570257,0.917439797678271,51.69316039514189,-0.0005868137802838014
2014-06-03,0.9237021803855896,0.9289363026618958,0.92336106300354,0.9300907516479492,0.9258735773902623,0.9416806038942429,0.9185008994016555,43.612041104196614,-0.000909629726713046
2014-06-04,0.9261832237243652,0.9290226101875305,0.9253261685371399,0.93028932929039,0.9258766584483156,0.9412338205797223,0.9193448380010577,47.13339763034143,-0.0009542640653896761
2014-06-05,0.927385687828064,0.9326618909835815,0.9260973930358887,0.9304004645347596,0.9258916736660366,0.9411045103026194,0.9196964187668997,48.80217197465557,-0.0008824361222870003
2014-06-06,0.9326618909835815,0.9358038306236267,0.9321401715278625,0.9305197393894196,0.9259590390125336,0.9411882468409187,0.9198512319379204,55.44757911859228,-0.0003952107171676378
2014-06-09,0.9335324764251709,0.9366803765296936,0.9338812828063965,0.9306701564788818,0.9260343965987884,0.9412912024871729,0.9200491104705908,56.45199347259457,6.047082596905007e-05
2014-06-10,0.9344047904014587,0.9383503198623657,0.9343174695968628,0.9308208525180817,0.9261176840993776,0.9414356355208986,0.9202060695152647,57.486224102334006,0.0004863834538745282
2014-06-11,0.9372071027755737,0.940733790397644,0.9365926384925842,0.9310875368118287,0.926228026573853,0.941659759870461,0.9205153137531963,60.7140820823763,0.001038079138586001
2014-06-12,0.9381743669509888,0.9438414573669434,0.9369437098503113,0.9313564801216125,0.9263468956324229,0.9419524306395229,0.9207605296037021,61.79240221715394,0.0015356500606740209
2014-06-13,0.9425959587097168,0.9425959587097168,0.9377343654632568,0.9317428827285766,0.9265085778522201,0.9425431931840975,0.9209425722730558,66.34056365021547,0.002260704113596801
2014-06-16,0.9391434788703918,0.9416195750236511,0.9374707341194153,0.9319453001022339,0.9266342982604554,0.9429155472432755,0.9209750529611922,60.30425691001258,0.0025275918987770485
2014-06-17,0.9394964575767517,0.9395847320556641,0.9331840872764587,0.9322012662887573,0.9267622799452898,0.9432686070671189,0.9211339255103957,60.69799630986155,0.0027360453948099828
2014-06-18,0.9337068200111389,0.935016393661499,0.933009922504425,0.9321733260154724,0.9268313798464934,0.9432177877449944,0.9211288642859504,51.64875180106662,0.002406332226697838
2014-06-19,0.9400263428688049,0.9432182908058167,0.9396729469299316,0.9322174060344696,0.9269626730109902,0.9433709466751279,0.9210638653938112,58.85872018647834,0.002624708836034162
2014-06-20,0.9400263428688049,0.9416195750236511,0.9379718899726868,0.932222707271576,0.9270926597758384,0.9433911249612218,0.9210542895819301,58.85872018647834,0.00276589040931996
2014-06-23,0.9387027025222778,0.9447330832481384,0.9384384155273438,0.932226231098175,0.9272081825893183,0.9434028751361881,0.9210495870601619,56.80122674225231,0.002739393091125031
2014-06-24,0.941974401473999,0.9432182908058167,0.9373828172683716,0.9322421896457672,0.9273551101405134,0.9434731419511115,0.9210112373404229,60.47867959068319,0.002948405158874512
2014-06-25,0.9366803765296936,0.9398496150970459,0.9356287717819214,0.9322894477844238,0.9274478988608686,0.9435757917017537,0.9210031038670939,52.665947490613526,0.00265624561344735
2014-06-26,0.9405568242073059,0.9420631527900696,0.9396729469299316,0.9323529279232026,0.9275783359290827,0.9437908873238202,0.9209149685225849,57.04195233250995,0.002706307372783212
2014-06-27,0.9409107565879822,0.9441087245941162,0.9408223032951355,0.9325092041492462,0.9277109968312524,0.9441993935420774,0.920819014756415,57.42893337613207,0.0027429223613448794
2014-06-30,0.9417082667350769,0.9438414573669434,0.9388790130615234,0.9326762056350708,0.927850273148798,0.9446510055865794,0.9207014056835622,58.339620058975406,0.0028039699867801193
2014-07-01,0.9429514408111572,0.949397087097168,0.9416195750236511,0.9328593540191651,0.9280005335236489,0.9451790834883047,0.9205396245500255,59.78384683174672,0.0029190158305915093
2014-07-02,0.9492168426513672,0.9496676325798035,0.943129301071167,0.933103060722351,0.9282116410772991,0.9462162062244609,0.9199899152202412,66.15241153711881,0.0034756904609379857
2014-07-03,0.9434852004051208,0.9441978931427002,0.9333581924438477,0.9333957624435425,0.928363616792104,0.9467721388858062,0.9200193860012787,57.22471346627054,0.003414997522495522
2014-07-04,0.935016393661499,0.9367681741714478,0.9345793724060059,0.9335552537441254,0.9284298135769172,0.9468120373578005,0.9202984701304503,47.108443714119275,0.0026529543971876013
2014-07-07,0.9360666275024414,0.9373828172683716,0.9342302083969116,0.9337288725376129,0.9285058017752302,0.9468828417518497,0.9205749033233762,48.328380472387835,0.0021094583017401414
2014-07-08,0.9372949600219727,0.9415308833122253,0.9372071027755737,0.9339672195911407,0.928593256086199,0.9469340925587392,0.9210003466235422,49.787129715689254,0.0017575895014320109
2014-07-09,0.9410879015922546,0.9416195750236511,0.9390552639961243,0.9342395436763763,0.9287175809171837,0.9472215304608519,0.9212575568919007,54.09654938327491,0.001764450144957519
2014-07-10,0.941974401473999,0.943396270275116,0.936154305934906,0.9345123779773712,0.9288494895795232,0.9475608962307214,0.921463859724021,55.06718141021885,0.0018204355383435455
2014-07-11,0.9387027025222778,0.9409993290901184,0.9377343654632568,0.934733555316925,0.9289475314994123,0.9476813874554226,0.9217857231784274,50.7980850187479,0.0015825628043824036
2014-07-14,0.9383503198623657,0.9404683709144592,0.9383503198623657,0.9349494063854218,0.9290410915826833,0.9477681660116823,0.9221306467591612,50.34536625443446,0.0013500500763641288
2014-07-15,0.9394081830978394,0.9400263428688049,0.9352349638938904,0.9351726388931274,0.9291442467222004,0.9479034089507128,0.922441868835542,51.73597317580775,0.0012368847489646617
2014-07-16,0.9363296031951904,0.9370315074920654,0.9330969452857971,0.9351971542835236,0.9292157428065518,0.9479321037315745,0.9224622048354726,47.56146411285662,0.000888542181144425
2014-07-17,0.9366803765296936,0.9392316937446594,0.935366153717041,0.9352827429771423,0.9292900177690154,0.9479984952415871,0.9225669907126975,48.07556152630207,0.0006334802965033415
2014-07-18,0.9351038336753845,0.9405568242073059,0.9338812828063965,0.9352459454536438,0.9293478666835409,0.9479527244620674,0.9225391664452203,45.897607052318925,0.00030066223558311567
2014-07-21,0.9395847320556641,0.939937949180603,0.9372071027755737,0.9353163075447083,0.929449726040537,0.9480804677019894,0.9225521473874272,52.48614028430446,0.00039393157732803274
2014-07-22,0.9367681741714478,0.9421518445014954,0.9363296031951904,0.9353303384780883,0.9295225464199912,0.9480994065043844,0.9225612704517923,48.48896281701361,0.0002378339189590406
2014-07-23,0.9388790130615234,0.9455370306968689,0.9383503198623657,0.9353778207302094,0.9296156455906072,0.9481823231938574,0.9225733182665613,51.47176452666138,0.00028121083404397673
2014-07-24,0.9441087245941162,0.9470593929290771,0.9414423108100891,0.9355176103115082,0.9297598553320174,0.9485502891331458,0.9224849314898705,57.96605320324751,0.00072917588026844
2014-07-25,0.9417082667350769,0.9425959587097168,0.9401147365570068,0.9356356990337372,0.9298787449977863,0.9487854374313965,0.9224859606360779,54.36944582449235,0.0008803464333668742
2014-07-28,0.9402031302452087,0.9413536787033081,0.9386146068572998,0.9357043981552124,0.9299814751993103,0.9489140399448331,0.9224947563655918,52.18311546340682,0.0008686845947692978
2014-07-29,0.9411764740943909,0.9417082667350769,0.937558650970459,0.93585902094841,0.9300928682232033,0.9491415217252255,0.9225765201715945,53.48574825294505,0.0009272939502784627
2014-07-30,0.9386146068572998,0.9388790130615234,0.9311854243278503,0.9361623883247375,0.9301776616424943,0.9489722015760857,0.9233525750733893,49.65176317074677,0.0007582800309774429
2014-07-31,0.9325748682022095,0.9331840872764587,0.9281604290008545,0.9363415479660034,0.9302015144440964,0.9486769768881019,0.924006119043905,42.00675897359945,0.00013541783646409122
2014-08-01,0.9302325248718262,0.9335324764251709,0.9277297854423523,0.9364909052848815,0.9302018230055664,0.9483260561422573,0.9246557544275058,39.46863819797119,-0.0005409764315922327
2014-08-04,0.9312721490859985,0.9332188367843628,0.9310986995697021,0.9366354763507843,0.9302124730163227,0.9480179624022689,0.9252529902992996,41.16773907851448,-0.0009818170013708993
2014-08-05,0.9332711696624756,0.9344047904014587,0.9298000931739807,0.9367875230312347,0.9302429078088377,0.9477680904790664,0.925806955583403,44.39952640034623,-0.0011565500855369448
2014-08-06,0.9304922223091125,0.9330969452857971,0.9293680787086487,0.9368668389320374,0.9302453885501353,0.9475993709284795,0.9261343069355953,41.02564085066271,-0.0015019515775531733
2014-08-07,0.9346667528152466,0.9358038306236267,0.9260973930358887,0.9371014761924744,0.9302893822244375,0.9470770879525081,0.9271258644324407,47.481794929607744,-0.0014224380442839912
2014-08-08,0.9266122579574585,0.9285913109779358,0.9242144227027893,0.9370117473602295,0.9302527939232549,0.947284040096267,0.926739454624192,38.68262100915424,-0.0019864548026653495
2014-08-11,0.9279019832611084,0.9286775588989258,0.9261832237243652,0.9369703257083892,0.930229402772376,0.9473743239708036,0.9265663274459749,40.58142697218991,-0.0023028265429559935
2014-08-12,0.9264406561851501,0.9274716973304749,0.9248982667922974,0.9370250952243805,0.93019170380134,0.9471695990265729,0.926880591422188,39.10384573012967,-0.002641026202599761
2014-08-13,0.9270418286323547,0.9321401715278625,0.9267840385437012,0.9370422673225403,0.9301603617598421,0.9471145121455418,0.9269700224995387,40.07056540042303,-0.0028279435047932067
2014-08-14,0.9307520985603333,0.9327487945556641,0.9289363026618958,0.9371095955371856,0.930166249688208,0.9469609559916109,0.9272582350827604,45.790334986156196,-0.002646185459495798
2014-08-15,0.9316191077232361,0.9335324764251709,0.9299730658531189,0.9370887398719787,0.930180705987071,0.9469828551794397,0.9271946245645177,47.061817079510014,-0.0024044633487948497
2014-08-18,0.9317059516906738,0.9332711696624756,0.9309253096580505,0.9370522093772888,0.9301958825612435,0.9470131791976526,0.9270912395569251,47.19541687549173,-0.002180750913107654
2014-08-19,0.9323139786720276,0.9345793724060059,0.9306654334068298,0.9370103931427002,0.9302169581444455,0.9470340827977974,0.9269867034876029,48.18144642485996,-0.0019321221981666303
2014-08-20,0.9298000931739807,0.9317927956581116,0.9281604290008545,0.9368622529506684,0.9302128102342896,0.9470909173370392,0.9266335885642976,44.482997065866,-0.0019158470088329604
2014-08-21,0.9287638664245605,0.9310986995697021,0.9242144227027893,0.9366740429401398,0.9301983928829423,0.9471475444543253,0.9262005414259543,43.017193069412684,-0.0019639247406895155
2014-08-22,0.93031907081604,0.933009922504425,0.9295408725738525,0.9364285051822663,0.9301995936583966,0.9469109745552007,0.9259460358093319,45.89861969424856,-0.0018551496818187685
2014-08-25,0.930059552192688,0.9324009418487549,0.9292816519737244,0.9362468266487122,0.930198200210976,0.9468514026208421,0.9256422506765822,45.485286391690316,-0.0017694880907563881
2014-08-26,0.9278159141540527,0.9333581924438477,0.927385687828064,0.9360132157802582,0.9301744958720903,0.9468379422702844,0.925188489290232,41.96665273051926,-0.0018611888747354088
2014-08-27,0.9317059516906738,0.9355412125587463,0.9311854243278503,0.9359731984138489,0.9301897342384512,0.9468474072264115,0.9250989896012862,49.29107249438694,-0.0016015077039943648
2014-08-28,0.9336196184158325,0.937558650970459,0.9333581924438477,0.9358450639247894,0.9302238624392362,0.9466752317241391,0.9250148961254396,52.46917674003205,-0.0012271458205920238
2014-08-29,0.9355412125587463,0.9364173412322998,0.9333581924438477,0.9357553613185883,0.9302767713956724,0.9465182622724694,0.9249924603647072,55.486068381303866,-0.0007665682216758674
2014-09-01,0.933009922504425,0.9352786540985107,0.9327487945556641,0.9356415057182312,0.9303039669291047,0.9463975876684854,0.9248854237679771,50.902648109734265,-0.0005989072784631233
2014-09-02,0.9335324764251709,0.9337068200111389,0.9270418286323547,0.9354726672172546,0.9303360914017161,0.9460870972324712,0.9248582372020381,51.78803771281936,-0.00041903862239978107
2014-09-03,0.9279881119728088,0.935016393661499,0.9266122579574585,0.9352988219261169,0.930312728422314,0.9461153207442903,0.9244823231079435,42.94005460748156,-0.000715626000630909
2014-09-04,0.9339683651924133,0.9392316937446594,0.9330969452857971,0.9351670527458191,0.9303491029175542,0.9458821547839056,0.9244519507077327,52.38884169404284,-0.0004627825102095917
2014-09-05,0.9336196184158325,0.939937949180603,0.9334453344345093,0.9350212299823761,0.9303816453603367,0.9456150498920897,0.9244274100726626,51.84962215702875,-0.00028723213937642544
2014-09-08,0.9363296031951904,0.937558650970459,0.9294544458389282,0.9349136567115783,0.9304408290204094,0.945338204968519,0.9244891084546377,55.66805325625305,6.976174768524857e-05
2014-09-09,0.9278159141540527,0.9291089773178101,0.9191175699234009,0.9346109461784363,0.9304147104645146,0.9449615848090874,0.9242603075477852,43.89186137720809,-0.0003304918739689411
2014-09-10,0.9207255244255066,0.9220839738845825,0.9114938974380493,0.934041119813919,0.9303183006531422,0.9442457613827123,0.9238364782451257,36.89228981807476,-0.0012059297396621593
2014-09-11,0.9156670570373535,0.9218289256095886,0.9097525477409363,0.9334847569465637,0.9301725171345189,0.9445820584558496,0.9223874554372778,32.8654812365089,-0.002281595782326784
2014-09-12,0.9099181294441223,0.9098353385925293,0.9032607674598694,0.9329827916622162,0.9299709809385147,0.945915996193161,0.9200495871312714,28.992356706000606,-0.0035569568968963905
2014-09-15,0.9014694094657898,0.905059278011322,0.8985533118247986,0.9322908473014831,0.9296873832123068,0.9479626708729657,0.9166190237300006,24.434915565477212,-0.0051896082880997785
2014-09-16,0.9036688804626465,0.9098353385925293,0.8991997241973877,0.9316183257102967,0.9294284926375829,0.9491850747718703,0.914051576648723,27.624549448324757,-0.0062341539049559636
2014-09-17,0.9085953235626221,0.9085127711296082,0.9019572138786316,0.930968474149704,0.929221197422827,0.9494837874968972,0.9124531608025107,34.31262940998022,-0.006588492999589413
2014-09-18,0.8958967924118042,0.8992806077003479,0.8929368853569031,0.9300469219684601,0.9288896113031883,0.9507802839230047,0.9093135600139154,27.30774829928211,-0.0078040147980187324
2014-09-19,0.898311197757721,0.8994423747062683,0.893096387386322,0.929239091873169,0.9285853484817257,0.9516736494560933,0.9068045342902447,30.22444614031255,-0.008474809913945669
2014-09-22,0.894134521484375,0.8951749801635742,0.8856611847877502,0.9283547759056091,0.9282425541831167,0.9527256442310583,0.9039839075801599,28.12231546956609,-0.00923696476544944
2014-09-23,0.8877841234207153,0.8929368853569031,0.8837044835090637,0.9273222947120666,0.9278399827325962,0.9540426983548579,0.9006018910692754,25.24711617427424,-0.010235414540048282
2014-09-24,0.8855827450752258,0.8898380398750305,0.8840169906616211,0.9263073575496673,0.927419512706001,0.9553826407877045,0.8972320743116301,24.31892038722711,-0.011076641387707031
2014-09-25,0.8859750032424927,0.8869966268539429,0.8787345886230469,0.9252932500839234,0.9270071295271105,0.9563606380010328,0.894225862166814,24.849101169800093,-0.011578201469963023
2014-09-26,0.8805142045021057,0.8815232515335083,0.8750437498092651,0.9242014575004578,0.9265445133575417,0.9576102447747504,0.8907926702261652,22.48730244714538,-0.012274835605209145
2014-09-29,0.8735913038253784,0.8748906254768372,0.8687342405319214,0.922881588935852,0.9260176157500698,0.9589206170321436,0.8868425608395605,19.904453170894357,-0.01323300159871399
2014-09-30,0.8716875910758972,0.8768084645271301,0.8697165250778198,0.921579977273941,0.9254770184894404,0.9601817853752898,0.8829781691725923,19.249691166335936,-0.013984761139467339
2014-10-01,0.8737439513206482,0.8748906254768372,0.8664760589599609,0.9202772760391236,0.9249622616020098,0.9608425644839113,0.8797119875943359,22.22581601523352,-0.01425033590384428
2014-10-02,0.8746228218078613,0.8818342685699463,0.874355137348175,0.9188875579833984,0.924461371653637,0.9608571510709145,0.8769179648958823,23.52313682801629,-0.014225900983463324
2014-10-03,0.8795074820518494,0.880669355392456,0.8644536137580872,0.9176435422897339,0.9240140692693872,0.9605295796857802,0.8747575048936875,30.465486823287236,-0.013654978778704807
2014-10-06,0.8663259148597717,0.8749672174453735,0.8663259148597717,0.9161659979820251,0.9234400577825308,0.9609290991408149,0.8714028968232354,24.10603605223956,-0.01410358379282084
2014-10-07,0.8769621849060059,0.8833922743797302,0.8729812502861023,0.9148817121982574,0.9229775913855951,0.9603943944910396,0.8693690299054753,35.758872088773785,-0.013445852973493433
2014-10-08,0.8810572624206543,0.8819119334220886,0.8746610283851624,0.9137305653095246,0.9225604736843135,0.9597024184657493,0.8677587121532998,39.603827192824035,-0.01245063486061826
2014-10-09,0.8839388489723206,0.8899964094161987,0.877269983291626,0.9127578449249267,0.9221761789109341,0.9591584233656729,0.8663572664841805,42.224287875718026,-0.011299147840875268
2014-10-10,0.8762706518173218,0.8785801529884338,0.8690362572669983,0.9116786074638367,0.9217194074969193,0.9589227676448328,0.8644344472828406,37.55469752903264,-0.010879928463516708
2014-10-13,0.8678295612335205,0.8787345886230469,0.8657259345054626,0.9104097557067871,0.921183190120992,0.9588974679858783,0.8619220434276958,33.20189208401479,-0.011100855796048803
2014-10-14,0.8755800724029541,0.8812902569770813,0.8721437454223633,0.9092559337615966,0.9207294277554944,0.9582660208550872,0.8602458466681061,40.07040613842151,-0.010529167136555828
2014-10-15,0.8709284067153931,0.8830021619796753,0.8679802417755127,0.9080646574497223,0.9202338952076758,0.9578572257156294,0.8582720891838153,37.573279514416846,-0.010332345453777814
2014-10-16,0.8792754411697388,0.8814455270767212,0.8689607381820679,0.9069568312168121,0.9198263484012014,0.9567983815955156,0.8571152808381087,44.28311736561622,-0.009394532606767148
2014-10-17,0.8771929740905762,0.880669355392456,0.8738203644752502,0.9059684455394745,0.9194021357213629,0.9561777323007559,0.8557591587781932,43.040188452220654,-0.008718841481016648
2014-10-20,0.8758100867271423,0.8797395825386047,0.8750437498092651,0.9049266076087952,0.9189683839899448,0.9554391544920587,0.8544140607255316,42.19326418569721,-0.0082004096310756
2014-10-21,0.8778089880943298,0.8830021619796753,0.8771160244941711,0.9039539742469788,0.9185588377620041,0.9546481741156069,0.8532597743783507,43.91131080124424,-0.0075413223503367766
2014-10-22,0.8771160244941711,0.8815232515335083,0.8763473629951477,0.9029554581642151,0.9181464714607084,0.9537601446645462,0.852150771663884,43.42942479472061,-0.006994281578826533
2014-10-23,0.8767315745353699,0.8805918097496033,0.8752428889274597,0.9018750476837158,0.917734382933966,0.9525644561513729,0.8511856392160588,43.14652811655986,-0.006516649841976974
2014-10-24,0.87565678358078,0.8823789358139038,0.8724481463432312,0.9007558012008667,0.9173157003532146,0.9512354598503646,0.8502761425513689,42.316631999328756,-0.006153911436640791
2014-10-27,0.8804367184638977,0.8823789358139038,0.8790436387062073,0.8997304165363311,0.9169487453094333,0.9497245246424094,0.8497363084302528,47.18227488426595,-0.005418279288659789
2014-10-28,0.8804367184638977,0.8879417777061462,0.8802816867828369,0.8986928713321686,0.9165854415596221,0.9480764314459563,0.8493093112183808,47.18227488426595,-0.004780182542650113
2014-10-29,0.8861320614814758,0.8911861777305603,0.885425865650177,0.8978195106983184,0.9162824228522906,0.94649711974033,0.8491419016563069,52.696109705365025,-0.0037714448223781227
2014-10-30,0.8768084645271301,0.8826125264167786,0.8758100867271423,0.8967804026603698,0.915889647147452,0.944977630545972,0.8485831747747677,44.50518459239384,-0.0036819065384960936
2014-10-31,0.8824567198753357,0.8844861388206482,0.8765778541564941,0.8958231556415558,0.9155569812043531,0.943195692280641,0.8484506190024705,49.6146364505004,-0.00311922333629866
2014-11-03,0.8753501176834106,0.8761938214302063,0.8690362572669983,0.8947289669513703,0.9151569129105019,0.9413958962270895,0.848062037675651,44.111547183214135,-0.003209736405883845
2014-11-04,0.8694896101951599,0.8751203417778015,0.8653513789176941,0.8935624408721924,0.9147025118883345,0.9397672360362871,0.8473576457080977,40.156012241337066,-0.003711577882189787
2014-11-05,0.8749672174453735,0.8755800724029541,0.8566778302192688,0.8924276661872864,0.9143071358241185,0.9375838913014469,0.8472714410731259,45.110330465542795,-0.0036255012196524383
2014-11-06,0.8579272627830505,0.8628127574920654,0.8556516170501709,0.8909138190746307,0.9137461420623655,0.9355051163110261,0.8463225218382354,35.31560527043305,-0.004876058608452083
2014-11-07,0.8561643958091736,0.8637070655822754,0.8541898131370544,0.8893262827396393,0.9131731893631768,0.9330766002944995,0.8455759651847792,34.48146751671092,-0.005940899983821413
2014-11-10,0.8644536137580872,0.8685079216957092,0.8633341789245605,0.8879551565647126,0.9126884174664814,0.93039502608993,0.8455152870394952,41.48067881196341,-0.006046226695279322
2014-11-11,0.8629617094993591,0.8658758401870728,0.8592541813850403,0.8865437412261963,0.9121936243522522,0.92746354490717,0.8456239375452226,40.639201924162585,-0.006178857060276988
2014-11-12,0.8706251382827759,0.8748140931129456,0.8669267892837524,0.8853964817523956,0.911780007575335,0.9247605360284834,0.8460324274763078,46.628458758777725,-0.005601027761694577
2014-11-13,0.8712319731712341,0.8761170506477356,0.8676036596298218,0.884141753911972,0.9113765445463355,0.9211132440484087,0.8471702637755354,47.083755268820894,-0.005036074641940336
2014-11-14,0.8707236051559448,0.8733624815940857,0.8652764558792114,0.8828838336467743,0.9109720376866276,0.9171663159183996,0.8486013513751489,46.72415632655294,-0.004576609963672262
2014-11-17,0.8749672174453735,0.8795074820518494,0.869792103767395,0.881656585931778,0.9106137807687146,0.9123335744728656,0.8509795973906904,50.14695360063483,-0.003825953637511481
2014-11-18,0.870852530002594,0.8748140931129456,0.8685833811759949,0.8805173182487488,0.9102181464326354,0.9082909636890703,0.8527436728084273,46.99426185195623,-0.003522469147920426
2014-11-19,0.8709284067153931,0.8711560368537903,0.8617717623710632,0.8795213758945465,0.909827203748786,0.9048760047270147,0.8541667470620783,47.0603577179909,-0.0032385014579273674
2014-11-20,0.8601410388946533,0.8634087443351746,0.8568246364593506,0.8784108555316925,0.909332814048625,0.9021138221293377,0.8547078889340474,39.51609075962405,-0.0038396444163345533
2014-11-21,0.8623663187026978,0.8719915747642517,0.8608074188232422,0.877459819316864,0.9088654857366131,0.8997783309366479,0.8551413076970801,41.59606407294201,-0.004089353536765872
2014-11-24,0.868206262588501,0.8703219890594482,0.861474871635437,0.8767945563793182,0.9084609163519587,0.8981543692568559,0.8554347435017806,46.76958806219617,-0.0037725277965067194
2014-11-25,0.8605111837387085,0.8616233468055725,0.8515712022781372,0.8759314024448395,0.9079838045845504,0.8963247324256254,0.8555380724640536,41.54713531284738,-0.0040951631755292706
2014-11-26,0.8557248115539551,0.8566043972969055,0.8481044769287109,0.8748739922046661,0.9074638146040253,0.8937832181598163,0.8559647662495159,38.65576744988253,-0.004683090519410182
2014-11-27,0.8532422780990601,0.8615490794181824,0.8531695604324341,0.8740209019184113,0.906924296827732,0.8929076328095785,0.8551341710272441,37.209369160485785,-0.005288385659657058
2014-11-28,0.8524422645568848,0.8536065220832825,0.8488243818283081,0.8731035232543946,0.9063821870537689,0.8916270225794668,0.8545800239293223,36.73237883954549,-0.005766171984757262
2014-12-01,0.8438106775283813,0.8528784513473511,0.8422471284866333,0.8720970463752746,0.9057595849687984,0.8914083277826388,0.8527857649679105,31.97043944642796,-0.00676335428749697
2014-12-02,0.8478168845176697,0.8541168570518494,0.8436682820320129,0.8712977015972138,0.9051830406855735,0.8912565014924733,0.8513389017019543,36.11036588134908,-0.007147963747335506
2014-12-03,0.846023678779602,0.8467400670051575,0.8391373753547668,0.8705065202713013,0.9045943903182195,0.8912739360953622,0.8497391044472403,35.08127956636517,-0.007510885420076718
2014-12-04,0.8401243686676025,0.842957079410553,0.8357710242271423,0.8695895075798035,0.9039528975653363,0.8915820919829519,0.847596923176655,31.86408614755851,-0.008180231862981224
2014-12-05,0.8386447429656982,0.8394895792007446,0.832292914390564,0.8687521183490753,0.9033030651811191,0.892187957091165,0.8453162796069855,31.093871334918532,-0.00872945939574521
2014-12-08,0.8309098482131958,0.8325008153915405,0.8261731863021851,0.8678984892368317,0.9025827346638705,0.8936133426350553,0.842183635838608,27.369413095522773,-0.009677313489754202
2014-12-09,0.8300132751464844,0.8370302319526672,0.822571337223053,0.8670650029182434,0.9018606504894144,0.8948932734161612,0.8392367324203256,26.966209698466287,-0.010381172942065864
2014-12-10,0.8300132751464844,0.8349335789680481,0.8267195820808411,0.8661903893947601,0.9011457512321202,0.8958504079243861,0.8365303708651342,26.966209698466287,-0.010814325812770864
2014-12-11,0.8334027528762817,0.8374508023262024,0.823248565196991,0.8653659880161285,0.9004716915468468,0.8963320271826148,0.8343999488496422,31.397355289360533,-0.010760064729461671
2014-12-12,0.8248103260993958,0.8298754692077637,0.8229098320007324,0.8642720448970794,0.8997188421392539,0.8970127268965038,0.8315313628976551,26.93576900151521,-0.011280366418706445
2014-12-15,0.8209506869316101,0.8269246220588684,0.8204118609428406,0.8633645403385163,0.898935079400709,0.8983137847096118,0.8284152959674208,25.20328613681481,-0.011867350451656544
2014-12-16,0.8216251730918884,0.8274036049842834,0.8204118609428406,0.8622578001022339,0.8981658266014605,0.8989126087894034,0.8256029914150643,26.09784249643812,-0.01213819260198945
2014-12-17,0.8225036859512329,0.8235197067260742,0.8143322467803955,0.8610867285728454,0.8974129694804118,0.8990095213861405,0.8231639357595503,27.317160092284695,-0.012141983088804098
2014-12-18,0.8125457167625427,0.8203445672988892,0.8118860721588135,0.8596588659286499,0.8965685192044445,0.8994021892956319,0.819915542561668,22.737706005557328,-0.01280095057826891
2014-12-19,0.8173273205757141,0.8192691802978516,0.8150623440742493,0.8584799993038178,0.8957800495661926,0.8996821252056697,0.8172778734019659,28.901212398076353,-0.01278991738886981
2014-12-22,0.8149294853210449,0.8173941373825073,0.8133386969566345,0.8574219977855683,0.8949755663397162,0.9003258300105295,0.8145181655606071,27.707530764632253,-0.01282679941305942
2014-12-23,0.8122817277908325,0.8147303462028503,0.8092579245567322,0.8561560308933258,0.8941527420753896,0.9005814742675657,0.8117305875190859,26.41037943632314,-0.01292073835848917
2014-12-24,0.8109642267227173,0.8124136328697205,0.8105698227882385,0.8549567472934723,0.8933249956538122,0.9009638516710777,0.8089496429158668,25.764034805782885,-0.012952192166085896
2014-12-25,0.8116224408149719,0.8128759264945984,0.8114249110221863,0.8536036872863769,0.8925120349089937,0.9006589582430139,0.80654841632974,26.72880452854301,-0.012776725026033553
2014-12-26,0.81089848279953,0.8134710788726807,0.8110299706459045,0.852277797460556,0.8916999597634742,0.9003451929828662,0.8042104019382458,26.323589720785392,-0.01255139870356592
2014-12-29,0.8116224408149719,0.8163931965827942,0.8114249110221863,0.8509940445423126,0.8909031685300082,0.8999171421162054,0.8020709469684199,27.50713725832665,-0.012174073467311586
2014-12-30,0.8136696815490723,0.8200082182884216,0.8122817277908325,0.8497112584114075,0.890134676122097,0.8991256171822808,0.8002968996405342,30.888173573425476,-0.011576399751089372
2014-12-31,0.818397581577301,0.821692705154419,0.8161267042160034,0.84853688955307,0.8894208741861983,0.8980837002274803,0.7989900788786598,38.07155332305782,-0.01059905766631486
2015-01-01,0.817126989364624,0.817126989364624,0.8169934749603271,0.8473447978496551,0.888701532048541,0.8969908482507152,0.797698747448595,36.95974974951341,-0.009813904612117397
2015-01-02,0.8177952170372009,0.8184645771980286,0.8103727698326111,0.8461875665187836,0.8879959965756659,0.8958374397312706,0.7965376933062965,37.98545825946844,-0.009033610927829838
2015-01-05,0.8067768812179565,0.8107669949531555,0.8038585186004639,0.8447143697738647,0.8871878461739544,0.8945870883168706,0.7948416512308588,29.470694056802458,-0.009198278153039197
2015-01-06,0.8099789619445801,0.8159269094467163,0.8088651895523071,0.8433052146434784,0.8864195985695481,0.8930395744036316,0.7935708548833252,34.09428382941351,-0.008967030614506322
2015-01-07,0.8080155253410339,0.8082767128944397,0.8037292957305908,0.8417428839206695,0.885639458537289,0.8908904207583384,0.7925953470830007,32.679611499405,-0.008840292806371552
2015-01-08,0.8075587749481201,0.8125457167625427,0.807884931564331,0.8403578901290893,0.8848625363123884,0.8893749072438617,0.791340873014317,32.34340450127249,-0.008676688654061127
2015-01-09,0.8114249110221863,0.8196721076965332,0.8110957741737366,0.8389372539520263,0.8841318136725613,0.8870837803491077,0.790790727554945,38.144268708112314,-0.008141219404558475
2015-01-12,0.8222332000732422,0.8256275057792664,0.8132726550102234,0.837874915599823,0.8835159070694798,0.8850768514667494,0.7906729797328965,50.83538212979491,-0.006766715089284836
2015-01-13,0.8150623440742493,0.8198065161705017,0.8130081295967102,0.8367863702774048,0.8828347770893148,0.8835204915722595,0.79005224898255,44.33596149380986,-0.006184744778499729
2015-01-14,0.8173941373825073,0.8190008401870728,0.807037353515625,0.8356349086761474,0.8821836264453591,0.8813553949136343,0.7899144224386605,46.721383518893,-0.005472291709522126
2015-01-15,0.8144648671150208,0.8293936848640442,0.8134710788726807,0.8347656607627869,0.8815098079444502,0.8804088081513415,0.7891225133742323,44.16112000265862,-0.0050854136658831095
2015-01-16,0.8223684430122375,0.8256956338882446,0.8170602321624756,0.8340897417068481,0.8809213366514977,0.8794394746324108,0.7887400087812855,51.830952806362475,-0.0040938659684861545
2015-01-19,0.8227066993713379,0.8243343830108643,0.8197393417358398,0.8332548034191132,0.8803420865292149,0.8778537708417672,0.7886558359964592,52.13398134327431,-0.003243375202922283
2015-01-20,0.8195378184318542,0.82182776927948,0.8160600662231445,0.832386325597763,0.8797370689361108,0.8763102156505431,0.788462435544983,49.02257839747979,-0.002792862966351839
2015-01-21,0.8165265321731567,0.8235197067260742,0.8137359023094177,0.8313043534755706,0.8791081083712071,0.874032557138332,0.7885761498128093,46.20084432561456,-0.002648286608292749
2015-01-22,0.8101101517677307,0.8135372400283813,0.8058017492294312,0.8300819170475006,0.8784215615392256,0.8716286248042531,0.788535209290748,40.81052099483289,-0.003016682638071977
2015-01-23,0.801988959312439,0.8046994805335999,0.7883948683738708,0.8287072241306305,0.8776610381338675,0.8693028484727724,0.7881115997884885,35.21092470994043,-0.003918778268798939
2015-01-26,0.787587583065033,0.7928327918052673,0.7875256538391113,0.8269596314430236,0.8767647848494647,0.8669455388150545,0.7869737240709928,27.900195448170066,-0.005729717642878884
2015-01-27,0.7922046780586243,0.7975117564201355,0.7907013297080994,0.8253866744041443,0.8759233907519172,0.8645032476503597,0.7862701011579288,32.72299711873595,-0.006714933590115102
2015-01-28,0.7921419143676758,0.8023750185966492,0.7902015447616577,0.82381094455719,0.8750897442206069,0.8617699134539559,0.785851975660424,32.69098476058673,-0.007415309756713562
2015-01-29,0.7892659902572632,0.7906388640403748,0.7768800854682922,0.8223934435844421,0.8742357765193536,0.8601075489184506,0.7846793382504336,31.18551795398703,-0.008108951015628918
2015-01-30,0.7782101631164551,0.7798486948013306,0.7733952403068542,0.8207103204727173,0.873280297778887,0.8586539087684425,0.7827667321769921,26.191963988866533,-0.009441938770847869
2015-02-02,0.7782101631164551,0.7829627394676208,0.7766990065574646,0.8189103984832764,0.8723343262895723,0.8561902913902925,0.7816305055762603,26.191963988866533,-0.01037870195489865
2015-02-03,0.7801529169082642,0.7828401327133179,0.7627764940261841,0.8173032331466675,0.8714170983353985,0.8541894903175115,0.7804169759758236,28.524403900628712,-0.010839379908242575
2015-02-04,0.7762769460678101,0.7846829891204834,0.7744733095169067,0.8157142758369446,0.8704704301534978,0.8526897226118151,0.778738829062074,26.710805127843386,-0.011385978486787574
2015-02-05,0.7760962843894958,0.7827175855636597,0.7736943960189819,0.8141713559627533,0.869531383926859,0.8511933616550131,0.7771493502704934,26.625828793331564,-0.011698882253583953
2015-02-06,0.7799704074859619,0.787401556968689,0.7785736322402954,0.8127219188213348,0.8686402299322988,0.849300269865777,0.7761435677768926,31.647599133486466,-0.011501667325246712
2015-02-09,0.7760962843894958,0.7836990356445312,0.7749534845352173,0.8113676309585571,0.8677193946531396,0.8482606638959611,0.7744745980211531,29.475127966501987,-0.011525127929541079
2015-02-10,0.7799095511436462,0.7841907143592834,0.7750736474990845,0.8100094842910767,0.8668456648668569,0.8464223762711077,0.7735965923110456,34.25877881828495,-0.011107976035941602
2015-02-11,0.7783918380737305,0.77948397397995,0.7695267200469971,0.8086568474769592,0.8659655272867075,0.8446312500930407,0.7726824448608777,33.29090240782847,-0.010775632135867519
2015-02-12,0.7722604274749756,0.7728572487831116,0.7648183703422546,0.8072995686531067,0.8650331382337303,0.843547935645399,0.7710512016608144,29.646869589835134,-0.010881564887153305
2015-02-13,0.7756748795509338,0.7793017029762268,0.7729169726371765,0.8060401713848114,0.8641440013312969,0.8422189928780665,0.7698613498915564,33.9807095430087,-0.010568176251620875
2015-02-16,0.7765783667564392,0.7796055674552917,0.7767593264579773,0.8049535417556762,0.8632727014846673,0.8413466014054327,0.7685604821059198,35.11961720525201,-0.010130135734435552
2015-02-17,0.7756748795509338,0.7830240726470947,0.7758553624153137,0.8038667738437653,0.8624010813658112,0.8404502180572452,0.7672833296302853,34.47906022849445,-0.00974357150819749
2015-02-18,0.78118896484375,0.7831466794013977,0.7774840593338013,0.8028902876377105,0.8615930006042942,0.8392307806077781,0.766549794667643,41.492855007573155,-0.008889799894388095
2015-02-19,0.7808229923248291,0.784436821937561,0.7758553624153137,0.8018386924266815,0.86078931892977,0.8376139516603183,0.7660634331930447,41.177793255127156,-0.008148776638418509
2015-02-20,0.7795447707176208,0.7849909663200378,0.7791802883148193,0.800933381319046,0.8599809154648711,0.8366267934518552,0.7652399691862368,40.034393788292206,-0.007577305706955473
2015-02-23,0.7846214175224304,0.7846829891204834,0.7782707214355469,0.8002067959308624,0.8592310697141071,0.8357156132046112,0.7646979786571136,46.400201969582575,-0.006638246335118447
2015-02-24,0.7799704074859619,0.7817997336387634,0.7739937901496887,0.7993737006187439,0.8584424064082576,0.8347859023938132,0.7639614988436746,42.00107280580865,-0.006197887270803504
2015-02-25,0.7833307385444641,0.7902015447616577,0.7832080125808716,0.7985902416706085,0.8576950266284276,0.8336452822849587,0.7635352010562584,45.985592108219606,-0.005514184816650003
2015-02-26,0.7883948683738708,0.7912644147872925,0.7816774845123291,0.7981072247028351,0.8570054728148664,0.8330427449229507,0.7631717044827195,51.40391302347329,-0.004511704618979984
2015-02-27,0.780579149723053,0.7835148572921753,0.7779679298400879,0.7973722612857819,0.856245011888489,0.8322034252415339,0.7625410973300298,44.05824833367276,-0.004298346355127269
2015-03-02,0.7785736322402954,0.7799704074859619,0.7758553624153137,0.7966451442241669,0.8554721623396596,0.8314982115068397,0.7617920769414941,42.38452207876501,-0.004242185618766103
2015-03-03,0.7756748795509338,0.7844613790512085,0.7753741145133972,0.7959130072593689,0.8546781595257488,0.8309627884062543,0.7608632261124835,40.018147050327364,-0.004381080576964735
2015-03-04,0.7820442914962769,0.7859781384468079,0.7807010412216187,0.7953346085548401,0.8539554344706455,0.8303250358258658,0.7603441812838143,47.01783729988391,-0.003931873331173175
2015-03-05,0.7823501825332642,0.7841292023658752,0.7770007848739624,0.794749163389206,0.8532429444015351,0.8296065486866497,0.7598917780917622,47.33569111654808,-0.0035107210948397416
2015-03-06,0.7785130143165588,0.784436821937561,0.7716645002365112,0.7941014540195465,0.8524993630075706,0.8289375632386118,0.7592653448004811,43.786973464262125,-0.003446849187992762
2015-03-09,0.7722604274749756,0.7739937901496887,0.768757700920105,0.7933142137527466,0.8517009656389974,0.8283128735440017,0.7583155539614914,38.696191205476985,-0.0038563086194156604
2015-03-10,0.7685213685035706,0.7685213685035706,0.7613826394081116,0.7924112474918366,0.8508733079559659,0.8275955128711218,0.7572269821125514,36.00070065898224,-0.004431436141817291
2015-03-11,0.7641754746437073,0.7645260095596313,0.756315290927887,0.7913268053531647,0.8500106429477888,0.8265842747513437,0.7560693359549857,33.11350492087314,-0.005178214922926472
2015-03-12,0.7605719566345215,0.7727975249290466,0.7575184106826782,0.7901957046985626,0.8491207057704455,0.8257026271137106,0.7546887822834146,30.90059192922736,-0.005991747143355375
2015-03-13,0.770653486251831,0.7707723379135132,0.7610929608345032,0.7892528700828553,0.8483399374169424,0.8242686708572734,0.7542370693084371,42.481689595123356,-0.005756623333554423
2015-03-16,0.7616146206855774,0.7681081295013428,0.7618467211723328,0.7883496248722076,0.8474769989419113,0.8238470136700041,0.7528522360744111,36.56459696458265,-0.006227856082345329
2015-03-17,0.7644091248512268,0.7665772438049316,0.7614986300468445,0.7874382281303406,0.8466504529309713,0.8230088863072176,0.7518675699534636,39.37602216531876,-0.006303159401291003
2015-03-18,0.7623113393783569,0.7654037475585938,0.7593014240264893,0.7865241444110871,0.845811257771156,0.8222849558591994,0.7507633329629748,38.014014470318145,-0.006457671561818867
2015-03-19,0.7778469324111938,0.7808839678764343,0.7618467211723328,0.7859299075603485,0.8451349958272056,0.8212487687855584,0.7506110463351386,51.41656331820907,-0.0052658298324127495
2015-03-20,0.7658140659332275,0.7762769460678101,0.7650523781776428,0.7850176906585693,0.844345732843105,0.8200033598967867,0.7500320214203519,43.560381777642725,-0.0052319280274745195
2015-03-23,0.7783918380737305,0.7852992415428162,0.7765783667564392,0.7841408634185791,0.8436894751836416,0.8174782609010854,0.7508034659360728,51.84331821236422,-0.004142388630317906
2015-03-24,0.7875256538391113,0.7937138080596924,0.7843137383460999,0.7835901296138763,0.8431306311901076,0.8157308709063651,0.7514493883213875,56.801292007562935,-0.0025129307096055653
2015-03-25,0.7862871289253235,0.7902638912200928,0.784436821937561,0.7829679894447327,0.8425650242023419,0.8136071584099072,0.7523288204795582,55.95996984874599,-0.0013064522097531173
2015-03-26,0.7830240726470947,0.7885191440582275,0.7801529169082642,0.7823391735553742,0.8419725769231269,0.8115994037753599,0.7530789433353885,53.703092743344605,-0.0006066179632915336
2015-03-27,0.783392071723938,0.783392071723938,0.77525395154953,0.7815596461296082,0.8413896863240731,0.8084477076172172,0.7546715846419991,53.92875929650109,-2.2045701805084583e-05
2015-03-30,0.773455023765564,0.7739937901496887,0.7634170055389404,0.7805746126174927,0.8407137195323808,0.8047853313291681,0.7563638939058174,47.233590706357745,-0.00035649524060421545
2015-03-31,0.7658140659332275,0.7662835717201233,0.7592437863349915,0.7795001375675201,0.8399684493472434,0.8013015867442166,0.7576986883908237,42.83039242602051,-0.0012240008289595705
2015-04-01,0.7613826394081116,0.766166090965271,0.7586102485656738,0.7783972597122193,0.8391865009895659,0.798024265045622,0.7587702543788166,40.473865542881136,-0.0022432258323360488
2015-04-02,0.7606876492500305,0.7606876492500305,0.7535226941108704,0.7774088096618652,0.8384054178876068,0.795429224388965,0.7593883949347654,40.10121848318913,-0.0030716409235767017
2015-04-03,0.7582076191902161,0.7688168287277222,0.7572888731956482,0.7765331828594207,0.8376074298407926,0.7939223041215612,0.7591440615972803,38.73083276773545,-0.0038835167870288068
2015-04-06,0.7644091248512268,0.7666947841644287,0.7610929608345032,0.7760696136951446,0.8368790884975459,0.7934916781572169,0.7586475492330723,43.89403541066433,-0.003980638259373226
2015-04-07,0.759013295173645,0.7712478637695312,0.7578628659248352,0.775405786037445,0.8361043044843022,0.7928478566538865,0.7579637154210036,40.681691965476624,-0.0044418037375200115
2015-04-08,0.7642922401428223,0.7726781368255615,0.7638835906982422,0.774848792552948,0.8353897565803425,0.7918833725314572,0.7578142125744388,44.92808533414241,-0.004331384456617737
2015-04-09,0.7684623003005981,0.7739937901496887,0.7662248611450195,0.7744327187538147,0.8347238117416786,0.7910409120419325,0.7578245254656969,48.089397663422325,-0.003862858745813491
2015-04-10,0.7704160213470459,0.772320032119751,0.7640002965927124,0.7742768359184266,0.8340839332302328,0.790886626077555,0.7576670457592981,49.55056009221402,-0.0032959066240044743
2015-04-13,0.7669299840927124,0.767283022403717,0.7553440928459167,0.7740512323379517,0.8334157347312936,0.7907491563246964,0.757353308351207,47.008015946559134,-0.0030922416186706103
2015-04-14,0.7587253451347351,0.7649353742599487,0.755743682384491,0.7736226809024811,0.8326725467750447,0.7907751129887327,0.7564702488162295,41.59793414677665,-0.0035519369117814614
2015-04-15,0.761440634727478,0.7638252377510071,0.7573462724685669,0.7733259546756744,0.8319637715307295,0.7908012489613829,0.755850660389966,43.89907547369151,-0.003655014830190484
2015-04-16,0.7678722143173218,0.779672384262085,0.7676364183425903,0.7731614732742309,0.8313260445932286,0.7906850859216612,0.7556378606268006,49.0227084974546,-0.00318106081231595
2015-04-17,0.7789375185966492,0.7843752503395081,0.7761564254760742,0.7731408154964448,0.8308047657275471,0.7906340749095134,0.7556475560833761,56.400405918383306,-0.0018907755758889033
2015-04-20,0.7809448838233948,0.7827175855636597,0.7714858651161194,0.7732377874851227,0.8303086474996039,0.790851259920716,0.7556243150495294,57.59925707859234,-0.0006981893403621431
2015-04-21,0.7722604274749756,0.7754342555999756,0.7685213685035706,0.7730848050117493,0.8297310532704555,0.7905943223260419,0.7555752876974566,51.05818255673986,-0.0004486474760442283
2015-04-22,0.77154541015625,0.7808839678764343,0.7707723379135132,0.7729478764533997,0.8291520916473814,0.7903949669030633,0.755500786003736,50.54919743468042,-0.00030506309522582153
2015-04-23,0.7750135660171509,0.7785736322402954,0.7713074088096619,0.7730029392242431,0.8286133998500221,0.7904585499005957,0.7555473285478905,52.99676245479492,8.757029853823095e-05
2015-04-24,0.7777259349822998,0.7840062379837036,0.7765181064605713,0.7730439603328705,0.8281070569159745,0.790534804590361,0.75555311607538,54.87775234534235,0.0006105624156753642
2015-04-27,0.7833307385444641,0.7869058847427368,0.77948397397995,0.773179007768631,0.827661521409755,0.7908841941159082,0.7554738214213539,58.567495905027144,0.001460462935021778
2015-04-28,0.7867201566696167,0.8019246459007263,0.786101758480072,0.7733999133110047,0.8272541446461397,0.7915033468869463,0.755296479735063,60.66239362362414,0.002380076891102867
2015-04-29,0.7996801733970642,0.8075587749481201,0.7978299260139465,0.7737697374820709,0.8269797767729933,0.7932274666828184,0.7543120082813234,67.44122455181837,0.004107296260693838
2015-04-30,0.7994883060455322,0.8021818995475769,0.7864726781845093,0.774143043756485,0.8267062298005597,0.7948304509495608,0.7534556365634092,67.25644199909337,0.005398418356852952
2015-05-01,0.7903263568878174,0.7905763387680054,0.7808839678764343,0.7743586754798889,0.8263442410153309,0.7954957675863735,0.7532215833734043,58.950406223648336,0.005617593076511995
2015-05-04,0.7830240726470947,0.7851759195327759,0.7804573774337769,0.7743267285823822,0.8259131945638731,0.79540525682345,0.7532482003413143,53.300435398262806,0.0051427746060275226
2015-05-05,0.7843137383460999,0.7952918410301208,0.7804573774337769,0.774413595199585,0.8254992696263521,0.7956224502695902,0.7532047401295797,54.13648082873457,0.004815038029858831
2015-05-06,0.7935248017311096,0.8030838370323181,0.7928327918052673,0.7746174764633179,0.8251811157169232,0.796365354004766,0.7528695989218698,59.68751523282512,0.005238177813945533
2015-05-07,0.7956715226173401,0.8005764484405518,0.7908263802528381,0.7747630095481872,0.8248874879248661,0.7969795358710966,0.7525464832252778,60.87601770979988,0.005681251643525398
2015-05-08,0.7901390790939331,0.7968127727508545,0.7867820262908936,0.7749542081356049,0.8245417326130905,0.7975365747365033,0.7523718415347065,56.271588608389784,0.005522311124736223
2015-05-11,0.7925814390182495,0.7933988571166992,0.7878358364105225,0.775234364271164,0.8242237197414773,0.7983414704501919,0.7521272580921361,57.789435868983034,0.005529684887456643
2015-05-12,0.7899518013000488,0.799424409866333,0.7888302206993103,0.7755199027061462,0.8238827056276081,0.798999076542937,0.7520407288693555,55.55356239751186,0.005262674030159342
2015-05-13,0.7990411520004272,0.8124796748161316,0.7965589165687561,0.7758598399162292,0.8236355259895094,0.8002009210111514,0.751518758821307,61.14887089571711,0.005718580405467688
2015-05-14,0.8112932443618774,0.8163264989852905,0.8065166473388672,0.7764387011528016,0.8235127172170866,0.8027098592193251,0.750167543086278,67.15177108246382,0.006987977891816821
2015-05-15,0.8086689114570618,0.809192419052124,0.7998719811439514,0.7770418190956115,0.8233650176572752,0.8048471548174821,0.7492364833737409,64.84077596512756,0.007693536512454635
2015-05-18,0.8046994805335999,0.8046994805335999,0.7984031438827515,0.777690600156784,0.8231792909197135,0.8065349582809553,0.7488462420326127,61.398892962741506,0.007841999215499218
2015-05-19,0.7994883060455322,0.8009611368179321,0.7908263802528381,0.7783099389076233,0.8229435597269197,0.807675821297451,0.7489440565177957,57.1126915284412,0.0074532424086883875
2015-05-20,0.7922046780586243,0.7937138080596924,0.7870298027992249,0.7788705229759216,0.8226377002078117,0.8082052099949751,0.7495358359568681,51.682078783100316,0.0064826934766621935
2015-05-21,0.7878358364105225,0.7913897037506104,0.7869678139686584,0.7794158005714417,0.8222914130058258,0.8083733208279399,0.7504582803149434,48.6913874772147,0.005299903458540589
2015-05-22,0.7902015447616577,0.7932101488113403,0.7821054458618164,0.7798067617416382,0.8219721108342212,0.8088092272826967,0.7508042962005798,50.36628402817456,0.004501535837498349
2015-05-25,0.78118896484375,0.7841292023658752,0.7805182337760925,0.7801982486248016,0.8215663083865286,0.8087229178358772,0.7516735794137259,44.41754547179944,0.003105782342233354
2015-05-26,0.7827175855636597,0.7843137383460999,0.7738141417503357,0.7805644178390503,0.8211797539305548,0.8087295893638569,0.7523992463142437,45.59132999422769,0.0020987910020358047
2015-05-27,0.7744733095169067,0.7768800854682922,0.7693490982055664,0.7808076572418213,0.820715013190091,0.8085360929858972,0.7530792214977454,40.610247238673644,0.0006282567801795258
2015-05-28,0.7735148668289185,0.7759758234024048,0.7618467211723328,0.7807210159301757,0.8202453599924378,0.8085142082953064,0.7529278235650451,40.062254021942,-0.0006074877594069994
2015-05-29,0.7658140659332275,0.7675186395645142,0.7633005380630493,0.7807210159301757,0.819703755076392,0.8085142082953064,0.7529278235650451,35.87364792628297,-0.0021830496466662686
2015-06-01,0.7645260095596313,0.7668711543083191,0.7605140805244446,0.7804436993598938,0.8191547227826591,0.808606001308726,0.7522813974110616,35.21053060950034,-0.003495337107835339
2015-06-02,0.7614986300468445,0.7769404053688049,0.7614986300468445,0.7799231588840485,0.8185810303175911,0.8085101193454006,0.7513361984226964,33.636745343484776,-0.0047251500131008095
2015-06-03,0.7763975262641907,0.7818608283996582,0.775494396686554,0.7797253668308258,0.8181612939588254,0.8082694239541781,0.7511813097074735,46.346635020236704,-0.004446314841619059
2015-06-04,0.7774840593338013,0.7780889868736267,0.7665772438049316,0.77961456656456,0.8177565453555672,0.8081493678419739,0.751079765287146,47.141696768414185,-0.004090508979872509
2015-06-05,0.7688168287277222,0.772320032119751,0.7602249979972839,0.7793230617046356,0.8172695830010324,0.8079978037315227,0.7506483196777485,41.81826174791312,-0.004456531227936322
2015-06-08,0.7621369957923889,0.7659900188446045,0.7608034610748291,0.7790967011451722,0.8167210000437003,0.808136877689895,0.7500565246004494,38.234703965343975,-0.005225378280628967
2015-06-09,0.7688168287277222,0.7722008228302002,0.7648768424987793,0.779156756401062,0.8162443416226182,0.8080970640810177,0.7502164487211063,43.45315372685254,-0.0052353386913943645
2015-06-10,0.7691124677658081,0.7785736322402954,0.7641170620918274,0.779311352968216,0.8157753677533692,0.8079450789795931,0.7506776269568388,43.679952580187916,-0.005159896711703471
2015-06-11,0.7731559872627258,0.7788768410682678,0.7701194286346436,0.7795607197284699,0.8153512943156273,0.8077461013029141,0.7513753381540256,46.82155036536325,-0.004719427545961219
2015-06-12,0.7748873829841614,0.7758553624153137,0.7681081295013428,0.7798943150043488,0.8149486683322069,0.807435621467681,0.7523530085410166,48.15511768786592,-0.004182430933530656
2015-06-15,0.7730364799499512,0.7777259349822998,0.7705941200256348,0.7800668621063233,0.8145316316318627,0.8073187690507929,0.7528149551618536,46.80387579208149,-0.0038616944457966484
2015-06-16,0.7757951617240906,0.7780284881591797,0.7723796963691711,0.7804024994373322,0.8141461941203214,0.8070016031755186,0.7538033956991458,49.09654064352581,-0.003346331478315312
2015-06-17,0.774713397026062,0.7749534845352173,0.766166090965271,0.780610922574997,0.8137538279800586,0.806855734443266,0.754366110706728,48.21894557682982,-0.0029907168617174795
2015-06-18,0.7725587487220764,0.7851142287254333,0.7711883783340454,0.7806928515434265,0.8133439266938873,0.8068081253607884,0.7545775777260646,46.438416961497055,-0.0028498999543109527
2015-06-19,0.7789981961250305,0.7810059189796448,0.7738141417503357,0.7808644950389863,0.8130021781309948,0.8068163778992805,0.754912612178692,52.12787438388649,-0.0021934077131806617
2015-06-22,0.7765783667564392,0.7797878980636597,0.773874044418335,0.7810574626922607,0.8126397521471491,0.8067284042863602,0.7553865210981613,49.97940411734726,-0.0018471006623459463
2015-06-23,0.7728572487831116,0.7747734189033508,0.7681671380996704,0.7813401007652283,0.812243906342511,0.8063090480725718,0.7563711534578849,46.78603616259712,-0.0018515692139819961
2015-06-24,0.7742335200309753,0.7768197059631348,0.7684032917022705,0.7815959584712983,0.8118656935433716,0.8059881345687292,0.7572037823738673,48.10667679077468,-0.001724181692340343
2015-06-25,0.7709506154060364,0.7753139734268188,0.7707723379135132,0.7816575264930725,0.8114585783380039,0.8059235290232222,0.7573915239629229,45.223557082747185,-0.0018666119894271693
2015-06-26,0.7733952403068542,0.7735746502876282,0.763242244720459,0.7815466809272766,0.8110798386560826,0.8059138198200821,0.7571795420344711,47.73546137263411,-0.0017619179339236624
2015-06-29,0.7626601457595825,0.7685213685035706,0.7617886662483215,0.7811809861660004,0.8105980506670384,0.8061269379888722,0.7562350343431286,39.22826130214773,-0.002516174658494741
2015-06-30,0.767283022403717,0.7724990248680115,0.7662248611450195,0.7810814380645752,0.8101670553609142,0.8062117317023484,0.755951144426802,43.86754246021352,-0.002709665697204988
2015-07-01,0.7694082856178284,0.7736943960189819,0.7654037475585938,0.7810386955738068,0.809761495462953,0.8062423527884699,0.7558350383591437,45.911804787454955,-0.0026608451925366206
2015-07-02,0.7641754746437073,0.7658727169036865,0.7591862082481384,0.7808219337463379,0.8093079032159731,0.8064204268104832,0.7552234406821926,41.868665590111405,-0.0030097047017144662
2015-07-03,0.7638835906982422,0.7652280330657959,0.7510890364646912,0.7805450868606567,0.8088559200068196,0.8065760024280064,0.754514171293307,41.64834659714508,-0.003272013239293048
2015-07-06,0.7484470009803772,0.7531254291534424,0.7466029524803162,0.779847412109375,0.8082548362353834,0.8073990625781902,0.7522957616405599,32.04455206267541,-0.004671646592504297
2015-07-07,0.7478815913200378,0.7498500347137451,0.7400829195976257,0.7790706408023834,0.8076541074302271,0.8079875592050236,0.7501537223997432,31.75570800230271,-0.005760091197212436
2015-07-08,0.7458233833312988,0.7456565499305725,0.737626314163208,0.7779935050010681,0.8070388763446368,0.8077762849869751,0.7482107250151612,30.671880039240477,-0.0067114066535959305
2015-07-09,0.742225170135498,0.7491759061813354,0.7395902872085571,0.7768482422828674,0.8063939638450133,0.8076440639880845,0.7460524205776503,28.819992012855337,-0.007667292959503302
2015-07-10,0.7461016178131104,0.7496814131736755,0.7416747212409973,0.7759637475013733,0.8057940400038721,0.8077053908685169,0.7442221041342297,33.47971546648864,-0.008019597880624008
2015-07-13,0.7425007820129395,0.7464914917945862,0.7384979128837585,0.7751532816886901,0.805164256342242,0.8082016015275668,0.7421049618498134,31.42197915508345,-0.008491474986579761
2015-07-14,0.7394808530807495,0.7482229471206665,0.7389891147613525,0.7742566239833831,0.8045106901406056,0.8086940900966538,0.7398191578701124,29.769422126126344,-0.009005316337841518
2015-07-15,0.7446016073226929,0.7489514946937561,0.7365397214889526,0.7732781600952149,0.8039145798637838,0.8082569191263209,0.7382994010641089,35.92324928776449,-0.008896780689611306
2015-07-16,0.7373543977737427,0.7438262104988098,0.735185980796814,0.7721118175983429,0.8032522894946993,0.8079220631615553,0.7363015720351305,31.69095422830887,-0.009288482801716236
2015-07-17,0.7415096759796143,0.742225170135498,0.7369740009307861,0.7711392295360565,0.8026379351313382,0.8075868886328845,0.7346915704392285,36.323239103218725,-0.009158045080512767
2015-07-20,0.7369197010993958,0.73991858959198,0.733137845993042,0.7700259947776794,0.8019840223548725,0.8071936056551561,0.7328583839002027,33.611777799202486,-0.009317636940892049
2015-07-21,0.7375501990318298,0.744657039642334,0.7343222498893738,0.7689779627323151,0.8013428897844664,0.8068016723789063,0.7311542530857239,34.336878635855896,-0.009286193270614418
2015-07-22,0.7425007820129395,0.7437156438827515,0.7363227605819702,0.7678471553325653,0.8007573961747746,0.8053819705955496,0.730312340069581,39.888528734026515,-0.008760814051583465
2015-07-23,0.7375174760818481,0.7418947815895081,0.7358351945877075,0.7663716399669647,0.8001281432385,0.8027169603944078,0.7300263195395216,36.53956938232824,-0.008646882497824748
2015-07-24,0.7356186509132385,0.7359976172447205,0.7262164354324341,0.7649106347560882,0.7994862577426994,0.8001729100618965,0.72964835945028,35.32263526102754,-0.008610553145819488
2015-07-27,0.7275902032852173,0.7323861122131348,0.7267441749572754,0.7633684492111206,0.7987708741162273,0.798270924739904,0.7284659736823371,30.671397963843503,-0.00912440998114672
2015-07-28,0.7275902032852173,0.7331916093826294,0.7259528040885925,0.7619304871559143,0.7980626087347953,0.7966830132495556,0.727177961062273,30.671397963843503,-0.009423022487672128
2015-07-29,0.7346999049186707,0.7350239157676697,0.7299802899360657,0.7607803916931153,0.7974321340699327,0.7952485175802878,0.7263122658059428,38.93043460636893,-0.008982437597663817
2015-07-30,0.7298737168312073,0.7322788834571838,0.726005494594574,0.7596211493015289,0.796759911012804,0.7942735534854858,0.724968745117572,35.81169326545677,-0.008919881105658223
2015-07-31,0.7294477820396423,0.7363770008087158,0.7236937284469604,0.7584060740470886,0.7960901385851837,0.7929422045269531,0.7238699435672241,35.541082968367064,-0.008803196246511935
2015-08-03,0.7299802899360657,0.7314218878746033,0.7264801859855652,0.757381900548935,0.7954323291458631,0.7921964369229142,0.7225673641749557,36.19027614551191,-0.008568975897933262
2015-08-04,0.7275902032852173,0.7428869009017944,0.7265858054161072,0.7562793529033661,0.7947572831173728,0.7913099564637467,0.7212487493429856,34.510267394532946,-0.008478479962813257
2015-08-05,0.737626314163208,0.7392622232437134,0.7337833642959595,0.7555424129962921,0.7941888157645732,0.7905610853353258,0.7205237406572584,45.872725483200774,-0.00751035629730612
2015-08-06,0.7352941036224365,0.737626314163208,0.7318500876426697,0.7547779977321625,0.7936027987283107,0.7898639379393134,0.7196920575250115,43.9638323878201,-0.0068523120293230155
2015-08-07,0.7345379590988159,0.7410151958465576,0.7339987754821777,0.7541524755954743,0.793015088881229,0.789549160172214,0.7187557910187345,43.33421067854134,-0.0063189804761855095
2015-08-10,0.7401924729347229,0.7410151958465576,0.7354563474655151,0.7536658048629761,0.7924894907125875,0.7891493609456647,0.7181822487802875,49.19390679969583,-0.005378044617430633
2015-08-11,0.7413997650146484,0.7438815832138062,0.7285444140434265,0.7532638275623321,0.7919811352329871,0.788840461732249,0.7176871933924153,50.373864324733724,-0.004483247700435733
2015-08-12,0.7310475707054138,0.738825261592865,0.7225955128669739,0.7523568284511566,0.7913748311083124,0.7878384117105377,0.7168752451917755,41.47825337473241,-0.004556920913208362
2015-08-13,0.7381163239479065,0.7407956123352051,0.732600748538971,0.7515694737434387,0.7908448957136623,0.7865183770395904,0.7166205704472871,48.2042922647922,-0.003998822221099707
2015-08-14,0.7375174760818481,0.7398091554641724,0.7357810139656067,0.7509434866905212,0.7903142746227795,0.7857524240303888,0.7161345493506537,47.70407811769421,-0.003563766127183343
2015-08-17,0.7369197010993958,0.7388798594474792,0.7345919609069824,0.7504391407966614,0.7897829853339707,0.7853167865603498,0.7155614950329731,47.17780174484104,-0.003229983247334145
2015-08-18,0.7370826601982117,0.7386069893836975,0.7323324680328369,0.7498044574260712,0.7892586039893179,0.7844714206360237,0.7151374942161186,47.348329894270535,-0.00291866393190765
2015-08-19,0.7339987754821777,0.736594021320343,0.7314218878746033,0.7491021835803986,0.7887087549494267,0.7835948808656761,0.7146094862951211,44.42542046210995,-0.002887499557488904
2015-08-20,0.7354563474655151,0.7370826601982117,0.7285974621772766,0.7483481907844544,0.7881788802480759,0.7823392924394087,0.7143570891295,46.11846058247137,-0.0027139034984332566
2015-08-21,0.7337295413017273,0.7356186509132385,0.7290223836898804,0.7475250339508057,0.7876370957809296,0.7808803694539815,0.7141696984476299,44.39300467249953,-0.00268471843390905
2015-08-24,0.7258474230766296,0.7276961207389832,0.707313597202301,0.7465812528133392,0.7870222731669355,0.7796595572814708,0.7135029483452076,37.49683801282048,-0.003260030524572688
2015-08-25,0.7172057628631592,0.7249003052711487,0.716794490814209,0.7454094648361206,0.7863275815220985,0.778414655345974,0.7124042743262672,31.68531273989808,-0.0043629854784512645
2015-08-26,0.7105300426483154,0.7153075933456421,0.708014726638794,0.7441257977485657,0.7855733771551701,0.777469904039315,0.7107816914578163,28.066475971249176,-0.005709939428361399
2015-08-27,0.7124537229537964,0.717875063419342,0.7100759744644165,0.7429236972332001,0.7848458184068738,0.7764173405976054,0.7094300538687948,30.528745512692765,-0.006546718715991995
2015-08-28,0.7174115777015686,0.72061687707901,0.7124029397964478,0.7416919648647309,0.7841748309371476,0.7742884293376466,0.7090955003918151,36.55626447729713,-0.006732210158433061
2015-08-31,0.7140816450119019,0.7159220576286316,0.7085163593292236,0.7404420304298401,0.7834773863010531,0.7723643062533844,0.7085197546062959,34.397586995318164,-0.007066453524097627
2015-09-01,0.7109341621398926,0.7150007486343384,0.7020007371902466,0.7392035686969757,0.7827555631750485,0.7707958911761312,0.7076112462178201,32.44722123352257,-0.007498876976740343
2015-09-02,0.7009181976318359,0.7042253613471985,0.6985679268836975,0.7377372622489929,0.7819412610303142,0.7694985995500341,0.7059759249479518,27.16810200394545,-0.008551207312339715
2015-09-03,0.7047216296195984,0.7061149477958679,0.6997900605201721,0.7364126825332642,0.7811729064888902,0.7680441907224005,0.7047811743441279,31.711679634941092,-0.008974825310582246
2015-09-04,0.7019021511077881,0.7022964954376221,0.6911805272102356,0.7349828207492828,0.7803841427537305,0.7662522982909005,0.7037133432076651,30.20727160394452,-0.009429358206892946
2015-09-07,0.6935774683952332,0.6951202750205994,0.6917064189910889,0.7336011672019959,0.7795203947501369,0.7659648257358075,0.7012375086681842,26.24791362075932,-0.010342093903785932
2015-09-08,0.6946374177932739,0.7026913166046143,0.6937218308448792,0.732148255109787,0.7786757880142222,0.764860840272716,0.699435669946858,27.550041203287847,-0.010854787231094343
2015-09-09,0.7037792801856995,0.7071135640144348,0.7020007371902466,0.7308356750011444,0.777930549130334,0.7627017628948649,0.698969587107424,37.75715372923443,-0.010403503382369284
2015-09-10,0.6965728402137756,0.7090187072753906,0.6952168941497803,0.7294836223125458,0.7771210196883541,0.7613125398087918,0.6976547048162999,33.72375246884965,-0.010506247676628555
2015-09-11,0.7071135640144348,0.7082153558731079,0.7037297487258911,0.7283482217788696,0.7764244280895881,0.7592038233670577,0.6974926201906815,43.2697482090995,-0.009626160564937258
2015-09-14,0.7099751830101013,0.7153075933456421,0.7066138982772827,0.7275787854194641,0.775763241571365,0.7583071421198088,0.6968504287191194,45.5621480257701,-0.008598656491280443
2015-09-15,0.7160758972167969,0.716794490814209,0.7087674736976624,0.7269426715373993,0.7751693376474218,0.7572697609412518,0.6966155821335469,50.18382498429349,-0.007208974884419406
2015-09-16,0.7128092050552368,0.7198905944824219,0.7126059532165527,0.726282387971878,0.7745488388156411,0.7563682463164684,0.6961965296272877,47.84166218202226,-0.006298630266468486
2015-09-17,0.7199942469596863,0.72061687707901,0.7141836881637573,0.7258377695083618,0.774006007055865,0.7556174781477437,0.6960580608689798,53.03378179783948,-0.004940452305422949
2015-09-18,0.7189072370529175,0.7280139923095703,0.7170000672340393,0.7252938818931579,0.7734577605881585,0.754551775810023,0.6960359879762928,52.187382409664735,-0.003906764353515113
2015-09-21,0.7190106511116028,0.7198905944824219,0.7123014330863953,0.7248240792751313,0.7729159983047947,0.7537061960764706,0.6959419624737919,52.26543484862935,-0.003044123789891384
2015-09-22,0.7130124568939209,0.7160758972167969,0.7060152888298035,0.7242947113513947,0.7723199431663618,0.7530503263896531,0.6955390963131363,47.42911916640632,-0.00281206335666917
2015-09-23,0.7079144716262817,0.7087172269821167,0.7003781795501709,0.7235609686374664,0.771679092703259,0.7520728629184472,0.6950490743564857,43.72572586905996,-0.0030048802083247894
2015-09-24,0.6998880505561829,0.7023952007293701,0.6942515969276428,0.7228116416931152,0.7709647539754081,0.7518090986321678,0.6938141847540625,38.61358358990933,-0.0037619881950334833
2015-09-25,0.7011638879776001,0.7043741345405579,0.699349582195282,0.722004725933075,0.7702702179953119,0.7511236185126262,0.6928858333535237,39.81803789400939,-0.004210516103196116
2015-09-28,0.7020993232727051,0.7038784027099609,0.6982167363166809,0.7213083183765412,0.7695919006348702,0.7506360453612503,0.6919805913918321,40.73618183896039,-0.004439322148976799
2015-09-29,0.6972042322158813,0.7020993232727051,0.6939143538475037,0.7205013990402221,0.7688716253271998,0.7502226455810205,0.6907801524994238,37.511132839163984,-0.0049584871734350555
2015-09-30,0.7003781795501709,0.7039774656295776,0.6991540193557739,0.7196589469909668,0.7681900985035303,0.7492225110438049,0.6900953829381287,40.78464500169938,-0.005055541041446898
2015-10-01,0.7010164856910706,0.7085163593292236,0.700721800327301,0.7189289271831513,0.7675217043461753,0.7484952079911174,0.6893626463751852,41.448938603264835,-0.005023048385014661
2015-10-02,0.7036802172660828,0.7062146663665771,0.700427234172821,0.7182901585102082,0.7668864656687453,0.7477645967957791,0.6888157202246372,44.25918972063095,-0.00472785705122758
2015-10-05,0.704820990562439,0.711085855960846,0.7044734358787537,0.7178347742557526,0.7662688987522491,0.7474260783927749,0.6882434701187303,45.46635967471252,-0.004351701218480164
2015-10-06,0.708817720413208,0.7150007486343384,0.7072135806083679,0.7174593245983124,0.7656972452364236,0.7470217737921957,0.6878968754044291,49.585799429533346,-0.0036885727435486126
2015-10-07,0.7159220576286316,0.7234842777252197,0.71525639295578,0.7170837676525116,0.7652019697378264,0.7462263710934981,0.6879411642115251,55.954856653507534,-0.0025602648700094877
2015-10-08,0.7194762229919434,0.7228044867515564,0.7166917324066162,0.7168758177757263,0.76474698718313,0.7457934315630863,0.6879582039883663,58.761721729570745,-0.0013635630042657665
2015-10-09,0.7267441749572754,0.7345919609069824,0.7261109352111816,0.716821745634079,0.7643688497480376,0.745653391712271,0.687990099555887,63.83686885842053,0.00016934275107860497
2015-10-12,0.7314754128456116,0.7382253408432007,0.7306736707687378,0.7168516480922699,0.7640415518684037,0.7457420387093348,0.687961257475205,66.70911023931919,0.00174582814306945
2015-10-13,0.7344300746917725,0.7350239157676697,0.725584089756012,0.716988445520401,0.7637469103044502,0.7461498801381798,0.6878270109026221,68.39720966035821,0.003196770313775299
2015-10-14,0.7222824096679688,0.7292882204055786,0.7208245992660522,0.7166815674304963,0.7633343282085552,0.7452739372861213,0.6880891975748712,55.85664311769335,0.0033280734334975026
2015-10-15,0.7320108413696289,0.736594021320343,0.7270084023475647,0.71661590218544,0.7630226517225885,0.7450484343012168,0.6881833700696632,61.883926826275776,0.004169076715081821
2015-10-16,0.7329228520393372,0.7327080965042114,0.7254788279533386,0.7165836000442505,0.762723151228221,0.7449365837319235,0.6882306163565775,62.40220206020332,0.004853224562167746
2015-10-19,0.726005494594574,0.7307270765304565,0.7241129279136658,0.7162998604774475,0.7623578014109624,0.7439640876391875,0.6886356333157075,56.164311828417155,0.004782118440363248
2015-10-20,0.7256367206573486,0.7298204302787781,0.7250580191612244,0.7159845995903015,0.7619924175228586,0.7428284309699984,0.6891407682106045,55.84381951850387,0.004642493575690798
2015-10-21,0.7267441749572754,0.7276961207389832,0.7205129861831665,0.7158985316753388,0.7616416887411037,0.7425722949788414,0.6892247683718362,56.64394338158898,0.004568538898512053
2015-10-22,0.7215527892112732,0.7238509058952332,0.7188039422035217,0.7155672609806061,0.76124279421841,0.7415163500977318,0.6896181718634804,51.89663852377677,0.004044406440659509
2015-10-23,0.721188485622406,0.7295010089874268,0.7205649614334106,0.7152406811714173,0.7608442438841128,0.7404630473772338,0.6900183149656007,51.57000881774314,0.0035586099957580775
2015-10-26,0.7223867774009705,0.727219820022583,0.7222824096679688,0.7149500226974488,0.7604615825260633,0.7394780869111226,0.690421958483775,52.62619036499282,0.0032330365127635208
2015-10-27,0.7251105904579163,0.726005494594574,0.7218131422996521,0.7147105813026429,0.7601098313611987,0.738581722752154,0.6908394398531318,55.02709299614682,0.003158398084615155
2015-10-28,0.7192692160606384,0.7197869420051575,0.7113387584686279,0.7144159901142121,0.7597034570795924,0.7376711709642204,0.6911608092642038,49.26123477218847,0.002597948958680596
2015-10-29,0.7100759744644165,0.7119971513748169,0.7072135806083679,0.7139083826541901,0.7592096512824162,0.7363839438529448,0.6914328214554354,41.83214164529325,0.0013958803827235355
2015-10-30,0.7090187072753906,0.7134194374084473,0.7086167335510254,0.7134141659736634,0.7587102389042265,0.7351864869452522,0.6916418450020745,41.065125634969434,0.00035384089209156144
2015-11-02,0.7137249112129211,0.7154099345207214,0.7130124568939209,0.7131717157363892,0.7582626237033088,0.7346468795414022,0.6916965519313761,45.82669719662401,-9.118051315426534e-05
2015-11-03,0.7159220576286316,0.7216048240661621,0.715103030204773,0.7131460416316986,0.7578413245383782,0.7346045834861474,0.6916874997772497,47.941372096014604,-0.0002635339739808229
2015-11-04,0.7191140651702881,0.7224911451339722,0.7145919799804688,0.7133177220821381,0.7574559786740113,0.7348281289081132,0.6918073152561629,50.93774196820693,-0.00014093242031987252
2015-11-05,0.71387779712677,0.717154324054718,0.7128092050552368,0.7133462035655975,0.7570223649272639,0.7348557121456425,0.6918366949855526,46.23632611832227,-0.000460978996617456
2015-11-06,0.714796245098114,0.7172057628631592,0.7035812139511108,0.7132938969135284,0.7566022045309457,0.7347757560022842,0.6918120378247726,47.15760026258365,-0.0006332079119956147
2015-11-09,0.7038784027099609,0.7071135640144348,0.7033832669258118,0.7130898320674897,0.7560775895874431,0.7347343811146987,0.6914452830202806,38.67390731885748,-0.0016318680457543255
2015-11-10,0.7051191329956055,0.7065140604972839,0.7020993232727051,0.7129735314846039,0.7555705402681115,0.7347275712350381,0.6912194917341696,39.99503763506243,-0.00229672165430872
2015-11-11,0.7046719789505005,0.7079144716262817,0.7041261792182922,0.7130486071109772,0.7550640869216579,0.734658263662977,0.6914389505589773,39.66340684755945,-0.002827115298178029
2015-11-12,0.7071135640144348,0.7154099345207214,0.7067137956619263,0.7130964457988739,0.7545869672907314,0.7346413550323823,0.6915515365653655,42.46854015995581,-0.0030156777172127835
2015-11-13,0.7137249112129211,0.7156146764755249,0.710883617401123,0.7133329010009766,0.7541803796680591,0.7346344872733209,0.6920313147286322,49.33709818085808,-0.0026016441924495703
2015-11-16,0.7105805277824402,0.7132158875465393,0.7084661722183228,0.7136729621887207,0.7537465502960549,0.7342166869615182,0.6931292374159231,46.494028080502815,-0.0024984445912351605
2015-11-17,0.7095217704772949,0.7140816450119019,0.7075638175010681,0.7139706492424012,0.7533065027356611,0.7338077331510151,0.6941335653337872,45.54238232550313,-0.002473577171990704
2015-11-18,0.7113893628120422,0.7121999859809875,0.708365797996521,0.714122850894928,0.7528894167662642,0.7337565100810528,0.6944891917088032,47.58055468868793,-0.0022769235128650145
2015-11-19,0.7117944359779358,0.7208245992660522,0.7117944359779358,0.7144272828102112,0.752480511484781,0.733411533471342,0.6954430321490803,48.03484198971943,-0.0020645887580045263
2015-11-20,0.7191658020019531,0.7251105904579163,0.7187005877494812,0.7146683275699616,0.7521490218381798,0.7335794616922966,0.6957571934476265,55.57922150223962,-0.0012866723440695393
2015-11-23,0.7229090332984924,0.7231180667877197,0.716383695602417,0.7149270045757293,0.7518580766785757,0.733929727494134,0.6959242816573247,58.84660641031925,-0.00036392539389440426
2015-11-24,0.7189072370529175,0.7241129279136658,0.7188555598258972,0.7149836313724518,0.7515302076275684,0.7340171776460093,0.6959500850988943,54.252248076169245,4.394018444642267e-05
2015-11-25,0.7257947325706482,0.7283851504325867,0.7228044867515564,0.71524334192276,0.7512741332488881,0.7345087468411893,0.6959779370043306,60.03546224967127,0.0009124220870174726
2015-11-26,0.725584089756012,0.7263219356536865,0.721188485622406,0.7153551387786865,0.7510185109255716,0.734797138165563,0.69591313939181,59.786534734322764,0.0015656552381546618
2015-11-27,0.7219173908233643,0.7240604758262634,0.7185972929000854,0.7154153418540955,0.7507289475414651,0.7349207747889036,0.6959099089192874,55.47459693819892,0.0017671051683425532
2015-11-30,0.7183908224105835,0.7247952818870544,0.7172572016716003,0.7154029452800751,0.7504071751520978,0.7348998377552671,0.695906052804883,51.61859677405357,0.0016234766628452357
2015-12-01,0.7232750058174133,0.732225239276886,0.7228044867515564,0.7156081962585449,0.7501372033179173,0.7352181198240251,0.6959982726930647,56.1632957041496,0.0018820675167714462
2015-12-02,0.7323324680328369,0.7339987754821777,0.7305669188499451,0.716096556186676,0.7499600417727893,0.7361359247847817,0.6960571875885703,63.087895989069025,0.002785751724163066
2015-12-03,0.7303001284599304,0.7348078489303589,0.7285974621772766,0.7167047977447509,0.7497644207447974,0.7365816379652049,0.6968279575242969,60.76832069474102,0.0032998960036350056
2015-12-04,0.7329766154289246,0.7386069893836975,0.7281200289726257,0.7173410522937774,0.7495973779058309,0.7372240748987161,0.6974580296888387,62.71268264130617,0.003878618875350459
2015-12-07,0.7342144250869751,0.7342144250869751,0.7258474230766296,0.7179833543300629,0.7494443136986757,0.7379314942616703,0.6980352143984555,63.610907068590926,0.004386576096563344
2015-12-08,0.7259001135826111,0.727219820022583,0.7190106511116028,0.7185572719573975,0.7492100430507509,0.7377002476532627,0.6994142962615323,54.17137086161157,0.004071308886663294
2015-12-09,0.7225067615509033,0.724480152130127,0.7173087000846863,0.7189998435974121,0.7489443387572159,0.7374375626692437,0.7005621245255805,50.85444836541614,0.003507213230945383
2015-12-10,0.7235366702079773,0.733406662940979,0.7233796119689941,0.7194502472877502,0.7486915261348315,0.7371816207186701,0.7017188738568303,51.81871763910074,0.0031074476587286126
2015-12-11,0.727219820022583,0.7273785471916199,0.7190106511116028,0.7199210393428802,0.7484778773177909,0.7371872852899586,0.7026547933958018,55.20373773847565,0.0030526410257212255
2015-12-14,0.7164863348007202,0.726005494594574,0.716383695602417,0.7201543462276458,0.7481595535116461,0.7368950431105447,0.703413649344747,45.230797739486626,0.0021186809847181243
2015-12-15,0.7254788279533386,0.7283851504325867,0.7170000672340393,0.7204875683784485,0.747933874650366,0.7369684864458868,0.7040066503110103,52.90682836835727,0.0020801512783323872
2015-12-16,0.7203054428100586,0.7218131422996521,0.7180812358856201,0.7205752360820771,0.7476589648808066,0.7370035791593391,0.704146893004815,48.679860129659,0.0016135670664199075
2015-12-17,0.7208765745162964,0.7217090129852295,0.7112375497817993,0.7206032431125641,0.7473924734343896,0.7370287132412778,0.7041777729838503,49.1627470856149,0.00127518177078767
2015-12-18,0.7128092050552368,0.7180812358856201,0.7116931080818176,0.7203245437145234,0.747048361311209,0.7367975374754269,0.7038515499536199,43.007044847042785,0.00035198225998511745
2015-12-21,0.7166917324066162,0.7196833491325378,0.7157171368598938,0.7200288701057435,0.7467463053022038,0.7362131115056215,0.7038446287058654,46.48019263857094,-6.561611229982667e-05
2015-12-22,0.7199942469596863,0.7251105904579163,0.7192174792289734,0.7197401535511017,0.746480115666951,0.7353817440973035,0.7040985630048998,49.309891426767265,-0.0001285981078644749
2015-12-23,0.7232226729393005,0.7250054478645325,0.721188485622406,0.7197589588165283,0.7462486983263741,0.7354152786325112,0.7041026390005454,51.98262027488698,8.10607841024158e-05
2015-12-24,0.7233796119689941,0.7282260060310364,0.7232750058174133,0.7195863342285156,0.7460211452282874,0.7348773475435193,0.7042953209135119,52.114797861483936,0.0002569190319254844
2015-12-25,0.727219820022583,0.729341447353363,0.7266914248466492,0.7194722735881806,0.7458340673655416,0.7344388806008048,0.7045056665755564,55.35339046105446,0.0006981132413960145
2015-12-28,0.7282790541648865,0.7284913063049316,0.7256894111633301,0.7195177447795867,0.745659390617274,0.7345788848371397,0.7044566047220338,56.23266996177048,0.0011203198243684431
2015-12-29,0.7257947325706482,0.7303534746170044,0.7256367206573486,0.7195209050178528,0.7454617323282502,0.7345873509742894,0.7044544590614162,53.567994175036716,0.001240161779870519
2015-12-30,0.7290754914283752,0.7304602265357971,0.7273785471916199,0.7195675313472748,0.745298685155115,0.7347392794355617,0.7043957832589879,56.49956537347731,0.001581635109386026
2015-12-31,0.7284913063049316,0.7325470447540283,0.7281200289726257,0.719706301689148,0.7451314475546134,0.7350777791611519,0.704334824217144,55.82369648048985,0.0017845451997644535
2016-01-01,0.7271669507026672,0.7271669507026672,0.7271669507026672,0.7198258709907531,0.7449526963421538,0.7353367835142915,0.7043149584672147,54.23963188315368,0.0018175370436152027
2016-01-04,0.7287036180496216,0.7292882204055786,0.7168458700180054,0.7199522078037262,0.7447910139710817,0.7356500331861165,0.7042543824213358,55.80664002218663,0.0019452558316470636
2016-01-05,0.7185972929000854,0.7216569185256958,0.7134194374084473,0.7198219418525695,0.7445303799305709,0.7354530059346813,0.7041908777704577,44.913426449642955,0.0012169496755080056
2016-01-06,0.7162810564041138,0.7173087000846863,0.7058159112930298,0.719762178659439,0.7442492921342841,0.7354246863303961,0.7040996709884819,42.849064685238595,0.0004477000643186013
2016-01-07,0.708014726638794,0.7087674736976624,0.6982265114784241,0.7197209537029267,0.743888749194026,0.7354979542651424,0.7039439531407109,36.41601951987754,-0.0008195126899928074
2016-01-08,0.7018036246299744,0.7073636651039124,0.6972528100013733,0.7195766520500183,0.7434699917356721,0.735876507694122,0.7032767964059146,32.47130469830371,-0.002298476544473238
2016-01-11,0.6942998170852661,0.7034822702407837,0.6939143538475037,0.7191881501674652,0.7429807362665077,0.7369203385428384,0.7014559617920919,28.460242122067896,-0.004029609778251175
2016-01-12,0.6987143754959106,0.7023458480834961,0.6943962574005127,0.7188439965248108,0.7425402749653024,0.7374798401610994,0.7002081528885222,33.65270259800971,-0.004987830760239453
2016-01-13,0.6987143754959106,0.7049203515052795,0.6983727812767029,0.7184360027313232,0.7421041963636116,0.737921560842053,0.6989504446205935,33.65270259800971,-0.005681732318660537
2016-01-14,0.6935774683952332,0.6973987221717834,0.6910849809646606,0.7180299961566925,0.741621343348995,0.738712420651278,0.697347571662107,30.650455224639302,-0.006570420062564031
2016-01-15,0.6996921300888062,0.6998880505561829,0.6866716742515564,0.7177279138565064,0.7412041372468985,0.7390349029688197,0.696420924744193,37.76749237003203,-0.006704029526675592
2016-01-18,0.6861063838005066,0.6926167011260986,0.6854009628295898,0.7173724734783172,0.7406559008941915,0.7401637100283185,0.694581236928316,30.321782690577763,-0.00781607334603851
2016-01-19,0.6878998875617981,0.695894181728363,0.6842284798622131,0.7170280885696411,0.7401309654381417,0.7410615764257038,0.6929946007135783,32.22147615877789,-0.008455189162632437
2016-01-20,0.6917064189910889,0.6912283301353455,0.6832000613212585,0.7167687773704529,0.7396491291550809,0.7416125438655753,0.6919250108753304,36.19738819450714,-0.008555910566884983
2016-01-21,0.6937218308448792,0.6957005858421326,0.6878525614738464,0.7165009427070618,0.7391921411121881,0.7420483501257362,0.6909535352883873,38.262358302249936,-0.00837654649849695
2016-01-22,0.7016066908836365,0.7046223282814026,0.6989096999168396,0.7162585783004761,0.7388181565327953,0.7421412069047801,0.6903759496961721,45.67074923335279,-0.007511568191129636
2016-01-25,0.7004027366638184,0.7028888463973999,0.697009801864624,0.7160550224781036,0.7384359135490199,0.7422777714197094,0.6898322735364978,44.78700509642062,-0.00684431864943269
2016-01-26,0.6939143538475037,0.700721800327301,0.6923289895057678,0.7157428741455079,0.73799291295497,0.742645803022998,0.6888399452680177,40.26503519006712,-0.006761138650265841
2016-01-27,0.700721800327301,0.7070136070251465,0.6997410655021667,0.715529522895813,0.7376220561128995,0.7427407998824438,0.6883182459091821,46.381781634785405,-0.00607587495851003
2016-01-28,0.7016066908836365,0.7126059532165527,0.7010164856910706,0.715325767993927,0.7372636942698184,0.7428024744413617,0.6878490615464923,47.13950916319239,-0.00539915715040673
2016-01-29,0.7086167335510254,0.7141836881637573,0.707313597202301,0.7151147866249085,0.7369786498845537,0.7426331140846901,0.6875964591651268,52.826874452930056,-0.004248230596227476
2016-02-01,0.7068636417388916,0.7092198729515076,0.7044237852096558,0.7147938787937165,0.7366789980622057,0.7423154425243055,0.6872723150631275,51.33923393298162,-0.0034379424080666077
2016-02-02,0.711085855960846,0.7130632996559143,0.7041757702827454,0.714637451171875,0.7364243399318413,0.7421524978855515,0.6871224044581986,54.651507678048844,-0.0024271075944163334
2016-02-03,0.7029876708984375,0.710782527923584,0.7006235718727112,0.7141813099384308,0.7360916367573761,0.7416975866914159,0.6866650331854456,47.91478131780215,-0.0022534927158293083
2016-02-04,0.7154611349105835,0.7243227958679199,0.7159220576286316,0.7139788508415222,0.7358863581320327,0.74130096162717,0.6866567400558745,56.75675301476351,-0.001096754667923805
2016-02-05,0.7199423909187317,0.7212925553321838,0.708817720413208,0.7139393508434295,0.7357277116920977,0.7412202968270292,0.6866584048598299,59.42191457541624,0.00017949932089056375
2016-02-08,0.7086167335510254,0.7130124568939209,0.705268383026123,0.7137438690662384,0.7354579507155669,0.7410346938203097,0.6864530443121671,50.885968944696906,0.0002738965953766881
2016-02-09,0.7079144716262817,0.7082654237747192,0.6976906061172485,0.7134366583824158,0.735183886247014,0.7406352283546671,0.6862380884101644,50.40249020605959,0.00028871235095884185
2016-02-10,0.7067137956619263,0.7125044465065002,0.7039774656295776,0.7129242849349976,0.7349006017635775,0.7396307100396187,0.6862178598303765,49.53590590077928,0.00020124954862066335
2016-02-11,0.7103786468505859,0.715103030204773,0.6990562677383423,0.7125258553028107,0.734656602212202,0.7387645228497972,0.6862871877558241,52.23538705288144,0.00042278392025885125
2016-02-12,0.7124029397964478,0.7129108309745789,0.7066138982772827,0.7121143817901612,0.7344351727354261,0.7376806941438866,0.6865480694364358,53.70838404442146,0.0007530147436309864
2016-02-15,0.7116931080818176,0.7172057628631592,0.7113387584686279,0.711663955450058,0.7342088835348904,0.7364218300970359,0.6869060808030801,53.0901171371319,0.0009465364799362552
2016-02-16,0.714796245098114,0.7183908224105835,0.7089684009552002,0.7114418780803681,0.7340157229534282,0.735875617710512,0.6870081384502241,55.50172835135694,0.0013349130270032816
2016-02-17,0.7119971513748169,0.7168973088264465,0.708666980266571,0.7112316858768463,0.7337966326889623,0.7354568391733624,0.6870065325803302,52.861835170031455,0.0014006944346474093
2016-02-18,0.7176175117492676,0.7183908224105835,0.7136231064796448,0.7111133027076721,0.7336356464109539,0.7351501393087382,0.6870764661066061,57.25792772367192,0.0018846180809384272
2016-02-19,0.7150007486343384,0.71525639295578,0.7071235179901123,0.7108689212799072,0.7334502245425282,0.7344821012135508,0.6872557413462635,54.700122976796834,0.0020335387737825394
2016-02-22,0.7142857313156128,0.7235890030860901,0.7142857313156128,0.710824909210205,0.7332595330676317,0.7344035317810251,0.6872462866393849,53.99040600409093,0.0020700018806562026
2016-02-23,0.7234842777252197,0.7257947325706482,0.7213966250419617,0.7107850182056427,0.7331622668453183,0.7342690082026283,0.687301028208657,61.00076560707009,0.0028087672548345877
2016-02-24,0.7195797562599182,0.721188485622406,0.7148473858833313,0.7107705044746399,0.7330271174862584,0.7342313642481268,0.6873096447011529,57.02868077887663,0.003044091493727197
2016-02-25,0.7194762229919434,0.7217090129852295,0.7160758972167969,0.7107424974441529,0.7328922827151694,0.7341574132285635,0.6873275816597422,56.92283670315957,0.00318551277069945
2016-02-26,0.7235890030860901,0.7254788279533386,0.7161784768104553,0.7109580934047699,0.7327997127686106,0.7346475835234842,0.6872686032860555,60.0915188623919,0.003588095798393587
2016-02-29,0.7128092050552368,0.716589093208313,0.7112881541252136,0.7108804428577423,0.7326008022440975,0.734518619879728,0.6872422658357566,49.75985029841279,0.003002692962377762
2016-03-01,0.7142857313156128,0.7191140651702881,0.7110353112220764,0.7107662725448608,0.7324185627323697,0.7342795942219555,0.687252950867766,51.00249364004825,0.0026276108641917206
2016-03-02,0.7181844115257263,0.7261636853218079,0.7166917324066162,0.7106655073165894,0.7322769293870287,0.7340034746714637,0.6873275399617151,54.22216776292938,0.002614804668822024
2016-03-03,0.7288098335266113,0.7369740009307861,0.7283851504325867,0.7107741117477417,0.7322424309207556,0.7344023069313597,0.6871459165641238,61.62359516127346,0.0034225849925336727
2016-03-04,0.7357810139656067,0.7432181239128113,0.734268307685852,0.7109453356266022,0.7322776407022967,0.7351763499080481,0.6867143213451563,65.55811705556778,0.004572563059036416
2016-03-07,0.7411414980888367,0.7472166419029236,0.7394808530807495,0.7112025845050812,0.7323658382882332,0.7364370470600642,0.6859681219500983,68.25341664525442,0.005849051012035145
2016-03-08,0.7458233833312988,0.7472166419029236,0.7411249876022339,0.7116031575202942,0.7324997442090608,0.7383722803353888,0.6848340347051997,70.4299888596549,0.007155976282164578
2016-03-09,0.7433839440345764,0.7511454820632935,0.7413997650146484,0.7118893265724182,0.732608044704838,0.7397062484850561,0.6840724046597804,67.82087280347548,0.007903771848685182
2016-03-10,0.7471049427986145,0.7506943941116333,0.7444908022880554,0.7122615993022918,0.7327522924470659,0.7414498043122703,0.6830733942923134,69.66677448411664,0.008696411902222256
2016-03-11,0.7462129592895508,0.7582650780677795,0.7449899315834045,0.7126425194740296,0.7328862294305742,0.743094454038271,0.6821905849097881,68.65015642828027,0.00914716640039881
2016-03-14,0.756315290927887,0.7594744563102722,0.7497376203536987,0.7131947529315948,0.7331193544205991,0.7457633967894436,0.6806261090737461,73.38687394809185,0.010201964426810206
2016-03-15,0.7521058917045593,0.7528986930847168,0.7447680234909058,0.7138649249076843,0.7333082751895952,0.7482174914602615,0.679512358355107,68.72721599460542,0.010576318903456117
2016-03-16,0.746324360370636,0.7477194666862488,0.7417847514152527,0.7144657909870148,0.7334377884749798,0.7500207911050604,0.6789107908689692,62.826732826984085,0.01028788394081781
2016-03-17,0.7547169327735901,0.7652866244316101,0.7544892430305481,0.7153998351097107,0.733649521254072,0.7526752602601844,0.6781244099592371,67.22550732056453,0.010614154245073948
2016-03-18,0.7649939060211182,0.7682852149009705,0.7605140805244446,0.7166636407375335,0.7339614056796171,0.7562695636802103,0.6770577177948568,71.649518511626,0.011568635634307434
2016-03-21,0.7597629427909851,0.7628929018974304,0.7570595741271973,0.717972903251648,0.7342181373921699,0.7588683974212264,0.6770774090820696,66.71330623352544,0.011767327568946162
2016-03-22,0.7571741938591003,0.7641170620918274,0.7554011344909668,0.7191420996189117,0.7344465558644794,0.7611186790636564,0.6771655201741671,64.35051407342371,0.011582387402727212
2016-03-23,0.7620208859443665,0.7649353742599487,0.7531821727752686,0.7204082298278809,0.7347209273080624,0.7636692327568392,0.6771472268989226,66.72654013201799,0.011692128949924663
2016-03-24,0.7533524632453918,0.7535794973373413,0.7479991316795349,0.7216037297248841,0.7349063157253506,0.7651412086230132,0.678066250826755,59.135124375598295,0.01095336705279737
2016-03-25,0.7526719570159912,0.7539203763008118,0.7509763240814209,0.7226633262634278,0.7350830882755074,0.7666011321685718,0.6787255203582837,58.571760293722754,0.010195454903668022
2016-03-28,0.7505817413330078,0.7559149861335754,0.7496814131736755,0.7239528334140778,0.7352373037288169,0.7672919222164726,0.680613744611683,56.782386943574814,0.009318720716349538
2016-03-29,0.7556865215301514,0.7572888731956482,0.7511454820632935,0.7253085660934449,0.7354407785328116,0.7682838319509342,0.6823333002359555,59.99663809460904,0.008932843397665868
2016-03-30,0.7640002965927124,0.7705941200256348,0.7616726756095886,0.7267544436454773,0.7357249528418673,0.7699791698454423,0.6835297174455122,64.61270696992257,0.00919192620542375
2016-03-31,0.7661073803901672,0.772320032119751,0.7637085914611816,0.728202154636383,0.7360272655537928,0.7717586621197744,0.6846456471529917,65.69320542899302,0.009458246472205722
2016-04-01,0.7669888138771057,0.7695859670639038,0.7602828145027161,0.7295097970962524,0.7363353406614896,0.7737280999541819,0.6852914942383229,66.15870174348288,0.009629429449728555
2016-04-04,0.7668711543083191,0.7675186395645142,0.7602249979972839,0.7308391654491424,0.7366391796032512,0.7754803227227108,0.686198008175574,66.02990669164265,0.009644424130907603
2016-04-05,0.7599939703941345,0.7626601457595825,0.7512019276618958,0.732160757780075,0.7368715655812715,0.7762491975888598,0.6880723179712903,58.82183877487199,0.008997656869378923
2016-04-06,0.7546030879020691,0.7617306113243103,0.753409206867218,0.7332383835315704,0.7370479986391911,0.7768213985728099,0.689655368490331,53.85857920066882,0.007958351074006442
2016-04-07,0.7612088322639465,0.7637085914611816,0.7494004368782043,0.7344304263591767,0.7372884049439167,0.7777416907830309,0.6911191619353224,58.481501675594664,0.007580340658362883
2016-04-08,0.7513712644577026,0.7580926418304443,0.7511454820632935,0.7352855169773101,0.7374285328992787,0.7782030365237566,0.6923679974308637,50.3853186716078,0.006413029759473221
2016-04-11,0.7564868927001953,0.7629510760307312,0.7531254291534424,0.7362779819965363,0.7376181683201845,0.7788061346687828,0.6937498293242897,53.95508201152781,0.005833471282428393
2016-04-12,0.7594744563102722,0.7674008011817932,0.7587253451347351,0.7372457540035248,0.7378356438225748,0.7796360592607022,0.6948554487463473,55.94847547486651,0.005551247107970059
2016-04-13,0.7685213685035706,0.7717240452766418,0.7635336518287659,0.7385564279556275,0.7381409744164176,0.7806749630643607,0.6964378928468943,61.39833448368121,0.005988560227640716
2016-04-14,0.7662248611450195,0.7735746502876282,0.7620790004730225,0.7395717024803161,0.7384204160754104,0.7818649018783461,0.6972785030822861,59.38975954145434,0.006079741597895594
2016-04-15,0.7695859670639038,0.7735148668289185,0.7682852149009705,0.7405645740032196,0.7387305210603725,0.7833053796985952,0.6978237683078441,61.38103403936805,0.006350017598343638
2016-04-18,0.7640002965927124,0.7759758234024048,0.7637085914611816,0.7416722452640534,0.7389819616129346,0.7839011971068977,0.6994432934212091,56.42908282191018,0.0060438268762254
2016-04-19,0.7771215438842773,0.782166600227356,0.7760962843894958,0.7430563867092133,0.7393614599439952,0.7853058950440465,0.70080687837438,63.81430505106405,0.0067817675260155585
2016-04-20,0.7796663045883179,0.7829627394676208,0.7768800854682922,0.7445154368877411,0.7397625031742894,0.7866808715033573,0.702350002272125,65.05153791686853,0.007485641908640539
2016-04-21,0.7802137732505798,0.7835148572921753,0.775494396686554,0.745912139415741,0.7401650033740558,0.7880887161170079,0.703735562714474,65.32620894705897,0.007995476695337622
2016-04-22,0.7742934823036194,0.7774840593338013,0.7711883783340454,0.7471499502658844,0.7405045902290783,0.788943519493278,0.7053563810384907,59.84841248699352,0.00783152943905685
2016-04-25,0.7710813879966736,0.7730962634086609,0.7692899107933044,0.7483377158641815,0.7408088369730363,0.7893873040455082,0.7072881276828549,57.05311694378784,0.007357597091968704
2016-04-26,0.7717240452766418,0.7765783667564392,0.7701194286346436,0.7494762718677521,0.7411164509860093,0.7898815312792127,0.7090710124562916,57.4810086589514,0.0069537014225158345
2016-04-27,0.7747734189033508,0.7765783667564392,0.7576905488967896,0.7507317972183227,0.7414513461891689,0.7902757382483028,0.7111878561883427,59.540854983068975,0.006801269361997986
2016-04-28,0.7603984475135803,0.7659900188446045,0.7579202651977539,0.751587415933609,0.7416398745605571,0.7900432152528947,0.7131316166143233,47.787818039461015,0.005457613826374108
2016-04-29,0.7634170055389404,0.7668123245239258,0.7603984475135803,0.7525557410717011,0.7418565624309901,0.7896660195623473,0.7154454625810549,50.01891250548434,0.004583493875114919
2016-05-02,0.7617306113243103,0.7656381726264954,0.7597051858901978,0.753504638671875,0.7420543141612729,0.7890125345375499,0.7179967428062001,48.76519317127567,0.0037118813391993077
2016-05-03,0.7663775086402893,0.7713074088096619,0.7495689988136292,0.7543625032901764,0.7422963359968864,0.7889712468092055,0.7197537597711473,52.31219997397412,0.0033573860460762717
2016-05-04,0.7499625086784363,0.7519361972808838,0.745489776134491,0.7549701583385467,0.7423726163220764,0.788122473548498,0.7218178431285955,41.407009056215536,0.0017319280725007768
2016-05-05,0.7467144727706909,0.7514277100563049,0.7457677721977234,0.7555149233341217,0.7424158188738041,0.7871469653415297,0.7238828813267137,39.645873059679055,0.0001795814615601632
2016-05-06,0.7476076483726501,0.7477753758430481,0.7341604828834534,0.755995296239853,0.7424674788688178,0.7863522235752831,0.7256383689044228,40.39661498616971,-0.0009674405526850505
2016-05-09,0.737626314163208,0.7387160658836365,0.7312079668045044,0.7564916384220123,0.7424193080757269,0.7847021668646847,0.7282811099793398,35.13667499367389,-0.002651311349183838
2016-05-10,0.731689453125,0.7374631762504578,0.7301401495933533,0.7568397128582001,0.7423125433498484,0.7832998753966254,0.7303795503197748,32.431727345114695,-0.004413964718728791
2016-05-11,0.7373000383377075,0.7403568625450134,0.7337295413017273,0.7572220253944397,0.7422626676780856,0.781894534899427,0.7325495158894525,37.34100494459257,-0.00529709130503675
2016-05-12,0.7357810139656067,0.7374631762504578,0.7314218878746033,0.7573614490032196,0.7421981736112944,0.7814505154735982,0.7332723825328409,36.56636860053286,-0.006049809619661728
2016-05-13,0.7317965626716614,0.732225239276886,0.725584089756012,0.7572817599773407,0.7420946749949792,0.7816865085643093,0.7328770113903721,34.54218396539042,-0.006888450458048312
2016-05-16,0.7274843454360962,0.7309941649436951,0.727219820022583,0.7570086169242859,0.7419492985814572,0.7824350156832452,0.7315822181653265,32.4486422788317,-0.0078109989233472454
2016-05-17,0.7288098335266113,0.7367568016052246,0.7284913063049316,0.7566683459281921,0.7418185576356371,0.7831396152233693,0.7301970766330149,33.77725642379626,-0.008339042130553587
2016-05-18,0.731368362903595,0.7320108413696289,0.7253209352493286,0.7564280343055725,0.7417145755985018,0.7836004175324153,0.7292556510787297,36.37842481658411,-0.008453620167316989
2016-05-19,0.7226999998092651,0.7234842777252197,0.7180297374725342,0.7559399354457855,0.741525375839404,0.7846302506376639,0.7272496202539072,31.81836510437924,-0.009138545084929284
2016-05-20,0.7232226729393005,0.7251105904579163,0.7213445901870728,0.7554801297187805,0.7413432593926359,0.7855122593320958,0.7254480001054653,32.36885725159742,-0.00952932948482288
2016-05-23,0.7228044867515564,0.7262164354324341,0.7197869420051575,0.754809913635254,0.7411587939932213,0.7862296118381913,0.7233902154323166,32.14523014204873,-0.009760262833222622
2016-05-24,0.7223867774009705,0.7224911451339722,0.7146226167678833,0.7542155313491822,0.7409720077584716,0.7869412961403831,0.7214897665579812,31.908099749467226,-0.009863286996451892
2016-05-25,0.719062328338623,0.7220216393470764,0.7175660133361816,0.7536702907085419,0.7407540009980741,0.7878105354729157,0.719530045944168,30.01062547294275,-0.010096800018240981
2016-05-26,0.7186489701271057,0.7244277596473694,0.7172057628631592,0.7529489314556121,0.740534050442143,0.7884941820710101,0.7174036808402142,29.77354430241246,-0.010197663012091351
2016-05-27,0.7225955128669739,0.7236413955688477,0.7187005877494812,0.7521009635925293,0.7403555575309466,0.7884863614698431,0.7157155657152156,35.04925617753719,-0.009845650119054805
2016-05-30,0.7184939980506897,0.7190106511116028,0.7152052521705627,0.7512755846977234,0.7401380295759182,0.7888058719287717,0.713745297466675,32.33087742140383,-0.009784841768042618
2016-05-31,0.7195797562599182,0.7267969846725464,0.7188039422035217,0.7505236959457398,0.7399334696424248,0.7890643876631624,0.7119830042283171,33.794729674003236,-0.00953907853881486
2016-06-01,0.7236937284469604,0.7299802899360657,0.7229612469673157,0.7497571527957916,0.7397718801777926,0.788884623811756,0.7106296817798272,39.16473841744796,-0.008909641435025484
2016-06-02,0.7250054478645325,0.7269555330276489,0.7203054428100586,0.7491902124881744,0.7396249505030331,0.7889218604693679,0.709458564506981,40.81317318584978,-0.008210319745640238
2016-06-03,0.7231180667877197,0.7350239157676697,0.7225955128669739,0.7485991346836091,0.739460702903875,0.7889931762389202,0.7082050931282979,39.16858341940901,-0.007719413553581189
2016-06-06,0.7346999049186707,0.7382253408432007,0.7318500876426697,0.7482814979553223,0.739413331779644,0.7888612515989091,0.7077017443117355,51.96102707669542,-0.00632292260002798
2016-06-07,0.7373543977737427,0.7458789944648743,0.7362686395645142,0.7479148554801941,0.7393928448741126,0.788552750512194,0.7072769604481942,54.33147968230579,-0.004944995242280759
2016-06-08,0.7446016073226929,0.7482789158821106,0.7433286309242249,0.7475268816947938,0.7394446733561884,0.7879075517465483,0.7071462116430393,60.117662005810956,-0.0032309443256990367
2016-06-09,0.7496814131736755,0.7504127025604248,0.7421701550483704,0.7471983623504639,0.7395465314638254,0.7872277827764007,0.7071689419245271,63.59902397556036,-0.0014459803849858899
2016-06-10,0.7416747212409973,0.7427213191986084,0.7392622232437134,0.7466920804977417,0.7395677074815088,0.7863383482473522,0.7070458127481313,55.39166088800728,-0.0006697364216780022
2016-06-13,0.7374087572097778,0.7411799430847168,0.7363227605819702,0.7461028325557709,0.7395462253892526,0.7853991943428782,0.7068064707686637,51.57289151089125,-0.00039424057346648667
2016-06-14,0.7381163239479065,0.7406309843063354,0.7331916093826294,0.7456652796268464,0.7395319975142143,0.7848172572815725,0.7065133019721203,52.161988852093224,-0.00011745940759855245
2016-06-15,0.7356186509132385,0.7421150207519531,0.7336218357086182,0.7452855908870697,0.7394930587420651,0.7844519964675626,0.7061191853065768,49.8564485298556,-9.851407063743434e-05
2016-06-16,0.7416197061538696,0.7431628704071045,0.7286505103111267,0.7448938083648682,0.7395142194128294,0.7838011332744768,0.7059864834552596,55.00260168462259,0.00039616846692525076
2016-06-17,0.7387160658836365,0.7411249876022339,0.7374631762504578,0.7446407043933868,0.7395062775866682,0.7835406893323468,0.7057407194544268,52.210535954025445,0.0005475960919837375
2016-06-20,0.7431076765060425,0.7482789158821106,0.7427765130996704,0.7443731200695037,0.7395421124017865,0.783124284449284,0.7056219556897235,55.86008804987086,0.0010103234707601327
2016-06-21,0.7461016178131104,0.7514277100563049,0.7455453872680664,0.7441056632995605,0.7396073811123471,0.7826152505147322,0.7055960760843888,58.203514417663484,0.0016001784333765645
2016-06-22,0.7453786730766296,0.7528419494628906,0.7443799376487732,0.7436428093910217,0.7396648069030368,0.7815054925143731,0.7057801262676703,57.41090227147909,0.001986409055497851
2016-06-23,0.7514277100563049,0.7597051858901978,0.7513712644577026,0.7433468663692474,0.7397818507155075,0.7807172305701868,0.705976502168308,62.06578208221092,0.0027489185150199047
2016-06-24,0.7535226941108704,0.7583225965499878,0.731689453125,0.7430256009101868,0.7399185755254121,0.7797457916153756,0.7063054102049979,63.55160682251223,0.003482120739624839
2016-06-27,0.7431076765060425,0.7452120184898376,0.7336757183074951,0.7426077485084533,0.7399503078734783,0.7788257965659426,0.706389700450964,52.53497258574723,0.003186057024162414
2016-06-28,0.7357268929481506,0.7416747212409973,0.7344300746917725,0.7417798554897308,0.7399082838443704,0.7766449301983774,0.7069147807810842,46.39681906341342,0.002329009475815491
2016-06-29,0.7405213713645935,0.7458233833312988,0.7383888363838196,0.7409969568252563,0.739914384217706,0.7741032529314701,0.7078906607190426,50.44707194554886,0.002013457572572541
2016-06-30,0.7469933032989502,0.7469933032989502,0.7378984093666077,0.7403325474262238,0.7399848212234897,0.7715032483486655,0.7091618465037821,55.35137117211338,0.0022595643830564116
2016-07-01,0.7448789477348328,0.7504127025604248,0.743992269039154,0.739744256734848,0.7400335189997221,0.7693708783294528,0.7101176351402432,53.48885644078424,0.002257966547032475
2016-07-04,0.7463800311088562,0.7547169327735901,0.7464914917945862,0.7392502295970916,0.7400966683739426,0.7675375155956707,0.7109629435985125,54.65541943835843,0.002350727411357112
2016-07-05,0.7530120611190796,0.7546030879020691,0.7457677721977234,0.7388759899139404,0.7402251797445414,0.7658754997542444,0.7118764800736365,59.48981077004045,0.002925665212867301
2016-07-06,0.7443799376487732,0.7515971660614014,0.7411799430847168,0.7382681202888489,0.7402665206192105,0.7632630071469717,0.7132732334307261,51.75538925053839,0.0026541717011728805
2016-07-07,0.7518796920776367,0.7539203763008118,0.7474958896636963,0.73809774518013,0.7403820745640709,0.7625879608698345,0.7136075294904256,56.987683561608314,0.003009487147006218
2016-07-08,0.7494004368782043,0.7564868927001953,0.7476076483726501,0.7378174138069152,0.7404718095124705,0.7614298409242239,0.7142049866896065,54.86917294460126,0.0030557967009436915
2016-07-11,0.7559149861335754,0.7577479481697083,0.7523888349533081,0.7377011013031006,0.7406254729614372,0.7608861632245993,0.7145160393816019,59.164849951391304,0.0035769343638479834
2016-07-12,0.7538067698478699,0.7638835906982422,0.753409206867218,0.7374496865272522,0.7407566301443872,0.7596157530396649,0.7152836200148395,57.2652380898379,0.00377629352009734
2016-07-13,0.7605719566345215,0.7638835906982422,0.7578628659248352,0.7376618754863739,0.7409537975721504,0.7605094898052015,0.7148142611675462,61.53334101724765,0.004429124927260997
2016-07-14,0.7596474885940552,0.7652280330657959,0.7593591213226318,0.7379205358028412,0.7411398044479909,0.7614685545486021,0.7143725170570804,60.642040426648485,0.004816381429049943
2016-07-15,0.7614986300468445,0.7676953673362732,0.7581501007080078,0.7381983554363251,0.7413423798270846,0.7625276687875197,0.7138690420851305,61.834162907549036,0.005212569386183419
2016-07-18,0.759013295173645,0.760861337184906,0.7576331496238708,0.7386260950565338,0.7415182098305336,0.7636562827989262,0.7135959073141414,59.23979341414712,0.0052653102244095695
2016-07-19,0.7575184106826782,0.7575757503509521,0.7477753758430481,0.7391426742076874,0.7416774158091624,0.7646501137676674,0.7136352346477074,57.67239734357016,0.005127377813775591
2016-07-20,0.750750720500946,0.7512019276618958,0.746324360370636,0.7394116878509521,0.7417676974478868,0.7651227099579465,0.7137006657439577,51.08281947785993,0.004421006733240085
2016-07-21,0.747160792350769,0.7515971660614014,0.7459346652030945,0.7396392834186554,0.7418213600837366,0.7654204993277408,0.7138580675095699,47.95289139124552,0.0035308242196071538
2016-07-22,0.7506943941116333,0.7506380081176758,0.7443799376487732,0.7400172400474548,0.7419096489795368,0.7658831194578637,0.714151360637046,51.12715952838679,0.003075033225808599
2016-07-25,0.7476076483726501,0.7493443489074707,0.745712161064148,0.7404197061061859,0.7419663454909112,0.7661152984325552,0.7147241137798166,48.35295811868125,0.002436652778830428
2016-07-26,0.7476076483726501,0.7542046904563904,0.7464914917945862,0.7407956624031067,0.7420224778578939,0.7663475905816997,0.7152437342245137,48.35295811868125,0.001908729035142942
2016-07-27,0.7516536712646484,0.7570022940635681,0.745712161064148,0.7412013685703278,0.7421183106281107,0.7667864888761337,0.715616248264522,52.28851423103946,0.0017961213295056844
2016-07-28,0.7517440319061279,0.7551158666610718,0.7505817413330078,0.741782249212265,0.7422140889492853,0.7669685852489736,0.7165959131755564,52.37579610033014,0.0016946355562666993
2016-07-29,0.751258373260498,0.7610929608345032,0.7494566440582275,0.742342963218689,0.7423040818280041,0.7670872475752207,0.7175986788621572,51.82702168911233,0.001557069824234203
2016-08-01,0.7587829232215881,0.7616146206855774,0.7552869915962219,0.7430625319480896,0.742468050399085,0.7675791759676965,0.7185458879284826,58.99552598369202,0.002031795018834326
2016-08-02,0.7528419494628906,0.7638252377510071,0.7503564357757568,0.743671635389328,0.7425712732753421,0.7675978080572137,0.7197454627214424,52.36933568417122,0.0019066525208176754
2016-08-03,0.7599939703941345,0.7614986300468445,0.7570022940635681,0.7444902682304382,0.7427446334456789,0.7677719487523983,0.7212085877084781,58.42343156150732,0.00235740975454124
2016-08-04,0.759013295173645,0.7639419436454773,0.7588980793952942,0.745297554731369,0.7429065106768035,0.7677047492507311,0.722890360212007,57.347077741795744,0.00260547156104296
2016-08-05,0.7640002965927124,0.7665772438049316,0.7598206996917725,0.7461256504058837,0.7431163990938777,0.7681657469135267,0.7240855538982408,61.25611765514427,0.0031679534706661183
2016-08-08,0.7611798048019409,0.767283022403717,0.7599362134933472,0.7469793665409088,0.743296134474058,0.7679308352499408,0.7260278978318768,58.01756584603124,0.003347545895515447
2016-08-09,0.7660487294197083,0.7687636017799377,0.7624857425689697,0.7479087460041046,0.7435225284536173,0.7680044845122,0.7278130074960092,61.77460921977977,0.003838507783119338
2016-08-10,0.7664597034454346,0.7757349610328674,0.7663422226905823,0.7487640655040741,0.7437507590505514,0.7682853077803712,0.7292428232277771,62.08305437024046,0.0042122051069909405
2016-08-11,0.77154541015625,0.7724990248680115,0.7693490982055664,0.7496948647499084,0.7440273227431462,0.7690295431544535,0.7303601863453634,65.76454528406381,0.00486268297462511
2016-08-12,0.7695859670639038,0.7725587487220764,0.7669299840927124,0.7506242227554322,0.7442816376120102,0.7691968806522375,0.7320515648586269,63.21774204058573,0.0051605925903378536
2016-08-15,0.7656381726264954,0.7690532803535461,0.7638835906982422,0.7512429881095887,0.7444941404479758,0.7697113850004462,0.7327745912187311,58.3175884929634,0.005020263615158949
2016-08-16,0.7676364183425903,0.774713397026062,0.7656381726264954,0.7518486285209656,0.7447244118698133,0.7704436952870732,0.7332535617548579,60.00736688086366,0.0050125124966855505
2016-08-17,0.7700778245925903,0.7707723379135132,0.7614986300468445,0.7523581528663635,0.7449766846332246,0.7715299130161102,0.7331863927166169,62.032549514036845,0.005144073087662959
2016-08-18,0.766400933265686,0.7722008228302002,0.7650523781776428,0.7526925432682038,0.7451898612365332,0.7722530399911688,0.7331320465452388,57.32441109346007,0.004895212440981567
2016-08-19,0.7678722143173218,0.767754316329956,0.7600516676902771,0.7532164931297303,0.7454155562920639,0.7729748568574637,0.7334581294019968,58.67596039360714,0.004761817403501456
2016-08-22,0.7608034610748291,0.7638252377510071,0.7584951519966125,0.7536843872070312,0.7455686697724898,0.7730182842771072,0.7343504901369553,50.41477995404118,0.0040391507490545875
2016-08-23,0.7630093097686768,0.7656381726264954,0.7627764940261841,0.7541822469234467,0.7457422084789199,0.7731585827286577,0.7352059111182357,52.654915900442205,0.0036028938557743917
2016-08-24,0.7613826394081116,0.7635336518287659,0.759013295173645,0.7546975266933441,0.7458978346573202,0.7730037742502788,0.7363912791364094,50.83118449251665,0.0030902756473100146
2016-08-25,0.7610350251197815,0.7640002965927124,0.7603984475135803,0.7550858330726623,0.7460484534678923,0.7730808425267024,0.7370908236186222,50.429220676975746,0.002625704963577391
2016-08-26,0.7624857425689697,0.7690532803535461,0.761440634727478,0.755561226606369,0.7462120085833263,0.7730395838505718,0.7380828693621663,52.13053743730083,0.0023475292675559922
2016-08-29,0.7544322609901428,0.7576331496238708,0.7527286410331726,0.7557877182960511,0.7462938021396132,0.7728969892891138,0.7386784473029884,43.255227086365835,0.001460389900936887
2016-08-30,0.7577479481697083,0.7580351233482361,0.7510890364646912,0.756020644903183,0.7464077737419029,0.7729073426116103,0.7391339471947557,47.238013767328795,0.0010131943328566262
2016-08-31,0.7524454593658447,0.7535226941108704,0.7491759061813354,0.7561619806289673,0.7464678502157731,0.7728016147785064,0.7395223464794283,42.14370995586149,0.00022829050077211033
2016-09-01,0.7519927620887756,0.7552869915962219,0.7506943941116333,0.7561732816696167,0.7465228244632658,0.7728005548919609,0.7395460084472726,41.72994488112382,-0.00042537684847077095
2016-09-02,0.7552869915962219,0.7612667679786682,0.753863513469696,0.7562085676193238,0.7466100301063799,0.772820362721191,0.7395967725174565,45.892937812624325,-0.0006698742485831133
2016-09-05,0.7564868927001953,0.7608034610748291,0.7564868927001953,0.7564761519432068,0.7467083073461196,0.7726519030580205,0.7403004008283932,47.36792094420146,-0.0007580795395384365
2016-09-06,0.7593014240264893,0.7685213685035706,0.7593014240264893,0.7569476425647735,0.7468336119897057,0.7719893751608141,0.741905909968733,50.758761614382905,-0.0005940261484225218
2016-09-07,0.7688168287277222,0.7697636485099792,0.7654037475585938,0.7575135517120362,0.7470523504647113,0.7721566544284248,0.7428704489956475,60.11449459001144,0.00030033886236113805
2016-09-08,0.7669299840927124,0.7732157707214355,0.7665772438049316,0.7579122853279113,0.7472501378639953,0.7724716493741497,0.743352921281673,57.77054183961178,0.0008471120040585145
2016-09-09,0.7650523781776428,0.7658140659332275,0.7551158666610718,0.7583157539367675,0.7474272745835344,0.7725145421538164,0.7441169657197186,55.45340922113899,0.0011160612927439972
2016-09-12,0.7544892430305481,0.7550019025802612,0.749512791633606,0.7584779381752014,0.747497542926291,0.7723005282589332,0.7446553480914695,44.61233174969277,0.0004714146406040731
2016-09-13,0.7567158937454224,0.7570022940635681,0.7468817830085754,0.7585520148277283,0.7475892678100636,0.7722945113471658,0.7448095183082908,46.965985861965024,0.0001386019115887649
2016-09-14,0.7469375729560852,0.7496252059936523,0.7452675700187683,0.7586031675338745,0.7475827832841533,0.7721479691969989,0.74505836587075,39.10678272662004,-0.000903765297035175
2016-09-15,0.7482229471206665,0.7515971660614014,0.7449344992637634,0.7585300326347351,0.7475891530735713,0.7722612176277784,0.7447988476416917,40.515896185902335,-0.0016075984724630565
2016-09-16,0.7513148188591003,0.752785325050354,0.7476635575294495,0.7585683202743531,0.7476262243749199,0.7722059577203227,0.7449306828283834,43.8800139002072,-0.0018940694715418038
2016-09-19,0.7501875758171082,0.7575757503509521,0.7502550482749939,0.7584537720680237,0.7476517104589218,0.7722773212773152,0.7446302228587321,42.92682321889287,-0.002186850246573946
2016-09-20,0.7537499070167542,0.7567731142044067,0.7531254291534424,0.7584526348114013,0.7477123890316367,0.7722777537228129,0.7446275158999898,46.85572298518887,-0.00210714095471487
2016-09-21,0.7558007836341858,0.7605140805244446,0.7536931037902832,0.7583572113513947,0.7477928705699707,0.7721884860017167,0.7445259367010726,49.031097840100955,-0.0018570749593638247
2016-09-22,0.763242244720459,0.7675774693489075,0.7628347277641296,0.7584291064739227,0.7479465956858963,0.772324976455769,0.7445332364920764,56.059351508170124,-0.0010463702329404079
2016-09-23,0.7649353742599487,0.7654037475585938,0.7612088322639465,0.7584978413581848,0.7481156382587727,0.7724893535157858,0.7445063292005837,57.49548198797991,-0.00026421380045060783
2016-09-26,0.7616146206855774,0.7649939060211182,0.7603984475135803,0.7585498678684235,0.7482499564918754,0.7725685225986095,0.7445312131382374,53.78268612334951,8.669438773767357e-05
2016-09-27,0.763382077217102,0.7697044014930725,0.7613826394081116,0.7586671411991119,0.7484005248573008,0.77274854165996,0.7445857407382639,55.43230750766099,0.0005016281686024415
2016-09-28,0.7669888138771057,0.7688758969306946,0.764584481716156,0.7589919030666351,0.7485854829570008,0.7730770915035289,0.7449067146297413,58.67387201919256,0.0011087190618886966
2016-09-29,0.7694082856178284,0.7711883783340454,0.7654623985290527,0.7594368529319763,0.7487926750232781,0.7734016347529267,0.7454720711110259,60.73692162306981,0.0017647313927902086
2016-09-30,0.7628347277641296,0.767283022403717,0.7591285705566406,0.7596796596050263,0.7489323969410978,0.7734447517205792,0.7459145674894733,52.99600009239158,0.001734203887158281
2016-10-03,0.7644091248512268,0.7684032917022705,0.7642338275909424,0.7600156891345978,0.7490863942337361,0.7733927672015566,0.7466386110676391,54.4919818000085,0.001816116248529398
2016-10-04,0.7686395049095154,0.7688168287277222,0.7638252377510071,0.7604363262653351,0.7492809525489184,0.7735407891564712,0.747331863374199,58.32965795552639,0.0021970623340423767
2016-10-05,0.7610929608345032,0.7645260095596313,0.7595321536064148,0.7606251120567322,0.7493984849696707,0.7734827921891346,0.7477674319243298,50.197337348914594,0.0018684831034998517
2016-10-06,0.7623694539070129,0.7623113393783569,0.7563723921775818,0.7608376204967499,0.7495275493372066,0.7734449730558739,0.7482302679376258,51.4308416621219,0.0016915844858845785
2016-10-07,0.7578054070472717,0.762427568435669,0.7555152177810669,0.7609685611724853,0.7496099160805905,0.7733028686114946,0.7486342537334761,46.95300904378339,0.0011696278765954693
2016-10-10,0.7599939703941345,0.7631257772445679,0.7581501007080078,0.7609927821159362,0.7497132400041084,0.773314321067749,0.7486712431641235,49.235444584629235,0.0009219446704736844
2016-10-11,0.7599939703941345,0.7599939703941345,0.7537499070167542,0.7611358225345611,0.749815535828885,0.7732351983662525,0.7490364467028697,49.23544458462923,0.0007173843845323935
2016-10-12,0.7562580704689026,0.7591285705566406,0.7553440928459167,0.7610611045360565,0.749879640651174,0.773235171889232,0.748887037182881,45.370716981803824,0.0002509205267590131
2016-10-13,0.7558007836341858,0.7567731142044067,0.7508634924888611,0.7609968543052673,0.7499385574967761,0.7732486947108381,0.7487450138996965,44.906068833933524,-0.00015388082471323727
2016-10-14,0.7563723921775818,0.7648768424987793,0.755743682384491,0.7608442962169647,0.7500025757523066,0.7731333964284426,0.7485551960054868,45.655273837412224,-0.0004236808507558365
2016-10-17,0.7596474885940552,0.7628929018974304,0.7583225965499878,0.760813649892807,0.7500985450343142,0.773106976858881,0.748520322926733,49.86226571355392,-0.00036897311314165737
2016-10-18,0.7640587091445923,0.7691715955734253,0.7641754746437073,0.7607738494873046,0.7502374521398893,0.7730107534407848,0.7485369455338244,54.923786884478986,2.9986133899706502e-05
2016-10-19,0.7674597501754761,0.7717240452766418,0.766166090965271,0.7607938504219055,0.7504088182894975,0.7730718865804426,0.7485158142633684,58.40991944825769,0.0006135274366504406
2016-10-20,0.7726184129714966,0.7735746502876282,0.762543797492981,0.7608153104782105,0.7506298092813585,0.7731735377533991,0.7484570832030218,63.07469276361692,0.0014752434104351453
2016-10-21,0.7633005380630493,0.7648768424987793,0.759013295173645,0.7606896018981933,0.7507558861846592,0.7728092524246384,0.7485699513717483,51.778018042945156,0.0013902588569095764
2016-10-24,0.7602249979972839,0.7641754746437073,0.7592437863349915,0.7605813384056092,0.7508501062026954,0.7726169796403484,0.7485456971708699,48.678985107344744,0.0010624898840075891
2016-10-25,0.7594167590141296,0.7655795216560364,0.7593591213226318,0.7604169452190399,0.7509353465291775,0.772282604537173,0.7485512859009068,47.868153752451924,0.0007291077796987011
2016-10-26,0.7650523781776428,0.7707723379135132,0.7642922401428223,0.760316436290741,0.7510758145057794,0.7719305531990961,0.7487023193823859,53.66372992088298,0.000909167115239029
2016-10-27,0.7649939060211182,0.7652866244316101,0.7595898509025574,0.7602882957458497,0.7512143029785691,0.771848934425151,0.7487276570665483,53.59715243572809,0.0010352139198827048
2016-10-28,0.759013295173645,0.7609191536903381,0.7559149861335754,0.7601111173629761,0.751291904890958,0.7714670748513093,0.7487551598746429,47.15337632598737,0.0006450854636668168
2016-10-31,0.7598206996917725,0.761904776096344,0.7585526704788208,0.760091462135315,0.7513767685208169,0.7714459303722219,0.7487369938984081,48.06123995470015,0.0003964862021098581
2016-11-01,0.7607455253601074,0.768994152545929,0.7599362134933472,0.7600461864471435,0.7514699899819045,0.7713711808168116,0.7487211920774755,49.139047559092404,0.00027097160660227715
2016-11-02,0.7645260095596313,0.767990231513977,0.7614870071411133,0.7601090538501739,0.7515999006244691,0.7714990420680049,0.7487190656323429,53.39641583988778,0.00047112305217389405
2016-11-03,0.7653451561927795,0.768580436706543,0.7638835906982422,0.7601952564716339,0.7517366693365919,0.7716787059195551,0.7487118070237126,54.289256426476705,0.0006879129696999442
2016-11-04,0.768580436706543,0.7698229551315308,0.7654037475585938,0.7603171503543854,0.7519042690119151,0.7720269918547626,0.7486073088540082,57.73344140927087,0.0011080082113701373
2016-11-07,0.7678722143173218,0.7708911895751953,0.7668711543083191,0.7605859494209289,0.7520631540398298,0.7723612579850367,0.7488106408568211,56.725833740786214,0.0013680194128392609
2016-11-08,0.7720219492912292,0.772320032119751,0.7690532803535461,0.7608714294433594,0.752261749017456,0.7730510781567534,0.7486917807299653,61.0187745304927,0.0018871749171756047
2016-11-09,0.7745933532714844,0.7771215438842773,0.7584951519966125,0.7613143873214722,0.7524839540349093,0.7738490599254335,0.7487797147175108,63.43912054402909,0.002477540659257982
2016-11-10,0.7649353742599487,0.7741735577583313,0.7572888731956482,0.7615732395648956,0.7526078487635168,0.7738541832799384,0.7492922958498529,50.704896216422256,0.0021414067678410253
2016-11-11,0.760861337184906,0.7630093097686768,0.7540909647941589,0.7616847264766693,0.7526899730264163,0.7738332386453116,0.749536214308027,46.46759854773695,0.0015286560974357988
2016-11-14,0.754944920539856,0.7574610114097595,0.7526153922080994,0.7616538870334625,0.7527124103151073,0.7738639287905754,0.7494438452763496,41.096508220138105,0.0005591953429839869
2016-11-15,0.7571169137954712,0.7588980793952942,0.7513148188591003,0.7616101968288421,0.7527562362203846,0.7738701276430325,0.7493502660146517,43.67064381766869,-3.346185840902294e-05
2016-11-16,0.7553440928459167,0.7572888731956482,0.746324360370636,0.7613407421112061,0.7527819860375541,0.7735462796375917,0.7491352045848204,42.05516664918704,-0.0006388347060927169
2016-11-17,0.7494566440582275,0.7496814131736755,0.7450454235076904,0.7609912753105164,0.7527488980576602,0.7735394074607735,0.7484431431602592,37.14138079331138,-0.0015755035389813932
2016-11-18,0.7398091554641724,0.7406858801841736,0.7343761324882507,0.7604864108562469,0.7526201444000135,0.7743318450538361,0.7466409766586577,30.79230050811792,-0.003061006660126653
2016-11-21,0.7323324680328369,0.7382797598838806,0.7313148975372314,0.7600432753562927,0.7524182769734741,0.7759386902014624,0.7441478605111229,26.947677587669716,-0.004786410021243026
2016-11-22,0.7376807332038879,0.7414547204971313,0.7371912598609924,0.7596625721454621,0.7522716347469108,0.7767503448042543,0.7425747994866698,33.35757119529933,-0.005657033552390112
2016-11-23,0.7410151958465576,0.7445462346076965,0.7375174760818481,0.7595441246032715,0.752159630379743,0.7770684499344248,0.7420197992721181,37.065272645347605,-0.006008681366809321
2016-11-24,0.7374631762504578,0.7416197061538696,0.736594021320343,0.7593289291858674,0.7520133970053221,0.7776660956407039,0.7409917627310308,34.84152608406825,-0.006499065902959789
2016-11-25,0.7416747212409973,0.7467702031135559,0.7401376962661743,0.7591361272335052,0.751910524609657,0.7780120258404614,0.740260228626549,39.477943632524074,-0.0064732431795822
2016-11-28,0.7445462346076965,0.7494004368782043,0.7434943914413452,0.759023300409317,0.7518372480922245,0.7781828269798047,0.7398637738388293,42.48306129440368,-0.006150175954753756
2016-11-29,0.7494566440582275,0.7498500347137451,0.7434667944908142,0.7589374351501464,0.7518135604898962,0.7782314332846928,0.7396434370156001,47.30181786403672,-0.00543525955799673
2016-11-30,0.7484470009803772,0.7497376203536987,0.7388798594474792,0.7587903594970703,0.7517800623853238,0.7782929370831664,0.7392877819109742,46.440290646884705,-0.004893740922212286
2016-12-01,0.7388798594474792,0.7420599460601807,0.737626314163208,0.7583031117916107,0.7516517021570864,0.778554656931965,0.7380515666512564,39.16163750659335,-0.005176895835008799
2016-12-02,0.7421150207519531,0.7468259930610657,0.7402471899986267,0.7578467047214508,0.7515568098047964,0.7785125283319523,0.7371808811109493,42.44656485447658,-0.005081669342569262
2016-12-05,0.7443799376487732,0.7469933032989502,0.7415646910667419,0.7575020110607147,0.7514853981415524,0.7784838305788437,0.7365201915425856,44.69785387705826,-0.0047684737986886105
2016-12-06,0.747439980506897,0.7482789158821106,0.7433839440345764,0.7571831691265106,0.7514451452297647,0.7782844534727223,0.7360818847802989,47.67583688393358,-0.004224645109830005
2016-12-07,0.7472166419029236,0.7482229471206665,0.7418947815895081,0.756787725687027,0.751403070569796,0.7778800372434429,0.7356954141306111,47.47489742141198,-0.003768240582866511
2016-12-08,0.748615026473999,0.7506380081176758,0.7430524230003357,0.7563718605041504,0.7513753288374996,0.7772675508520384,0.7354761701562624,48.92637751112224,-0.0032561637303406554
2016-12-09,0.7459513545036316,0.7496814131736755,0.7444908022880554,0.7560341930389405,0.7513213589436303,0.7770489270273421,0.7350194590505389,46.30167734703137,-0.0030303432910367967
2016-12-12,0.7448234558105469,0.7505254149436951,0.7438262104988098,0.7556424796581268,0.7512567031910622,0.7767499838350651,0.7345349754811885,45.19604408365064,-0.0029088594432694626
2016-12-13,0.7497376203536987,0.7523888349533081,0.7476635575294495,0.7552644419670105,0.751241587938949,0.7760971116545972,0.7344317722794238,50.71770324728287,-0.0023885172691459067
2016-12-14,0.7494566440582275,0.7522755861282349,0.7483349442481995,0.755031715631485,0.7512238273033199,0.7758586063226796,0.7342048249402904,50.404997433559686,-0.0019760362700366185
2016-12-15,0.7410700917243958,0.7430524230003357,0.7349158525466919,0.7546057283878327,0.7511227951085047,0.7756897461996809,0.7335217105759845,42.06772703353211,-0.0022993611860254726
2016-12-16,0.7368110418319702,0.7369740009307861,0.7269449234008789,0.7541858410835266,0.7509803896032653,0.7758383119243647,0.7325333702426885,38.57790795748446,-0.002866228149389416
2016-12-19,0.7291286587715149,0.7314754128456116,0.7250580191612244,0.7535685348510742,0.7507629594457351,0.7762792011676249,0.7308578685345235,33.223970310259176,-0.0038905307933218003
2016-12-20,0.7251105904579163,0.726374626159668,0.7223867774009705,0.7528708672523499,0.7505077119931197,0.7768818636088438,0.7288598708958559,30.815147121599665,-0.004969240242577833
2016-12-21,0.7269555330276489,0.7282260060310364,0.7241653800010681,0.7522848165035247,0.750273361953662,0.7773649752883369,0.7272046577187126,33.20966047568835,-0.005610578549194889
2016-12-22,0.7235366702079773,0.7257947325706482,0.7199423909187317,0.7516395342350006,0.7500073252198738,0.7779790760119446,0.7252999924580567,31.06406412153615,-0.00632184316194051
2016-12-23,0.7221781015396118,0.7229090332984924,0.7160758972167969,0.7509556484222412,0.7497304175215623,0.7785398667428577,0.7233714301016246,30.228303389533053,-0.006915433813141414
2016-12-26,0.7179266214370728,0.7246376872062683,0.716794490814209,0.7501212310791016,0.7494139618391292,0.7791201014333013,0.7211223607249018,27.715334817314414,-0.00764083876100119
2016-12-27,0.7180812358856201,0.7199942469596863,0.7174115777015686,0.7492016816139221,0.7491021934216812,0.7792919903643378,0.7191113728635063,27.949920960289447,-0.008109766969144006
2016-12-28,0.7191140651702881,0.7220216393470764,0.7164863348007202,0.7482347679138184,0.7488038040858461,0.7790291993333058,0.7174403364943309,29.593653455274037,-0.008302350927525737
2016-12-29,0.7184939980506897,0.7220216393470764,0.7183908224105835,0.7471522796154022,0.7485022139760432,0.7782518570506167,0.7160527021801877,29.163492435600304,-0.008408086153148586
2016-12-30,0.7234842777252197,0.7247952818870544,0.7217090129852295,0.7463559544086457,0.74825327928698,0.7778049113035631,0.7149069975137282,37.08904602056215,-0.007997023507982925
2017-01-02,0.7209805250167847,0.7221781015396118,0.7170000672340393,0.7455710649490357,0.7479819085977242,0.7775614479087056,0.7135806819893658,34.97469251507107,-0.0077835612697597645
2017-01-03,0.7196833491325378,0.7237984538078308,0.7195797562599182,0.7447763967514038,0.7477003308916026,0.7773319782123491,0.7122208152904586,33.89654186694253,-0.007631095640610264
2017-01-04,0.7229925990104675,0.7279609441757202,0.7221155166625977,0.7439352011680603,0.7474544828131832,0.7765259160132016,0.711344486322919,39.05783801766817,-0.007160692714226813
2017-01-05,0.7287036180496216,0.7349158525466919,0.7279079556465149,0.7432093954086304,0.7472679070443913,0.7755009086389487,0.7109178821783121,46.780610145808915,-0.006254960210783311
2017-01-06,0.7338372468948364,0.7355104684829712,0.7307270765304565,0.7427058744430542,0.7471342686349429,0.7747759312116352,0.7106358176744733,52.595845666709614,-0.005064538880424019
2017-01-09,0.7312079668045044,0.7346999049186707,0.7303001284599304,0.7421336197853088,0.7469757979699633,0.7739774933780971,0.7102897461925205,49.6061303444262,-0.004283900194266721
2017-01-10,0.7359976172447205,0.7386069893836975,0.7333528995513916,0.7416386616230011,0.7468665623408562,0.7730683938288395,0.7102089294171626,54.66196369170709,-0.0032413889355875636
2017-01-11,0.7361602187156677,0.7398091554641724,0.7353481650352478,0.7410713458061218,0.7467600315585159,0.7718317551533541,0.7103109364588894,54.827652447738224,-0.00237469664765122
2017-01-12,0.7447125315666199,0.7519927620887756,0.7430524230003357,0.7406586933135987,0.7467396584242681,0.7706335267759056,0.7106838598512918,62.5747471845713,-0.000986366375287373
2017-01-13,0.7488393187522888,0.7508071064949036,0.745156466960907,0.7402638709545135,0.7467605505668355,0.7692410118355665,0.7112867300734605,65.63719042833148,0.0004417998116070798
2017-01-16,0.7497938275337219,0.7501875758171082,0.7459346652030945,0.7399023032188415,0.7467907324272026,0.7679082470265753,0.7118963594111077,66.32359716943826,0.0016318418287857295
2017-01-17,0.7473283410072327,0.7562580704689026,0.746597409248352,0.7394084310531617,0.7467960817663074,0.7659342856297916,0.7128825764765317,62.83232738281673,0.002348937454618283
2017-01-18,0.7550702691078186,0.7567158937454224,0.7540625333786011,0.7390179693698883,0.7468784119886112,0.7639571577368545,0.7140787810029221,68.44878634877718,0.003501585699922871
2017-01-19,0.7509198784828186,0.7572315335273743,0.7494117021560669,0.7387376594543457,0.7469186255855684,0.7627870356315776,0.7146882832771138,62.95639356462222,0.004033668284421754
2017-01-20,0.7566586136817932,0.7588980793952942,0.7518231272697449,0.7386536049842835,0.7470155408900085,0.7624150267863736,0.7148921831821933,66.91008996886531,0.004862365216532272
2017-01-23,0.7573462724685669,0.7587829232215881,0.7551158666610718,0.7387016320228577,0.7471183342390489,0.7626067280716876,0.7147965359740277,67.35964863691957,0.005511073596856875
2017-01-24,0.7582650780677795,0.7609770894050598,0.7554296255111694,0.7387245953083038,0.7472292471129668,0.7627039848637504,0.7147452057528573,67.98550230429808,0.006029811679420294
2017-01-25,0.7592437863349915,0.7598206996917725,0.7516536712646484,0.7388025891780853,0.7473487947669173,0.7630267323247623,0.7145784460314083,68.67451944422146,0.006445588196426599
2017-01-26,0.7574036121368408,0.7586102485656738,0.7528873085975647,0.7389615285396576,0.7474488427009464,0.7635721910634354,0.7143508660158797,65.80675059110618,0.006551090509369084
2017-01-27,0.7533524632453918,0.7571169137954712,0.7513486742973328,0.739232394695282,0.7475075851939259,0.7641769860314359,0.7142878033591281,59.87853943471523,0.006235924142021787
2017-01-30,0.7553611993789673,0.7567731142044067,0.7529553771018982,0.7396929693222046,0.7475857306087025,0.7649658033388348,0.7144201353055745,61.7199680162728,0.00607817532194066
2017-01-31,0.7565441131591797,0.7605719566345215,0.7543696761131287,0.7400702369213105,0.7476748687435332,0.7657798684333594,0.7143606054092615,62.80265997810523,0.005979679478738009
2017-02-01,0.7580351233482361,0.7598206996917725,0.7552014589309692,0.740410635471344,0.7477779558540278,0.7666172225172183,0.7142040484254697,64.17795295128002,0.005953306859073915
2017-02-02,0.7583800554275513,0.7695859670639038,0.7585526704788208,0.7408289730548858,0.7478834493821226,0.7675070707401461,0.7141508753696255,64.50490893702779,0.00589231654675737
2017-02-03,0.7654623985290527,0.7695859670639038,0.7636502385139465,0.741304726600647,0.7480583642990076,0.7688777898624156,0.7137316633388783,70.46558276589025,0.006342356446381259
2017-02-06,0.7676010727882385,0.7681081295013428,0.7630326151847839,0.7417658233642578,0.748252819109846,0.7703139770319185,0.7132176696965971,71.9949633482528,0.006793280736604235
2017-02-07,0.764584481716156,0.768226146697998,0.7608034610748291,0.7420683801174164,0.7484153232153815,0.7712625640783668,0.712874196156466,66.74493147617517,0.006828512949842325
2017-02-08,0.7622532248497009,0.7665184736251831,0.7613826394081116,0.7423445045948028,0.7485530137789072,0.7720417641899975,0.7126472449996082,62.92594648219341,0.006592329515598294
2017-02-09,0.7631723284721375,0.766400933265686,0.7612493634223938,0.7428303539752961,0.7486984795967503,0.7730858652450522,0.71257484270554,63.80524103362722,0.00640547805961178
2017-02-10,0.7625904083251953,0.7675186395645142,0.7620092630386353,0.7432398617267608,0.748836707743302,0.7740058166096633,0.7124739068438584,62.78984072766456,0.0061396665873920675
2017-02-13,0.7670122981071472,0.767990231513977,0.763242244720459,0.7436925089359283,0.7490175593887135,0.7751843261261567,0.7122006917456999,67.07734871099126,0.006214185369969538
2017-02-14,0.7642396688461304,0.7698822021484375,0.7624857425689697,0.744028502702713,0.7491690231644094,0.7760377435666951,0.712019261838731,62.23509705653309,0.005980573701651615
2017-02-15,0.7669299840927124,0.7689350247383118,0.76377272605896,0.7444227695465088,0.7493457491437956,0.7770715338566865,0.711774005236331,64.88403695697954,0.005944001973190782
2017-02-16,0.7721471190452576,0.7732277512550354,0.7686100006103516,0.744893411397934,0.7495726284462979,0.7784545363017182,0.7113322864941497,69.37079849702876,0.006263792700973658
2017-02-17,0.7698229551315308,0.7714263200759888,0.7659900188446045,0.745370843410492,0.7497741242342109,0.7796645833934273,0.7110771034275567,65.36409657351837,0.0062575553498399605
2017-02-20,0.7668006420135498,0.7688817977905273,0.7661073803901672,0.745810387134552,0.7499435423215676,0.7806347500297312,0.710986024239373,60.47276031824302,0.005940261161051841
2017-02-21,0.7688758969306946,0.7689350247383118,0.7650875449180603,0.7461931526660919,0.7501319239594695,0.7816093811429908,0.7107769241891929,62.54533800130782,0.005789520964810002
2017-02-22,0.7676364183425903,0.7711288928985596,0.7667535543441772,0.7465567481517792,0.7503060980329335,0.7824793876702285,0.7106341086333299,60.50474666812212,0.005506566439759664
2017-02-23,0.7697044014930725,0.7741735577583313,0.7666712403297424,0.7471294343471527,0.7504991159778106,0.7836038070666619,0.7106550616276436,62.691793659544125,0.005387092844505004
2017-02-24,0.7713074088096619,0.7720815539360046,0.7666301131248474,0.7478193616867066,0.75070616366768,0.7847986262438239,0.7108400971295893,64.34020373488272,0.005359972031945048
2017-02-27,0.767047643661499,0.7704516053199768,0.7666947841644287,0.7485777413845063,0.7508687654586633,0.7855477634950425,0.71160771927397,57.11801503389479,0.004937830904508278
2017-02-28,0.7676364183425903,0.7695859670639038,0.7668711543083191,0.7494282579421997,0.7510356077759164,0.786150539590658,0.7127059762937414,57.82272924035295,0.004597789757520787
2017-03-01,0.7642280459403992,0.7697636485099792,0.7640002965927124,0.7501737082004547,0.7511668758173541,0.7865455617288007,0.7138018546721087,52.44920004611624,0.004007086333837062
2017-03-02,0.7657554149627686,0.7665772438049316,0.7568017840385437,0.7510180830955505,0.7513120354108409,0.7868217176457043,0.7152144485453967,54.49022059825756,0.0036204611081332994
2017-03-03,0.7572315335273743,0.7584375739097595,0.7544892430305481,0.7517191517353058,0.7513709358896125,0.7865781277924879,0.7168601756781237,43.3160253622334,0.0025963230406343962
2017-03-06,0.7594744563102722,0.7609770894050598,0.7571741938591003,0.7525501084327698,0.7514515679335991,0.7860765229807678,0.7190236938847718,46.42909122003792,0.0019432705540145534
2017-03-07,0.7589211463928223,0.7629219889640808,0.7585526704788208,0.7533669066429138,0.7515258920973725,0.7854234635151409,0.7213103497706868,45.76141444675914,0.0013653355291566305
2017-03-08,0.7594974637031555,0.7609770894050598,0.7534658908843994,0.7541745746135712,0.7516052112178281,0.7847073806238246,0.7236417686033177,46.62243347452185,0.000942952083962223
2017-03-09,0.7528986930847168,0.7534658908843994,0.7493443489074707,0.7548626685142517,0.7516180816841653,0.7836120296699441,0.7261133073585592,38.99028435330089,7.488133444488732e-05
2017-03-10,0.750750720500946,0.7554924488067627,0.7506380081176758,0.7554079973697663,0.7516094512246307,0.782726789846087,0.7280892048934455,36.874237207276806,-0.0007774326649871988
2017-03-13,0.7543753385543823,0.7593014240264893,0.7535226941108704,0.7560758936405182,0.7516369724915934,0.7815283502143943,0.7306234370666421,42.54112073709761,-0.001147197091447727
2017-03-14,0.7566586136817932,0.7577077746391296,0.7540909647941589,0.7568153989315033,0.7516869390706005,0.7799996059017191,0.7336311919612875,45.83950287260896,-0.0012416834884373396
2017-03-15,0.7565498352050781,0.7602828145027161,0.7556865215301514,0.7574865436553955,0.7517353260968141,0.7785171981811732,0.7364558891296178,45.70489330515612,-0.0013102385384841098
2017-03-16,0.7705941200256348,0.7716287970542908,0.7664597034454346,0.7583243536949158,0.7519229757876482,0.7779666419642782,0.7386820654255534,61.44629723977723,-0.0002286764576673317
2017-03-17,0.7669888138771057,0.7717240452766418,0.7666889429092407,0.7589873850345612,0.7520728846243594,0.7774591233515697,0.7405156467175527,56.88675602889801,0.00033370447081260135
2017-03-20,0.7704753875732422,0.7746893167495728,0.7698822021484375,0.7597727334499359,0.752255994106438,0.7766980247415278,0.742847442158344,59.97953538460751,0.0010486446444323283
2017-03-21,0.7730364799499512,0.7750736474990845,0.7700600624084473,0.7605135107040405,0.7524627651098561,0.7764019880295878,0.7446250333784932,62.12865244686438,0.0018011362561576316
2017-03-22,0.7674126029014587,0.7684032917022705,0.7640820145606995,0.7611385583877563,0.7526115197147478,0.7755023901792794,0.7467747265962333,55.127900980401606,0.0019215410733713911
2017-03-23,0.7669417858123779,0.7669888138771057,0.762543797492981,0.7615831434726715,0.752754109427162,0.7752299900914075,0.7479362968539356,54.5734853054235,0.001956419369513962
2017-03-24,0.7634170055389404,0.7642338275909424,0.7605488300323486,0.7618746972084045,0.752860207895936,0.7750240868266299,0.7487253075901791,50.4803952051622,0.001680271239328457
2017-03-27,0.7633005380630493,0.7649939060211182,0.7610350251197815,0.7621448314189911,0.7529640917781958,0.7748279101840722,0.7494617526539101,50.34602835770566,0.0014354766237065775
2017-03-28,0.7628929018974304,0.7655795216560364,0.7588980793952942,0.7624561226367951,0.7530628859087354,0.7743972266621906,0.7505150186113996,49.84593412239028,0.0011948092777572805
2017-03-29,0.7652397751808167,0.7665772438049316,0.7634170055389404,0.762659512758255,0.7531840489860695,0.774432385719359,0.7508866397971511,52.75557138407848,0.0011798511429645941
2017-03-30,0.767047643661499,0.7681081295013428,0.7651109099388123,0.7629820680618287,0.7533219952017455,0.7743177303040312,0.7516464058196262,54.92492827483136,0.0012989036381760855
2017-03-31,0.7655209302902222,0.766400933265686,0.762427568435669,0.7631593143939972,0.7534433776404369,0.7743678392264041,0.7519507895615903,52.7232301418512,0.00125558696363115
2017-04-03,0.7629918456077576,0.7641170620918274,0.7591862082481384,0.763272225856781,0.7535383872719525,0.7743547704835388,0.7521896812300232,49.204517521056985,0.0010055903697182567
2017-04-04,0.7605140805244446,0.7614986300468445,0.7546600699424744,0.7633172059059143,0.753607797155062,0.7743348686090927,0.752299543202736,45.96771540488138,0.0006006078992405461
2017-04-05,0.756887674331665,0.7587829232215881,0.7560864686965942,0.7632700836658478,0.7536404327488591,0.7743786353418312,0.7521615319898645,41.649340863108144,-1.2816557671602169e-05
2017-04-06,0.7567788362503052,0.7569449543952942,0.7533524632453918,0.7632575881481171,0.7536716606443958,0.774394443755537,0.7521207325406971,41.52326035613563,-0.00050195594712521
2017-04-07,0.7541478276252747,0.7546030879020691,0.7505084872245789,0.7632734954357148,0.753676398624305,0.7743547375653326,0.752192253306097,38.48997336715452,-0.0010893455477294367
2017-04-10,0.7507225871086121,0.7509198784828186,0.7476803064346313,0.7631807231903076,0.753647007464945,0.774604708498265,0.7517567378823502,34.91414286514804,-0.001810375440726042
2017-04-11,0.7506943941116333,0.7515971660614014,0.7476076483726501,0.7630637288093567,0.7536176282275985,0.7748782670024551,0.7512491906162583,34.88541468870443,-0.0023569028559013994
2017-04-12,0.7503620386123657,0.7509763240814209,0.7481110692024231,0.7629102671146393,0.7535852343010787,0.775181900630848,0.7506386335984305,34.524766518740165,-0.00278474724829203
2017-04-13,0.7539090514183044,0.7595898509025574,0.7533296942710876,0.7628208470344543,0.7535884563619467,0.7752907729321697,0.7503509211367388,41.47823985116832,-0.002805265368941545
2017-04-14,0.7566013336181641,0.7584951519966125,0.7560178637504578,0.7626436257362366,0.753618435240118,0.7752117992405324,0.7500754522319407,46.15269717421002,-0.0025746030330634495
2017-04-17,0.7580926418304443,0.7610582113265991,0.7579776644706726,0.7624534571170807,0.7536629547086784,0.7750031933926067,0.7499037208415547,48.60172584126209,-0.002245579715563273
2017-04-18,0.7591862082481384,0.7597051858901978,0.753409206867218,0.7623454916477204,0.7537179124553397,0.7749132682580917,0.749777715037349,50.3837607059001,-0.0018749711945653669
2017-04-19,0.7559149861335754,0.7562580704689026,0.7496814131736755,0.7622187268733979,0.7537397738849738,0.7749174807315138,0.749519973015282,45.32174136746788,-0.0018241933915884578
2017-04-20,0.7496252059936523,0.7547739148139954,0.7495184540748596,0.7619477844238282,0.7536988329109309,0.7751322889452265,0.7487632799024299,37.5168077769056,-0.0022653705270095914
2017-04-21,0.751908004283905,0.7546030879020691,0.7516480088233948,0.7617341363430024,0.7536810137206121,0.7752189233820186,0.7482493493039861,41.45731406674135,-0.002403102373179644
2017-04-24,0.7555723190307617,0.7583800554275513,0.7548878788948059,0.7615053367614746,0.753699832678922,0.7750127804743103,0.7479978930486388,47.21214711144117,-0.0021913161489405253
2017-04-25,0.755972146987915,0.7567158937454224,0.7521058917045593,0.7613399863243103,0.7537224427715489,0.7749130622109399,0.7477669104376807,47.81494442208926,-0.0019685193994767314
2017-04-26,0.7536931037902832,0.7546030879020691,0.7455509305000305,0.7610752487182617,0.753722150841387,0.7747194751356574,0.747431022300866,44.68280005660841,-0.0019533342878904625
2017-04-27,0.7480326294898987,0.7492320537567139,0.7441030144691467,0.7605929589271545,0.7536655386886358,0.77434414035217,0.746841777502139,38.021065177339096,-0.0023707247083263328
2017-04-28,0.746720016002655,0.7485030293464661,0.7448234558105469,0.7601309001445771,0.7535964290101683,0.7741658548580875,0.7460959454310666,36.656280668535636,-0.0027754330970140018
2017-05-01,0.7483405470848083,0.7542046904563904,0.7474958896636963,0.7597616982460021,0.7535441316775776,0.7740494578160357,0.7454739386759686,39.54164917605104,-0.00293161031695921
2017-05-02,0.753409206867218,0.7556865215301514,0.7510890364646912,0.7594523644447326,0.7535427891421511,0.7736037819399807,0.7453009469494846,47.58398472579737,-0.002616225189636223
2017-05-03,0.7543184757232666,0.7546600699424744,0.744657039642334,0.7591860055923462,0.75355050741659,0.7732094488885952,0.7451625622960971,48.89725460357995,-0.00226677978011558
2017-05-04,0.7428869009017944,0.7431076765060425,0.7383888363838196,0.7586496555805207,0.7534444018791293,0.7730766381739413,0.7442226729871,36.511593368105274,-0.0028790860144819463
2017-05-05,0.7412348985671997,0.7418947815895081,0.7370283007621765,0.7580482053756714,0.7533229142839856,0.7728245137856427,0.7432718969657002,35.12686867926678,-0.0034577866861670303
2017-05-08,0.7415812015533447,0.7423353791236877,0.7381163239479065,0.7575388765335083,0.7532060813214916,0.7727968161521552,0.7422809369148613,35.67758161425445,-0.0038441543623968233
2017-05-09,0.7388798594474792,0.73991858959198,0.733030378818512,0.7569637453556061,0.7530635318501083,0.7728241507128258,0.7411033399983863,33.30266972680364,-0.004318547731279598
2017-05-10,0.7342413067817688,0.7393824458122253,0.7340526580810547,0.7563640105724335,0.7528762460285328,0.7733323428366804,0.7393956783081866,29.652590281207807,-0.005011036221756915
2017-05-11,0.7361059784889221,0.7378494143486023,0.7339449524879456,0.7557710218429565,0.7527093776948052,0.773456898322078,0.7380851453638351,32.83930384401144,-0.005347729618320862
2017-05-12,0.7378984093666077,0.7422802448272705,0.7369087934494019,0.7553843593597412,0.7525620048756191,0.7737713602410842,0.7369973584783983,35.847679111699634,-0.005407592014351037
2017-05-15,0.7392895221710205,0.7446016073226929,0.7389180660247803,0.7549806606769561,0.7524299403710957,0.7738803277229842,0.736080993630928,38.162787555367046,-0.005281895810155479
2017-05-16,0.7420544624328613,0.7438262104988098,0.7395793199539185,0.7546433269977569,0.7523267017846456,0.7738554358491313,0.7354312181463826,42.5968592312663,-0.0049026582981157585
2017-05-17,0.7421150207519531,0.7442913055419922,0.7389726638793945,0.7542956781387329,0.7522250930181511,0.7737764706206413,0.7348148856568245,42.69378233059034,-0.004544833278349536
2017-05-18,0.7431076765060425,0.7467144727706909,0.7409493327140808,0.7540998578071594,0.7521343724558415,0.7738331678014212,0.7343665478128976,44.352404912859505,-0.004133506854806512
2017-05-19,0.742225170135498,0.7460459470748901,0.7407956123352051,0.7539293467998505,0.7520357734277783,0.7739263485081903,0.7339323450915106,43.156501974325366,-0.0038345364402243565
2017-05-22,0.7452120184898376,0.7488673329353333,0.7436050176620483,0.7537460803985596,0.7519678753686942,0.7738937890802311,0.7335983717168881,48.243095789578184,-0.003318334834262804
2017-05-23,0.7471049427986145,0.7518231272697449,0.7468873858451843,0.753555006980896,0.7519194879799372,0.7737710663249674,0.7333389476368245,51.22211941649305,-0.002725085086051293
2017-05-24,0.747160792350769,0.748615026473999,0.7443245053291321,0.7533672261238098,0.7518721377746719,0.7736440749528066,0.733090377294813,51.31116372803752,-0.002224777939149103
2017-05-25,0.7497488260269165,0.7518796920776367,0.7461683750152588,0.7529503202438355,0.7518510102945948,0.7726298574271586,0.7332707830605123,55.37637407441873,-0.0016009929816367396
2017-05-26,0.7456009387969971,0.7461573481559753,0.7422802448272705,0.7525225627422333,0.7517888205284495,0.771883825416283,0.7331613000681836,48.40125043505392,-0.001424913230056446
2017-05-29,0.7444353699684143,0.7452120184898376,0.7428702712059021,0.7520017623901367,0.7517156518661606,0.7707841980590506,0.7332193267212228,46.624063218513236,-0.001363700530898293
2017-05-30,0.7438815832138062,0.7466029524803162,0.7419498562812805,0.7514186644554138,0.7516377009342964,0.7693255242862335,0.7335118046245942,45.76427301986417,-0.0013443778378411375
2017-05-31,0.7459346652030945,0.7476076483726501,0.7427599430084229,0.7509891057014465,0.7515809543101053,0.7683521525512664,0.7336260588516266,49.48359055810803,-0.0011501398103705984
2017-06-01,0.7426661252975464,0.745323121547699,0.7373543977737427,0.75050359249115,0.7514922495438111,0.7673971885392585,0.7336099964430414,44.277700068682805,-0.0012455902393149199
2017-06-02,0.7379528880119324,0.7443799376487732,0.7374794483184814,0.7499943101406097,0.7513575295285685,0.7668341728741928,0.7331544474070266,38.05971651665488,-0.0016821633190859941
2017-06-05,0.7428702712059021,0.7487832307815552,0.7423353791236877,0.7495857048034668,0.7512730791969996,0.7660959744090351,0.7330754351978984,46.50101888683919,-0.0016127679180305554
2017-06-06,0.7487271428108215,0.7522190809249878,0.7458512187004089,0.7493023896217346,0.7512477464966395,0.7653605938052218,0.7332441854382473,54.46137530121121,-0.0010728043513635876
2017-06-07,0.7509763240814209,0.7566586136817932,0.7501313090324402,0.7490171205997467,0.75124504577609,0.7644128274409111,0.7336214137585823,57.10120284278818,-0.00045810841456683793
2017-06-08,0.7542046904563904,0.7555723190307617,0.752558708190918,0.7487602615356446,0.751274494976889,0.76333477859531,0.7341857444759792,60.629085921956516,0.00028624507482499784
2017-06-09,0.7528306245803833,0.7543924450874329,0.7520097494125366,0.7485064554214478,0.7512899788535407,0.7623113042241012,0.7347016066187944,58.42671746621732,0.0007565538633014235
2017-06-12,0.7530120611190796,0.7547739148139954,0.7522190809249878,0.7483068597316742,0.7513071140004615,0.761533338122309,0.7350803813410395,58.640359935681914,0.001130881283419205
2017-06-13,0.7547739148139954,0.7564868927001953,0.752558708190918,0.7481920564174652,0.7513416095309443,0.7610814105817969,0.7353027022531335,60.74969734586494,0.0015518169496765433
2017-06-14,0.7538067698478699,0.7635336518287659,0.7533524632453918,0.7481304383277894,0.7513661384893217,0.7608788057095315,0.7353820709460472,58.9717466512096,0.0017867741615584798
2017-06-15,0.7588980793952942,0.7634170055389404,0.7569907903671265,0.7481728231906891,0.7514410831749532,0.761051973093633,0.7352936732877452,64.81039819912523,0.002356639699875207
2017-06-16,0.7585526704788208,0.7627183198928833,0.7577422261238098,0.74826092004776,0.7515118452376783,0.7613651821715056,0.7351566579240144,64.1434827308977,0.0027487052684687097
2017-06-19,0.7621369957923889,0.7631257772445679,0.7586102485656738,0.7484892082214355,0.7516175681287701,0.7621542105922653,0.7348242058506057,67.84158788106527,0.003310483955275778
2017-06-20,0.7591918706893921,0.7622532248497009,0.7573290467262268,0.7486591577529907,0.7516929343234032,0.7626437281043253,0.7346745874016561,62.167984768968694,0.0034779588845262888
2017-06-21,0.7576102018356323,0.757972002029419,0.7548308968544006,0.7488041210174561,0.751751812607107,0.7630092687376281,0.7345989732972841,59.299765039361205,0.0034433635628752235
2017-06-22,0.7550873756408691,0.756315290927887,0.7536305785179138,0.7488276875019073,0.751785002289035,0.7630712608375804,0.7345841141662343,54.94532022812556,0.003175767263277174
2017-06-23,0.7541478276252747,0.7583225965499878,0.7541478276252747,0.7487786173820495,0.7518085129888982,0.7629294847959326,0.7346277499681665,53.373433345215226,0.002854971263621331
2017-06-26,0.7567674517631531,0.7601094245910645,0.7566013336181641,0.7487521135807037,0.7518578556632688,0.7628365865648209,0.7346676405965865,57.061839227937895,0.0027800729470993657
2017-06-27,0.7584375739097595,0.7627183198928833,0.7577709555625916,0.7487371408939362,0.7519233254965672,0.7627778637280626,0.7346964180598098,59.27377909465499,0.0028229393040025696
2017-06-28,0.7586677670478821,0.7640587091445923,0.7578685879707336,0.7487921965122223,0.7519904343677246,0.7629687294764551,0.7346156635479895,59.58282617313577,0.002842716793460598
2017-06-29,0.7635919451713562,0.7686986327171326,0.7637085914611816,0.7490715312957764,0.7521058722861688,0.763852572168974,0.7342904904225789,65.59696385010162,0.0032186282746128336
2017-06-30,0.7685213685035706,0.7710099816322327,0.7668711543083191,0.7494037985801697,0.7522692105569887,0.7651598478489136,0.7336477493114258,70.35290634039495,0.0038696966436168045
2017-07-03,0.7688285708427429,0.7694023847579956,0.764584481716156,0.7496689236164094,0.7524339803110759,0.7662719892382047,0.733065857994614,70.62544256786455,0.004360200006575332
2017-07-04,0.7666183710098267,0.768226146697998,0.7591862082481384,0.7498818480968475,0.7525751185269839,0.7670773463303678,0.7326863498633273,65.92959259214655,0.004518496386819337
2017-07-05,0.7612088322639465,0.7631607055664062,0.7571741938591003,0.7500321626663208,0.7526610261263567,0.7674929955256532,0.7325713298069884,56.09819429571062,0.004159494774668815
2017-07-06,0.7600921392440796,0.761440634727478,0.7578054070472717,0.7502733528614044,0.7527349675504137,0.767953238217587,0.7325934675052218,54.29817010501783,0.0037417431308045535
2017-07-07,0.7579776644706726,0.7621369957923889,0.7572888731956482,0.7504985058307647,0.7527871336889238,0.7682801296004365,0.732716882061093,50.96357769185494,0.0032031278366699834
2017-07-10,0.7605140805244446,0.7616146206855774,0.7587829232215881,0.7507419764995575,0.7528640187320633,0.7687351074219292,0.7327488455771859,54.56789557300057,0.00294696809955286
2017-07-12,0.7639011144638062,0.7684623003005981,0.7637669444084167,0.7509518146514893,0.7529738405801405,0.7693128614990631,0.7325907678039155,58.91112072867682,0.002982880208375449
2017-07-13,0.7679194211959839,0.774113655090332,0.7676482200622559,0.7512238335609436,0.7531225528250743,0.7701817548650636,0.7322659122568236,63.38346250123877,0.0032975722243118177
2017-07-14,0.774053692817688,0.7828708291053772,0.7735387682914734,0.7518471693992614,0.7533308228747522,0.7717139804192529,0.73198035837927,68.94122096343514,0.003995890232553867
2017-07-17,0.7825216054916382,0.7838219404220581,0.7803903818130493,0.7526729035377503,0.753621278423179,0.7741094041664911,0.7312364029090095,74.65918075252573,0.005172971275878568
2017-07-18,0.7791013717651367,0.7944073677062988,0.7787554860115051,0.7534233069419861,0.7538748116902633,0.7758776986614278,0.7309689152225445,69.12378912622668,0.00576339537123105
2017-07-19,0.7918283343315125,0.7954816818237305,0.7912706732749939,0.7544822764396667,0.7542524586817185,0.7790334472595267,0.7299311056198067,76.1961699536102,0.007175554905691328
2017-07-20,0.7960199117660522,0.7984669208526611,0.7898083329200745,0.7557178485393524,0.7546680552298215,0.7822495488484242,0.7291861482302806,77.98472825223973,0.008534545847346364
2017-07-21,0.7947861552238464,0.7950389385223389,0.7878730297088623,0.756891452074051,0.7550672403043891,0.7850252375783061,0.7287576665697958,76.17054978300689,0.00940360323305578
2017-07-24,0.7925311923027039,0.7967492341995239,0.790513813495636,0.7579841077327728,0.7554400159461635,0.7873248319648164,0.7286433835007292,72.83545704379122,0.00979744199757382
2017-07-25,0.7927699685096741,0.7970667481422424,0.790838897228241,0.7590537166595459,0.7558114582602283,0.7894915048330937,0.7286159284859981,72.97041439303501,0.01001340104614179
2017-07-26,0.7932730913162231,0.7937326431274414,0.7879972457885742,0.7600780892372131,0.7561842108279497,0.7916086330589203,0.7285475454155059,73.27173754584368,0.010108622051141714
2017-07-27,0.8000128269195557,0.8065817356109619,0.795810878276825,0.7612360453605652,0.756620316460702,0.7942897610094348,0.7281823297116956,76.97471941253139,0.010605670156736413
2017-07-28,0.7973591089248657,0.8006789684295654,0.79377681016922,0.7623210740089417,0.7570256775797485,0.7964888330730961,0.7281533149447872,72.70367752885369,0.010662540369158924
2017-07-31,0.7985944747924805,0.7989134788513184,0.795772910118103,0.7634484601020813,0.757439297452512,0.7986150633862874,0.7282818568178753,73.44243101940735,0.010684134076374807
2017-08-01,0.7998719811439514,0.8045052289962769,0.7961973547935486,0.7645416593551636,0.7578615132106359,0.800776497915487,0.7283068207948402,74.21946408551871,0.0106812050479419
2017-08-02,0.7956082820892334,0.7985306978225708,0.7942811846733093,0.765511726140976,0.7582371029507216,0.8024317695582301,0.7285916827237218,67.15708275837721,0.010217062949528954
2017-08-03,0.7955195903778076,0.795893132686615,0.791702926158905,0.7664789021015167,0.7586080729748718,0.8039660877769262,0.7289917164261072,67.01423232199227,0.00972990996724521
2017-08-04,0.7959882616996765,0.798084557056427,0.7892037034034729,0.767403690814972,0.758980015151238,0.8054830242221691,0.7293243574077748,67.40874490737576,0.009274742123984048
2017-08-07,0.7930842638015747,0.7947230935096741,0.7902638912200928,0.7683533573150635,0.7593193609089529,0.8065814322758744,0.7301252823542526,62.42659792957961,0.008580776122446676
2017-08-08,0.791671633720398,0.7942811846733093,0.7889670729637146,0.7692980825901031,0.7596412740712559,0.8074481852886045,0.7311479798916017,60.09963757938968,0.007826595503684586
2017-08-09,0.7898269891738892,0.7899019122123718,0.7858299016952515,0.7702169907093048,0.7599416294454115,0.8080805907766729,0.7323533906419367,57.10619150818414,0.006999370149050499
2017-08-10,0.7891601324081421,0.7910829782485962,0.7867511510848999,0.7710815000534058,0.760232360818175,0.8086549188365276,0.733508081270284,56.019899796445834,0.006218297663120209
2017-08-11,0.7866582870483398,0.7908263802528381,0.7840369939804077,0.7719613432884216,0.7604953053577788,0.8088733496345067,0.7350493369423364,52.02173505206025,0.005335905086602422
2017-08-14,0.7904075980186462,0.7919538021087646,0.7856693863868713,0.7730104374885559,0.7607929401106233,0.8089460238009452,0.7370748511761667,56.977284969925535,0.004882854170020545
2017-08-15,0.7853608131408691,0.7876496315002441,0.7808229923248291,0.7738602483272552,0.7610373965586854,0.8088847076365919,0.7388357890179185,49.55730086132502,0.004069662160567922
2017-08-16,0.7825950980186462,0.7892037034034729,0.7825338840484619,0.7745376074314118,0.7612519010508244,0.8088815045214972,0.7401937103413263,46.02035415917885,0.0031655411501293473
2017-08-17,0.7932101488113403,0.796279788017273,0.7910891175270081,0.7753822839260102,0.7615698935658545,0.8094371865780109,0.7413273812740094,58.31683580306776,0.003267894368717106
2017-08-18,0.7875256538391113,0.7939028143882751,0.7874636054039001,0.7760487031936646,0.7618281598372302,0.8097139654570586,0.7423834409302705,51.545200482501926,0.002857380688985889
2017-08-21,0.7927510738372803,0.7951021790504456,0.7911391854286194,0.7768471121788025,0.7621358505237978,0.8101564884835887,0.7435377358740164,56.5408796689515,0.0029200330401730756
2017-08-22,0.79377681016922,0.7950389385223389,0.7898269891738892,0.7776624071598053,0.7624506859431552,0.8105838634161173,0.7447409509034932,57.46786767571475,0.003017668030800058
2017-08-23,0.7913270592689514,0.7911391854286194,0.7884196639060974,0.7783934700489045,0.7627380130409244,0.8108606464947168,0.7459262936030921,54.47908811706918,0.002864351578069968
2017-08-24,0.79107666015625,0.7916402220726013,0.7867696285247803,0.779138867855072,0.7630199896291365,0.811007881060602,0.7472698546495421,54.16897867368268,0.002691614808928322
2017-08-25,0.7900142073631287,0.7953614592552185,0.7886372804641724,0.7797611904144287,0.7632885888105693,0.8112296530936256,0.7482927277352318,52.795741362341886,0.002440851991386883
2017-08-28,0.794060468673706,0.7963685393333435,0.7927699685096741,0.7804713463783264,0.7635947766699039,0.8115869146619747,0.749355778094678,57.24150459211532,0.002539348099383165
2017-08-29,0.7924558520317078,0.7982374429702759,0.792330265045166,0.7810777235031128,0.763881951549126,0.8119153933193285,0.7502400536868971,55.02814454291721,0.0024595753681168064
2017-08-30,0.7956715226173401,0.7996801733970642,0.7891227006912231,0.7818073165416718,0.7641982656891082,0.8122552059767311,0.7513594271066125,58.49198540513471,0.0026255667465412413
2017-08-31,0.7907013297080994,0.7939658164978027,0.7872775793075562,0.7824691390991211,0.7644619777688992,0.812200396341135,0.7527378818571072,51.845194609531944,0.0023292133579994045
2017-09-01,0.7939658164978027,0.7992327809333801,0.7922674417495728,0.7832467079162597,0.7647555483035152,0.8120748981423159,0.7544185176902035,55.42785418077236,0.0023308988133575737
2017-09-04,0.796470046043396,0.7971938848495483,0.7943821549415588,0.7840931522846222,0.7650711154452056,0.8119012838101711,0.7562850207590732,58.00873960190962,0.0025054239764534803
2017-09-05,0.7945336103439331,0.8028130531311035,0.7944578528404236,0.7848484754562378,0.7653642745984267,0.8116609197081944,0.7580360312042812,55.34028275327506,0.0024591348720677253
2017-09-06,0.8006982207298279,0.801988959312439,0.7965589165687561,0.7856936883926392,0.765715856151973,0.8117620009300416,0.7596253758552368,61.42402617592653,0.002886607942183761
2017-09-07,0.8010895252227783,0.8045052289962769,0.7977407574653625,0.7865421235561371,0.7660678329586478,0.8117679792715526,0.7613162678407215,61.779936193997344,0.0032198420969294927
2017-09-08,0.8058017492294312,0.8124268651008606,0.8051788806915283,0.7873863196372985,0.7664631953096008,0.8123005408856636,0.7624720983889335,65.86432927020812,0.0038201335395324776
2017-09-11,0.8051530122756958,0.8059316277503967,0.8022462725639343,0.7881189525127411,0.7668481686127461,0.8129230537035427,0.7633148513219395,64.83705410050385,0.004195161966464411
2017-09-12,0.8023750185966492,0.8048872947692871,0.7999359965324402,0.7887898814678193,0.7672016696076109,0.8132770149516941,0.7643027479839444,60.48652150997415,0.004219573210131333
2017-09-13,0.8020082116127014,0.8045052289962769,0.7973718643188477,0.7894976782798767,0.7675480033589054,0.8134081250806794,0.765587231479074,59.91485247019078,0.004161351568015559
2017-09-14,0.797957181930542,0.8016674518585205,0.7959818840026855,0.7902326452732086,0.7678505822501656,0.8128162523496806,0.7676490381967366,53.860484267325255,0.003745154448487442
2017-09-15,0.8001792430877686,0.8029419779777527,0.7987794876098633,0.7910343873500824,0.7681722604674551,0.8120418334870312,0.7700269412131335,56.459466706750995,0.003553652701302701
2017-09-18,0.7996801733970642,0.803535521030426,0.7964954376220703,0.7918684375286102,0.768485772038894,0.8107197405648044,0.773017134492416,55.70057490408924,0.0033233064260300704
2017-09-19,0.7971112728118896,0.8014104962348938,0.7963114976882935,0.7926003813743592,0.7687706028923568,0.8091888134132549,0.7760119493354635,51.83812251076885,0.0029000367172294927
2017-09-20,0.8005764484405518,0.8073306083679199,0.8000640273094177,0.793333888053894,0.7690870789674633,0.80785754945677,0.7788102266510181,56.24557905937835,0.0028117905657009112
2017-09-21,0.8016674518585205,0.8019246459007263,0.7917907238006592,0.7940088486671448,0.7694112617822997,0.8067375712579512,0.7812801260763385,57.56238313399479,0.0027976402573531844
2017-09-22,0.7930591702461243,0.7986774444580078,0.7909578084945679,0.7943889582157135,0.7696465643540791,0.8057466639372711,0.783031252494156,45.8399364474288,0.0020679713656946985
2017-09-25,0.7964954376220703,0.7973210215568542,0.7934618592262268,0.7946684348583222,0.7699137173219198,0.8055102170599902,0.7838266526566542,50.19973405395771,0.001746845029106714
2017-09-26,0.7936822772026062,0.7951021790504456,0.7870978713035583,0.7949600529670715,0.7701502204053098,0.8048339681119661,0.785086137822177,46.873113988770726,0.0012509315977018431
2017-09-27,0.7877613306045532,0.7888302206993103,0.7837481498718262,0.7948787128925323,0.7703254553326655,0.8049234580318276,0.784833967753237,40.751980687704034,0.0003758135784065475
2017-09-28,0.785071074962616,0.7857928276062012,0.7800312638282776,0.7946597361564636,0.7704721779160482,0.8050735298800474,0.7842459424328797,38.30436415322199,-0.0005287102608927396
2017-09-29,0.7846275568008423,0.7856076955795288,0.7822278141975403,0.7944565641880036,0.7706130274571904,0.8052497656382817,0.7836633627377255,37.900217579907284,-0.0012667379625833641
2017-10-02,0.7845598459243774,0.7846214175224304,0.7796055674552917,0.794297137260437,0.7707518017702967,0.8054363630356552,0.7831579114852188,37.83458622918925,-0.0018359304715737101
2017-10-03,0.7827175855636597,0.7845598459243774,0.7786949276924133,0.7940960896015167,0.7708708642956038,0.8057009498191606,0.7824912293838727,36.00757679369641,-0.0024079176743831976
2017-10-04,0.783631443977356,0.7874636054039001,0.7835087180137634,0.7939032566547394,0.7709978352377108,0.8058784480777383,0.7819280652317404,37.61685690589175,-0.0027557147527067505
2017-10-05,0.7861697673797607,0.786596417427063,0.7795994877815247,0.7936263954639435,0.7711487997366366,0.8056649770449494,0.7815878138829376,41.98125297878264,-0.002794313847466978
2017-10-06,0.7790589332580566,0.7799095511436462,0.7734370827674866,0.7932603919506073,0.7712275075328697,0.8059318804225578,0.7805889034786567,34.66475417380846,-0.003359957297828453
2017-10-09,0.7779377102851868,0.7782707214355469,0.7748814821243286,0.7928472566604614,0.77129427571946,0.8061406160320093,0.7795538972889136,33.66837155280842,-0.0038542774200464036
2017-10-10,0.7759155631065369,0.7797027826309204,0.775861382484436,0.7923681282997131,0.7713402586785354,0.8063377644238514,0.7783984921755749,31.888154866584074,-0.004358952761732815
2017-10-11,0.7786524295806885,0.7807376384735107,0.7776049971580505,0.7920290112495423,0.7714130165979599,0.8064921050578889,0.7775659174411956,36.76181962491812,-0.004486353464412618
2017-10-12,0.7804573774337769,0.7834227681159973,0.7799946665763855,0.7917277669906616,0.7715030102381173,0.806517861364871,0.7769376726164522,39.820119459276114,-0.004391057850431923
2017-10-13,0.7827788591384888,0.789639949798584,0.7823501825332642,0.7914635789394379,0.7716152077396135,0.8064140844727279,0.7765130734061478,43.59826309083912,-0.004081166075564857
2017-10-16,0.7885688543319702,0.7888985872268677,0.7857620120048523,0.7913732707500458,0.7717839007405325,0.8063383616251149,0.7764081798749768,51.73671245060632,-0.003329984400897601
2017-10-17,0.7844183444976807,0.7862253189086914,0.781921923160553,0.7912282049655914,0.7719096165988126,0.8063215623358062,0.7761348475953767,46.5512396014999,-0.003034598011219636
2017-10-18,0.7851697206497192,0.7857928276062012,0.781921923160553,0.791135059595108,0.7720415579326526,0.806320911289541,0.775949207900675,47.5756251416706,-0.002708648776281186
2017-10-19,0.7842522263526917,0.7884569764137268,0.7843137383460999,0.7910369014739991,0.7721630571209117,0.8063378683058154,0.7757359346421827,46.40604231232049,-0.0024955980799951094
2017-10-20,0.7875069975852966,0.7878978848457336,0.7808839678764343,0.7910538756847382,0.772315733145433,0.8063368887420327,0.7757708626274437,51.00732980188239,-0.0020405982842355286
2017-10-23,0.7807010412216187,0.7835148572921753,0.7797088623046875,0.7908597445487976,0.7723991690466886,0.8064203374786961,0.7752991516188991,42.74341020105777,-0.002203787575438265
2017-10-24,0.78125,0.7825950980186462,0.7771517634391785,0.7907775282859802,0.7724872370163733,0.8064993150905263,0.7750557414814342,43.53800365174635,-0.00226273646143349
2017-10-25,0.7775444984436035,0.7786949276924133,0.7692899107933044,0.7906765162944793,0.7725375580255994,0.8066753411279073,0.7746776914610514,39.54831139871174,-0.0025787308813254306
2017-10-26,0.770790159702301,0.7720219492912292,0.7674597501754761,0.7902281165122986,0.7725201709776064,0.8071662611669038,0.7732899718576934,33.51882649401679,-0.003335725259392186
2017-10-27,0.7659724950790405,0.7671064734458923,0.7626717686653137,0.7897970533370972,0.7724550199736405,0.8080610476064785,0.7715330590677159,30.004971066348816,-0.0042751131864067204
2017-10-30,0.7668123245239258,0.7687281370162964,0.7657026648521423,0.7892782783508301,0.7723988737502602,0.8086403290916694,0.7699162276099908,31.355915291147838,-0.004895386698448245
2017-10-31,0.7697636485099792,0.7698229551315308,0.7641112208366394,0.7887980151176452,0.7723726526035907,0.8088824119644203,0.7687136182708701,36.02860072951038,-0.005090134839212168
2017-11-01,0.7659900188446045,0.7695978283882141,0.7648827433586121,0.7882912743091584,0.7723091438099688,0.8093691881332079,0.7672133604851088,32.94096005935039,-0.00548573834343935
2017-11-02,0.7676953673362732,0.7730364799499512,0.7677484154701233,0.7878236484527588,0.7722632355863499,0.809672685865866,0.7659746110396515,35.62586735722641,-0.005597129376265442
2017-11-03,0.7713906764984131,0.7717240452766418,0.7640703916549683,0.7874511778354645,0.7722545534063704,0.8097775466883453,0.7651248089825836,41.126517352181594,-0.005325834105559424
2017-11-06,0.7651694416999817,0.7677307724952698,0.7640002965927124,0.78687335729599,0.7721840547824262,0.8099832400682928,0.7637634745236871,35.60977888991711,-0.005548868403250973
2017-11-07,0.768994152545929,0.770048201084137,0.7628812789916992,0.7864041233062744,0.7721523144616651,0.8099990199173975,0.7628092266951513,40.86189771690399,-0.005355270268110224
2017-11-08,0.7655092477798462,0.7685213685035706,0.7645260095596313,0.7858008778095246,0.7720862142956769,0.8099641412335389,0.7616376143855103,37.83378905649929,-0.005420560197495372
2017-11-09,0.7678722143173218,0.7694082856178284,0.7650290131568909,0.785344295501709,0.7720442839476336,0.8099875867476085,0.7607010042558096,41.0251164176438,-0.005221441755163814
2017-11-10,0.7682615518569946,0.7695385813713074,0.7655677795410156,0.7848302102088929,0.7720066448223536,0.8098095484687031,0.7598508719490826,41.557469000850794,-0.004974875402535162
2017-11-13,0.7647013664245605,0.7666947841644287,0.7621951103210449,0.7841948366165161,0.771933955485062,0.8095785844421064,0.7588110887909258,38.164909075672455,-0.0050090062957691694
2017-11-14,0.7614986300468445,0.7651109099388123,0.7613595128059387,0.7835341370105744,0.7718301214010997,0.8095317834652734,0.7575364905558754,35.3677382909725,-0.0052341532730691975
2017-11-15,0.7631257772445679,0.7632830142974854,0.7574610114097595,0.7827826881408692,0.7717435110114824,0.808926969862752,0.7566384064189863,37.859573480659414,-0.005221101091100522
2017-11-17,0.7587311267852783,0.7608034610748291,0.7536363005638123,0.7819355201721191,0.7716140345515202,0.8084016943620143,0.7554693459822239,34.042159640495896,-0.005501945702081401
2017-11-20,0.7554011344909668,0.7574036121368408,0.7545404434204102,0.7809275078773499,0.7714527121628579,0.8075224090363542,0.7543326067183456,31.454099539308686,-0.005924920828725644
2017-11-21,0.7555723190307617,0.7589787244796753,0.7533013820648193,0.7799358940124512,0.771294698300847,0.8065412993847372,0.7533304886401653,31.74138965904355,-0.0061751353854151425
2017-11-22,0.7584893703460693,0.7598784565925598,0.7555780410766602,0.7790581810474396,0.7711672821022919,0.8055373651736277,0.7525789969212515,36.6164498044238,-0.006068101267806436
2017-11-23,0.7613826394081116,0.7638835906982422,0.7604389190673828,0.7782456696033477,0.771069922473494,0.8043408880703832,0.7521504511363123,41.10907654378423,-0.0056842883870349414
2017-11-24,0.7625671029090881,0.7628929018974304,0.7607686519622803,0.7775378680229187,0.770985317303699,0.8033693308988683,0.7517064051469691,42.893615307395,-0.005224314957440468
2017-11-27,0.7611972093582153,0.7648183703422546,0.7594283223152161,0.7767582273483277,0.7708879231947887,0.8021498266211903,0.7513666280754651,41.33359371369176,-0.0049136798191391495
2017-11-28,0.7607165575027466,0.7620208859443665,0.7589211463928223,0.7759789550304412,0.7707867155759625,0.8008861941805921,0.7510717158802903,40.77326620341628,-0.004652650957725157
2017-11-29,0.7605488300323486,0.7608034610748291,0.7554011344909668,0.7752477061748505,0.7706848460680659,0.7997664487662325,0.7507289635834685,40.56660180620134,-0.0044084994718317505
2017-11-30,0.7566586136817932,0.7594918012619019,0.7558807134628296,0.7743693494796753,0.77054528156671,0.7983246662078798,0.7504140327514708,36.007890563104915,-0.0044773040339614045
2017-12-01,0.7563438415527344,0.7638835906982422,0.7558007836341858,0.7734628772735596,0.7704039737058744,0.7966187794946413,0.7503069750524778,35.65871300813143,-0.004505297361777516
2017-12-04,0.759013295173645,0.7616726756095886,0.7580409049987793,0.77278195977211,0.7702906336209766,0.7955854538409213,0.7499784657032986,40.89345194403912,-0.004262939168948043
2017-12-05,0.7604100108146667,0.7654623985290527,0.7601672410964966,0.7720602512359619,0.7701923189661875,0.7940707957685356,0.7500497067033882,43.48431569408483,-0.003913057979054724
2017-12-06,0.7604620456695557,0.7613826394081116,0.7560293078422546,0.7713958466053009,0.7700955003264199,0.7927378040445442,0.7500538891660576,43.58353265064218,-0.00359019035776198
2017-12-07,0.7566872239112854,0.756887674331665,0.7515519857406616,0.7707743644714355,0.7699620846406972,0.7919804900165598,0.7495682389263113,38.32690254224389,-0.003597442927405936
2017-12-08,0.7512019276618958,0.7532956600189209,0.750221312046051,0.7700969815254212,0.7697754164120524,0.7916007809748077,0.7485931820760346,32.24150898266252,-0.003999702129472538
2017-12-11,0.7508071064949036,0.7544892430305481,0.7507394552230835,0.7694205725193024,0.7695866770098917,0.7911848931446831,0.7476562518939217,31.849520889657526,-0.004300777527552868
2017-12-12,0.7529497146606445,0.7580926418304443,0.7519927620887756,0.7687883698940277,0.7694211350959689,0.7905941111187038,0.7469826286693515,36.37060241354492,-0.004316730791715573
2017-12-13,0.7556580305099487,0.7616146206855774,0.7554582357406616,0.7682471787929535,0.7692841887816801,0.7899849389701872,0.7465094186157197,41.64076767789545,-0.004063988286579945
2017-12-14,0.7633005380630493,0.7675774693489075,0.7628987431526184,0.7678405606746673,0.7692246499685594,0.7891603261311188,0.7465207952182159,53.37611894344923,-0.0032099986753394427
2017-12-15,0.7665008306503296,0.7695267200469971,0.7642922401428223,0.7674471819400788,0.7691975472887761,0.7881020120928848,0.7467923517872728,57.25257589470231,-0.0022490433185407
2017-12-18,0.7651109099388123,0.7676953673362732,0.7641521096229553,0.7671682214736939,0.7691568842305675,0.7875580029419478,0.74677844000544,55.10949768717603,-0.0015814048100754041
2017-12-19,0.7665772438049316,0.7684032917022705,0.7646428942680359,0.7669410121440887,0.7691312161666308,0.7870927634091109,0.7467892608790665,56.940704643374026,-0.0009233319971990728
2017-12-20,0.7653451561927795,0.768226146697998,0.7652515172958374,0.7667296040058136,0.7690935439280849,0.7867181920551473,0.7467410159564799,54.91368948094206,-0.0004955117738670856
2017-12-21,0.767224133014679,0.7704160213470459,0.7654389142990112,0.7665010380744934,0.769074942824469,0.7861923049868694,0.7468097711621174,57.40407579416919,-4.78824245686571e-06
2017-12-22,0.7707723379135132,0.772320032119751,0.7703685760498047,0.7663073372840882,0.7690918323278425,0.7856252511523618,0.7469894234158145,61.70566119982579,0.0006627840118877959
2017-12-25,0.7714858651161194,0.7758553624153137,0.7711883783340454,0.7660814774036407,0.7691156535496164,0.7848701680700754,0.7472927867372061,62.525231090465944,0.001235177161660439
2017-12-26,0.7725587487220764,0.7727975249290466,0.7713668942451477,0.7657612752914429,0.7691499132030738,0.7835022205317285,0.7480203300511573,63.78045490075697,0.0017551433967250007
2017-12-27,0.7730425000190735,0.7776049971580505,0.7730364799499512,0.7655337584018708,0.7691886454101983,0.7825761323529815,0.74849138445076,64.36011409266571,0.002181112563026222
2017-12-28,0.7774840593338013,0.7811279296875,0.7774840593338013,0.7653800451755524,0.7692711868422739,0.7818278054903357,0.748932284860769,69.229384821044,0.0028443055296732966
2017-12-29,0.7794293165206909,0.7825950980186462,0.7789981961250305,0.7652835869789123,0.7693722627594721,0.7813313107823515,0.7492358631754731,71.092196516645,0.003486664632072589
2018-01-01,0.7802137732505798,0.7814942002296448,0.7801529169082642,0.765137722492218,0.7694801384857518,0.7804779518276465,0.7497974931567896,71.83274575387675,0.004012781108051033
2018-01-02,0.7801042199134827,0.7846214175224304,0.7800312638282776,0.7651257860660553,0.769585850738764,0.7804174386456997,0.7498341334864109,71.55704842077787,0.00437051162948443
2018-01-03,0.783392071723938,0.7844982743263245,0.780579149723053,0.765168627500534,0.7697232260719499,0.7806554210063518,0.7496818339947163,74.69590977027161,0.004863257206604077
2018-01-04,0.7828401327133179,0.7862809300422668,0.7815369367599487,0.7652745401859283,0.7698537425559436,0.7811737341339594,0.7493753462378973,73.23481430003567,0.00514986037635945
2018-01-05,0.7863799333572388,0.7870917320251465,0.7835885286331177,0.7655863356590271,0.7700181822654093,0.7825057442747076,0.7486669270433466,76.42040846580211,0.005598096411137399
2018-01-08,0.786101758480072,0.7872528433799744,0.7828401327133179,0.7659889209270477,0.7701782178496348,0.7838760796121198,0.7481017622419757,75.65832820743144,0.005863291930677916
2018-01-09,0.7848061919212341,0.7864912748336792,0.780829131603241,0.7663487982749939,0.7703237698304468,0.7850108389146926,0.7476867576352952,72.05438229850188,0.005900898017582423
2018-01-10,0.7810669541358948,0.7866582870483398,0.7809327840805054,0.7665748643875122,0.7704306671867199,0.7856744673019005,0.7474752614731239,62.76201366597688,0.0055648280000294426
2018-01-11,0.7847322225570679,0.7887057662010193,0.783944845199585,0.7669497084617615,0.7705729712202557,0.7867261299888471,0.7471732869346759,67.22401022465306,0.005530494521299167
2018-01-12,0.7885813117027283,0.790320098400116,0.7848677635192871,0.7673674273490906,0.7707521586877429,0.7880688118858179,0.7466660428123633,71.13551388171082,0.005747619339938725
2018-01-15,0.7908889651298523,0.7978935837745667,0.7908889651298523,0.7677573931217193,0.7709525249209979,0.7894776502554378,0.7460371359880008,73.20047695205727,0.0060363177551112646
2018-01-16,0.7962924242019653,0.7977026104927063,0.79377681016922,0.768379852771759,0.771204663222301,0.7915339152042951,0.745225790339223,77.29621912590059,0.006624761194345408
2018-01-17,0.797130286693573,0.7998976111412048,0.7941297888755798,0.7689425754547119,0.7714626296250002,0.7934836400540174,0.7444015108554064,77.86121451460929,0.007077134558382436
2018-01-18,0.7972510457038879,0.8007045984268188,0.7942811846733093,0.7695774114131928,0.771719230780014,0.7953664505294935,0.7437883722968921,77.94639845390921,0.007360540225520573
2018-01-19,0.8005764484405518,0.8039877414703369,0.7993988990783691,0.7702314960956573,0.7720063672741488,0.7974626372696081,0.7430003549217066,80.2051363137989,0.007763975194715722
2018-01-22,0.8002112507820129,0.802890419960022,0.7979381680488586,0.7708704900741578,0.7722870128811923,0.7993822759702467,0.7423587041780688,79.24523216730708,0.007962445796740547
2018-01-23,0.8008328676223755,0.8030193448066711,0.7956968545913696,0.771593120098114,0.7725710512368259,0.8012742416701355,0.7419119985260925,79.69078408143486,0.008076790252296129
2018-01-24,0.8004482388496399,0.8082767128944397,0.799424409866333,0.7723721122741699,0.7728484361881972,0.8030012269894637,0.7417429975588761,78.5668943543606,0.00804365053329903
2018-01-25,0.8048937320709229,0.8120178580284119,0.8051205277442932,0.773207471370697,0.773167294853697,0.8050611130587517,0.7413538296826423,81.76745312885305,0.008280647072725023
2018-01-26,0.8029226064682007,0.8108327388763428,0.8026068806648254,0.7740913009643555,0.7734633676060801,0.8067476869716647,0.7414349149570464,76.32509536136256,0.008214720984904611
2018-01-29,0.8116883039474487,0.8118201494216919,0.8075587749481201,0.7752170443534852,0.7738437152313674,0.8091012792682704,0.7413328094387,82.04759842840465,0.008768712356211461
2018-01-30,0.8095985651016235,0.8112998008728027,0.8043822646141052,0.7762975692749023,0.7741994848818177,0.8110591817920705,0.7415359567577342,77.25350795382265,0.00893612002003319
2018-01-31,0.8101101517677307,0.8116224408149719,0.8046929836273193,0.7773299849033356,0.7745568049503342,0.8129875324834299,0.7416724373232413,77.59859408998663,0.009006254077360332
2018-02-01,0.806126594543457,0.8067118525505066,0.7989134788513184,0.7782248640060425,0.7748709322099673,0.8144895148508519,0.7419602131612332,68.84078590208375,0.008640790394100706
2018-02-02,0.8040524125099182,0.8041170835494995,0.7922046780586243,0.7790545701980591,0.7751612951980266,0.8157527391974512,0.7423564011986671,64.74348250719615,0.008090526088083916
2018-02-05,0.7906388640403748,0.7954373955726624,0.7903888821601868,0.7796434032917022,0.7753153008581495,0.8161161837533846,0.7431706228300199,45.770998705582144,0.006497180943770053
2018-02-06,0.7874636054039001,0.7890791296958923,0.7836376428604126,0.7801783442497253,0.7754361795103459,0.8163009839729752,0.7440557045264754,42.5893702689658,0.004921494675158455
2018-02-07,0.7893905639648438,0.7907763719558716,0.7839078903198242,0.7807551789283752,0.7755750291069081,0.816517732292676,0.7449926255640744,45.08416388441856,0.0037846147239835037
2018-02-08,0.7817386388778687,0.7843752503395081,0.7784523963928223,0.7812567794322968,0.7756363585573655,0.816336868926644,0.7461766899379495,38.018948138260726,0.002240357322546682
2018-02-09,0.7787495255470276,0.783011794090271,0.7760360240936279,0.7817048931121826,0.7756673353433322,0.8160507889507214,0.7473589972736439,35.66752525145495,0.000766490120413188
2018-02-12,0.7820197939872742,0.784510612487793,0.781115710735321,0.7821650230884551,0.7757305438870531,0.8158807632961392,0.7484492828807711,40.037098166339995,-0.00013610795577334578
2018-02-13,0.7859163880348206,0.787587583065033,0.7830975651741028,0.7826751506328583,0.7758318955701154,0.8158142909562351,0.7495360103094815,44.8442309649573,-0.0005308811916620026
2018-02-14,0.786101758480072,0.789016842842102,0.7775444984436035,0.7831879448890686,0.7759340832607619,0.8157119125958893,0.750663977182248,45.069838896839094,-0.0008193391478890089
2018-02-15,0.7928327918052673,0.7966857552528381,0.7893283367156982,0.7839108562469482,0.7761022296144385,0.8156274052546144,0.752194307239282,52.644448436014926,-0.0004990532455112495
2018-02-16,0.7943821549415588,0.7989773154258728,0.7904513478279114,0.7847744607925415,0.7762841194186885,0.8151802095619776,0.7543687120231055,54.2096821620131,-0.00011883386103228588
2018-02-19,0.7912018299102783,0.7937138080596924,0.7900017499923706,0.785582355260849,0.776432554348953,0.8144099742887476,0.7567547362329503,50.51852979378971,-7.328809094697686e-05
2018-02-20,0.7908889651298523,0.7931472063064575,0.7881028056144714,0.7863411402702332,0.776576399232345,0.8136184321217957,0.7590638484186706,50.1567168781872,-6.172676534776933e-05
2018-02-21,0.7880903482437134,0.7898269891738892,0.7830608487129211,0.7869897866249085,0.7766909658891745,0.8127915265932156,0.7611880466566013,46.91959483827341,-0.00027521679728714776
2018-02-22,0.7798426151275635,0.7859781384468079,0.779119610786438,0.7873206281661987,0.7767223255830888,0.8122934601433832,0.7623477961890143,38.94273054212645,-0.0010972835176471518
2018-02-23,0.7839509844779968,0.7843752503395081,0.7806401252746582,0.787669631242752,0.776794252537267,0.8119325095826591,0.763406752902845,44.04578628610514,-0.0014011150624229085
2018-02-26,0.7838403582572937,0.7890791296958923,0.7828217148780823,0.7880442202091217,0.776864363041944,0.8114486861712668,0.7646397542469766,43.93929372184301,-0.0016320174804951293
2018-02-27,0.7849909663200378,0.7869058847427368,0.7796176671981812,0.7884124946594239,0.7769452247661041,0.8110035901785819,0.7658213991402658,45.41745797575056,-0.0017025390454268319
2018-02-28,0.7793624997138977,0.7821054458618164,0.7783312201499939,0.7886928415298462,0.7769692772531468,0.8104479744385047,0.7669377086211877,39.87825095156684,-0.0021873833164992584
2018-03-01,0.7765783667564392,0.7766990065574646,0.7713668942451477,0.7888799262046814,0.7769653875964632,0.8100340856671384,0.7677257667422244,37.44544046913786,-0.002764415692817712
2018-03-02,0.776469886302948,0.7774236798286438,0.7738141417503357,0.78899387717247,0.7769604572353336,0.8098085722598937,0.7681791820850464,37.34982965728292,-0.0031936569845956164
2018-03-05,0.7754703164100647,0.7771215438842773,0.7726781368255615,0.789073566198349,0.7769456299634403,0.8096437446412595,0.7685033877554385,36.4268833524159,-0.0035732999598129256
2018-03-06,0.7766990065574646,0.784067690372467,0.7757229804992676,0.7891563713550568,0.7769431759992018,0.8094871415397387,0.7688256011703749,38.440589764131225,-0.0037320045017453785
2018-03-07,0.7786343097686768,0.7829811573028564,0.7773028016090393,0.7892682075500488,0.7769600032008881,0.8092964513084714,0.7692399637916262,41.57950238694114,-0.003659432539097285
2018-03-08,0.7827115058898926,0.7838219404220581,0.7777259349822998,0.7893727564811707,0.7770172320833658,0.8092035239122665,0.7695419890500749,47.63716643985685,-0.003235624814656668
2018-03-09,0.7790589332580566,0.7852992415428162,0.7777682542800903,0.789365348815918,0.77703754751794,0.8092115474128134,0.7695191502190226,43.30504730272002,-0.0031580818238065023
2018-03-12,0.7862686514854431,0.7880220413208008,0.785582959651947,0.7894864463806153,0.777129399298711,0.8091780110362173,0.7697948817250132,52.48940969727887,-0.002486205014274212
2018-03-13,0.7872899770736694,0.789889395236969,0.7859596014022827,0.7896301615238189,0.7772304995750787,0.8091463456073691,0.7701139774402688,53.63524754765209,-0.0018499997175539518
2018-03-14,0.7857990264892578,0.791702926158905,0.7857311367988586,0.7896783006191254,0.7773157585493491,0.8091434879999054,0.7702131132383453,51.6759302994917,-0.0014494018853467017
2018-03-15,0.7879785895347595,0.7885813117027283,0.7810059189796448,0.7897810697555542,0.7774218563700994,0.8091529324136929,0.7704092070974154,54.30392359997127,-0.0009451575073625706
2018-03-16,0.7789375185966492,0.780579149723053,0.7719683051109314,0.7896322214603424,0.777436937586284,0.8092238754561026,0.7700405674645822,43.68996139144362,-0.0012605482546331759
2018-03-19,0.7716049551963806,0.7722008228302002,0.768757700920105,0.7893422853946686,0.7773789079107625,0.8095660703732531,0.769118500416084,37.319100427814874,-0.0020782178776770355
2018-03-20,0.7708317637443542,0.7720815539360046,0.7683442234992981,0.789062796831131,0.7773137621976639,0.8099188157655159,0.7682067778967461,36.71120206715104,-0.002756837921788491
2018-03-21,0.7690532803535461,0.7713074088096619,0.7673419117927551,0.788822523355484,0.7772315683484687,0.8103214295887916,0.7673236171221763,35.287345482249734,-0.003398976655082264
2018-03-22,0.777478039264679,0.7781980037689209,0.7690710425376892,0.7886774396896362,0.7772340207953962,0.8103858988105618,0.7669689805687107,45.97648677421863,-0.00319128148563419
2018-03-23,0.7693490982055664,0.7742934823036194,0.7696393132209778,0.788292795419693,0.7771555638542038,0.8106791590740998,0.7659064317652862,39.24118720043539,-0.003640652004478606
2018-03-26,0.7708614468574524,0.7747973799705505,0.7711288928985596,0.787892245054245,0.7770929358243853,0.8107996334661258,0.7649848566423643,40.97367239177183,-0.003830590814767776
2018-03-27,0.7756146788597107,0.7759155631065369,0.7697873711585999,0.7874786901473999,0.7770782267998612,0.8105133449201017,0.7644440353746981,46.16901672551341,-0.0035565746139336607
2018-03-28,0.768757700920105,0.7704753875732422,0.7654623985290527,0.7869112384319306,0.776995435497575,0.8103694335107913,0.7634530433530698,40.61526695747056,-0.0038483541826624945
2018-03-29,0.766007661819458,0.7688758969306946,0.7643506526947021,0.7862863707542419,0.7768861044162008,0.810278783918042,0.7622939575904418,38.60932355451193,-0.004252476859266219
2018-03-30,0.768580436706543,0.7709506154060364,0.7674420475959778,0.7856464505195617,0.7768034609564032,0.8097894911449146,0.7615034098942088,41.519300348019755,-0.004315400311661
2018-04-02,0.768302857875824,0.7695741057395935,0.7653979063034058,0.785008282661438,0.7767188778411734,0.8092665232872095,0.7607500420356664,41.2918843323748,-0.004337664002322161
2018-04-03,0.7654623985290527,0.7707723379135132,0.7653627395629883,0.7843008732795715,0.7766068730718986,0.8087378227440092,0.7598639238151339,38.94133803779001,-0.004532264346003401
2018-04-04,0.768202543258667,0.7717240452766418,0.766348123550415,0.7836559593677521,0.7765232478996276,0.808055504748658,0.7592564139868463,42.35066028196346,-0.0044144922226391214
2018-04-05,0.7719981074333191,0.7724990248680115,0.7676364183425903,0.782998046875,0.7764782216263311,0.8068275574956912,0.7591685362543087,46.783241545723456,-0.0039691329642175255
2018-04-06,0.7668300271034241,0.7699295878410339,0.7667535543441772,0.7822761952877044,0.7763822196907798,0.805827219553852,0.7587251710215569,42.04306675500904,-0.003987241002149755
2018-04-09,0.768226146697998,0.7708911895751953,0.7652866244316101,0.7814069521427155,0.7763010647356278,0.8037018662898008,0.7591120379956302,43.702542385245486,-0.00384461820378712
2018-04-10,0.7699592709541321,0.776469886302948,0.7694082856178284,0.7806141662597657,0.7762379623099412,0.8015978937776573,0.759630438741874,45.77808702845845,-0.003550808455819565
2018-04-11,0.7763975262641907,0.7774236798286438,0.774053692817688,0.7799399137496948,0.7762395500109786,0.7991464541346087,0.760733373364781,52.74743099154045,-0.0027665575635232864
2018-04-12,0.7765181064605713,0.7773028016090393,0.7739937901496887,0.7793477439880371,0.7762423217169446,0.7970236249004746,0.7616718630755995,52.869613921789956,-0.0021109693266736507
2018-04-13,0.7757349610328674,0.7811279296875,0.7760360240936279,0.7787813949584961,0.776237273351929,0.7949792642479991,0.762583525668993,51.930414081274996,-0.001635748328198794
2018-04-16,0.7774477601051331,0.7782888412475586,0.7753741145133972,0.7785175728797913,0.7762493179962396,0.7943528042818025,0.76268234147778,53.86091295998947,-0.0011081496332790985
2018-04-17,0.7772907018661499,0.7791802883148193,0.7760962843894958,0.7783141148090362,0.776259680024796,0.7939402238767073,0.7626880057413652,53.648151518891204,-0.0006946892089357837
2018-04-18,0.7766990065574646,0.7797271013259888,0.7745933532714844,0.7780602836608886,0.7762640514330813,0.7933609347673768,0.7627596325544005,52.80191651716942,-0.0004100370582607038
2018-04-19,0.778889000415802,0.7814942002296448,0.7748334407806396,0.7780032908916473,0.7762901703284317,0.7932692076787073,0.7627373741045873,55.593872564670534,-7.645839736114546e-06
2018-04-20,0.7723379135131836,0.7727975249290466,0.7655912637710571,0.7778750586509705,0.7762508443899715,0.793222884654922,0.762527232647019,46.69543451914197,-0.00021488875945141483
2018-04-23,0.7659900188446045,0.7685213685035706,0.7609770894050598,0.777554463148117,0.776148746623351,0.7932153969011352,0.7618935293950989,40.012284149230744,-0.0008811944534802274
2018-04-24,0.7603406310081482,0.7623113393783569,0.7582650780677795,0.7770429480075837,0.7759914519406126,0.7932502937996361,0.7608356022155313,35.18580274260022,-0.0018438501442631372
2018-04-25,0.7606297731399536,0.7604389190673828,0.7553440928459167,0.7765335083007813,0.7758385994152329,0.7931741519971206,0.7598928646044419,35.613882020839924,-0.0025539895593562623
2018-04-26,0.7571169137954712,0.7591285705566406,0.7548308968544006,0.7758191907405854,0.7756523139861806,0.7926690318899202,0.7589693495912505,32.781109065609,-0.0033614893957057967
2018-04-27,0.7556865215301514,0.7573003768920898,0.7532956600189209,0.7750452780723571,0.7754536493846281,0.7919695481382891,0.7581210080064251,31.676253919070888,-0.004069943757079808
2018-04-30,0.7575184106826782,0.7582076191902161,0.7536363005638123,0.7743716096878052,0.7752751892980415,0.7913523771882552,0.7573908421873551,34.71118750062651,-0.004432485859868329
2018-05-01,0.7532389163970947,0.7546600699424744,0.747439980506897,0.77361860871315,0.7750559229010171,0.7909453872486107,0.7562918301776893,31.222058710483495,-0.005007400318055466
2018-05-02,0.7482901811599731,0.7529553771018982,0.7477194666862488,0.7728226053714752,0.774789597112549,0.791068272003522,0.7545769387394283,27.748508186902782,-0.00579553838463287
2018-05-03,0.7486711144447327,0.7542616128921509,0.7486711144447327,0.7721991753578186,0.7745297117128692,0.7915617924557595,0.7528365582598776,28.408762639410895,-0.00631659161197462
2018-05-04,0.7528419494628906,0.756315290927887,0.7493443489074707,0.7715769946575165,0.7743139130835163,0.791392265539106,0.751761723775927,35.37247490168684,-0.006320124063720178
2018-05-07,0.7524227499961853,0.7544892430305481,0.7494004368782043,0.7709486424922943,0.7740960905652344,0.7911651329141053,0.7507321520704834,35.00393861431236,-0.006284307861563199
2018-05-08,0.7518796920776367,0.752785325050354,0.7434778809547424,0.7702864170074463,0.7738750318738156,0.7907925939220316,0.7497802400928609,34.50243431592497,-0.0062279515501100224
2018-05-09,0.7449344992637634,0.7471886873245239,0.7413997650146484,0.7695978569984436,0.7735870663752081,0.7911457230974974,0.7480499908993898,28.816281534584775,-0.0066668564131824315
2018-05-10,0.7459346652030945,0.7531821727752686,0.7456009387969971,0.7689849829673767,0.7733119181048388,0.7914462738147444,0.746523692120009,30.59031296416805,-0.006854966855891487
2018-05-11,0.7526153922080994,0.7565441131591797,0.7523888349533081,0.7685078930854797,0.7731059825237767,0.7913307270165539,0.7456850591544055,41.142012082302905,-0.006391292064385268
2018-05-14,0.7551102638244629,0.7565441131591797,0.7543753385543823,0.7681006920337677,0.7729269206461716,0.791141971613714,0.7450594124538215,44.53314648574587,-0.005756157759029268
2018-05-15,0.7525983452796936,0.7536931037902832,0.7449400424957275,0.7676186788082123,0.7727246462644156,0.7909325212796642,0.7443048363367605,41.914675687372515,-0.00539332913864321
2018-05-16,0.7468482851982117,0.7518231272697449,0.7448511719703674,0.766982958316803,0.7724671700349012,0.7907988592307438,0.7431670574028622,36.60832737506777,-0.005506293512206772
2018-05-17,0.7517666816711426,0.7548878788948059,0.7499681115150452,0.766364061832428,0.7722611950263065,0.7901198965932151,0.7426082270716409,43.22886224076106,-0.005139697863885129
2018-05-18,0.7506380081176758,0.752785325050354,0.7489514946937561,0.7657956433296204,0.7720460389376634,0.7896714361574638,0.7419198505017769,42.14119216198401,-0.004883943632412402
2018-05-21,0.752428412437439,0.7571169137954712,0.7503564357757568,0.7651188385486603,0.7718508386739795,0.7885400756095021,0.7416976014878184,44.52561526846789,-0.004485084632019132
2018-05-22,0.7582650780677795,0.7605488300323486,0.7573462724685669,0.7645383405685425,0.7717156569764054,0.7871411333991841,0.7419355477379009,51.53726399449341,-0.0036558732323445087
2018-05-23,0.7578915357589722,0.7583225965499878,0.7523322105407715,0.7639801907539367,0.7715781035314558,0.7858049906776619,0.7421553908302116,51.09218022288005,-0.0029943420551556965
2018-05-24,0.7567158937454224,0.7574036121368408,0.7543753385543823,0.76335493683815,0.7714302208470176,0.784140023559122,0.742569850117178,49.63918227264076,-0.002535708250118285
2018-05-25,0.7571971416473389,0.7591285705566406,0.7550589442253113,0.7629201292991639,0.7712885981684139,0.7832799368942479,0.7425603217040798,50.26273176390099,-0.0021090926642509666
2018-05-28,0.7556865215301514,0.7582076191902161,0.7545461654663086,0.7626017606258393,0.7711333536247496,0.7829050177786608,0.7422985034730177,48.24349155428771,-0.001871319748327105
2018-05-29,0.7547739148139954,0.7554011344909668,0.7510213851928711,0.762280603647232,0.7709705731390704,0.7825604975876915,0.7420007097067726,47.01467124440374,-0.0017365053813185316
2018-05-30,0.7481670379638672,0.7574610114097595,0.7483349442481995,0.7618628787994385,0.7707436722915558,0.7824317409161347,0.7412940166827423,39.22513906761203,-0.0021381366615207398
2018-05-31,0.7571169137954712,0.7593014240264893,0.7553896903991699,0.7614556562900543,0.7706080826547789,0.7815637438625996,0.741347568717509,51.05526647842464,-0.0017144886048956476
2018-06-01,0.7562122941017151,0.7569106221199036,0.7519361972808838,0.7611929202079772,0.7704648409776339,0.7812231849329775,0.741162655482977,49.99593027813228,-0.001435195674507339
2018-06-04,0.7568819522857666,0.7666419148445129,0.7569220066070557,0.7609133303165436,0.7703296878563218,0.7807823636469045,0.7410442969861828,50.80959500703175,-0.0011466008947117468
2018-06-05,0.7654037475585938,0.7655795216560364,0.7595494389533997,0.7607091116905212,0.7702806735250012,0.7801670419930807,0.7412511813879618,59.77886435622675,-0.00022762586433622278
2018-06-06,0.7624624371528625,0.7678132653236389,0.762427568435669,0.7605832064151764,0.7702028801282634,0.7799095913353186,0.7412568214950342,55.98450093181238,0.0002603283962053782
2018-06-07,0.7665772438049316,0.767283022403717,0.7627764940261841,0.7605945980548858,0.7701668041449468,0.7799347000254131,0.7412544960843586,59.82623304703337,0.0009679087219093274
2018-06-08,0.761440634727478,0.7627183198928833,0.7561436891555786,0.7604518020153046,0.7700799765885541,0.7796561957312365,0.7412474082993727,53.54361183468254,0.0011014924840525575
2018-06-11,0.7601903676986694,0.7622532248497009,0.7596302032470703,0.7602895522117614,0.769981572519998,0.7793598198282111,0.7412192845953117,52.10919771520645,0.0010938631046979452
2018-06-12,0.7604620456695557,0.7624857425689697,0.7586677670478821,0.7601895451545715,0.7698868508597947,0.7792014456268228,0.7411776446823202,52.40755813249579,0.0010970923110895647
2018-06-13,0.7575757503509521,0.7610929608345032,0.755743682384491,0.7599770092964172,0.7697643523472689,0.778860446839758,0.7410935717530764,48.920561335702374,0.000856874059216195
2018-06-14,0.7570710182189941,0.7575184106826782,0.7510326504707336,0.7596784675121308,0.7696380505151468,0.7782556935054394,0.7411012415188221,48.315156499260034,0.000618640397686776
2018-06-15,0.7465472221374512,0.7479991316795349,0.7446514964103699,0.7592728114128113,0.7694082910288015,0.7780967978383764,0.7404488249872463,37.808963390489275,-0.00041456504047432396
2018-06-18,0.743992269039154,0.7454341650009155,0.7417847514152527,0.7587881338596344,0.769155395287611,0.7779166622744208,0.739659605444848,35.77502796023761,-0.001423146015074761
2018-06-19,0.7403568625450134,0.7425559163093567,0.7348618507385254,0.758196085691452,0.768868842723008,0.7777412688200112,0.7386509025628929,33.050593390635356,-0.002487130532997095
2018-06-20,0.738825261592865,0.7409054040908813,0.7370609045028687,0.7574446403980255,0.7685699016172355,0.777022588496956,0.737866692299095,31.946767309639952,-0.0034145722622187513
2018-06-21,0.7374087572097778,0.7392075657844543,0.7346459031105042,0.7566624534130096,0.7682598404788529,0.7762550911757145,0.7370698156503048,30.918292016592858,-0.004215285393881274
2018-06-22,0.7378984093666077,0.7442137002944946,0.7377079129219055,0.7559057223796845,0.7679577366866912,0.7754142177072999,0.736397227052069,31.73639987768189,-0.004755526730748527
2018-06-25,0.743837296962738,0.7441030144691467,0.7398474812507629,0.7552335131168365,0.7677177323113284,0.7740149982787871,0.736452027954886,40.88121839745548,-0.0046508412835229995
2018-06-26,0.7409602999687195,0.7425007820129395,0.7382253408432007,0.754506905078888,0.7674514892034419,0.7726039751786409,0.736409834979135,38.21073271302866,-0.0047453257641824065
2018-06-27,0.7391692996025085,0.7407627105712891,0.7362686395645142,0.7537563109397888,0.767170074381542,0.7711977734709672,0.7363148484086104,36.60756762511412,-0.004908146104292022
2018-06-28,0.7343222498893738,0.7363227605819702,0.733030378818512,0.7528649759292603,0.7668432303567444,0.7696050373245312,0.7361249145339893,32.61889323224753,-0.005366437845262806
2018-06-29,0.7346459031105042,0.7401924729347229,0.7336218357086182,0.7521111357212067,0.7665228589413589,0.7686656562662956,0.7355566151761178,33.14272702675444,-0.005638523848665367
2018-07-02,0.7398638129234314,0.73991858959198,0.7313148975372314,0.7515886116027832,0.766257594801877,0.7680037882281046,0.7351734349774619,41.09367029650925,-0.0053711964434774995
2018-07-03,0.7338911294937134,0.740411639213562,0.7317215800285339,0.7510596215724945,0.7659355404207012,0.7680192911310724,0.7340999520139166,35.83965399322436,-0.0055769950583821615
2018-07-04,0.7378440499305725,0.742225170135498,0.7375718951225281,0.7506039071083069,0.7656560231023916,0.7677376000051556,0.7334702142114583,41.19812537603674,-0.005359345105770186
2018-07-05,0.7381708025932312,0.7408505082130432,0.7362794280052185,0.750224984884262,0.7653825383212058,0.7676069736262017,0.7328429961423224,41.63206994343795,-0.005101680741252279
2018-07-06,0.738661527633667,0.7444021105766296,0.7377895712852478,0.7498844850063324,0.7651166576178473,0.7674952978428936,0.7322736721697712,42.3205133392798,-0.004802521982449792
2018-07-09,0.7436326146125793,0.748407781124115,0.7436050176620483,0.7496067690849304,0.7649028860456556,0.7671640843994434,0.7320494537704174,48.89625173657172,-0.0041168547972360026
2018-07-10,0.7470491528511047,0.7483909726142883,0.7431076765060425,0.7494829738140106,0.7647252369591426,0.7670230371703044,0.7319429104577169,52.872868628161136,-0.0032601910770039266
2018-07-11,0.7413997650146484,0.7429088950157166,0.7383888363838196,0.7493451654911041,0.7644931427109387,0.767031145825209,0.7316591851569991,46.43807016630808,-0.0030025260401063125
2018-07-12,0.7365885972976685,0.741960883140564,0.7361927032470703,0.7491035151481629,0.7642154855426475,0.7671535164992472,0.7310535137970785,41.77518957122181,-0.003150231757394595
2018-07-13,0.7406858801841736,0.7422802448272705,0.7369197010993958,0.7488603937625885,0.763981360116195,0.7670319268021324,0.7306888607230446,46.684947795101564,-0.0029032067556925556
2018-07-16,0.7421150207519531,0.7443245053291321,0.7410426735877991,0.7486542391777039,0.7637637846001328,0.7668945649866737,0.7304139133687341,48.32184973874099,-0.0025625781562946814
2018-07-17,0.7414712309837341,0.7438262104988098,0.7387160658836365,0.7484460699558259,0.7635419681462383,0.7667735146108043,0.7301186253008474,47.61268150613794,-0.0023178571763815548
2018-07-18,0.7377406358718872,0.7396066784858704,0.7344193458557129,0.7483021926879883,0.7632852384718667,0.7668537352162099,0.7297506501597666,43.61793223659964,-0.002397307218974465
2018-07-19,0.7398912310600281,0.743992269039154,0.7324182987213135,0.7481813240051269,0.7630524622787141,0.7668740385563635,0.7294886094538904,46.40932744359417,-0.0022606772120491447
2018-07-20,0.7362794280052185,0.7422802448272705,0.7320643663406372,0.7478546047210693,0.7627860639277342,0.7668003321805882,0.7289088772615505,42.5952333277361,-0.002415989248465089
2018-07-23,0.7433009743690491,0.7435276508331299,0.7376589179039001,0.747618418931961,0.762592182439588,0.7664892451122381,0.7287475927516839,51.02232446466032,-0.0019500164702123124
2018-07-24,0.7380073666572571,0.7433839440345764,0.7361276745796204,0.7473265993595123,0.7623475574069281,0.7663338776972514,0.7283193210217732,45.58868889938335,-0.001984997769442609
2018-07-25,0.7426220178604126,0.7440476417541504,0.7392622232437134,0.7472420740127563,0.7621512833815897,0.7662955664690587,0.7281885815564539,50.534157891669906,-0.0016216633891639187
2018-07-26,0.7459402084350586,0.7463800311088562,0.7379528880119324,0.7471255445480347,0.7619899791532659,0.766137312364143,0.7281137767319265,53.786766291794336,-0.0010538202432284205
2018-07-27,0.7380073666572571,0.7416197061538696,0.7370609045028687,0.7468729317188263,0.7617513461931066,0.7660293080120919,0.7277165554255607,45.9993986717973,-0.001229738829192084
2018-07-30,0.7400829195976257,0.7413997650146484,0.7387324571609497,0.74662602186203,0.7615357399583257,0.7658083593909826,0.7274436843330774,48.11599688513356,-0.0011879814887161277
2018-07-31,0.7407297492027283,0.7442137002944946,0.740460991859436,0.746275315284729,0.7613287151746879,0.7652289300751908,0.7273217004942673,48.78965307475655,-0.0010901284302299308
2018-08-01,0.7419498562812805,0.7425007820129395,0.7399295568466187,0.7459564816951751,0.7611358907080868,0.7646470322193868,0.7272659311709635,50.10563247313863,-0.000903709333352154
2018-08-02,0.7405816912651062,0.741020679473877,0.735640287399292,0.7456337976455688,0.7609313713106443,0.764122164625052,0.7271454306660856,48.597530219310684,-0.000856497172321169
2018-08-03,0.7360084652900696,0.7411249876022339,0.7348780632019043,0.7452100241184234,0.7606833821960117,0.7635875800607062,0.7268324681761407,43.846892391378276,-0.0011745626832276868
2018-08-06,0.7395902872085571,0.7405762076377869,0.7375718951225281,0.7448880994319915,0.760473500653848,0.7630795777223839,0.7266966211415992,48.12418233594769,-0.0011246445950474637
2018-08-07,0.738552451133728,0.7441030144691467,0.7384979128837585,0.7445636701583862,0.7602553807581254,0.7626135770159421,0.7265137633008303,47.00689238641571,-0.0011555088613308673
2018-08-08,0.7424456477165222,0.7436050176620483,0.7384924292564392,0.7444492423534393,0.7600781694840796,0.7624784397810688,0.7264200449258099,51.55100949512352,-0.0008559536860157646
2018-08-09,0.7427765130996704,0.745323121547699,0.7392895221710205,0.7441624343395233,0.7599060136991601,0.7618215689709091,0.7265032997081375,51.92827708374054,-0.0005851111826428168
2018-08-10,0.7372456192970276,0.7376807332038879,0.7285444140434265,0.7437831008434296,0.7596805371379448,0.7611989046097161,0.7263672970771431,45.54383395185669,-0.000807455608044183
2018-08-13,0.7288098335266113,0.7292882204055786,0.726332426071167,0.7432216584682465,0.7593733659577325,0.7607236307258932,0.7257196862105998,37.891765356695686,-0.0016453954830437656
2018-08-14,0.7267969846725464,0.7283851504325867,0.7237879633903503,0.7424495232105255,0.7590492228603675,0.7593533890724108,0.7255456573486402,36.32354253226108,-0.0024437192767945426
2018-08-15,0.7235890030860901,0.7237984538078308,0.7203054428100586,0.74167205452919,0.7586963848526632,0.7583937939186651,0.724950315139715,33.91445200119581,-0.003297245346865929
2018-08-16,0.7233691811561584,0.7287036180496216,0.7228044867515564,0.7408078932762145,0.7583448703880215,0.7567226943652234,0.7248930921872057,33.74927362731536,-0.003945922560313897
2018-08-17,0.7259528040885925,0.7290223836898804,0.7255314588546753,0.7400981366634369,0.7580225612706143,0.7554111080365848,0.724785165290289,37.59626960191443,-0.004203076695210806
2018-08-20,0.7308178544044495,0.7318500876426697,0.72965008020401,0.7395106863975525,0.757751867669956,0.7539035357572269,0.725117837037878,44.170402420587955,-0.003968557240714543
2018-08-21,0.7336488366127014,0.736594021320343,0.7334389090538025,0.7389744222164154,0.7575120365151573,0.7521255399446966,0.7258233044881343,47.6279038305239,-0.0035137578652717494
2018-08-22,0.7359814047813416,0.7365397214889526,0.7335143089294434,0.7385425353050232,0.7572978013735273,0.7505706763702783,0.7265143942397682,50.35592168628731,-0.00293131692957449
2018-08-23,0.7332990765571594,0.733406662940979,0.7262691855430603,0.7380670964717865,0.7570590080917724,0.748928637876057,0.7272055550675159,47.30443572512449,-0.0026555581410903084
2018-08-24,0.7243227958679199,0.7344300746917725,0.7238980531692505,0.7376226079463959,0.7567332746368086,0.748879478921587,0.7263657369712048,38.825408188395,-0.003125301616592191
2018-08-27,0.7344084978103638,0.7350239157676697,0.7308873534202576,0.73743093252182,0.7565111375539584,0.7485708807281038,0.7262909843155362,49.728721626825426,-0.0026531608613449276
2018-08-28,0.7348618507385254,0.7363770008087158,0.7322573661804199,0.7373210322856903,0.7562957217647501,0.7484515792425188,0.7261904853288619,50.158744316251315,-0.002216849655855224
2018-08-29,0.7341066002845764,0.7350779175758362,0.7276961207389832,0.7372266590595246,0.7560749344863404,0.7483851306379058,0.7260681874811433,49.40061541302239,-0.0019099950478138616
2018-08-30,0.7311919331550598,0.7311117649078369,0.7261900305747986,0.7371023225784302,0.755827342433293,0.7483903060991411,0.7258143390577193,46.48081741156895,-0.0018803246267991014
2018-08-31,0.7261636853218079,0.7264801859855652,0.7190106511116028,0.7368676280975341,0.7555321816660145,0.7485684686828854,0.7251667875121829,41.881865572772824,-0.0022367641568412644
2018-09-03,0.7193209528923035,0.7223867774009705,0.7170000672340393,0.7363773012161254,0.7551718709319478,0.7489111149640613,0.7238434874681896,36.57789207687716,-0.003036394704306611
2018-09-04,0.7208245992660522,0.7235890030860901,0.7159323692321777,0.7359745872020721,0.7548301070347747,0.7491831363757754,0.7227660380283688,38.423300795800124,-0.003508334086844478
2018-09-05,0.718339204788208,0.7218131422996521,0.714796245098114,0.7355579853057861,0.7544670134800825,0.7496403331117525,0.7214756374998197,36.53117569733566,-0.004036371235648373
2018-09-06,0.719610869884491,0.721084475517273,0.7167431116104126,0.7352637577056885,0.7541201861806238,0.7500487012905114,0.7204788141208657,38.207857064662534,-0.004302633652407795
2018-09-07,0.719062328338623,0.7192381620407104,0.7128092050552368,0.7349520862102509,0.7537713517742357,0.7504309221472358,0.7194732502732659,37.744658670425274,-0.00450596924580815
2018-09-10,0.7117944359779358,0.7134194374084473,0.7099902629852295,0.734390698671341,0.7533536710200436,0.7511273743722677,0.7176540229704143,32.17841016153221,-0.005193702571452352
2018-09-11,0.7109847068786621,0.7130124568939209,0.7086167335510254,0.7339325702190399,0.7529320892872935,0.7519314854677391,0.7159336549703407,31.618948341295322,-0.0057379312581931075
2018-09-12,0.7110706567764282,0.7180812358856201,0.7094210982322693,0.733397102355957,0.7525155576205187,0.7524813468677876,0.7143128578441265,31.754582683556947,-0.006092075322818413
2018-09-13,0.7170617580413818,0.7230135202407837,0.7168510556221008,0.73297492146492,0.7521627834953531,0.7525556203848789,0.7133942225449612,40.59907798156997,-0.005822190653479331
2018-09-14,0.7188039422035217,0.7217090129852295,0.7171286344528198,0.7325777697563172,0.7518308547262802,0.7524904134156193,0.712665126097015,42.91586991863644,-0.005405415145724124
2018-09-17,0.7145919799804688,0.7197351455688477,0.7142601609230042,0.731996957063675,0.7514603186591576,0.7522840812486273,0.7117098328787226,38.95962057749076,-0.005353278442105647
2018-09-18,0.7145919799804688,0.7221259474754333,0.7144898176193237,0.7313478136062622,0.7510934695180762,0.7517458847677784,0.7109497424447461,38.95962057749076,-0.005251424575258068
2018-09-19,0.7226007580757141,0.7274314761161804,0.7215006947517395,0.7309718334674835,0.7508099599514855,0.7513065774599931,0.710637089474974,49.2721134938603,-0.004472902357733788
2018-09-20,0.7259528040885925,0.7290223836898804,0.72552090883255,0.730759117603302,0.7505626250672776,0.7510765524209795,0.7104416827856246,52.861733219289036,-0.003544576125224741
2018-09-21,0.7286505103111267,0.7303001284599304,0.7265488505363464,0.7305184102058411,0.7503445940746791,0.7506400526045336,0.7103967678071486,55.58565304670213,-0.002561659336985822
2018-09-24,0.7278549671173096,0.7282790541648865,0.7253209352493286,0.7302332091331482,0.7501208166920188,0.750086408345633,0.7103800099206633,54.58394893338113,-0.001825837272351194
2018-09-25,0.7253209352493286,0.726374626159668,0.7236937284469604,0.7299102032184601,0.7498740517025393,0.7495413992707647,0.7102790071661556,51.40616102502831,-0.0014306762337173984
2018-09-26,0.7249003052711487,0.7284913063049316,0.7241129279136658,0.7296533966064453,0.7496255567131722,0.749202264074123,0.7101045291387676,50.87667861093225,-0.0011383276548850851
2018-09-27,0.725789487361908,0.7269026637077332,0.7210325598716736,0.729371361732483,0.7493883818937567,0.7487232641182955,0.7100194593466704,52.00214711789572,-0.0008253753234330752
2018-09-28,0.7205129861831665,0.7242178320884705,0.7204610705375671,0.7290560328960418,0.749101064523502,0.748462228765208,0.7096498370268757,45.36066440035048,-0.0009916962367142457
2018-10-01,0.7223920226097107,0.7228044867515564,0.7207674384117126,0.7286378538608551,0.7488353029124195,0.7476890252472649,0.7095866824744453,47.91193116042825,-0.0009608086192277598
2018-10-02,0.7228567600250244,0.7237460613250732,0.7163323760032654,0.7283348417282105,0.7485768099483658,0.7472592775360488,0.7094104059203722,48.55178080085549,-0.0008885864627762308
2018-10-03,0.7187522649765015,0.7195797562599182,0.7135721445083618,0.7278574466705322,0.7482800483068548,0.7465131934761361,0.7092016998649283,43.47261677774138,-0.0011492999171447416
2018-10-04,0.7096225023269653,0.7102777361869812,0.7066688537597656,0.7271310925483704,0.74789539610805,0.7457411606932142,0.7085210244035266,34.76156124758904,-0.002068765314494625
2018-10-05,0.7080999612808228,0.7086619734764099,0.7047911882400513,0.7265329444408417,0.7474994216321572,0.7456322570820941,0.7074336317995893,33.55404203471417,-0.002887024779751668
2018-10-08,0.7052882313728333,0.7078142762184143,0.7043097019195557,0.7258370506763459,0.747079409788781,0.7454498816624187,0.706224219690273,31.38575566591146,-0.0037195082306075156
2018-10-09,0.7073636651039124,0.7096225023269653,0.7054673433303833,0.7251697289943695,0.746684228249628,0.7449838263259068,0.7053556316628322,34.738120865675185,-0.0041637896311566
2018-10-10,0.7114905714988708,0.7132158875465393,0.708817720413208,0.7245605432987213,0.746334042610317,0.7441404629739067,0.704980623623536,40.919451684565445,-0.004135210849297577
2018-10-11,0.7064142823219299,0.7128092050552368,0.7060650587081909,0.7238771951198578,0.745936831065159,0.743559537223858,0.7041948530158576,36.35775980001947,-0.004470641300995393
2018-10-12,0.7124537229537964,0.7138421535491943,0.7112021446228027,0.7234061002731323,0.7456036658103194,0.7430307728298019,0.7037814277164628,44.31190555994665,-0.004200716717863373
2018-10-15,0.710782527923584,0.7147452235221863,0.7099247574806213,0.7228299450874328,0.7452571868263719,0.7422051746995976,0.703454715475268,42.72078738098872,-0.00407468063129135
2018-10-16,0.713541567325592,0.7151541113853455,0.7113184928894043,0.7223297274112701,0.7449416085228815,0.7413360851656335,0.7033233696569067,46.15809112001126,-0.0037094049914374594
2018-10-17,0.7139134407043457,0.7159681916236877,0.7112375497817993,0.7217590832710266,0.7446328705346374,0.7399981127951558,0.7035200537468973,46.623030841989284,-0.003351282838928493
2018-10-18,0.7111009955406189,0.7152052521705627,0.711085855960846,0.7211255729198456,0.7442992200371845,0.7385679740710042,0.703683171768687,43.55943087057251,-0.003256866147443249
2018-10-19,0.709723174571991,0.7150007486343384,0.7091091871261597,0.7205751240253448,0.7439551797837995,0.7376748715544577,0.703475376496232,42.099923570590015,-0.0032556893165981426
2018-10-22,0.7113286256790161,0.7126059532165527,0.7084159851074219,0.7202254998683929,0.7436305374543987,0.7373528551609636,0.7030981445758222,44.43610069873817,-0.0030895952517960845
2018-10-23,0.7072685956954956,0.7091192603111267,0.7056117653846741,0.719834932088852,0.7432687270886383,0.7372390412924422,0.7024308228852617,40.03662492540337,-0.003248132547268523
2018-10-24,0.7091192603111267,0.710782527923584,0.7068636417388916,0.7195455372333527,0.7429289313993098,0.7371746112336321,0.7019164632330732,42.81585062721941,-0.0031876955581749966
2018-10-25,0.7062994837760925,0.7100255489349365,0.7057660818099976,0.7192041432857513,0.7425644592836559,0.7371885293748828,0.7012197571966199,39.78976782613941,-0.003328957064578142
2018-10-26,0.7081149816513062,0.7089182138442993,0.7021978497505188,0.7188473868370057,0.7422216784116922,0.7369923328961043,0.700702440777907,42.60254051715387,-0.003256869160010112
2018-10-29,0.709773600101471,0.710888683795929,0.7073986530303955,0.718426501750946,0.7418988119608443,0.736413714614598,0.700439288887294,45.12472292173418,-0.003030963271118736
2018-10-30,0.7063294053077698,0.7120478749275208,0.7059604525566101,0.7178801131248475,0.741544887516535,0.7356382526510759,0.700121973598619,41.08718930176622,-0.0030941811676828967
2018-10-31,0.7099247574806213,0.7106209397315979,0.7074637413024902,0.717358980178833,0.7412302593569737,0.7344663435761012,0.7002516167815649,46.47144343707581,-0.0028216408145335103
2018-11-01,0.7083156108856201,0.7209805250167847,0.7080799341201782,0.7168593108654022,0.7409027504169603,0.7335199584848304,0.700198663245974,44.51070727170364,-0.002704321567484569
2018-11-02,0.7205129861831665,0.7259001135826111,0.7193726897239685,0.7167831146717072,0.7406998671907534,0.7333389592797712,0.7002272700636432,58.72622421356981,-0.0016085763038387046
2018-11-05,0.7198283672332764,0.7218131422996521,0.7183908224105835,0.7164915120601654,0.7404921905742611,0.7322758848903929,0.7007071392299379,57.83069635138888,-0.0007863685485081096
2018-11-06,0.7212925553321838,0.7240604758262634,0.7206895351409912,0.7162201261520386,0.7403011494275736,0.731159300437119,0.7012809518669582,59.26151482734264,-1.6425888452964443e-05
2018-11-07,0.7243595123291016,0.7301934957504272,0.7214486598968506,0.7160251843929291,0.7401425261728625,0.7302489512463858,0.7018014175394723,62.15791561731179,0.0008316502681928739
2018-11-08,0.7275902032852173,0.7300922274589539,0.7265593409538269,0.7159531497955323,0.7400176274376621,0.7298971349744254,0.7020091646166391,64.98223988214326,0.001744338840204529
2018-11-09,0.7266808152198792,0.7271140813827515,0.7224389910697937,0.7159634923934937,0.7398849228384801,0.7299391206666314,0.701987864120356,63.54457875437247,0.0023669859516372016
2018-11-12,0.7226999998092651,0.7239032983779907,0.7188555598258972,0.7160310733318329,0.7397139285794829,0.730105300481977,0.7019568461816889,57.54304609073422,0.0025102827617233814
2018-11-13,0.7175660133361816,0.7223345637321472,0.716589093208313,0.7159659016132355,0.7394935513133805,0.7299795776979644,0.7019522255285066,50.87015422891047,0.002184396352835849
2018-11-14,0.7231390476226807,0.7237879633903503,0.7189072370529175,0.716061898469925,0.7393308199333735,0.7302070754055945,0.7019167215342554,56.73527387667287,0.0023487513732534104
2018-11-15,0.7234842777252197,0.7297672033309937,0.7233691811561584,0.7161393666267395,0.7391731428964764,0.7304057830898857,0.7018729501635933,57.07711320299606,0.0024782928775066715
2018-11-16,0.7271669507026672,0.7319893836975098,0.7250895500183105,0.7163014590740204,0.739053678297533,0.7308840893101171,0.7017188288379238,60.648889410732075,0.002845317337700881
2018-11-19,0.7317965626716614,0.7327080965042114,0.7286877036094666,0.7167015016078949,0.7389814681918029,0.7318653248516357,0.7015376783641541,64.63323313271658,0.0034697606207050313
2018-11-20,0.7295010089874268,0.7301934957504272,0.7233116030693054,0.7170718276500702,0.7388871352643961,0.7325665861754491,0.7015770691246912,61.31799090913218,0.003736334287897991
2018-11-21,0.7216569185256958,0.727802038192749,0.721084475517273,0.7172835528850555,0.7387156903217226,0.7327328511698511,0.7018342546002599,51.581675167372474,0.0032768695824791916
2018-11-22,0.7262164354324341,0.7270084023475647,0.7235994935035706,0.7174666464328766,0.7385913196263069,0.7331208459726338,0.7018124468931194,55.959147133812216,0.003243269015723027
2018-11-23,0.725021243095398,0.7256894111633301,0.722000777721405,0.7175909924507141,0.7384562939891833,0.7333866816681819,0.7017953032332463,54.56649288550731,0.0030846404762420176
2018-11-26,0.7233796119689941,0.7276961207389832,0.7225955128669739,0.7177667450904847,0.738306277252664,0.7336216770195774,0.701911813161392,52.62908741235293,0.00279424992979882
2018-11-27,0.7223502397537231,0.7269555330276489,0.7205129861831665,0.7179219102859498,0.738147510710386,0.7338018593740884,0.7020419611978111,51.39679973449678,0.0024527775023952536
2018-11-28,0.7229612469673157,0.7249003052711487,0.7222615480422974,0.7179291200637817,0.7379964036084649,0.7338180644701382,0.7020401756574253,52.113533131002626,0.0022060315606146075
2018-11-29,0.7302521467208862,0.7344840168952942,0.7295914888381958,0.7180151069164276,0.7379193463260014,0.734126264374909,0.7019039494579461,59.742401356742256,0.00256918236650594
2018-11-30,0.7321876883506775,0.7327080965042114,0.7285974621772766,0.7180858504772186,0.7378623149033614,0.7344171778563403,0.7017545230980969,61.496112149447605,0.0029788259784383486
2018-12-03,0.7373108863830566,0.7393168807029724,0.7349158525466919,0.7182749688625336,0.737856828052413,0.7352734158228775,0.7012765219021897,65.74919813171172,0.0036745132555729976
2018-12-04,0.7356890439987183,0.7393168807029724,0.7349482178688049,0.7184823310375213,0.737835258061829,0.7360742067261092,0.7008904553489335,63.36310063138462,0.004048314855083723
2018-12-05,0.7345919609069824,0.7355104684829712,0.7260476350784302,0.718676164150238,0.7378029864483481,0.7367632749583418,0.7005890533421343,61.731111064191076,0.004207528113991166
2018-12-06,0.7266386151313782,0.726374626159668,0.7194193005561829,0.7186931467056275,0.7376918981765375,0.7368090899851645,0.7005772034260904,51.396195057276,0.0036498638747508583
2018-12-07,0.7231180667877197,0.7241129279136658,0.7206479907035828,0.7187452483177185,0.7375468849288875,0.7368975024291098,0.7005929942063271,47.597518628198905,0.0028905120943732987
2018-12-10,0.7184939980506897,0.7228044867515564,0.7181276679039001,0.7186672878265381,0.7373573039649254,0.7367890715524933,0.7005455041005829,43.092452246906475,0.0018937664743785554
2018-12-11,0.7190985083580017,0.7226999998092651,0.7185972929000854,0.7185921227931976,0.7371756244066476,0.736674113136527,0.7005101324498683,43.84079736085519,0.00113948207896164
2018-12-12,0.7212925553321838,0.7233168482780457,0.7203054428100586,0.7186429286003113,0.7370175839183445,0.7367410234823161,0.7005448337183066,46.58623835782055,0.000710556660789563
2018-12-13,0.7221259474754333,0.7246901988983154,0.7212925553321838,0.7188929975032806,0.7368694084313504,0.7368271499127308,0.7009588450938304,47.63344727280089,0.00043288789546336304
2018-12-14,0.7224911451339722,0.7228515148162842,0.71529221534729,0.7191808211803437,0.736726341134859,0.7368681952991429,0.7014934470615444,48.11350971226182,0.0002395405233623915
2018-12-17,0.7175660133361816,0.7187315821647644,0.7170000672340393,0.7194263768196106,0.7365356911070114,0.7366616465756212,0.7021911070636001,42.46022808752762,-0.00030756027367284666
2018-12-18,0.7177205085754395,0.72061687707901,0.7171388864517212,0.7196335136890412,0.7363484753604287,0.7365225237663292,0.7027445036117531,42.687718557141004,-0.0007203711323360285
2018-12-19,0.7188039422035217,0.7202016711235046,0.71708744764328,0.7197797811031341,0.7361739028912057,0.7365068447793675,0.7030527174269008,44.34935930327577,-0.0009491613318138858
2018-12-20,0.7113893628120422,0.7149393558502197,0.7087172269821167,0.7198792827129364,0.7359272905521095,0.7363388859726275,0.7034196794532454,36.54131157116665,-0.0017090726779409593
2018-12-21,0.7115918397903442,0.7123014330863953,0.7072135806083679,0.7198620450496673,0.7356851467634352,0.7363551605560784,0.7033689295432562,36.86818318834022,-0.0022688161938404505
2018-12-24,0.7050197124481201,0.7070136070251465,0.7045577764511108,0.7197467887401581,0.7353800180637804,0.7365759981121042,0.702917579368212,31.242811417353124,-0.0032057784949209855
2018-12-25,0.7052186131477356,0.707764208316803,0.7036307454109192,0.7195803296566009,0.7350799045820287,0.7368197025107518,0.70234095680245,31.583045842016645,-0.003887465957109759
2018-12-26,0.7046124339103699,0.7072135806083679,0.7033288478851318,0.7193943095207215,0.7347767456698728,0.7370782577572151,0.7017103612842278,31.078306773919806,-0.004425606147764105
2018-12-27,0.7074787616729736,0.707764208316803,0.7018036246299744,0.7193218648433686,0.7345051239385604,0.7371733693732399,0.7014703603134973,36.26510840654055,-0.0045681387702313225
2018-12-28,0.7035317420959473,0.7069135904312134,0.7030915021896362,0.7191980361938477,0.734196931084405,0.7374036869559687,0.7009923854317267,32.6241854338398,-0.004942613027366094
2018-12-31,0.7044734358787537,0.707313597202301,0.7036307454109192,0.7190609323978424,0.7339011749132045,0.73760851362753,0.7005133511681548,34.31848720236687,-0.005104557593417436
2019-01-01,0.7041757702827454,0.7110353112220764,0.7015082240104675,0.7189990758895874,0.7336053997427521,0.7377269312991122,0.7002712204800627,34.0272032140531,-0.005197011046348177
2019-01-02,0.7047911882400513,0.704820990562439,0.6984703540802002,0.7189125144481658,0.7333186911705859,0.7378654155397196,0.699959613356612,35.25082975939864,-0.005161127720325287
2019-01-03,0.6918978691101074,0.7019514441490173,0.6919457912445068,0.7186244821548462,0.732906543687397,0.7387605641406196,0.6984884001690728,24.851322692207773,-0.006102724615199451
2019-01-04,0.7006235718727112,0.7112375497817993,0.6994963884353638,0.7184746539592743,0.7325853200872509,0.739036889540166,0.6979124183783827,38.14987479773494,-0.006074828804021992
2019-01-07,0.7123776078224182,0.7143877744674683,0.711551308631897,0.7185267341136933,0.7323842483234216,0.7390120654196659,0.6980414028077206,50.784357394013156,-0.00504610039980069
2019-01-08,0.7145919799804688,0.715103030204773,0.7117893695831299,0.7186919856071472,0.7322072108274719,0.7389072351380296,0.6984767360762648,52.742896548050965,-0.004005966117220927
2019-01-09,0.7163323760032654,0.7194244861602783,0.7143877744674683,0.7188201379776001,0.7320492522720071,0.7388892474694649,0.6987510284857353,54.28279102147165,-0.0030065590493673078
2019-01-10,0.7175660133361816,0.7197869420051575,0.7146430611610413,0.7190051460266114,0.7319051404417999,0.7388482829140495,0.6991620091391733,55.392367248157356,-0.002090875216948951
2019-01-11,0.7187005877494812,0.7234842777252197,0.7182875871658325,0.7189688980579376,0.7317737518577967,0.7388074134254303,0.6991303826904449,56.43949696640162,-0.0012591241105236461
2019-01-14,0.7205129861831665,0.7217194437980652,0.7177205085754395,0.7189825904369355,0.7316617044381487,0.7388244717739304,0.6991407090999405,58.130313156702925,-0.0004485394756170713
2019-01-15,0.7199423909187317,0.7225955128669739,0.7185404896736145,0.7189555871486664,0.7315450943533784,0.7387883099415828,0.6991228643557499,57.37524315120151,0.00014612794631341242
2019-01-16,0.7207674384117126,0.721188485622406,0.7162810564041138,0.7188837456703187,0.7314378539957499,0.7386625206920358,0.6991049706486016,58.22029888763537,0.0006761859493022992
2019-01-17,0.7173087000846863,0.7176175117492676,0.7147452235221863,0.718678115606308,0.7312972653996199,0.738300600543064,0.699055630669552,53.437389891857066,0.0008078569859633067
2019-01-18,0.7190313339233398,0.7205129861831665,0.7168458700180054,0.7185251259803772,0.7311752163302042,0.7380117508662729,0.6990385010944815,55.40250547175173,0.001039229791149121
2019-01-21,0.716383695602417,0.717875063419342,0.7140613198280334,0.7183987998962402,0.7310280370194799,0.7378568300192534,0.698940769773227,51.78503166248752,0.0009974540910798746
2019-01-22,0.7158913612365723,0.7160758972167969,0.7122507095336914,0.718365306854248,0.7308774233300978,0.7378349495671703,0.6988956641413258,51.11664996287496,0.0009140823072421034
2019-01-23,0.7122101187705994,0.7145919799804688,0.7120478749275208,0.7181467282772064,0.7306916790061226,0.7376429958529627,0.6986504607014501,46.304266070678246,0.0005446852735337959
2019-01-24,0.714796245098114,0.7166917324066162,0.7085666060447693,0.7179729676246643,0.73053351548465,0.7374298926710161,0.6985160425783126,49.874499395161536,0.0004553650792503694
2019-01-25,0.7091192603111267,0.7177205085754395,0.7076990604400635,0.7176120138168335,0.7303204383187443,0.7370423721295419,0.698181655504125,43.09987117533188,-7.266935887095816e-05
2019-01-28,0.7179421186447144,0.72061687707901,0.7164350152015686,0.7173349249362946,0.7301972709588037,0.7363299172442783,0.6983399326283108,53.63961806221938,0.00021827434566623616
2019-01-29,0.7165992856025696,0.7176175117492676,0.7139593362808228,0.7170768904685975,0.7300619676219258,0.7357450292132522,0.6984087517239427,52.05905930806724,0.00033661365103665464
2019-01-30,0.7159220576286316,0.72061687707901,0.715103030204773,0.7169621932506561,0.7299212720001019,0.7355858931189727,0.6983384933823396,51.23904106492679,0.00037146969406365304
2019-01-31,0.7254682779312134,0.7294797301292419,0.7246901988983154,0.7169472301006317,0.7298769636014065,0.7355417612124964,0.698352698988767,60.64858891585174,0.001156067134315597
2019-02-01,0.7271669507026672,0.7283851504325867,0.7236937284469604,0.7169901442527771,0.7298499982989316,0.7356704386091085,0.6983098498964456,62.051886147187574,0.0018931123341239253
2019-02-04,0.7249003052711487,0.725426197052002,0.721188485622406,0.7170205581188202,0.7298007476220382,0.7357482048556258,0.6982929113820145,59.027069013447125,0.0022681804495890967
2019-02-05,0.7214018106460571,0.7266914248466492,0.7195487022399902,0.7170015895366668,0.7297171761098394,0.7357091130536147,0.6982940660197189,54.60280160039982,0.002257106832643352
2019-02-06,0.7243752479553223,0.7247952818870544,0.7122710347175598,0.717029869556427,0.729664022595864,0.7357783953248406,0.6982813437880134,57.517304385082205,0.002459906184975935
2019-02-07,0.7109948396682739,0.7119971513748169,0.7091695666313171,0.7166447234153748,0.7294782595816591,0.7350730501498022,0.6982163966809474,43.86876701250066,0.0015233784502585168
2019-02-08,0.709541916847229,0.7101768255233765,0.7061149477958679,0.7161918079853058,0.7292798880121624,0.734168548068325,0.6982150679022866,42.68432482321292,0.0006563685361914429
2019-02-11,0.7101768255233765,0.7107522487640381,0.7060650587081909,0.7156491267681122,0.7290898077883934,0.7326345668731312,0.6986636866630932,43.40344559296972,2.0255266729551913e-05
2019-02-12,0.7063493728637695,0.7099247574806213,0.705566942691803,0.7150623333454132,0.7288635348040687,0.7312294686024844,0.6988951980883421,40.134348034273586,-0.0007836787635778775
2019-02-13,0.7104795575141907,0.7136739492416382,0.709270179271698,0.7145800852775573,0.7286806096569058,0.7297789749693587,0.699381195585756,44.95255207049457,-0.0010751373763084882
2019-02-14,0.7092198729515076,0.7133176326751709,0.7079645991325378,0.7142317104339599,0.7284869704857079,0.7290973179640968,0.6993661029038231,43.79482214382279,-0.0013917235208976697
2019-02-15,0.710328221321106,0.7125044465065002,0.7081601619720459,0.7139759135246276,0.7283062864144183,0.7286564026277453,0.6992954244215099,45.13375051425401,-0.001535485746908094
2019-02-18,0.7145408987998962,0.7160758972167969,0.712550163269043,0.7138968515396118,0.7281693173834279,0.7285204943880972,0.6992732086911264,50.008412975763456,-0.001294567512603595
2019-02-19,0.7132158875465393,0.7150007486343384,0.7104290723800659,0.7137791991233826,0.7280205270367922,0.7283264851967003,0.6992319130500649,48.54740908877586,-0.001196759907503453
2019-02-20,0.7166917324066162,0.7179318070411682,0.7142347097396851,0.7136871826648712,0.7279078027121139,0.7280980551062362,0.6992763102235062,52.47023859968318,-0.0008292163544700859
2019-02-21,0.7170000672340393,0.7208765745162964,0.7077391147613525,0.7135846650600434,0.72779926803074,0.7278223964921062,0.6993469336279805,52.81391759391688,-0.000507208611820742
2019-02-22,0.710883617401123,0.7141836881637573,0.7085163593292236,0.7133525145053864,0.7276309530991021,0.7273743918206963,0.6993306371900765,45.7472612362234,-0.000737065112236146
2019-02-25,0.7159220576286316,0.718442440032959,0.7135212421417236,0.7133196353912353,0.7275144466765103,0.7273088578021687,0.699330412980302,51.503719927080354,-0.0005068256558118378
2019-02-26,0.7174115777015686,0.7184939980506897,0.7142347097396851,0.7133134567737579,0.7274139206170581,0.7272950163731624,0.6993318971743534,53.08842579147538,-0.000201840712272916
2019-02-27,0.719398558139801,0.7196833491325378,0.7129616141319275,0.7133253490924836,0.7273341657665381,0.727326967264875,0.6993237309200921,55.19186063182285,0.0001979133463960725
2019-02-28,0.7148473858833313,0.7165787816047668,0.709723174571991,0.7133945095539093,0.727209919200536,0.7273912568724102,0.6993977622354083,49.69543999380696,0.00014579907165890305
2019-03-01,0.7102777361869812,0.7124029397964478,0.7079645991325378,0.713368227481842,0.7270414397675653,0.7273837133207385,0.6993527416429456,44.86429478902291,-0.00026122318856092175
2019-03-04,0.7100305557250977,0.7100759744644165,0.7076139450073242,0.7134684443473815,0.7268721772397796,0.7273108658617103,0.6996260228330528,44.61165728508349,-0.0005968564698685119
2019-03-05,0.7092198729515076,0.7092198729515076,0.7060152888298035,0.7135484695434571,0.7266965324209909,0.7272416831207306,0.6998552559661836,43.7416681943633,-0.0009176850856538188
2019-03-06,0.7087423801422119,0.7091594934463501,0.7022520899772644,0.7136310684680939,0.72651788413961,0.7271530229058992,0.7001091140302885,43.20719965796977,-0.001196679181547422
2019-03-07,0.7034822702407837,0.7053181529045105,0.7023606300354004,0.7135511386394501,0.7262886740510645,0.7272673814237791,0.699834895855121,37.73695972040904,-0.0018212368364890485
2019-03-08,0.7023458480834961,0.7053181529045105,0.7003880143165588,0.7135274207592011,0.7260504369767603,0.7273182776087813,0.6997365639096208,36.6571710648725,-0.002380462557762697
2019-03-11,0.7039278745651245,0.7067137956619263,0.7027110457420349,0.7135165095329284,0.7258303119776396,0.7273374354509428,0.6996955836149141,39.262643469781864,-0.0026652730467472407
2019-03-12,0.7073386311531067,0.7093204259872437,0.706189751625061,0.7135797667503357,0.725646315153515,0.72725437338152,0.6999051601191515,44.55749211850055,-0.0025859585391126982
2019-03-13,0.7064142823219299,0.7088679671287537,0.7050197124481201,0.7136122286319733,0.7254549516427529,0.7272091655049523,0.7000152917589942,43.45194628701708,-0.0025680851588192333
2019-03-14,0.7087172269821167,0.7087172269821167,0.7042253613471985,0.7139486157894135,0.7252884071187664,0.7261092055198027,0.7017880260590242,46.981469082659,-0.0023411051853114984
2019-03-15,0.706813633441925,0.709723174571991,0.706763744354248,0.7140724170207977,0.725104578524967,0.7257975483666882,0.7023472856749072,44.508510764975746,-0.002288446227105001
2019-03-18,0.7082905769348145,0.7121999859809875,0.7063643336296082,0.7139906764030457,0.7249372750265576,0.725820549890187,0.7021608029159044,46.84626231216347,-0.002103291195150292
2019-03-19,0.7099751830101013,0.7113893628120422,0.7092801928520203,0.7138983404636383,0.7247883984890805,0.7257810106859613,0.7020156702413153,49.4615132871682,-0.0017998730507736704
2019-03-20,0.7089684009552002,0.7103786468505859,0.7058209180831909,0.713751060962677,0.7246309855782955,0.725692991529028,0.7018091303963261,47.94331190577694,-0.0016219540069861704
2019-03-21,0.7135212421417236,0.716794490814209,0.7103180885314941,0.7136701655387878,0.7245204408674839,0.7255613066276088,0.7017790244499669,54.7129809349157,-0.0011008853280910502
2019-03-22,0.710782527923584,0.7115918397903442,0.7076289653778076,0.7135118043422699,0.7243837452163008,0.7253402378672781,0.7016833708172617,50.46186365595482,-0.0008985678639867878
2019-03-25,0.7083156108856201,0.7117944359779358,0.7066138982772827,0.713267856836319,0.7242238632826622,0.7250097351263073,0.7015259785463307,46.92506676740263,-0.0009266080434123802
2019-03-26,0.7116121053695679,0.714796245098114,0.7113893628120422,0.7131012511253357,0.7240983731541737,0.7246920026472464,0.701510499603425,51.78785930478122,-0.0006750489881925947
2019-03-27,0.713699460029602,0.7139797210693359,0.7069635987281799,0.7129598915576935,0.7239949013817899,0.7243395042993485,0.7015802788160385,54.62291413574008,-0.0003037530718985604
2019-03-28,0.7084510922431946,0.710782527923584,0.7071635127067566,0.7127827394008637,0.7238402366142417,0.7241618069056394,0.701403671896088,47.12010355157294,-0.00042806335324041545
2019-03-29,0.7083156108856201,0.7104795575141907,0.707679033279419,0.7125684249401093,0.7236857627263946,0.7238705204327176,0.701266329447501,46.940861406232926,-0.0005313868631211527
2019-04-01,0.7113893628120422,0.7132158875465393,0.7109341621398926,0.7124685382843018,0.723563410488441,0.7237211759650876,0.701215900603516,51.45288422981802,-0.00036108305635451643
2019-04-02,0.710989773273468,0.7115918397903442,0.7054175734519958,0.7123705065250396,0.7234382996703815,0.7235867783735375,0.7011542346765418,50.847528137875564,-0.000255415329841191
2019-04-03,0.7058408260345459,0.7127075791358948,0.7055171132087708,0.7122431206703186,0.723263200430224,0.7236104849259579,0.7008757564146793,43.71108521089283,-0.0005804587388990035
2019-04-04,0.7117488384246826,0.7129108309745789,0.7098743319511414,0.71218217253685,0.7231486296639997,0.7235263179146519,0.7008380271590481,52.030369476410726,-0.000357213028390313
2019-04-05,0.7110353112220764,0.7132158875465393,0.7093104124069214,0.712220493555069,0.7230280991322393,0.7235353148099689,0.7009056723001691,51.04906295768882,-0.00023515416562536195
2019-04-08,0.7101768255233765,0.7129108309745789,0.7088679671287537,0.7120651876926423,0.722900225762997,0.7232721172005222,0.7008582581847623,49.831315204641,-0.0002053273725790561
2019-04-09,0.7121593952178955,0.7155122756958008,0.7121492624282837,0.7119763898849487,0.7227933518272247,0.7231067808011348,0.7008459989687627,52.640966815743134,-2.1465181625934804e-05
2019-04-10,0.7129108309745789,0.7160297632217407,0.7110605239868164,0.7119161653518676,0.7226950182864023,0.72299186834366,0.7008404623600752,53.69937856708607,0.00018277460306292959
2019-04-11,0.7166917324066162,0.7168973088264465,0.7126314043998718,0.7117406344413757,0.7226352840985437,0.7222007741003476,0.7012804947824038,58.70067874180559,0.0006423189975762744
2019-04-12,0.7122507095336914,0.7192174792289734,0.7116677761077881,0.7114423096179963,0.722531954998396,0.7209104816452562,0.7019741375907363,51.644172038579626,0.000640771396604678
2019-04-15,0.7173087000846863,0.7181999087333679,0.7164812088012695,0.711290477514267,0.7224799823126873,0.7200982254464846,0.7024827295820494,57.857778553253745,0.001035743076303497
2019-04-16,0.7176175117492676,0.7180812358856201,0.7140816450119019,0.7112147915363312,0.7224315995210114,0.7197280085148225,0.7027015745578398,58.21084696091095,0.0013580250313468545
2019-04-17,0.7164915204048157,0.7205649614334106,0.7157222628593445,0.711057116985321,0.7223724942561737,0.7188357914797123,0.7032784424909297,56.35682864889989,0.0015052263984890457
2019-04-18,0.7174115777015686,0.7194193005561829,0.7147452235221863,0.7111854517459869,0.7223231319023965,0.7191689657228969,0.7032019377690769,57.546662830587934,0.0016767964118200585
2019-04-19,0.714796245098114,0.7161784768104553,0.7145919799804688,0.7112905383110046,0.722248237506334,0.7193239203535082,0.703257156268501,53.113894599411715,0.0015834780503444223
2019-04-22,0.715103030204773,0.7152052521705627,0.7129006385803223,0.7113890624046326,0.7221771409162687,0.7194872653782105,0.7032908594310547,53.56573543718549,0.0015167929260687663
2019-04-23,0.7137249112129211,0.7134194374084473,0.708165168762207,0.7115365731716156,0.7220930391281757,0.7195280771670387,0.7035450691761924,51.179703695757645,0.0013373259384564795
2019-04-24,0.7096678018569946,0.7099298238754272,0.7022964954376221,0.7115203380584717,0.7219694049264723,0.7195238960046065,0.7035167801123369,44.846385986686855,0.000857833666909058
2019-04-25,0.7014589905738831,0.7024939060211182,0.6990073919296265,0.7113651204109191,0.721765321201571,0.7198380374572505,0.7028922033645878,35.32217191023548,-0.00018244674696643592
2019-04-26,0.7017790079116821,0.7060800194740295,0.7008199691772461,0.7111941361427307,0.7215664524126169,0.7200870963130295,0.702301175972432,35.89375576324258,-0.0009698736454550883
2019-04-29,0.7044287323951721,0.7064142823219299,0.7039774656295776,0.7109918928146363,0.7213959278353288,0.720032900622059,0.7019508850072135,40.57644210835386,-0.0013643768276910828
2019-04-30,0.7055171132087708,0.706763744354248,0.7032595872879028,0.7108379173278808,0.7212379296798407,0.7199859268505071,0.7016899078052545,42.43641830239012,-0.0015710896625155124
2019-05-01,0.705129086971283,0.7064142823219299,0.7035911083221436,0.7106066644191742,0.7210776426877157,0.7197352432519205,0.7014780855864279,41.932495119339045,-0.0017460936670065097
2019-05-02,0.7014589905738831,0.7029876708984375,0.6995893716812134,0.710295842885971,0.7208824322189213,0.7195926625831205,0.7009990231888216,37.407804410130396,-0.002156077785793298
2019-05-03,0.6995453238487244,0.7024939060211182,0.6987290382385254,0.7100690770149231,0.7206701226828995,0.7198480007676157,0.7002901532622304,35.27069977474349,-0.002605376902111378
2019-05-06,0.69733065366745,0.7000986933708191,0.6963497400283813,0.7096972489356994,0.7204378891603577,0.7199691931940121,0.6994253046773867,32.9262885926851,-0.0031043698207857684
2019-05-07,0.6992518305778503,0.7048706412315369,0.6989585757255554,0.7093340539932251,0.7202270826072978,0.7197754654386413,0.6988926425478089,36.8477803889123,-0.0033066849770853057
2019-05-08,0.7008494734764099,0.7026913166046143,0.6995453238487244,0.7089630722999573,0.7200342705761448,0.7192620523798572,0.6986640922200573,39.98988383190993,-0.0033000636862430266
2019-05-09,0.6994963884353638,0.699594259262085,0.6965388655662537,0.7086560523509979,0.7198299135399182,0.7191524075220724,0.6981596971799234,38.25393072619481,-0.0033652069096693493
2019-05-10,0.6987094879150391,0.7019021511077881,0.6986020803451538,0.7084246873855591,0.7196197600511135,0.7192790209647812,0.6975703538063369,37.241433915038805,-0.0034406678024689885
2019-05-13,0.6985093951225281,0.6987143754959106,0.6944878101348877,0.7081942641735077,0.7194097066687395,0.7193931427378285,0.696995385609187,36.97345297591777,-0.0034765415132961275
2019-05-14,0.6945891380310059,0.6959426403045654,0.6935774683952332,0.7079016494750977,0.7191627358365231,0.7197375985523691,0.6960657003978263,32.09986798808846,-0.003777756051720371
2019-05-15,0.6939143538475037,0.6938180923461914,0.6915485858917236,0.7076050889492035,0.7189115081550402,0.7200808251157783,0.6951293527826287,31.33424873235377,-0.004024527934905042
2019-05-16,0.6927126049995422,0.6933370232582092,0.6900835037231445,0.7073896956443787,0.7186508225515029,0.7205111304940562,0.6942682607947012,29.96356702297564,-0.004267870168178867
2019-05-17,0.6893223524093628,0.6898930668830872,0.6871435642242432,0.707129225730896,0.7183589969779492,0.7211458453351985,0.6931126061265934,26.448587212335497,-0.004680333718043883
2019-05-20,0.690321683883667,0.6934812664985657,0.6900597214698792,0.7068571019172668,0.718080018738205,0.7216350395630738,0.6920791642714598,29.089195180012993,-0.004870433034454669
2019-05-21,0.6920607089996338,0.692520797252655,0.6867188811302185,0.7065515434741974,0.7178211201338411,0.7219092623415018,0.6911938246068929,33.55940005146178,-0.004825142084677103
2019-05-23,0.6877579092979431,0.6897978782653809,0.686568021774292,0.7061784160137177,0.7175219837076132,0.7224302601608215,0.6899265718666139,28.732974997357857,-0.005077913629177977
2019-05-24,0.689959704875946,0.6923769116401672,0.68822181224823,0.7058032655715942,0.7172477321769499,0.7226702457638007,0.6889362853793878,33.966410014759404,-0.005042444238969823
2019-05-27,0.6932889819145203,0.6940106749534607,0.6915629506111145,0.7055327725410462,0.7170093366519507,0.7227634810867486,0.6883020639953438,41.01928031534783,-0.0046916077251715205
2019-05-28,0.6919936537742615,0.6935774683952332,0.6917064189910889,0.7052068340778351,0.7167604243845109,0.722836545990253,0.6875771221654172,39.262205597558605,-0.004466601217285593
2019-05-29,0.6926167011260986,0.6932889819145203,0.6905600428581238,0.704859664440155,0.7165201883321883,0.72278725245927,0.68693207642104,40.58063279459902,-0.004189710845806327
2019-05-30,0.691840410232544,0.6937218308448792,0.6901311278343201,0.7045171046257019,0.7162746184008485,0.7227757507795313,0.6862584584718726,39.43212116728034,-0.003986954291616884
2019-05-31,0.6906077861785889,0.6943962574005127,0.6902502179145813,0.7040588355064392,0.716019227035453,0.7225438577285563,0.6855738132843221,37.61186592331611,-0.003880993049286907
2019-06-03,0.6929622888565063,0.6966699361801147,0.6928422451019287,0.7037024307250976,0.7157898047650157,0.722344824062929,0.6850600373872663,43.02239317559748,-0.0035659235654704746
2019-06-04,0.6972042322158813,0.699349582195282,0.6964418292045593,0.7034802031517029,0.7156048736948751,0.7221630044922408,0.684797401811165,51.228773320778075,-0.002940048305145937
2019-06-05,0.6991393566131592,0.7008199691772461,0.69730144739151,0.7032307481765747,0.7154410377040124,0.7218031224017338,0.6846583739514156,54.45168530908716,-0.0022618164734262702
2019-06-06,0.6971070170402527,0.6992518305778503,0.6964758634567261,0.7028988993167877,0.7152586096377063,0.7212999424444583,0.6844978561891172,50.66495401789702,-0.00186678652591854
2019-06-07,0.6975446939468384,0.7021682858467102,0.6964806914329529,0.7026807713508606,0.7150823517701353,0.7210717450323095,0.6842897976694117,51.448026729209865,-0.001501101810668648
2019-06-10,0.6995893716812134,0.7000839710235596,0.6960395574569702,0.7025062465667724,0.7149281927642754,0.7208445066137196,0.6841679865198252,55.038435422800106,-0.0010343819232074836
2019-06-11,0.6961122155189514,0.6966213583946228,0.6948304176330566,0.7022007036209107,0.7147409691100931,0.7204436902592387,0.6839577169825827,48.47356745618204,-0.0009343103442862599
2019-06-12,0.6960880160331726,0.6962818503379822,0.6942515969276428,0.7019026684761047,0.7145553675869396,0.7200462147735154,0.6837591221786941,48.43027188746958,-0.0008471897175663656
2019-06-13,0.6930487751960754,0.6938180923461914,0.6902406811714172,0.7016468274593354,0.7143413716427519,0.7199239815828786,0.6833696733357921,43.210286651413725,-0.0010117247951175745
2019-06-14,0.6913239359855652,0.6916107535362244,0.6871435642242432,0.701238329410553,0.7141123424322325,0.7195069237959565,0.6829697350251495,40.53973226228125,-0.0012666984277114324
2019-06-17,0.6878904104232788,0.6885156035423279,0.6851004362106323,0.700775431394577,0.7138514276858747,0.7192030199288112,0.6823478428603428,35.79691653712804,-0.0017259282596101544
2019-06-18,0.6854009628295898,0.6880891919136047,0.683312177658081,0.7002799141407013,0.7135683384833247,0.7190056847489423,0.6815541435324604,32.800619860649945,-0.002264643425869406
2019-06-19,0.6880418062210083,0.6887052059173584,0.6856359243392944,0.6997975623607635,0.713314343137431,0.718516827766937,0.68107829695459,38.66561369639645,-0.0024502402408498325
2019-06-20,0.688548743724823,0.6934956908226013,0.6884017586708069,0.6993103206157685,0.7130679192626787,0.7179042440769006,0.6807163971546364,39.75263193356741,-0.0025272884261757778
2019-06-21,0.6922379732131958,0.6938180923461914,0.6904169917106628,0.6988212454319,0.7128606561179077,0.7168262022748496,0.6808162885889505,47.100335940334915,-0.0022645552967897054
2019-06-24,0.6944299936294556,0.697009801864624,0.6944396495819092,0.6984648311138153,0.7126772664414057,0.7160861709057076,0.680843491321923,50.92969375690433,-0.0018580413269218
2019-06-25,0.696567952632904,0.6976906061172485,0.6954103112220764,0.6980500161647797,0.712516974761719,0.7148165291334717,0.6812835031960877,54.39710171469844,-0.0013478237795773174
2019-06-26,0.6961848735809326,0.6994963884353638,0.6956812143325806,0.697621363401413,0.7123544662922584,0.7134135732832614,0.6818291535195646,53.66536644821165,-0.0009632798844695367
2019-06-27,0.6986606121063232,0.700721800327301,0.6985386610031128,0.6972647452354431,0.7122182090366769,0.7120936017573074,0.6824358887135789,57.63195959715686,-0.00045352669528597733
2019-06-28,0.7003781795501709,0.7019021511077881,0.6998880505561829,0.6969240772724151,0.7121003977980052,0.7106017350774912,0.683246419467339,60.17890056582746,8.803490652142809e-05
2019-07-01,0.702331006526947,0.7024939060211182,0.6960880160331726,0.6966747725009919,0.7120031899246613,0.7094472630764346,0.6839022819255491,62.909030616659,0.0006671131293722876
2019-07-02,0.6964758634567261,0.7002801299095154,0.696247935295105,0.6963022291660309,0.7118486891637863,0.7079147550241318,0.68468970330793,51.50672978847255,0.0006461275248148546
2019-07-03,0.699594259262085,0.7038784027099609,0.6986167430877686,0.6960196161270141,0.7117267545378987,0.7065376895007497,0.6855015427532786,56.073265234231435,0.0008710834541524326
2019-07-04,0.7031310796737671,0.7050197124481201,0.7016804814338684,0.6958888816833496,0.7116412254347729,0.7058629756461339,0.6859147877205654,60.6045174773499,0.001319543620187491
2019-07-05,0.702538251876831,0.7029876708984375,0.6958893537521362,0.6959104669094086,0.7115506485834502,0.7059382892540588,0.6858826445647584,59.49666439740118,0.0016085726596880567
2019-07-08,0.6982752084732056,0.699594259262085,0.6968398094177246,0.695840390920639,0.711418554652005,0.7057490869732103,0.6859316948680677,52.11855014336318,0.0014766167620310355
2019-07-09,0.6973987221717834,0.6976906061172485,0.692228376865387,0.6956997907161713,0.7112790538313062,0.7053059665359781,0.6860936148963644,50.72574221531572,0.0012864858351261388
2019-07-10,0.6927126049995422,0.6964758634567261,0.6911184191703796,0.6954437005519867,0.7110943130469105,0.7046562801017339,0.6862311210022395,43.961433178654815,0.0007490407380830177
2019-07-11,0.6961848735809326,0.6989096999168396,0.6955118179321289,0.6952648162841797,0.7109459604154083,0.7040470804955969,0.6864825520727624,49.35096517622099,0.0005964195290795171
2019-07-12,0.6972576975822449,0.7009673714637756,0.6972382664680481,0.6951807904243469,0.7108097587951777,0.7038000416859262,0.6865615391627675,50.921526628039885,0.0005556291058443907
2019-07-15,0.7017790079116821,0.7039774656295776,0.7012819647789001,0.695225464105606,0.7107199005774315,0.7039594386591934,0.6864914895520187,56.97647285856167,0.0008780131696939364
2019-07-16,0.7040022611618042,0.7045230269432068,0.7018036246299744,0.6953588962554932,0.7106530583941914,0.7044217986713925,0.6862959938395938,59.61492626009476,0.0012979409642331907
2019-07-17,0.701655924320221,0.7022964954376221,0.6997215151786804,0.6954069781303406,0.7105635346720622,0.7045790318870773,0.6862349243736039,55.73053694039161,0.001424980702344425
2019-07-18,0.7010164856910706,0.7045230269432068,0.7006726861000061,0.6954103183746337,0.7104685391598136,0.7045905800113261,0.6862300567379414,54.68478792374167,0.0014572648150367185
2019-07-19,0.7067188024520874,0.7079144716262817,0.7042253613471985,0.6955547666549683,0.7104312283468013,0.7052123250731247,0.6858972082368119,61.604009873867525,0.001920837296628508
2019-07-22,0.7043097019195557,0.7058159112930298,0.7032200694084167,0.6956667709350586,0.7103703176360824,0.7055996382530526,0.6857339036170645,57.60233670865517,0.0020699662662589935
2019-07-23,0.7031854391098022,0.7036802172660828,0.699682354927063,0.695760291814804,0.7102988263074627,0.7058885317943696,0.6856320518352385,55.78129931598245,0.0020735310608751556
2019-07-24,0.6997410655021667,0.6996921300888062,0.6973987221717834,0.6958633303642273,0.7101937739611413,0.7060476094180147,0.6856790513104399,50.51257624014539,0.0017779291613370107
2019-07-25,0.697934091091156,0.6987143754959106,0.6952024102210999,0.6959437251091003,0.7100717870669125,0.7061286709341756,0.685758779284025,47.95361039097807,0.0013819248236542903
2019-07-26,0.6952168941497803,0.6957005858421326,0.6904503703117371,0.6959938108921051,0.7099239771871401,0.7061384524038796,0.6858491693803306,44.317832992163126,0.0008391601327258913
2019-07-29,0.6906220316886902,0.6918021440505981,0.6897217631340027,0.6960198044776916,0.7097319180279515,0.7061011362850709,0.6859384726703124,38.941080388639676,3.7812328034458886e-05
2019-07-30,0.6899406909942627,0.6910849809646606,0.6869499683380127,0.6960121846199036,0.7095349903957755,0.7061116550614949,0.6859127141783122,38.200976814131984,-0.0006448071450317894
2019-07-31,0.6875215172767639,0.6900835037231445,0.6863512396812439,0.6959214007854462,0.709315950862253,0.7062449686362384,0.6855978329346539,35.6128883692696,-0.0013652572607101288
2019-08-01,0.6846501231193542,0.6865397095680237,0.6831534504890442,0.6958592450618744,0.7090705197404331,0.7064181665884063,0.6853003235353424,32.77462424905221,-0.002143211076026774
2019-08-02,0.6803507804870605,0.6819886565208435,0.6765213012695312,0.6956670665740967,0.7087847511906483,0.7069866319443391,0.6843475012038543,29.04236718350579,-0.0030712624965744117
2019-08-05,0.6793016791343689,0.6805036067962646,0.6749915480613708,0.6953873205184936,0.7084913872895907,0.7076026724810442,0.683171968555943,28.198526771892148,-0.0038470571647785112
2019-08-06,0.6763520240783691,0.6799945831298828,0.6763108372688293,0.6950744879245758,0.7081715926307726,0.7083956814536301,0.6817532943955216,25.91832293540709,-0.004646332511402451
2019-08-07,0.6763017177581787,0.6782788038253784,0.6678510308265686,0.6947481882572174,0.7078544794479606,0.7090763153656953,0.6804200611487395,25.879886277400175,-0.0052236087713493085
2019-08-08,0.6758126616477966,0.6821282505989075,0.6750826835632324,0.6944276332855225,0.7075356553902475,0.709706878229713,0.679148388341332,25.484218337095015,-0.005655375459356904
2019-08-09,0.6811710596084595,0.6818538308143616,0.679347813129425,0.6942388987541199,0.7072733211038617,0.7099380920828281,0.6785397054254118,36.87227447896018,-0.0055017549307702085
2019-08-12,0.6776812076568604,0.6795417070388794,0.6746181845664978,0.693933277130127,0.7069788722138418,0.7103140757317948,0.6775524785284591,33.30254367813525,-0.0055970916531644654
2019-08-13,0.6755889058113098,0.6817561984062195,0.6748549342155457,0.6935009706020355,0.7066665342396873,0.7106522108376596,0.6763497303664114,31.343326231533013,-0.005774908415902891
2019-08-14,0.6797772645950317,0.6805081963539124,0.673681914806366,0.693113728761673,0.7063989793178499,0.7106160846554704,0.6756113728678755,39.07075881402287,-0.00551429853027674
2019-08-15,0.6754018664360046,0.6788405776023865,0.6754474639892578,0.692679625749588,0.706090550333951,0.7108419642261227,0.6745172872730533,34.67954806625258,-0.005596310598038667
2019-08-16,0.6772773265838623,0.6795786619186401,0.6771397590637207,0.6922742784023285,0.705803851590169,0.710892375171275,0.6736561816333819,37.90128440886772,-0.005447180091207815
2019-08-19,0.6786608695983887,0.6791171431541443,0.6768189668655396,0.691855708360672,0.7055337721673652,0.710741649519877,0.6729697672014671,40.242818213189885,-0.005157895720410033
2019-08-20,0.6755843758583069,0.6795324683189392,0.6756619811058044,0.6914451515674591,0.7052357682239916,0.7108390819017443,0.672051221233174,36.91001205843644,-0.0051178872869948044
2019-08-21,0.6775205135345459,0.6799945831298828,0.6773691177368164,0.6910738015174865,0.7049599945454896,0.7108128539730983,0.6713347490618747,40.262985149428495,-0.004873768417274382
2019-08-22,0.678499698638916,0.6785181164741516,0.6751738786697388,0.6907828199863434,0.7046967080190562,0.7108295895458419,0.6707360504268449,41.943467526141006,-0.004548854041876771
2019-08-23,0.6755843758583069,0.6776904463768005,0.6737409830093384,0.6904680287837982,0.704407033072183,0.710969276335745,0.6699667812318514,38.47325620779837,-0.004475014065965621
2019-08-26,0.6708078384399414,0.6788405776023865,0.6709113121032715,0.6901263773441315,0.7040727127275835,0.7113592586306566,0.6688934960576064,33.57226961765534,-0.004747199245665912
2019-08-27,0.6769564151763916,0.6776904463768005,0.6747638583183289,0.6899574863910675,0.7038028988216015,0.7114761995346872,0.6684387732474477,43.5422486103065,-0.00441586585197451
2019-08-28,0.6754383444786072,0.6760868430137634,0.6735684871673584,0.6897054171562195,0.7035206644500294,0.7116075792795341,0.6678032550329048,41.871299024531694,-0.0042270505609913744
2019-08-29,0.6739588975906372,0.6754931211471558,0.6718082427978516,0.6894136202335358,0.703226517516105,0.7117628709762679,0.6670643694908037,40.25018903221113,-0.004148965391757353
2019-08-30,0.673582136631012,0.674081563949585,0.6707807779312134,0.689040503501892,0.7029315485520743,0.7118161411409603,0.6662648658628239,39.82729837087747,-0.0040705609010539545
2019-09-02,0.672766387462616,0.673582136631012,0.6710508465766907,0.6886072313785553,0.7026313976954628,0.7117850752469373,0.6654293875101732,38.87492945304056,-0.004027818730590771
2019-09-03,0.6712490320205688,0.6759039759635925,0.6688963174819946,0.6881008529663086,0.702319135350439,0.7116717889187103,0.664529917013907,37.09792172624427,-0.004069472806310315
2019-09-04,0.6763977408409119,0.6799945831298828,0.675995409488678,0.6877051103115082,0.7020612110269612,0.7113862340216862,0.6640239866013301,46.101090099932165,-0.003645008796703708
2019-09-05,0.6799945831298828,0.6830134391784668,0.6797172427177429,0.6873317897319794,0.7018416425901743,0.7108962166475096,0.6637673628164492,51.340754765008164,-0.0029839853724306087
2019-09-06,0.6811803579330444,0.6862005591392517,0.6807815432548523,0.6869478332996368,0.7016360576682129,0.7102689594723333,0.6636267071269404,52.96412740542339,-0.002337492273703168
2019-09-09,0.6846688985824585,0.6877105832099915,0.6839103102684021,0.6865945911407471,0.7014672302146233,0.7094959419017429,0.6636932403797512,57.460586112959135,-0.0015260543551036676
2019-09-10,0.6865302920341492,0.6870018839836121,0.6849690079689026,0.6863956797122955,0.7013186039640713,0.7091187986969408,0.6636725607276502,59.675657737284304,-0.0007244342363497136
2019-09-11,0.6858522295951843,0.6884918212890625,0.6849408745765686,0.6861208391189575,0.701164709691744,0.7085225202495536,0.6637191579883613,58.48104380216175,-0.0001422190759174935
2019-09-12,0.6873797178268433,0.6894649863243103,0.6863417625427246,0.6858058118820191,0.7010275455935857,0.7076676358867328,0.6639439878773054,60.40402176701155,0.00043740404633030305
2019-09-13,0.6863889098167419,0.6891798973083496,0.6860122084617615,0.6854828250408173,0.7008818875261544,0.7068061981572219,0.6641594519244126,58.51097418795221,0.000807501249036835
2019-09-16,0.6879944801330566,0.6886103749275208,0.6854619979858398,0.6852772104740142,0.7007536546167704,0.706293153737611,0.6642612672104174,60.66240781557259,0.00121634083480604
2019-09-17,0.686294674873352,0.6867188811302185,0.6831067800521851,0.6850551295280457,0.7006097841715623,0.7057809275379519,0.6643293315181396,57.27612766236054,0.001387198314793392
2019-09-18,0.6866245269775391,0.6866387128829956,0.6829621195793152,0.6849333679676056,0.700470627383562,0.7055467753292193,0.664319960605992,57.768781227011246,0.0015315654733534245
2019-09-19,0.6825705766677856,0.6823516488075256,0.6781499981880188,0.6846610820293426,0.7002925174261911,0.7050260345563519,0.6642961295023333,50.11948520639368,0.0013038278609246445
2019-09-20,0.6792786121368408,0.6811061501502991,0.6767273545265198,0.6843015003204346,0.7000834238412226,0.70439168398996,0.6642113166509092,44.9181855259749,0.0008479356622692613
2019-09-23,0.6769014596939087,0.678380012512207,0.6766357421875,0.6838039493560791,0.699852757531299,0.7033523385272294,0.6642555601849288,41.56384205474145,0.0002914616859689412
2019-09-24,0.6775985956192017,0.6806888580322266,0.6766357421875,0.6832758760452271,0.6996313230844126,0.7020066226861621,0.6645451294042921,42.91028608914561,-9.223171664718421e-05
2019-09-25,0.6799483299255371,0.6803183555603027,0.6740361452102661,0.6828417241573334,0.6994354724062147,0.7008249876909275,0.6648584606237392,47.316515651424815,-0.0002043519396541793
2019-09-26,0.6755387783050537,0.6780120730400085,0.6747638583183289,0.682332170009613,0.6991976943554569,0.6996447852979506,0.6650195547212754,40.93194125242787,-0.0006416257258133884
2019-09-27,0.6754018664360046,0.6779661178588867,0.6744452714920044,0.6817058312892914,0.6989609199482981,0.6976274702563141,0.6657841923222687,40.74809370364198,-0.000987828918474043
2019-09-30,0.6760868430137634,0.6768189668655396,0.6741724610328674,0.6811413741111756,0.6987333171927307,0.6957381732069746,0.6665445750153766,42.14810769613531,-0.0011931714202703114
2019-10-01,0.6753106117248535,0.6760091185569763,0.6673785448074341,0.6805838775634766,0.6985002554467817,0.6938090299460269,0.6673587251809263,40.966802210727145,-0.001402376486943857
2019-10-02,0.6708707809448242,0.6720881462097168,0.6671558618545532,0.6800064718723298,0.6982253353024838,0.6923063260608869,0.6677066176837726,34.935500366437125,-0.001904476627195284
2019-10-03,0.6709608435630798,0.6754018664360046,0.6704210042953491,0.6794670069217682,0.6979540468274648,0.690892475425508,0.6680415384180284,35.14408936277806,-0.002268972008247161
2019-10-04,0.6745316982269287,0.6769564151763916,0.6744179725646973,0.6790533030033111,0.6977209886324346,0.6896165124591724,0.6684900935474498,42.95303079747254,-0.002243833578527754
2019-10-07,0.6764526963233948,0.6765899658203125,0.673278272151947,0.6787699162960052,0.6975093638333396,0.6888138375849496,0.6687259950070609,46.67291877418798,-0.0020453254611830785
2019-10-08,0.6732510924339294,0.6759039759635925,0.6724904179573059,0.6784361243247986,0.6972679879985195,0.688065521078219,0.6688067275713783,41.78279228371703,-0.0021218892070250517
2019-10-09,0.6728116869926453,0.6749551296234131,0.6726577877998352,0.6781419277191162,0.6970246417198541,0.6875342695867777,0.6687495858514547,41.14561366963096,-0.002192746260114453
2019-10-10,0.6718172430992126,0.6770939230918884,0.6714383959770203,0.6778852701187134,0.6967738218330816,0.6872530325659422,0.6685175076714845,39.67113696173726,-0.0023026013415253788
2019-10-11,0.6763200163841248,0.6811061501502991,0.6760319471359253,0.6778046548366546,0.6965703013808532,0.6871551748886401,0.6684541347846692,48.64503778112002,-0.00200323407669456
2019-10-14,0.679638683795929,0.6801009178161621,0.6751738786697388,0.6778113949298858,0.696401827574038,0.6871668040091922,0.6684559858505795,54.068036134312166,-0.00148112119445587
2019-10-15,0.6775398254394531,0.6789327263832092,0.6744089126586914,0.6778351509571076,0.6962141459607586,0.6871814624090457,0.6684888395051695,50.44027574900107,-0.0012226098172132271
2019-10-16,0.6753197908401489,0.6755889058113098,0.6724298596382141,0.6778155124187469,0.6960062419297077,0.6871790856641797,0.6684519391733141,46.85888854530051,-0.0011832363151332848
2019-10-17,0.6756391525268555,0.6835998892784119,0.6754401922225952,0.6778120422363281,0.6958035843237091,0.6871787732110052,0.668445311261651,47.437066033257494,-0.0011134278092634897
2019-10-18,0.6825472712516785,0.6852999329566956,0.682400107383728,0.6778395664691925,0.6956716807110521,0.6872545489669858,0.6684245839713993,58.06539062000017,-0.0004949709014393511
2019-10-21,0.6847720146179199,0.6882999539375305,0.6848705410957336,0.6779813826084137,0.6955632263220658,0.6875980831670301,0.6683646820497973,60.81345554875174,0.00017268820828197917
2019-10-22,0.6870585680007935,0.6883686184883118,0.6850999593734741,0.6782107758522034,0.6954786028561825,0.6881367536200104,0.6682847980843963,63.463581237783615,0.0008762181144377212
2019-10-23,0.6861298680305481,0.6862999200820923,0.683461606502533,0.6783378279209137,0.6953855806191115,0.6885053339742241,0.6681703218676033,61.640221077582346,0.0013433470391334135
2019-10-24,0.6850300431251526,0.6859999895095825,0.6813799142837524,0.6785303914546966,0.6952825404450422,0.6888347180107823,0.6682260648986109,59.46142782790679,0.0016062871211383056
2019-10-25,0.6816632747650146,0.6836204528808594,0.6811001300811768,0.6786181104183197,0.6951470253636489,0.6889535244377458,0.6682826963988935,53.255705412051476,0.0015254149273574713
2019-10-28,0.682400107383728,0.6839804649353027,0.6811599731445312,0.6786928951740265,0.6950201903588736,0.6890835370621881,0.668302253285865,54.37791110591292,0.001503448546516517
2019-10-29,0.6839599013328552,0.6872998476028442,0.6839804649353027,0.6788604056835175,0.694910137731749,0.6893163466717869,0.6684044646952481,56.74525155979783,0.0015935331096453842
2019-10-30,0.6855888962745667,0.6878000497817993,0.6850019097328186,0.6790217733383179,0.6948173890605333,0.6896410757388344,0.6684024709378015,59.1304400377321,0.0017759005762828517
2019-10-31,0.6897883415222168,0.6932000517845154,0.6889092326164246,0.6792475461959839,0.6947673487865201,0.6902930001758285,0.6682020922161394,64.55647611560289,0.002233541368175773
2019-11-01,0.6892986297607422,0.6920602321624756,0.6884501576423645,0.6795218312740325,0.6947129336718357,0.6908728862661105,0.6681707762819545,63.497772249853206,0.002527573057567567
2019-11-04,0.6917997598648071,0.6927001476287842,0.689480185508728,0.6799416697025299,0.6946839468677857,0.6915276205531068,0.668355718851953,66.51791588618332,0.0029286558645941208
2019-11-05,0.6890279054641724,0.6928998231887817,0.6878799796104431,0.6801830995082855,0.6946276678488442,0.6920156149577137,0.6683505840588573,60.53975372233944,0.002988402945095947
2019-11-06,0.6890848875045776,0.6909999847412109,0.6876699328422546,0.680456030368805,0.6945725158056176,0.6924699941297529,0.6684420666078571,60.61811073500739,0.003005703037657126
2019-11-07,0.6877300143241882,0.6912999749183655,0.6862617135047913,0.6807314527034759,0.6945044312137626,0.6927688534990201,0.6686940519079317,57.685013820932525,0.002876923163733447
2019-11-08,0.6860997080802917,0.6868999600410461,0.6848611235618591,0.6809818041324616,0.6944208021278574,0.6929326716546086,0.6690309366103145,54.28147369323416,0.0026131888822148452
2019-11-11,0.6858004927635193,0.6866000294685364,0.6847800016403198,0.6812424862384796,0.6943350279053268,0.693029416233129,0.6694555562438302,53.65574877972791,0.002352910500972305
2019-11-12,0.6850253343582153,0.6858997344970703,0.6832299828529358,0.6815180122852326,0.6942423941386888,0.6929913483181763,0.6700446762522888,51.9839186261397,0.002060338899279812
2019-11-13,0.6843999624252319,0.685600221157074,0.6822101473808289,0.681678056716919,0.6941444594947739,0.693082912047335,0.6702732013865029,50.613740786035876,0.0017577492691199792
2019-11-14,0.6839500665664673,0.6841498613357544,0.6770398020744324,0.6817571663856506,0.6940430227492187,0.6931692309327167,0.6703451018385846,49.60086664667705,0.0014647571625221456
2019-11-15,0.6788313388824463,0.6816999912261963,0.6781499981880188,0.6817101860046386,0.6938916627107433,0.693151246365804,0.6702691256434732,39.83363117890514,0.0008101809997953513
2019-11-18,0.6815982460975647,0.682400107383728,0.6799099445343018,0.6816487729549408,0.6937693401573782,0.6930579306948457,0.6702396152150358,46.02123616979667,0.0005088255390383045
2019-11-19,0.680522084236145,0.6833098530769348,0.6786000728607178,0.6815286087989807,0.6936375266656246,0.6928541696016794,0.6702030479962819,44.12068859367559,0.0001810745818185966
2019-11-20,0.6824899911880493,0.6833000183105469,0.6796700954437256,0.681461364030838,0.6935266059146039,0.692721883749833,0.670200844311843,48.32336845847243,7.921014617939814e-05
2019-11-21,0.6798997521400452,0.6814077496528625,0.6787000298500061,0.6813117647171021,0.6933910153297824,0.692449434573787,0.6701740948604171,43.6679566522195,-0.00020812960803595626
2019-11-22,0.6789419054985046,0.6803507804870605,0.678179919719696,0.6811628246307373,0.6932472430926553,0.6922222702137123,0.6701033790477623,42.05451111360169,-0.0005072909184069552
2019-11-25,0.6792001724243164,0.6801000237464905,0.6768602132797241,0.6809869384765626,0.6931074712452091,0.6918814140030032,0.6700924629501219,42.669594433358284,-0.0007152929775399164
2019-11-26,0.677639901638031,0.6793298125267029,0.6772498488426208,0.6808138430118561,0.6929535650799635,0.691638908600192,0.6699887774235203,39.91316812024127,-0.0009945721124897666
2019-11-27,0.6789000034332275,0.6793016791343689,0.6772401928901672,0.6806593525409699,0.6928137286456677,0.6913657702983796,0.6699529347835601,43.10954245817561,-0.0011015254554975762
2019-11-28,0.6767200231552124,0.6774998903274536,0.6762285232543945,0.6805423414707183,0.6926535922726283,0.6912913001425294,0.6697933827989073,39.2222888076545,-0.0013466693737015367
2019-11-29,0.6769000291824341,0.6780998706817627,0.6755898594856262,0.6804947698116303,0.6924968404010841,0.6912875211671121,0.6697020184561484,39.705753214665194,-0.0015090275823883559
2019-12-02,0.6764801144599915,0.682400107383728,0.6764801144599915,0.6804863429069519,0.6923374699937099,0.6912911970000258,0.6696814888138779,38.927825844150895,-0.0016525318823533697
2019-12-03,0.6818817257881165,0.6862999200820923,0.6816586256027222,0.6805720055103301,0.6922334327379328,0.6913512970192538,0.6697927140014065,51.96516183542511,-0.001315233984272135
2019-12-04,0.6848700046539307,0.6856998801231384,0.681419849395752,0.6806704390048981,0.6921601647967984,0.6915161666668328,0.6698247113429634,57.38504568505008,-0.0007975996077700387
2019-12-05,0.684960126876831,0.6855419278144836,0.6821421980857849,0.6808588659763336,0.6920885226284406,0.6916679981647007,0.6700497337879665,57.54064314905224,-0.0003757669177120171
2019-12-06,0.6833000183105469,0.68572998046875,0.682429850101471,0.6810168290138244,0.6920010748242824,0.6917308867764607,0.6703027712511882,53.65435711888722,-0.00017341928927649963
2019-12-09,0.683531641960144,0.6837999224662781,0.6820798516273499,0.6811657249927521,0.6919168018604602,0.6918068128030936,0.6705246371824105,54.119959226940644,5.568565896063582e-06
2019-12-10,0.6827998757362366,0.6839000582695007,0.6800916790962219,0.6813155102729798,0.6918260861776321,0.6918302909315924,0.6708007296143671,52.33124390134425,8.736324293157072e-05
2019-12-11,0.6811400055885315,0.6868999600410461,0.6805197596549988,0.6815208947658539,0.6917197570175415,0.6915948935962218,0.6714468959354859,48.42183207556349,1.8040505259997452e-05
2019-12-12,0.687049150466919,0.6908801794052124,0.6870585680007935,0.6818426609039306,0.6916732833205204,0.691561428985896,0.6721238928219653,59.905289271992494,0.0004349070058701221
2019-12-13,0.6927126049995422,0.6930001974105835,0.6865302920341492,0.6822062790393829,0.6916836248297643,0.6921660415625159,0.6722465165162499,67.39734748288147,0.0012083411556073065
2019-12-16,0.6874789595603943,0.6900001764297485,0.6869499683380127,0.682426804304123,0.6916417873643975,0.6923548208467807,0.6724987877614652,56.82931699445145,0.0013830390309894636
2019-12-17,0.6874316930770874,0.6880002021789551,0.6838897466659546,0.682710416316986,0.6915998958789517,0.6923752524849699,0.6730455801490022,56.74278124700632,0.0015003789115409782
2019-12-18,0.6852600574493408,0.6865001320838928,0.6840179562568665,0.68295938372612,0.6915368129095029,0.6922161630466396,0.6737026044056004,52.767158465049576,0.0014019776406822837
2019-12-19,0.6854700446128845,0.6888100504875183,0.6854385137557983,0.6832324397563935,0.6914764470558051,0.6919366760792838,0.6745282034335032,53.10927336330679,0.001325656787492413
2019-12-20,0.6893000602722168,0.6908000111579895,0.6885629892349243,0.6834920406341553,0.6914547914659186,0.6921287940071968,0.6748552872611137,58.949607717958244,0.0015562823620909327
2019-12-23,0.6903898119926453,0.693100094795227,0.6897788047790527,0.6837070631980896,0.6914441946552392,0.6924863971822607,0.6749277292139185,60.45869193579649,0.0018061682644791022
2019-12-24,0.6925197839736938,0.6932000517845154,0.6913099884986877,0.6840066623687744,0.6914548970365174,0.6929478802993829,0.6750654444381659,63.298633541491384,0.0021512769982916513
2019-12-25,0.6921852231025696,0.6927126049995422,0.6916107535362244,0.6843439710140228,0.6914621639625478,0.693219845879213,0.6754680961488325,62.538842521468816,0.002370456740211302
2019-12-26,0.6924728155136108,0.6942033767700195,0.6921852231025696,0.684680644273758,0.6914722201968867,0.6934855869855682,0.6758757015619478,62.95053105182482,0.0025381068529640727
2019-12-27,0.6946374177932739,0.6986001133918762,0.6943702101707458,0.6849224472045898,0.6915037147003334,0.69414251659004,0.6757023778191397,65.9809016747001,0.002813207187510325
2019-12-30,0.6982996463775635,0.7007001042366028,0.6983923316001892,0.6851929998397828,0.6915713359110521,0.6951588003999764,0.6752271992795892,70.39313263640824,0.003288825887254654
2019-12-31,0.7001398801803589,0.7032744884490967,0.6999801397323608,0.685454626083374,0.6916565950580105,0.6962708721319784,0.6746383800347697,72.33482783139775,0.003770781401097767
2020-01-01,0.7017002105712891,0.7045001983642578,0.7015082240104675,0.6857660329341888,0.6917565315307794,0.6975177372482173,0.6740143286201603,73.89794504056407,0.004229880807503861
2020-01-02,0.7019514441490173,0.7020997405052185,0.6981300115585327,0.6861044609546662,0.6918579734473789,0.6987130277505774,0.6734958941587549,74.15119214266821,0.004561411729748999
2020-01-03,0.6985191702842712,0.6986606121063232,0.6931399703025818,0.6864415788650513,0.69192425401292,0.6994601650060894,0.6734229927240132,64.88870113326158,0.004495376654209182
2020-01-06,0.694420337677002,0.695900022983551,0.6926023364067078,0.6866819834709168,0.6919490906662941,0.6998391536254917,0.673524813316342,55.907353105799714,0.004065438006363609
2020-01-07,0.693731427192688,0.6940998435020447,0.6861110925674438,0.6868774139881134,0.6919668253580991,0.700159246203138,0.6735955817730889,54.540938958044244,0.003627305887435428
2020-01-08,0.6860399842262268,0.6885999441146851,0.684969961643219,0.6868864357471466,0.6919078518144983,0.7001653080612814,0.6736075634330118,42.15360483873789,0.0026291407611792605
2020-01-09,0.6873801350593567,0.688069760799408,0.6851999759674072,0.6868382716178894,0.6918627999064869,0.7000916276177432,0.6735849156180355,44.518093092353375,0.0019240474579383937
2020-01-10,0.6853210926055908,0.6906697154045105,0.6851192116737366,0.6867587208747864,0.6917977082915526,0.6999995429047241,0.6735178988448487,41.69794559563229,0.0011854433641251827
2020-01-13,0.6900601387023926,0.6922000646591187,0.689560055732727,0.6867239284515381,0.6917804190419093,0.6999197503576758,0.6735281065454003,49.61001068457305,0.0009712991802371951
2020-01-14,0.6898902058601379,0.6909999847412109,0.6886497735977173,0.6867411744594574,0.6917616109505484,0.6999515326390341,0.6735308162798807,49.35138218215446,0.0007788975652136543
2020-01-15,0.6896551251411438,0.691399872303009,0.6878799796104431,0.6867525792121887,0.6917406508927434,0.6999721774151009,0.6735329810092765,48.97104324126407,0.0006005263557431473
2020-01-16,0.6907795071601868,0.6934999823570251,0.6892701387405396,0.6868135690689087,0.6917310872735141,0.7000796299397017,0.6735475081981156,50.919375914241265,0.0005436275195773721
2020-01-17,0.6901001930236816,0.6912999749183655,0.6872899532318115,0.6868935787677765,0.6917148594700332,0.7001902862534396,0.6735968712821133,49.685095058686194,0.00043866317243768105
2020-01-20,0.6881791353225708,0.6889999508857727,0.6855983138084412,0.6869411516189575,0.6916796781352326,0.7002389170498852,0.6736433861880299,46.26939899154119,0.00019818036963348273
2020-01-21,0.6876397132873535,0.6881999969482422,0.6845002174377441,0.6869934391975403,0.6916394794800298,0.7002810131378033,0.6737058652572773,45.327110076256254,-3.5521366080981664e-05
2020-01-22,0.684689998626709,0.6858000159263611,0.6827901005744934,0.6869992399215699,0.6915703304168127,0.7002824451967756,0.6737160346463641,40.47317956608974,-0.0004535210878906515
2020-01-23,0.6842987537384033,0.6880002021789551,0.6830880641937256,0.6870062136650086,0.6914979764200126,0.7002832496325331,0.6737291776974841,39.86341334825574,-0.000807055834382564
2020-01-24,0.6839804649353027,0.6858000159263611,0.6820300817489624,0.6871091961860657,0.6914231753107121,0.7002060798711683,0.674012312500963,39.34409582955372,-0.001100235089181889
2020-01-27,0.680188775062561,0.6818998456001282,0.6754401922225952,0.6870810067653657,0.691311390233616,0.7002322598698569,0.6739297536608744,33.71012066255899,-0.0016198666309193976
2020-01-28,0.6761700510978699,0.6766998767852783,0.6739180088043213,0.6869939661026001,0.691160730142713,0.7003779499766047,0.6736099822285955,28.97436452929361,-0.0023291073103082205
2020-01-29,0.6764206886291504,0.6780000925064087,0.6736683249473572,0.6868725800514222,0.6910140630629761,0.7005305798033473,0.673214580299497,29.63827287117563,-0.0028382437966752994
2020-01-30,0.6752194762229919,0.6752787232398987,0.6701698899269104,0.686778974533081,0.6908569029949165,0.7006937680881733,0.6728641809779887,28.27418759647817,-0.0033006184574635444
2020-01-31,0.6708257794380188,0.6728999614715576,0.6683598756790161,0.6866166520118714,0.6906575883326589,0.7010830253461829,0.6721502786775598,23.934927338843735,-0.003975758251954065
2020-02-03,0.66936194896698,0.6709000468254089,0.6684398055076599,0.6864198875427246,0.6904456914235476,0.7015503818859523,0.671289393199497,22.685750020668138,-0.004576178946159581
2020-02-04,0.6690497994422913,0.6735299229621887,0.6680606603622437,0.6862480854988098,0.690232796975973,0.7019690484558364,0.6705271225417831,22.41707487247953,-0.00501934464933107
2020-02-05,0.6731785535812378,0.6774998903274536,0.6724904179573059,0.68613365650177,0.6900631030118463,0.7021533763376913,0.6701139366658488,33.61605425076475,-0.004979994432477319
2020-02-06,0.6751797795295715,0.6766000390052795,0.6731377840042114,0.6861028516292572,0.6899150102408784,0.702202182126916,0.6700035211315984,38.26749986845516,-0.004732770461200797
2020-02-07,0.6733997464179993,0.6732646822929382,0.6662700176239014,0.6860328459739685,0.6897506792575662,0.7023248004719791,0.669740891475958,35.86059453312184,-0.004627138703873657
2020-02-10,0.6672316193580627,0.6708001494407654,0.6669601202011108,0.68584787607193,0.68952660900981,0.7027799397777161,0.6689158123661438,29.04364659088712,-0.004983692178511245
2020-02-11,0.6690099835395813,0.6736547350883484,0.6683107018470764,0.6855904412269592,0.6893224634827431,0.7031484656457494,0.668032416808169,32.998316863339085,-0.005064385169191499
2020-02-12,0.6720998883247375,0.6751000285148621,0.6713797450065613,0.6853350389003754,0.6891510945756983,0.703302574669074,0.6673675031316768,39.32581492611175,-0.004823404251174224
2020-02-13,0.6713197827339172,0.6744316220283508,0.6712697744369507,0.685062232017517,0.688973668587223,0.703462014294873,0.6666624497401611,38.341335772844346,-0.004641864613235458
2020-02-14,0.6721997857093811,0.6731001138687134,0.6710999608039856,0.6848402273654938,0.6888067642799807,0.7035913028194236,0.6660891519115639,40.16115166453359,-0.00437653429357987
2020-02-17,0.6725989580154419,0.673445999622345,0.6713598966598511,0.6846215736865997,0.6886454925758558,0.7036872613913834,0.665555885981816,41.01162503404008,-0.004086936573781341
2020-02-18,0.6711999773979187,0.6710057854652405,0.6674720644950867,0.6843895757198334,0.688471905360155,0.7038244696374701,0.6649546818021966,38.92364211536494,-0.003925068591020486
2020-02-19,0.6696000099182129,0.670744776725769,0.6665897965431213,0.684158775806427,0.6882841253060064,0.7040205802233676,0.6642969713894865,36.62693964465472,-0.0038811515534377117
2020-02-20,0.6684000492095947,0.6691998243331909,0.6610901355743408,0.6837857937812806,0.6880862738025595,0.7041208354857633,0.6634507520767978,34.9607934662982,-0.0038982373320481933
2020-02-21,0.6613800525665283,0.6639665365219116,0.6586799621582031,0.6831591427326202,0.6878205402579224,0.7042870143288232,0.6620312711364172,27.17313667221275,-0.00442719900098143
2020-02-24,0.6606900691986084,0.6620998978614807,0.6587802171707153,0.6826233649253846,0.6875505853220089,0.7046439226541259,0.6606028071966432,26.54719964926558,-0.004846216656977043
2020-02-25,0.6612007021903992,0.6623998880386353,0.6587181091308594,0.6820987451076508,0.687288397430152,0.7048881715034799,0.6593093187118216,27.871398811709128,-0.005078545047292549
2020-02-26,0.6605198383331299,0.6606001853942871,0.655339777469635,0.6816039407253265,0.6870220436082911,0.7051741549058139,0.658033726544839,27.168099324539853,-0.005257007483620568
2020-02-27,0.6546516418457031,0.6591523289680481,0.6546387672424316,0.6809875726699829,0.6866999500584147,0.7057279105224958,0.6562472348174699,22.012492348210714,-0.005805037801864588
2020-02-28,0.6580203175544739,0.658490002155304,0.6442999839782715,0.680361977815628,0.6864145805807635,0.7058159968563809,0.6549079587748752,30.201071364131806,-0.005899525740508671
2020-03-02,0.6516313552856445,0.6568998694419861,0.6489397883415222,0.679586808681488,0.6860684788365335,0.706131662748471,0.6530419546145051,24.86797200992065,-0.006415984497466831
2020-03-03,0.6547498106956482,0.6645004153251648,0.6509992480278015,0.6788314092159271,0.6857568502978183,0.7060160264898221,0.6516467919420321,31.24953235302125,-0.006498735120525345
2020-03-04,0.6582195162773132,0.6629000902175903,0.6586499810218811,0.678152095079422,0.6854828469742311,0.705670169659686,0.650634020499158,37.600244471078426,-0.006212722939819892
2020-03-05,0.6626901030540466,0.663702130317688,0.6586183309555054,0.6775564408302307,0.6852560535023885,0.7050986077078001,0.6500142739526613,44.689649198313944,-0.005561211056054005
2020-03-06,0.6615506410598755,0.6658232808113098,0.6586101055145264,0.6768947052955627,0.6850201787517167,0.7043515736919985,0.6494378368991269,43.33814560398141,-0.005078288901002592
2020-03-09,0.6613581776618958,0.6683499813079834,0.6335899233818054,0.6761558759212494,0.684784735954803,0.7032474728068199,0.6490642790356789,43.10104587561182,-0.0046574120545647135
2020-03-10,0.6597998738288879,0.6604998111724854,0.6474294066429138,0.67534907579422,0.6845361303615104,0.7019230912429067,0.6487750603455332,41.13859471411891,-0.004398898454381017
2020-03-11,0.6499098539352417,0.6539499759674072,0.6489587426185608,0.674313268661499,0.6841915902975674,0.7007318938524628,0.6478946434705352,31.374747108424543,-0.004935176867925328
2020-03-12,0.647939920425415,0.6480998992919922,0.6269985437393188,0.673233038187027,0.6838308771645111,0.6994552454479351,0.6470108309261188,29.854812265789008,-0.005456242379401566
2020-03-13,0.6274116039276123,0.6323099136352539,0.6153997778892517,0.6718108868598938,0.6832694913611589,0.7000695182280322,0.6435522554917553,19.340217476728014,-0.007439891690161682
2020-03-16,0.6177682876586914,0.6189115047454834,0.6081400513648987,0.6702778458595275,0.6826177380904875,0.7016728214747495,0.6388828702443056,16.4154648460637,-0.009678515192236281
2020-03-17,0.6099420189857483,0.6148000955581665,0.5960800647735596,0.6686020576953888,0.6818945966068584,0.7036228366919264,0.6335812786988513,14.499085725316093,-0.011946443753900082
2020-03-18,0.5992200374603271,0.6026782989501953,0.5817911028862,0.6668656587600708,0.6810719641775397,0.706643719235201,0.6270875982849405,12.368704006577218,-0.014442483817016072
2020-03-19,0.5809798836708069,0.5962399840354919,0.5520000457763672,0.6647376537322998,0.6800760230779701,0.7109070004151078,0.6185683070494917,9.74537153735821,-0.017688539054039998
2020-03-20,0.5742902159690857,0.5978501439094543,0.5711772441864014,0.6625170361995697,0.6790234279823593,0.71490702507923,0.6101270473199094,8.992100894160387,-0.020563814636984867
2020-03-23,0.5753309726715088,0.5840200185775757,0.5702099800109863,0.660222452878952,0.6779916622578732,0.7175095853863053,0.6029353203715987,10.155618393204719,-0.022499154634403773
2020-03-24,0.5876600742340088,0.5974100828170776,0.5868889093399048,0.6581778502464295,0.6770928404864914,0.71836690188502,0.597988798607839,22.75454792334814,-0.02277552795919735
2020-03-25,0.597550094127655,0.6069986820220947,0.5934499502182007,0.6563357496261597,0.6763013703734682,0.7182069674062957,0.5944645318460237,31.101071239596322,-0.02194356213429527
2020-03-26,0.5908098220825195,0.606549859046936,0.5871500968933105,0.6543363559246064,0.675450708201419,0.7180967357670623,0.5905759760821504,28.815846010449462,-0.021579353492923725
2020-03-27,0.60791015625,0.6130982041358948,0.6025000214576721,0.6526925551891327,0.6747786629083701,0.7169256859948603,0.5884594243834051,40.717150978020776,-0.019683957062615054
2020-03-30,0.618058443069458,0.618230402469635,0.6117001175880432,0.6512901413440705,0.6742142826114655,0.7154227215030615,0.5871575611850794,46.440147091434035,-0.017165091314665815
2020-03-31,0.6168993711471558,0.6209698915481567,0.6081700325012207,0.6498753345012664,0.673643984984955,0.7138558486189259,0.585894820383607,45.89518803617439,-0.01508846900093297
2020-04-01,0.6136998534202576,0.6146398782730103,0.6041200757026672,0.6484555315971374,0.6730475259644109,0.7124333742965434,0.5844776888977314,44.34813753410406,-0.013544769525357103
2020-04-02,0.6091395616531372,0.6118999719619751,0.6011598706245422,0.6469523477554321,0.6724116258220102,0.7110245609710946,0.5828801345397696,42.16642793781731,-0.012544745980042515
2020-04-03,0.6063215136528015,0.6075998544692993,0.5981698036193848,0.6453991687297821,0.6717540127656001,0.7095726957063697,0.5812256417531945,40.829714424630765,-0.011843093231118651
2020-04-06,0.5994700789451599,0.61055988073349,0.5992401838302612,0.6437847948074341,0.6710347696430087,0.7084454875880377,0.5791241020268305,37.70049245897492,-0.011704954464552997
2020-04-07,0.6117599606513977,0.6208480596542358,0.6098498106002808,0.6424965929985046,0.6704449705485648,0.7070902210224198,0.5779029649745894,45.73453970940984,-0.01048294686786222
2020-04-08,0.6152199506759644,0.6236785650253296,0.6117405295372009,0.641272578239441,0.6698954678632653,0.7055610771736319,0.57698407930525,47.7764107614172,-0.009130059126411294
2020-04-09,0.6235308051109314,0.6312999725341797,0.6196600794792175,0.6402388048171997,0.6694341279353813,0.7039590672998137,0.5765185423345858,52.40862450122226,-0.007303083942412081
2020-04-10,0.6332600712776184,0.6369998455047607,0.6314598321914673,0.6394874906539917,0.669074187073115,0.7026188704962986,0.5763561108116848,57.19528450615489,-0.005012343304131028
2020-04-13,0.6335208415985107,0.6385288238525391,0.6332099437713623,0.6387706685066223,0.6687204224415269,0.7013288355106886,0.5762125015025561,57.31919260974005,-0.003139680575558912
2020-04-14,0.6401106119155884,0.6432605981826782,0.6376615762710571,0.6381918847560882,0.6684357477099255,0.700139125190257,0.5762446443219195,60.43596755712704,-0.0011110351580724265
2020-04-15,0.6434298753738403,0.6434592008590698,0.628539502620697,0.6375969111919403,0.6681869330598152,0.6987388085084293,0.5764550138754513,61.94347036921995,0.0007558053184864022
2020-04-16,0.6308901309967041,0.63319993019104,0.6266488432884216,0.636711118221283,0.6678158206014758,0.6969066090281643,0.5765156274144018,53.62975690878973,0.0012094949686856094
2020-04-17,0.6358600854873657,0.638243556022644,0.6316800117492676,0.6359603250026703,0.6674978530879027,0.6952171674974649,0.5767034825078757,56.14219201303013,0.0019476300104762645
2020-04-20,0.6340188980102539,0.6393412351608276,0.6337296366691589,0.6352960705757141,0.6671647291567818,0.693862716740029,0.5767294244113993,54.954271935944774,0.0023568703725600493
2020-04-21,0.6345701217651367,0.6346498131752014,0.6255199909210205,0.6346072733402253,0.6668404047051236,0.6923599582455486,0.5768545884349019,55.25949219903332,0.0026946136295956657
2020-04-22,0.6293998956680298,0.635299801826477,0.6281698942184448,0.6337532734870911,0.6664678623266451,0.6904970724543235,0.5770094745198587,51.719667390755276,0.0025160797562264747
2020-04-23,0.6298998594284058,0.6405000686645508,0.628869891166687,0.6329248750209808,0.6661040016012895,0.6886300488671534,0.5772197011748083,52.039609397253614,0.002387412665312283
2020-04-24,0.6376798748970032,0.6384097933769226,0.633860170841217,0.6322344768047333,0.6658211744699035,0.6867967963485246,0.577672157260942,56.83336435424255,0.002880026148098791
2020-04-27,0.6397543549537659,0.6471000909805298,0.6395089030265808,0.6315775847434998,0.6655618031314345,0.6849339179647017,0.5782212515222979,58.037749465960296,0.003398641660244728
2020-04-28,0.6449116468429565,0.6512918472290039,0.6435200572013855,0.6310518181324005,0.6653563289395094,0.6833215626079769,0.5787820736568241,60.95441257766742,0.004177641295847412
2020-04-29,0.6502699255943298,0.6547001004219055,0.6501299738883972,0.6306652164459229,0.6652062154733881,0.6820496779411587,0.5792807549506871,63.77189604393811,0.005167801237858205
2020-04-30,0.6555013060569763,0.6569598317146301,0.6491698026657104,0.6304072415828705,0.6651096492105383,0.6811438817350155,0.5796706014307256,66.32666282616509,0.006301993351976787
2020-05-01,0.6495501399040222,0.6495898365974426,0.6418600678443909,0.6301706433296204,0.6649548282224137,0.6804258029671354,0.5799154836921053,61.052209046151205,0.00664405091805087
2020-05-04,0.6376819014549255,0.6431612968444824,0.6373283267021179,0.6297104799747467,0.664683455816767,0.6792411459961755,0.580179813953318,52.14623942067971,0.005889574993331315
2020-05-05,0.642611563205719,0.6474201679229736,0.6418201327323914,0.6293386971950531,0.6644638349947665,0.6781788420819539,0.5804985523081523,55.077530781155126,0.0056245930837900415
2020-05-06,0.6436000466346741,0.6452999114990234,0.6408100128173828,0.629000301361084,0.6642562351105864,0.6771887527738946,0.5808118499482734,55.66398821384445,0.005431741626672482
2020-05-07,0.6390756368637085,0.6500006318092346,0.6396099328994751,0.6286887812614441,0.6640056818941995,0.6763994079692033,0.580978154553685,52.29856366434009,0.004857825413564054
2020-05-08,0.6503299474716187,0.6547999382019043,0.6499583721160889,0.628534973859787,0.6638696049347708,0.6759080403515155,0.5811619073680584,58.94742915446505,0.005250595888670717
2020-05-11,0.653710126876831,0.6560999751091003,0.6465097665786743,0.6285765492916107,0.6637685156008609,0.6760359197319775,0.5811171788512438,60.71839760295873,0.0057681301349544745
2020-05-12,0.6484664082527161,0.6535998582839966,0.6433201432228088,0.6284508812427521,0.6636162558262525,0.6756599925441187,0.5812417699413854,56.63659575775682,0.005689569666900263
2020-05-13,0.6455298662185669,0.6521897912025452,0.6453598737716675,0.6281970882415772,0.6634362917505542,0.6748865765288452,0.5815075999543091,54.42985987084556,0.005328926976476689
2020-05-14,0.6454944014549255,0.6459997892379761,0.6405300498008728,0.6278531742095947,0.6632577654789559,0.6737522578409548,0.5819540905782347,54.402291193002654,0.004982814551535597
2020-05-15,0.6471235156059265,0.6474000811576843,0.6403606534004211,0.6275646317005158,0.6630972256792242,0.6727753004381372,0.5823539629628944,55.5168760317665,0.004784817460832036
2020-05-18,0.6425785422325134,0.6516610383987427,0.6420958042144775,0.6271890389919281,0.6628930596747793,0.6715580079432053,0.582820070040651,51.71864189274853,0.004212601722249798
2020-05-19,0.652600109577179,0.6570798754692078,0.6511001586914062,0.627045043706894,0.6627906422608728,0.6710270766326538,0.5830630107811341,58.46620984074451,0.004515718960573234
2020-05-20,0.6540094017982483,0.6615598201751709,0.6528399586677551,0.6271270346641541,0.6627032667338815,0.6712979239448289,0.5829561453834793,59.327052001691236,0.004814164963099166
2020-05-21,0.65923011302948,0.6598047018051147,0.6549200415611267,0.6273528385162354,0.6626687079905541,0.6720700528803422,0.5826356241521286,62.433314440047454,0.005409594892776481
2020-05-22,0.6566894054412842,0.6573999524116516,0.6507599353790283,0.6279383945465088,0.6626092124428002,0.6734189984888775,0.58245779060414,60.03053235979113,0.005611774489986288
2020-05-25,0.6545788049697876,0.6549997925758362,0.6521000862121582,0.6286746048927307,0.6625293078908299,0.6746720542124385,0.582677155573023,58.03248761357533,0.0055378584730940705
2020-05-26,0.6547399163246155,0.6659208536148071,0.6543800234794617,0.6295705628395081,0.6624518015070864,0.6758231780914734,0.5833179475875427,58.14700314119891,0.005429689753428724
2020-05-27,0.6646699905395508,0.6679999828338623,0.6573001742362976,0.6308795619010925,0.6624738730397477,0.6773304318194282,0.5844286919827568,64.56493889189693,0.006075208047151004
2020-05-28,0.6620806455612183,0.6668000221252441,0.6589399576187134,0.6325015771389008,0.6624699603285186,0.6774810315739187,0.5875221227038828,61.8994451643176,0.006305165423765469
2020-05-29,0.6633498668670654,0.6683598756790161,0.662060022354126,0.6342827701568603,0.6624787156174593,0.6768417574732694,0.5917237828404512,62.71205393259062,0.006514726145810057
2020-06-01,0.6659784913063049,0.6787198185920715,0.6659208536148071,0.6360957205295563,0.6625135392561542,0.6760477228822419,0.5961437181768707,64.40526775597914,0.006814360841758016
2020-06-02,0.6786000728607178,0.6893318891525269,0.677570104598999,0.6379145205020904,0.6626736042671449,0.6771398736058297,0.5986891673983511,71.17387770866934,0.00797831064672161
2020-06-03,0.6914199590682983,0.6983001232147217,0.6857581734657288,0.6397919178009033,0.6629596376482509,0.6801024582806056,0.599481377321201,76.13736800677815,0.009821985198261052
2020-06-04,0.6929046511650085,0.6987997889518738,0.6883899569511414,0.641833814382553,0.663257597981751,0.6823597049888529,0.6013079237762532,76.63904982922769,0.011272965083127695
2020-06-05,0.6939899921417236,0.7013301849365234,0.6932000517845154,0.6435554111003876,0.6635633929485169,0.6854883198076407,0.6016225023931345,77.01940194388122,0.012367885753651442
2020-06-08,0.700239896774292,0.7003998160362244,0.6962799429893494,0.6451990401744843,0.6639283332850917,0.689432168317989,0.6009659120309795,79.12693075254506,0.013583352907757806
2020-06-09,0.7024494409561157,0.7040765881538391,0.6900302171707153,0.6469100415706635,0.6643116278887834,0.6932436488423384,0.6005764342989885,79.8311490932701,0.014557105878809984
2020-06-10,0.6942998170852661,0.7020997405052185,0.6933000087738037,0.6485220408439636,0.6646100178310369,0.695739545283939,0.6013045364039882,70.39715338318192,0.01450401236069121
2020-06-11,0.6968300938606262,0.699600100517273,0.6881398558616638,0.6502758514881134,0.6649306156024756,0.6980338995271587,0.6025178034490681,71.52238532172534,0.014498972425604828
2020-06-12,0.6830880641937256,0.691109836101532,0.6801000237464905,0.6518111824989319,0.6651112867327368,0.6987301113109124,0.6048922536869513,58.51369352834816,0.01323356301670331
2020-06-15,0.6825007200241089,0.6869301795959473,0.6780000925064087,0.6534717953205109,0.6652843159197156,0.6986755082668944,0.6082680823741274,58.0278964203764,0.012044481887746095
2020-06-16,0.695820152759552,0.6972284913063049,0.6837901473045349,0.655152999162674,0.6655881550922512,0.7002773496133818,0.6100286487119662,65.1034125032033,0.012038125416458878
2020-06-17,0.6895315051078796,0.6920500993728638,0.6852600574493408,0.6566392302513122,0.6658263973809639,0.701287812705872,0.6119906477967524,59.963665129531655,0.011394300158576676
2020-06-18,0.6875702142715454,0.6902998089790344,0.6838598251342773,0.6579200184345245,0.6660427537679349,0.7023656853337119,0.6134743515353371,58.41474186752082,0.010603572836726971
2020-06-19,0.6857205629348755,0.6910998225212097,0.6842200756072998,0.6589692282676697,0.6662385528641234,0.7035155373219715,0.6144229192133679,56.92143143287523,0.009715668157859847
2020-06-22,0.6822911500930786,0.6910501718521118,0.6820305585861206,0.659944634437561,0.6663982801997349,0.7043521149718418,0.6155371539032802,54.15705452507269,0.0086357250840986
2020-06-23,0.6931601762771606,0.6974959969520569,0.6864200234413147,0.6610056257247925,0.6666645677228934,0.7060098401808631,0.6160014112687219,60.67545061543225,0.008558247840604438
2020-06-24,0.6940299272537231,0.6964001655578613,0.6866000294685364,0.6620176267623902,0.6669368598575286,0.7076795493098701,0.6163557042149103,61.15147775069692,0.008469398250919191
2020-06-25,0.685678243637085,0.6889999508857727,0.6848198771476746,0.6631133890151978,0.667123341288171,0.7083540208283773,0.6178727572020183,54.34821795739691,0.0076370382183464924
2020-06-26,0.6888190507888794,0.6897998452186584,0.6842299699783325,0.6641725683212281,0.6673392189946458,0.7092884746957266,0.6190566619467295,56.31646581445995,0.0071484212337863395
2020-06-29,0.6861910820007324,0.688979983329773,0.6841901540756226,0.6652160120010376,0.6675267997210745,0.7098965869006818,0.6205354371013935,54.21041708357682,0.006474499633338127
2020-06-30,0.6871907711029053,0.6911184191703796,0.6834009289741516,0.6662684249877929,0.6677224611278589,0.7104791213740127,0.6220577286015732,54.90133451930101,0.005952462186626484
2020-07-01,0.69020015001297,0.6943721175193787,0.6878600716590881,0.6674844300746918,0.6679461197237307,0.7108934295254339,0.6240754306239498,57.004525957095204,0.005715688576625411
2020-07-02,0.6913239359855652,0.6949700117111206,0.6904299259185791,0.668712911605835,0.6681787348109133,0.711248317127942,0.626177506083728,57.79604198515343,0.005554692879120804
2020-07-03,0.6919199228286743,0.6945891380310059,0.6914199590682983,0.6697977125644684,0.6684149655374582,0.7118667716317961,0.6277286534971407,58.2351642911706,0.005412798415521891
2020-07-06,0.694840133190155,0.6987500190734863,0.694800078868866,0.6708994281291961,0.6686779025290273,0.7126410540398709,0.6291578022185214,60.40883022184901,0.0054728944809626645
2020-07-07,0.6976999044418335,0.6997900605201721,0.6923601627349854,0.6719551932811737,0.6689666786674631,0.7136842704914047,0.6302261160709427,62.46886953671504,0.005685739025462211
2020-07-08,0.6942322850227356,0.6974619626998901,0.6929301023483276,0.6728344404697418,0.6692180777356747,0.7145511564360284,0.6311177245034553,58.49442479339952,0.005511083612074086
2020-07-09,0.6989096999168396,0.7002001404762268,0.6951589584350586,0.6737026083469391,0.6695135167623529,0.7157524132419292,0.631652803451949,62.00588906690303,0.005684568067643503
2020-07-10,0.695894181728363,0.6967698931694031,0.6924699544906616,0.6746294891834259,0.6697760109411192,0.7165491873600267,0.6327097910068251,58.56582280563999,0.005515153377426141
2020-07-13,0.6950284838676453,0.6991999745368958,0.6941118240356445,0.6757764208316803,0.6700272793284479,0.7166961237365159,0.6348567179268447,57.57822253977321,0.005250511800732216
2020-07-14,0.6940106749534607,0.6973987221717834,0.6922600269317627,0.6768044030666351,0.6702659200809356,0.7168975735569261,0.6367112325763442,56.37456011169895,0.004902143907880574
2020-07-15,0.6988999247550964,0.7037198543548584,0.6987583041191101,0.6779104006290436,0.6705508355503302,0.7173099082212997,0.6385108930367875,60.63201714163222,0.0049633668374533535
2020-07-16,0.7009181976318359,0.7012130618095398,0.697179913520813,0.6791472518444062,0.6708529983571114,0.7174379386020319,0.6408565650867805,62.26895295989781,0.005115772760050041
2020-07-17,0.6978002190589905,0.699499785900116,0.6975252032279968,0.6800966572761535,0.6711211299063838,0.7178207816448262,0.6423725329074809,58.240038314862375,0.004928152069549219
2020-07-20,0.7004998922348022,0.7017002105712891,0.6974959969520569,0.681032452583313,0.6714134558997015,0.7184046560154953,0.6436602491511307,60.61610134531364,0.004940353068856318
2020-07-21,0.7025925517082214,0.7119971513748169,0.7016199827194214,0.6821149754524231,0.6717236956589903,0.7187656121233271,0.645464338781519,62.40191306639829,0.005060547734924037
2020-07-22,0.7135599255561829,0.7181122303009033,0.7113797068595886,0.6834755766391755,0.6721399765534897,0.7196303462204756,0.6473208070578753,70.06333173994801,0.005971937506923597
2020-07-23,0.7140816450119019,0.7161784768104553,0.7093304991722107,0.6848473215103149,0.6725573065879017,0.7203183533887438,0.649376289631886,70.3726145933576,0.006659551700747834
2020-07-24,0.7100104689598083,0.7126059532165527,0.7065140604972839,0.6861050605773926,0.6729299748702091,0.7205616358338958,0.6516484853208895,64.75093658075882,0.006797622262115555
2020-07-27,0.7098188996315002,0.714970052242279,0.7098188996315002,0.6874498677253723,0.6732970288479334,0.7201778672036703,0.6547218682470743,64.48987402484099,0.006813049538853533
2020-07-28,0.7159000635147095,0.7176175117492676,0.711469829082489,0.6887158668041229,0.6737209396406377,0.7208330174132118,0.656598716195034,68.79136241755447,0.007232601936794869
2020-07-29,0.71602463722229,0.7193209528923035,0.714970052242279,0.6899561715126038,0.6741418719548831,0.721385167145882,0.6585271758793256,68.87454007515431,0.007488825770125218
2020-07-30,0.7171697616577148,0.7187000513076782,0.712410032749176,0.6911149644851684,0.6745700101608814,0.7221904819840599,0.6600394469862769,69.6746482330122,0.007695577152681432
2020-07-31,0.7203676700592041,0.7229090332984924,0.7154601216316223,0.6923885297775269,0.6750257082693224,0.7229201174900944,0.6618569420649593,71.85083636710831,0.008024966773290787
2020-08-03,0.7146890163421631,0.7152001261711121,0.707729160785675,0.6935907340049744,0.6754203680511417,0.7227485037215127,0.6644329642884361,63.180469233849244,0.007738584934251724
2020-08-04,0.7117944359779358,0.7158600687980652,0.7106512188911438,0.6947318243980408,0.6757822990752889,0.722094147173075,0.6673695016230067,59.255305226442765,0.007195116000715762
2020-08-05,0.7177102565765381,0.7239399552345276,0.716740071773529,0.6957926297187805,0.6761994926822664,0.7225028108590275,0.6690824485785336,64.1564749469635,0.007159242940988242
2020-08-06,0.7199097275733948,0.7229999303817749,0.7176097631454468,0.6969492113590241,0.6766344203926259,0.7226917612878008,0.6712066614302474,65.80349295846511,0.007225006829087777
2020-08-07,0.7230997681617737,0.72430020570755,0.716009795665741,0.6981442093849182,0.6770967621614731,0.7230544169442422,0.6732340018255941,68.09346377090523,0.00744867115497283
2020-08-10,0.7157120108604431,0.7183500528335571,0.7140898704528809,0.699138879776001,0.6774809934918111,0.7227442694541839,0.675533490097818,58.34852383438339,0.006949684831785485
2020-08-11,0.7158001661300659,0.7191000580787659,0.7146297693252563,0.6998828816413879,0.6778622787916943,0.7231891050415871,0.6765766582411887,58.42498246631757,0.006486574772941567
2020-08-12,0.7145199775695801,0.7172499895095825,0.7110397815704346,0.7003448820114135,0.6782270320133648,0.7238810580816157,0.6768087059412113,56.794512334734584,0.005947694872749265
2020-08-13,0.7164863348007202,0.7188090682029724,0.7156899571418762,0.7008165156841278,0.6786077215933385,0.7246868703682438,0.6769461610000119,58.70097043292868,0.005614575928099885
2020-08-14,0.7148800492286682,0.7173101902008057,0.7132998704910278,0.7012343168258667,0.678968640276277,0.7253470251586935,0.6771216084930398,56.5074626394978,0.005161464789899317
2020-08-17,0.7192589044570923,0.7226999998092651,0.7172098755836487,0.7016146969795227,0.6793695384273299,0.7262576005794552,0.6769717933795902,60.8070284872075,0.005096953462922382
2020-08-18,0.7218131422996521,0.7264701724052429,0.7209898829460144,0.7020019710063934,0.67979186284397,0.7272983721148434,0.6767055698979434,63.098623444371455,0.0051920823256611515
2020-08-19,0.7257947325706482,0.7275997400283813,0.7228598594665527,0.7026318693161011,0.6802496028412504,0.7287021129205382,0.676561625711664,66.3969128466954,0.0055250641932920175
2020-08-20,0.7188039422035217,0.71940016746521,0.713749885559082,0.703071346282959,0.6806332281085365,0.7294810290501893,0.6766616635157287,56.7977809988886,0.005165313841570485
2020-08-21,0.7206116914749146,0.7216048240661621,0.7140699625015259,0.7038218188285827,0.6810310237639234,0.7300456522890113,0.6775979853681542,58.46981289141569,0.004968802096582792
2020-08-24,0.7161374688148499,0.7204091548919678,0.7155686020851135,0.7044945538043976,0.6813803416251267,0.7302067013657152,0.6787824062430801,53.002214587314874,0.004401297330942411
2020-08-25,0.7168900370597839,0.7192997336387634,0.7154001593589783,0.7049159514904022,0.6817336719279591,0.7307382278895124,0.679093675091292,53.78503209711387,0.003966547789584274
2020-08-26,0.7199320793151855,0.7231180667877197,0.7188297510147095,0.7055239629745483,0.6821137555835535,0.7312992810163372,0.6797486449327594,56.90945062804915,0.0038233992657079607
2020-08-27,0.7245011925697327,0.7290117740631104,0.7219101190567017,0.7062625825405121,0.6825355211257046,0.7320545544038807,0.6804706106771435,61.157107934155114,0.004032162029236508
2020-08-28,0.7269898653030396,0.7357810139656067,0.7256399393081665,0.7070879685878754,0.6829778529085636,0.7328381003953287,0.681337836780422,63.280289979996255,0.004348298634324843
2020-08-31,0.7373000383377075,0.7399898171424866,0.7342197895050049,0.7081881463527679,0.6835183721665651,0.7343118179618058,0.6820644747437301,70.47946519902918,0.005368894693677184
2020-09-01,0.738099992275238,0.7412997484207153,0.7368301153182983,0.7090869426727295,0.6840614728641639,0.7361747862829494,0.6819990990625097,70.95527618141698,0.006171136995096194
2020-09-02,0.7378494143486023,0.738099992275238,0.73021000623703,0.7099633324146271,0.684596676262019,0.7378854050087063,0.6820412598205479,70.57156671444868,0.006709358940862664
2020-09-03,0.7331109642982483,0.7335143089294434,0.7269798517227173,0.7109119868278504,0.6850794054962104,0.738689038367618,0.6831349352880828,63.570682827366724,0.006676586855142941
2020-09-04,0.725584089756012,0.7298998236656189,0.722409725189209,0.711647287607193,0.6854824371803875,0.7389801648345384,0.6843144103798475,54.34777373275066,0.0059743898233022286
2020-09-07,0.7282207608222961,0.7298737168312073,0.7271299362182617,0.7124878811836243,0.6859076941320483,0.7392035227186292,0.6857722396486193,56.716730163734304,0.00556648397374826
2020-09-08,0.7280998229980469,0.7308301329612732,0.7218798995018005,0.7133060622215271,0.6863275163098194,0.7393569627040963,0.687255161738958,56.57172435163539,0.00517381644212056
2020-09-09,0.7209399938583374,0.7280998229980469,0.7206501364707947,0.7139208590984345,0.6866719190714963,0.7391850958505564,0.6886566223463126,48.64274179895853,0.004236055607710454
2020-09-10,0.727660059928894,0.7324396967887878,0.7262802720069885,0.714647581577301,0.6870797612690823,0.739342766179212,0.68995239697539,55.01561658509641,0.003989142211932584
2020-09-11,0.7262997627258301,0.7307804822921753,0.7259802222251892,0.7153351783752442,0.6874700100397962,0.7393526484307924,0.691317708319696,53.56660251385864,0.0036417174986208556
2020-09-14,0.728151798248291,0.730620265007019,0.7264901995658875,0.7160014116764069,0.6878748039523186,0.7395417403524357,0.692461083000378,55.29308245119114,0.003475758320483191
2020-09-15,0.7286000847816467,0.7344840168952942,0.7268002033233643,0.7166194152832032,0.6882800306272372,0.7398186176493372,0.6934202129170691,55.72223121529274,0.0033418842910363233
2020-09-16,0.7296819686889648,0.7346000671386719,0.7290382981300354,0.7173284089565277,0.688691990209941,0.7398931452726412,0.6947636726404143,56.800002266868084,0.0032852172088223552
2020-09-17,0.7295500040054321,0.7314218878746033,0.7255798578262329,0.7179412150382996,0.6890985376108912,0.7401253088243943,0.6957571212522048,56.61896646627783,0.003192854452175431
2020-09-18,0.7313095927238464,0.7333098649978638,0.7283501029014587,0.7186495232582092,0.6895185481095276,0.7402132844822379,0.6970857620341805,58.51750374076272,0.003224470714936145
2020-09-21,0.729341447353363,0.732600212097168,0.7200601100921631,0.7193357825279236,0.6899147958631976,0.7399963328826401,0.6986752321732072,55.58712257261647,0.003055492136662341
2020-09-22,0.7231180667877197,0.7236999869346619,0.7165900468826294,0.7199179303646087,0.6902451766684168,0.7392644260598072,0.7005714346694102,47.48898611814416,0.002391829078514318
2020-09-23,0.717442512512207,0.7177205085754395,0.708827793598175,0.720288782119751,0.690515796925569,0.7386780182230295,0.7018995460164725,41.54477874142912,0.001391857064214852
2020-09-24,0.7069001197814941,0.7082153558731079,0.7017691731452942,0.7204084205627441,0.6906788250136876,0.7383558042561357,0.7024610368693526,33.225461744318594,-0.00024844700601067693
2020-09-25,0.7057162523269653,0.7089001536369324,0.7007001042366028,0.7205667412281036,0.6908284511561082,0.73782659409761,0.7033068883585972,32.43986648357718,-0.0016251937866795796
2020-09-28,0.7041906118392944,0.7074998021125793,0.7033387422561646,0.7206405556201935,0.6909614079788265,0.7375786967133148,0.7037024145270722,31.40919917617164,-0.0028070243370842407
2020-09-29,0.7095197439193726,0.713799774646759,0.7075097560882568,0.7207790994644165,0.6911460680379364,0.7372207462562813,0.7043374526725518,38.73177237325885,-0.0032758551227559662
2020-09-30,0.714360237121582,0.7172001600265503,0.7100497484207153,0.7207951056957245,0.6913770547949876,0.7372096026232111,0.7043806087682378,44.52490796283238,-0.0032197047977041704
2020-10-01,0.716650664806366,0.7209997773170471,0.7155901789665222,0.7208464860916137,0.6916285335015684,0.7371911445303404,0.704501827652887,47.074972220223735,-0.002956308405242636
2020-10-02,0.7182875871658325,0.7185998558998108,0.7134601473808289,0.7210120284557342,0.6918937977171332,0.7370739488464938,0.7049501080649746,48.883440467526626,-0.0025856728849777966
2020-10-05,0.7177205085754395,0.7194244861602783,0.7163800597190857,0.7211700606346131,0.6921507799147283,0.7369352224928406,0.7054048987763856,48.26810787167782,-0.0023110596112405624
2020-10-06,0.7193209528923035,0.7208713889122009,0.714600145816803,0.7212384784221649,0.6924211298946047,0.7369398531266063,0.7055371037177236,50.174371423633005,-0.001941899128064306
2020-10-07,0.7110099792480469,0.7151597738265991,0.7099298238754272,0.72113818526268,0.6926060935697634,0.737038298014479,0.7052380725108811,41.60144630835151,-0.00229352457721943
2020-10-08,0.713820219039917,0.7170201539993286,0.7124282717704773,0.7210711944103241,0.692817179395337,0.737067485505024,0.7050749033156242,45.02211694853852,-0.002318698896411453
2020-10-09,0.7177998423576355,0.7242000102996826,0.7169691920280457,0.7210198378562928,0.6930657631064048,0.7370418156205021,0.7049978600920834,49.53050603901743,-0.0019945356180526286
2020-10-12,0.7224597930908203,0.7237984538078308,0.7206199765205383,0.7211752533912659,0.6933582410166974,0.7370970204739946,0.7052534863085371,54.260383977031765,-0.0013460978273117652
2020-10-13,0.721188485622406,0.7209181785583496,0.7157325148582458,0.7213631343841552,0.6936351588734706,0.737053097762774,0.7056731710055365,52.80639387466942,-0.0009241372157806627
2020-10-14,0.7164401412010193,0.7191998958587646,0.7155799269676208,0.7213377320766449,0.6938620741205109,0.7370559217977132,0.7056195423555766,47.668486735370614,-0.0009617951267911762
2020-10-15,0.7141479849815369,0.7147998809814453,0.7056500911712646,0.7212224972248077,0.6940639239798246,0.7370673896412695,0.7053776048083459,45.37345712005875,-0.001163188628689249
2020-10-16,0.7088397741317749,0.7098239660263062,0.7071100473403931,0.7209372973442078,0.6942109473644211,0.7371532715259642,0.7047213231624513,40.50937291395002,-0.0017311668688616555
2020-10-19,0.7095997929573059,0.7117944359779358,0.7084199786186218,0.720815052986145,0.6943640702061413,0.7372820180147632,0.7043480879575268,41.47673405199526,-0.0020958073858335924
2020-10-20,0.7056167125701904,0.7060152888298035,0.7021200060844421,0.7206113839149475,0.6944760367968283,0.7375759036439803,0.7036468641859147,37.99022085820255,-0.002675349162081897
2020-10-21,0.7049998641014099,0.7128000259399414,0.7051191329956055,0.7204209816455841,0.6945807514963764,0.7378712949144295,0.7029706683767387,37.464982544298586,-0.003148125085004505
2020-10-22,0.7105603218078613,0.7118000388145447,0.7087001800537109,0.720302461385727,0.6947397521959933,0.7379413293453928,0.7026635934260611,44.86493914331769,-0.003039088226551634
2020-10-23,0.7126100659370422,0.7158001661300659,0.7101601958274841,0.7202570617198945,0.6949175662630684,0.7379644468001533,0.7025496766396356,47.338773733915154,-0.0027555146521988094
2020-10-26,0.7132006287574768,0.7147002220153809,0.7104700207710266,0.7201358962059021,0.6950994872829134,0.7379537239722319,0.7023180684395723,48.06184392971366,-0.0024548293230592932
2020-10-27,0.7117098569869995,0.7145000696182251,0.7118096351623535,0.7199338304996491,0.6952647645934017,0.7379025380776311,0.7019651229216671,46.33240942326018,-0.0023101963508876944
2020-10-28,0.7123100757598877,0.7157171368598938,0.7039700746536255,0.7196641373634338,0.6954343696796355,0.7376785234085657,0.701649751318302,47.15688014779487,-0.0021226721959258787
2020-10-29,0.7055200934410095,0.7079144716262817,0.7004601359367371,0.7193984603881836,0.6955347251399476,0.737851117098958,0.7009458036774091,39.72251870631356,-0.0024932125763543755
2020-10-30,0.7037599682807922,0.7070900201797485,0.7012180089950562,0.7190614259243011,0.6956165683552794,0.7380319562502408,0.7000908955983615,38.047999899287674,-0.0028955181569767507
2020-11-02,0.7008199691772461,0.7054002285003662,0.6993398666381836,0.7187550759315491,0.6956683434878363,0.7384010262512365,0.6991091256118617,35.36617927830518,-0.0034122473220552507
2020-11-03,0.7053698301315308,0.7174115777015686,0.7029481530189514,0.718524671792984,0.6957648756932462,0.7385268825694381,0.6985224610165298,42.16066786711447,-0.003415254229144682
2020-11-04,0.7196833491325378,0.7216001749038696,0.7051201462745667,0.7185196971893311,0.6960028704538361,0.7385206029652374,0.6985187914134248,57.35026509189332,-0.00223687061234934
2020-11-05,0.7180498242378235,0.7275298833847046,0.7146798372268677,0.7183906698226928,0.6962222431283037,0.7383171754622329,0.6984641641831528,55.55707478961177,-0.0014184538601667018
2020-11-06,0.7262701988220215,0.7287902235984802,0.7240898609161377,0.7183762764930726,0.696521227762072,0.7382784543796959,0.6984740986064493,61.996727940741714,-0.00010532306059840568
2020-11-09,0.7286717891693115,0.7339600324630737,0.7268287539482117,0.7182037115097046,0.6968411338457261,0.7375788149790102,0.698828608040399,63.65368856650725,0.0011162632409621454
2020-11-10,0.7282000184059143,0.7296000123023987,0.7253577709197998,0.7180057120323181,0.6971531625478176,0.736742749991283,0.6992686740733532,63.07192826318508,0.0020229914420738515
2020-11-11,0.7281697988510132,0.731775164604187,0.7261800169944763,0.7178121197223664,0.6974617857946155,0.7359011297711907,0.699723109673542,63.03218856001858,0.0027079263195672887
2020-11-12,0.7284275889396667,0.7294105291366577,0.7247999906539917,0.7177184522151947,0.6977699032388449,0.7355304989228006,0.6999064055075888,63.244938039037045,0.003234261101660474
2020-11-13,0.7240185737609863,0.7263598442077637,0.722240149974823,0.7176871418952941,0.6980310840400603,0.7354481852726878,0.6999260985179004,57.183501391225185,0.003258057670509351
2020-11-16,0.729080855846405,0.732600212097168,0.7280898094177246,0.7177043437957764,0.6983400369933573,0.7355086413791078,0.6999000462124451,61.719910133703756,0.0036434016139369474
2020-11-17,0.7320997714996338,0.7339987754821777,0.7289602160453796,0.7177843427658082,0.6986759547496387,0.7358138124321585,0.6997548730994578,64.15869853961667,0.0041446141959234906
2020-11-18,0.7296000123023987,0.7328998446464539,0.7273398637771606,0.7179575431346893,0.6989836568148403,0.7362748345214385,0.6996402517479401,60.709714064389104,0.00429065905558168
2020-11-19,0.7301988005638123,0.7300176024436951,0.7255498766899109,0.7180083179473877,0.6992942552601037,0.7364490435144264,0.699567592380349,61.2471163443615,0.0044039518518872445
2020-11-20,0.7269100546836853,0.7324998378753662,0.7271299362182617,0.7180205237865448,0.6995690393339702,0.736484442963694,0.6995566046093956,56.66300028662514,0.004180176430043758
2020-11-23,0.7317001819610596,0.7338000535964966,0.7266602516174316,0.7180914914608002,0.6998887521959314,0.736740698522614,0.6994422843989864,61.21624725615733,0.0043393348831471945
2020-11-24,0.7298204302787781,0.7369001507759094,0.7292100787162781,0.7181158983707427,0.7001865798385467,0.7368243402211793,0.6994074565203062,58.61369431019439,0.004264628865959241
2020-11-25,0.7366699576377869,0.7373999953269958,0.7325899600982666,0.7182556581497193,0.7005495985231163,0.7374157218445129,0.6990955944549256,64.53103054225195,0.004703899794340161
2020-11-26,0.736485481262207,0.7376001477241516,0.7354298830032349,0.7183943676948548,0.7009071694956445,0.73798377692258,0.6988049584671295,64.26452531843753,0.004979736169300697
2020-11-27,0.7357999682426453,0.73991858959198,0.7353097796440125,0.7184841752052307,0.7012543615229778,0.7383544161240416,0.6986139342864197,63.21968697956115,0.005084413359868201
2020-11-30,0.7400281429290771,0.7409998178482056,0.734899640083313,0.718697909116745,0.7016401702931878,0.7392625952859079,0.6981332229475822,66.80459237800395,0.00544577365954535
2020-12-01,0.7356798052787781,0.737240195274353,0.7343599796295166,0.7189491438865662,0.7019788731288653,0.7400345744771594,0.697863713295973,60.29574665754059,0.0053199546668522
2020-12-02,0.7380890846252441,0.7396597266197205,0.7352400422096252,0.7193620753288269,0.702338178715894,0.7411248693021179,0.697599281355536,62.4771788770037,0.005352945493185546
2020-12-03,0.7418001294136047,0.7448501586914062,0.7398474812507629,0.7200600755214691,0.7027308349417418,0.742421925213626,0.6976982258293122,65.61128937541507,0.005613828539746901
2020-12-04,0.7438998222351074,0.744399905204773,0.7412997484207153,0.7208237469196319,0.7031404766063524,0.7437861287551039,0.69786136508416,67.27669574924818,0.005921745698286629
2020-12-07,0.7431573867797852,0.7451097965240479,0.7373098134994507,0.7216030824184417,0.7035386548170334,0.7449038340843458,0.6983023307525377,66.05849013576196,0.006036281433489665
2020-12-08,0.7417599558830261,0.7437001466751099,0.7400697469711304,0.7222478866577149,0.7039189662704263,0.7459644707952774,0.6985313025201524,63.71972735968504,0.005945751907385999
2020-12-09,0.7410997152328491,0.7487271428108215,0.7409201860427856,0.7227826762199402,0.704288923971545,0.7469744472618488,0.6985909051780316,62.59218148608476,0.005754397589685101
2020-12-10,0.7434999346733093,0.7526997327804565,0.7434098720550537,0.723319661617279,0.7046790832820102,0.7481396625188976,0.6984996607156604,65.01580714678786,0.005730369431868554
2020-12-11,0.7524397969245911,0.7570022940635681,0.7520702481269836,0.7240027058124542,0.7051543142635284,0.750104125723269,0.6979012859016394,72.23205526622557,0.006359392001409447
2020-12-14,0.7551102638244629,0.7578301429748535,0.7528998255729675,0.7247505009174346,0.7056513883885127,0.7522236563108436,0.6972773455240256,73.95996935415326,0.006992772946750048
2020-12-15,0.7539203763008118,0.7557002305984497,0.7507901787757874,0.7254424893856048,0.706131676825451,0.7540759135682465,0.6968090652029632,71.81559517970189,0.007314402056492031
2020-12-16,0.7555609345436096,0.7581000924110413,0.7546827793121338,0.7263335084915161,0.7066235102355819,0.755891575379914,0.6967754416031182,72.97885831743586,0.007613906409060123
2020-12-17,0.7569999694824219,0.7639186382293701,0.7569799423217773,0.7271971035003663,0.7071247685365455,0.7577687073016457,0.6966254996990868,73.99283165516417,0.007876587462070761
2020-12-18,0.7615299224853516,0.7620208859443665,0.7583099603652954,0.7280717051029205,0.7076661133519565,0.7600172183988831,0.6961261918069579,76.92789273901697,0.008353993797716508
2020-12-21,0.7587425708770752,0.7602481842041016,0.7463688850402832,0.7287973606586456,0.7081743368099179,0.7618516739632447,0.6957430473540466,71.57523355204063,0.008410475057203715
2020-12-22,0.7575200796127319,0.7584002017974854,0.7518197894096375,0.7295239925384521,0.7086653392258664,0.7634806255700639,0.6955673595068403,69.29780923789816,0.008261360215974456
2020-12-23,0.7551700472831726,0.758949875831604,0.7526102662086487,0.7302985906600952,0.7091280726393719,0.7647996183874436,0.6957975629327467,65.01519640673925,0.00786291882728607
2020-12-24,0.7579599022865295,0.7606402039527893,0.7579599022865295,0.731174829006195,0.7096139614915824,0.7662227234838502,0.6961269345285398,67.57694070367367,0.007683696271432949
2020-12-25,0.7606801390647888,0.7662201523780823,0.7579001784324646,0.7322116363048553,0.710122082661465,0.7676278873784411,0.6967953852312695,69.8919301325688,0.007672715194070978
2020-12-28,0.7611914277076721,0.762400209903717,0.7559601664543152,0.7332434689998627,0.710630235348492,0.7689755864979233,0.6975113515018021,70.32086405697146,0.007617459994498033
2020-12-29,0.758892297744751,0.7625002264976501,0.7584779262542725,0.7343089807033539,0.7111104548748229,0.7698554041482446,0.6987625572584633,65.78249430187822,0.00730395384400695
2020-12-30,0.7609898447990417,0.7686217427253723,0.7607200741767883,0.7354287803173065,0.7116067672123773,0.7707334164535726,0.7001241441810404,67.82280688976059,0.007142419116824894
2020-12-31,0.7689290642738342,0.7741400003433228,0.768689751625061,0.736596155166626,0.7121771383274166,0.7724009580827769,0.7007913522504752,74.11436209577649,0.007567793529508093
2021-01-01,0.7702973484992981,0.8207600116729736,0.7698229551315308,0.7377499008178711,0.7127554488763905,0.7741133545777142,0.7013864470580279,75.02086750920091,0.007923972297835258
2021-01-04,0.7712300419807434,0.774199903011322,0.7656598091125488,0.7389104890823365,0.7133372856236975,0.7757765890593679,0.7020443891053051,75.64692278622712,0.008187130957604705
2021-01-05,0.7670999765396118,0.775300145149231,0.7662893533706665,0.7400182914733887,0.7138722377721145,0.7768770962774623,0.7031594866693152,67.57089714474486,0.007970544847218708
2021-01-06,0.7766000628471375,0.782038152217865,0.7734310626983643,0.7413040912151336,0.7144963952355475,0.7786991880255995,0.7039089944046678,74.35341898469606,0.008467864097548405
2021-01-07,0.781700074672699,0.7815399765968323,0.7727700471878052,0.7428276908397674,0.7151650885632804,0.7804787099537426,0.7051766717257922,77.11998414451216,0.009167840361269719
2021-01-08,0.7768999934196472,0.7798998355865479,0.7741400003433228,0.7442904913425445,0.7157793662235428,0.7814259150883206,0.7071550675967685,69.51888631831031,0.009228865535038433
2021-01-11,0.7716525793075562,0.7730425000190735,0.7668887972831726,0.7457071435451508,0.716335318592538,0.7814521459620534,0.7099621411282482,62.29092822011664,0.008752907886912298
2021-01-12,0.7707497477531433,0.7740597128868103,0.7687399387359619,0.747014741897583,0.7168767556986135,0.7814980193264385,0.7125314644687275,61.11360210838115,0.00820823760683842
2021-01-13,0.7776049971580505,0.7782707214355469,0.7723098993301392,0.7481731748580933,0.7174810168076626,0.7828001568025278,0.7135461929136588,66.31904394401943,0.008234817965498631
2021-01-14,0.774713397026062,0.7793102860450745,0.772879958152771,0.749306446313858,0.7180504932277462,0.7836169652496348,0.7149959273780813,62.51749067787455,0.007931129997048147
2021-01-15,0.777580201625824,0.7788798809051514,0.7682498097419739,0.7503326463699341,0.7186428286346922,0.7848992642835169,0.7157660284563514,64.67920281212284,0.007831505545427775
2021-01-18,0.7688876986503601,0.7702795267105103,0.766059935092926,0.751136964559555,0.7191427775900721,0.7855174009747964,0.7167565281443137,54.42902903253435,0.006970785232919829
2021-01-19,0.7686986327171326,0.7723999619483948,0.7685598134994507,0.7519469368457794,0.7196358706759135,0.7860286902183887,0.7178651834731701,54.22773026534681,0.006201910381062992
2021-01-20,0.7711800932884216,0.7762998938560486,0.7702000141143799,0.7528071427345275,0.7201487485128538,0.7866093848297415,0.7190049006393135,56.501585118814816,0.005726789783374153
2021-01-21,0.7755701541900635,0.7783997058868408,0.774899423122406,0.7537499940395356,0.7207002052857614,0.7874062277875631,0.7200937602915081,60.26262006439802,0.005639486027670504
2021-01-22,0.7761022448539734,0.7768800854682922,0.7703602313995361,0.7547916674613953,0.721251469361067,0.7879117359168469,0.7216715990059436,60.70608472711708,0.005549263981118768
2021-01-25,0.7715799808502197,0.7747998237609863,0.7683902978897095,0.7556416499614715,0.7217522505699142,0.7882458691294948,0.7230374307934483,55.07997166774555,0.005054587312083747
2021-01-26,0.7718997597694397,0.7754300236701965,0.7669999599456787,0.7564376497268677,0.7222512307609542,0.7886367818982858,0.7242385175554495,55.39477589728836,0.004634927416087065
2021-01-27,0.7753139734268188,0.7760998606681824,0.7650302052497864,0.7573519289493561,0.7227792182501668,0.789032563436305,0.7256712944624072,58.721026557834634,0.004525673288859666
2021-01-28,0.765099823474884,0.7677401900291443,0.7593014240264893,0.7580499494075775,0.7232003187996664,0.7888133556158075,0.7272865431993476,47.34607729086404,0.0035736967167880884
2021-01-29,0.7669699192047119,0.7703697681427002,0.7636998295783997,0.758851146697998,0.7236358372116569,0.7883656117667819,0.7293366816292142,49.28318639330721,0.00293630166336456
2021-02-01,0.761997640132904,0.766400933265686,0.761350154876709,0.759457095861435,0.7240175466934603,0.7879217341557023,0.7309924575671676,44.586387383840986,0.0020068069045168224
2021-02-02,0.7634601593017578,0.7661901712417603,0.7566699981689453,0.7601298904418945,0.7244100105005081,0.7872959653984246,0.7329638154853644,46.210192630038655,0.0013723688715444604
2021-02-03,0.760820746421814,0.7626997232437134,0.7602400183677673,0.760612906217575,0.7247723063803221,0.7869217315739511,0.734304080861199,43.72024338332749,0.0006491110504845965
2021-02-04,0.7636000514030457,0.7647499442100525,0.7590000033378601,0.7611551976203919,0.7251586521019413,0.786535531442997,0.7357748637977867,46.96110678415713,0.0002967697242199918
2021-02-05,0.7603002190589905,0.7660000324249268,0.7584398984909058,0.7616452026367188,0.7255083194348473,0.7859507652172126,0.7373396400562249,43.74053517052772,-0.0002458976525697709
2021-02-08,0.7679199576377869,0.7715156674385071,0.7652572989463806,0.7622030389308929,0.7259303257851253,0.7857520859235343,0.7386539919382515,51.937190455861014,-6.0419754565943506e-05
2021-02-09,0.7710998058319092,0.7736464738845825,0.7704700231552124,0.7629114389419556,0.7263797733477799,0.7853066093102358,0.7405162685736754,54.890826270929786,0.00033924933490636633
2021-02-10,0.7740501165390015,0.7754498720169067,0.7719921469688416,0.7636306595802307,0.7268541051208269,0.7850610723245642,0.7422002468358971,57.50045159494766,0.000883866719703641
2021-02-11,0.7725348472595215,0.7772997617721558,0.7713198661804199,0.7642453539371491,0.7273086398684756,0.7848678832967709,0.7436228245775273,55.717610979941455,0.0011796125149030612
2021-02-12,0.7753999829292297,0.7764999866485596,0.7719301581382751,0.7648753571510315,0.7277871606949509,0.7848762278888028,0.7448744864132602,58.34741439885653,0.0016264371370455777
2021-02-15,0.7764095664024353,0.7791001796722412,0.7760499119758606,0.7655404007434845,0.7282709657268661,0.7847910148716398,0.7462897866153292,59.265403212526024,0.0020385150851675027
2021-02-16,0.7786197066307068,0.7806998491287231,0.7745813131332397,0.7662775957584381,0.7287719482234218,0.7846124986355547,0.7479426928813215,61.27737767562541,0.0025144447198810482
2021-02-17,0.773790180683136,0.7769301533699036,0.7725199460983276,0.7669314050674438,0.7292198908349613,0.7838808040981499,0.7499820060367378,54.89659691312157,0.002473408093484175
2021-02-18,0.7758697867393494,0.7789011597633362,0.7731799483299255,0.7675788021087646,0.7296840689036617,0.7833037615422844,0.7518538426752448,56.974205825930305,0.002578964403857187
2021-02-19,0.7767997980117798,0.7876999378204346,0.7758313417434692,0.7680660021305085,0.7301528821286181,0.7833806073295857,0.7527513969314312,57.90798887866961,0.002706464242504536
2021-02-22,0.7888488173484802,0.7920791506767273,0.785700261592865,0.7687407732009888,0.7307369212850346,0.7846855460643747,0.7527960003376029,67.69128069232742,0.0037366897128338072
2021-02-23,0.7915400266647339,0.7934499382972717,0.7883899211883545,0.7694931662082672,0.7313419273087132,0.7861192960185831,0.7528670363979514,69.40192566798738,0.004715946426065432
2021-02-24,0.7908827066421509,0.7946030497550964,0.789889395236969,0.770199601650238,0.7319343728742199,0.7874011634371448,0.7529980398633312,68.44864872421665,0.005376991582196955
2021-02-25,0.7977026104927063,0.8006899356842041,0.7948493361473083,0.7710136544704437,0.732588783198782,0.7894721004067566,0.7525552085341307,72.6466633947641,0.006377666110467306
2021-02-26,0.7870000004768372,0.7870298027992249,0.7711883783340454,0.7715230560302735,0.7331301883458272,0.7903160135953298,0.7527300984652172,59.30992843888402,0.006235220954878051
2021-03-01,0.7752419114112854,0.778799831867218,0.7722997665405273,0.7718530428409577,0.7335492104658815,0.7903063847358437,0.7533997009460717,48.72641158771462,0.005114594757037572
2021-03-02,0.7772001028060913,0.7823997735977173,0.7737183570861816,0.7722466433048248,0.7339835477030976,0.7902870798146763,0.7542062067949734,50.31648790561085,0.004334534288719216
2021-03-03,0.7825197577476501,0.7840062379837036,0.777400016784668,0.7727936375141143,0.734466495066725,0.7903733548306341,0.7552139201975946,54.449183620389576,0.0040983393383524636
2021-03-04,0.7758102416992188,0.7815186381340027,0.7754300236701965,0.7731506443023681,0.7348778756302324,0.7902183525737223,0.756082936031014,48.92184140848234,0.003331349543308715
2021-03-05,0.7715603113174438,0.7725999355316162,0.7625601291656494,0.7733682477474213,0.7352428749903042,0.790060308060206,0.7566761874346366,45.753550264841614,0.0023534417299184707
2021-03-08,0.7709101438522339,0.771462082862854,0.7637085914611816,0.7735626220703125,0.7355977731879353,0.7898984672413996,0.7572267768992254,45.27052932214129,0.0015085895799815674
2021-03-09,0.7656674981117249,0.7718997597694397,0.7622473835945129,0.773698126077652,0.7358969744309581,0.7896450521035189,0.7577512000517851,41.468868957981336,0.00041125972161448754
2021-03-10,0.7717835903167725,0.7744001746177673,0.7669900059700012,0.7739140009880066,0.7362540551860408,0.7894455736873001,0.758382428288713,47.05476464008793,3.473502589912414e-05
2021-03-11,0.773200273513794,0.7784196734428406,0.7724398970603943,0.7739994251728057,0.7366216792490036,0.7894659377596432,0.7585329125859682,48.285879157335714,-0.00014764703082081887
2021-03-12,0.7787615656852722,0.7800999283790588,0.7726697325706482,0.7741687095165253,0.7370409816016033,0.7896551068214357,0.7586823122116149,52.91444955693668,0.0001547794743833597
2021-03-15,0.7762998938560486,0.777600109577179,0.7706772685050964,0.7742701065540314,0.7374316175444335,0.789744354430753,0.7587958586773098,50.74920910009317,0.0001935867673046321
2021-03-16,0.7750135660171509,0.7757000923156738,0.7713502049446106,0.7744283783435821,0.7378055672804804,0.7897645586535457,0.7590921980336186,49.606909002386494,0.00011917217754686682
2021-03-17,0.77455735206604,0.774713397026062,0.7706202268600464,0.7743875241279602,0.7381712566813318,0.7897109693949369,0.7590640788609835,49.18406813066632,2.3118925339682406e-05
2021-03-18,0.7813000679016113,0.7848998308181763,0.776249885559082,0.7743795239925384,0.7386003990815335,0.7896877966866797,0.7590712512983971,55.25469135619125,0.00048548053029029425
2021-03-19,0.7753699421882629,0.7770997881889343,0.7718801498413086,0.7743489229679108,0.738966265182098,0.7896427411099772,0.7590551048258444,49.63822275937698,0.0003691386478587022
2021-03-22,0.7722502946853638,0.7754997611045837,0.7705299854278564,0.7743608772754669,0.7392974495552648,0.7896470255335306,0.7590747290174031,46.935379746650085,2.492012266974708e-05
2021-03-23,0.7745501399040222,0.774713397026062,0.7655701637268066,0.7744368851184845,0.7396482225935609,0.7896874969610318,0.7591862732759372,49.13428986299417,-6.158730979510807e-05
2021-03-24,0.7604701519012451,0.7630000114440918,0.7584398984909058,0.7740941882133484,0.7398554059697567,0.789816990772077,0.7583713856546198,38.590987376358626,-0.0012518518646851273
2021-03-25,0.7591003179550171,0.76149982213974,0.7564525604248047,0.7737819266319275,0.7400468976313016,0.7900647264580937,0.7574991268057613,37.74244729134188,-0.002279403704088079
2021-03-26,0.7594000697135925,0.7636998295783997,0.7588404417037964,0.7734183239936828,0.7402394665077423,0.790160395662864,0.7566762523245016,38.06337889084229,-0.0030345777547414743
2021-03-29,0.7637377381324768,0.7655209302902222,0.761600136756897,0.7733153247833252,0.7404732801557495,0.790233602644746,0.7563970469219045,42.66901020836979,-0.003245631421926465
2021-03-30,0.7641170620918274,0.766290009021759,0.7596798539161682,0.7732236933708191,0.7407085416675513,0.7902929853258722,0.756154401415766,43.06770353871738,-0.0033437401453634275
2021-03-31,0.7608798146247864,0.7638252377510071,0.7589101195335388,0.7730176877975464,0.7409092508512054,0.7904327693274998,0.755602606267593,40.480415389875674,-0.003640742616704884
2021-04-01,0.7594098448753357,0.7610999345779419,0.7533200979232788,0.7726944816112519,0.7410933363638833,0.7905114128728941,0.7548775503496097,39.32515286681902,-0.003949209460399117
2021-04-02,0.7619001269340515,0.7639997601509094,0.759999692440033,0.7724104392528534,0.741300369105875,0.790456974279858,0.7543639042258488,42.32794964953083,-0.003947225547380029
2021-04-05,0.7620998620986938,0.7661543488502502,0.7599200010299683,0.7722208368778228,0.7415073292351568,0.7905006782593826,0.753940995496263,42.57343229034102,-0.0038847552827654397
2021-04-06,0.7658727169036865,0.7662999629974365,0.7607223391532898,0.7721002960205078,0.7417497709035004,0.7904680548035804,0.7537325372374352,47.1496192473649,-0.003490572153307059
2021-04-07,0.7666947841644287,0.7678132653236389,0.7612997889518738,0.77192791223526,0.7419979799906739,0.7903343095719438,0.7535215148985762,48.119716299960096,-0.003076382601982064
2021-04-08,0.7613884806632996,0.7649002075195312,0.7604100108146667,0.7718536853790283,0.7421909202958741,0.7904018593056525,0.7533055114524041,42.67461355627989,-0.003140111493746489
2021-04-09,0.7659003138542175,0.7663998603820801,0.7589297890663147,0.7718322932720184,0.7424268346596387,0.7904059070786311,0.7532586794654057,48.056784453221994,-0.002794338473559921
2021-04-12,0.7626002430915833,0.7638252377510071,0.7595800161361694,0.7718443453311921,0.7426275650917973,0.7903926769599265,0.7532960137024576,44.7474994948764,-0.002754842880705821
2021-04-13,0.7627707123756409,0.765099823474884,0.7594600319862366,0.7718305563926697,0.7428279944180047,0.7904053344619593,0.7532557783233802,44.95835184941907,-0.002678906129961356
2021-04-14,0.7647499442100525,0.7734000086784363,0.7635919451713562,0.7719091403484345,0.7430461232716569,0.7903263783703114,0.7534919023265576,47.46509415128526,-0.002430995240109257
2021-04-15,0.772509753704071,0.776129961013794,0.7705900073051453,0.772087334394455,0.7433392937237208,0.7903481805686952,0.7538264882202148,55.93782263848681,-0.0015900432700172162
2021-04-16,0.7751697301864624,0.7759758234024048,0.7726100087165833,0.7723847246170044,0.743656014484544,0.7903438839319147,0.754425565302094,58.413742536799,-0.0007008657590134026
2021-04-19,0.7714025974273682,0.7786997556686401,0.7706891894340515,0.772454377412796,0.7439320998869602,0.7903698194908638,0.7545389353347282,53.802764641160806,-0.0002967416527243083
2021-04-20,0.7767002582550049,0.7815998792648315,0.7730197906494141,0.772566386461258,0.7442581512140054,0.7905172556530065,0.7546155172695095,58.735750460488156,0.00044586689147574354
2021-04-21,0.7723796963691711,0.7762998938560486,0.7702023983001709,0.7725329780578614,0.7445379675837085,0.7904787932717883,0.7545871628439345,53.6995258040387,0.0006779413908652998
2021-04-22,0.7754402756690979,0.7765181064605713,0.7710700631141663,0.7725910866260528,0.7448454532362994,0.7905557322250689,0.7546264410270367,56.54214662645277,0.0010961890893457227
2021-04-23,0.7705348134040833,0.7745999097824097,0.7700896859169006,0.77249378323555,0.7451010687603569,0.7904490314240034,0.7545385350470966,51.12435472613788,0.0010200649221215885
2021-04-26,0.7743114233016968,0.781700074672699,0.7743702530860901,0.7724518203735351,0.7453917190543005,0.7903795013941002,0.75452413935297,54.7214305711206,0.0012500668351074218
2021-04-27,0.7799704074859619,0.7804000973701477,0.776430070400238,0.7724788343906402,0.7457357856058594,0.7904484714610672,0.7545091973202133,59.52797600044767,0.0018674509259625216
2021-04-28,0.7770001888275146,0.7776049971580505,0.772780179977417,0.7725430345535278,0.7460468741951296,0.7905546819761112,0.7545313871309444,56.15829423645979,0.0020929343984547044
2021-04-29,0.7801297307014465,0.7818198204040527,0.7752899527549744,0.7726282334327698,0.7463860070956899,0.7907441096835989,0.7545123571819407,58.80433378010283,0.002495394198487766
2021-04-30,0.777762234210968,0.7785130143165588,0.7705602645874023,0.7726474821567535,0.7466982083605185,0.790783484007606,0.754511480305901,56.0484206317518,0.0025934140460142086
2021-05-03,0.7722997665405273,0.7766990065574646,0.7707800269126892,0.7723165011405945,0.7469529502329564,0.7898393459867276,0.7547936562944614,50.20234516619561,0.002204903240069389
2021-05-04,0.7758914828300476,0.7762998938560486,0.7677484154701233,0.7720035302639008,0.7472408958309373,0.7886626642858243,0.7553443962419772,53.62734700364017,0.002161906007908332
2021-05-05,0.7713799476623535,0.7753999829292297,0.7706297636032104,0.7716134750843048,0.7474810854013992,0.7873564645711699,0.7558704855974396,49.06266951038481,0.0017436870689585549
2021-05-06,0.7751199007034302,0.777699887752533,0.7702302932739258,0.7711618208885193,0.7477560984889817,0.78503445877588,0.7572891830011586,52.659986041994756,0.0016944954127281475
2021-05-07,0.7787312865257263,0.7862871289253235,0.7761799693107605,0.7709964466094971,0.748064309315218,0.7842832206031405,0.7577096726158536,55.898795138048065,0.0019247322101926256
2021-05-10,0.7858793139457703,0.7893905639648438,0.7838501930236816,0.7712091946601868,0.7484405780180095,0.7851003388977413,0.7573180504226322,61.511643841758115,0.0026533959088341774
2021-05-11,0.7838999032974243,0.785560131072998,0.7821097373962402,0.7713431906700134,0.7487934071252674,0.7855947870419486,0.7570915942980783,59.262350340449736,0.003036146436861009
2021-05-12,0.7838096022605896,0.7843752503395081,0.7733892202377319,0.7713689875602722,0.7491418269773602,0.7857075625667398,0.7570304125538045,59.156075693916065,0.00329421874577418
2021-05-13,0.7732301950454712,0.7747313380241394,0.7690101265907288,0.7713173866271973,0.7493815122317692,0.7856092187573844,0.7570255544970101,48.24113059448253,0.002614929879519834
2021-05-14,0.7726202011108398,0.7781677842140198,0.7714198231697083,0.7713385844230651,0.7496127429668843,0.7856350305346276,0.7570421383115027,47.69469231264754,0.0020042632473041833
2021-05-17,0.7778711318969727,0.7777259349822998,0.7731602191925049,0.77147780418396,0.7498939209661887,0.785892306682655,0.7570633016852649,52.665188572722535,0.0019218577919286606
2021-05-18,0.7773698568344116,0.7813599109649658,0.7768999934196472,0.7717118513584137,0.7501673133628874,0.7861213062526595,0.7573023964641679,52.155646774955095,0.0017954058456389754
2021-05-19,0.7789981961250305,0.7796997427940369,0.7732702493667603,0.7718561434745789,0.7504541878182321,0.7864122739444067,0.757300013004751,53.72198092914405,0.0018057693542574693
2021-05-20,0.772030234336853,0.7783918380737305,0.7718997597694397,0.7718327426910401,0.7506688748482683,0.7863838144289778,0.7572816709531024,46.67950299664846,0.0012374615405369438
2021-05-21,0.7770001888275146,0.7782997488975525,0.7730425000190735,0.7717975151538848,0.75093087797244,0.7862885244689423,0.7573065058388274,51.55739622360996,0.0011745676112014936
2021-05-24,0.7730000615119934,0.7754901647567749,0.7710992097854614,0.7717315185070038,0.7511504718385051,0.7861687902128182,0.7572942468011895,47.76952577966047,0.0007928078794445792
2021-05-25,0.7750802040100098,0.777641236782074,0.773729681968689,0.771732851266861,0.7513885786262813,0.786171371868317,0.757294330665405,49.83358047699659,0.0006506108201669303
2021-05-26,0.7753139734268188,0.7797878980636597,0.7731381058692932,0.7717479836940765,0.7516266422561374,0.7862001664310946,0.7572958009570584,50.07237120712529,0.0005504367719862957
2021-05-27,0.7739902138710022,0.7757999897003174,0.7723498940467834,0.7716017866134643,0.7518491653567828,0.7858053217611618,0.7573982514657669,48.659893475255124,0.00036008099449214015
2021-05-28,0.774250328540802,0.7749000787734985,0.7678297758102417,0.7715793943405151,0.7520720625028924,0.7857621972015432,0.7573965914794871,48.96453977552362,0.00022758825365321034
2021-05-31,0.7710099816322327,0.7744133472442627,0.7701602578163147,0.7715545880794525,0.7522604995091545,0.7857369401316315,0.7573722360272735,45.35404658775812,-0.00013729941069229312
2021-06-01,0.7743498086929321,0.7770007848739624,0.7731297016143799,0.7715505814552307,0.7524802936303862,0.7857295921547487,0.7573715707557127,49.488272717430085,-0.00015519044303602403
2021-06-02,0.7755900025367737,0.7771601676940918,0.7716597318649292,0.7718529784679413,0.7527102409826886,0.7857086839162679,0.7579972730196147,50.97159082136915,-6.850623931753397e-05
2021-06-03,0.7744301557540894,0.7754997611045837,0.7649821639060974,0.7721595752239228,0.7529263595376279,0.7855335476287266,0.7587856028191189,49.50736643288497,-9.233395708196923e-05
2021-06-04,0.7665772438049316,0.7745999097824097,0.7652397751808167,0.7723031187057495,0.7530621892318299,0.7852658616937829,0.7593403757177162,40.933558695337226,-0.0007363932765500625
2021-06-07,0.7744001746177673,0.7768197059631348,0.7727097272872925,0.7725163674354554,0.7532745074943765,0.7852528129519241,0.7597799219189867,50.18820010074042,-0.0006085547494507626
2021-06-08,0.7756296992301941,0.7764999866485596,0.7733401656150818,0.7727466201782227,0.7534969472131409,0.7852778952803943,0.7602153450760512,51.47507428836537,-0.0004033795269492435
2021-06-09,0.7736998200416565,0.7763999104499817,0.7726781368255615,0.7730030202865601,0.7536979708233749,0.7850588528061369,0.7609471877669833,49.3212251045657,-0.0003919832676424484
2021-06-10,0.7729498147964478,0.7765181064605713,0.7722598314285278,0.7732738196849823,0.7538895314599228,0.7846738366726912,0.7618738026972735,48.4723741124562,-0.00043841700691849006
2021-06-11,0.7747998237609863,0.7774900794029236,0.7691000699996948,0.773531813621521,0.7540975940698835,0.7844551251578021,0.7626085020852399,50.7251457457898,-0.00032222144927218643
2021-06-14,0.7708911895751953,0.7727001905441284,0.7693899869918823,0.773707640171051,0.7542646945226726,0.7841524108916078,0.7632628694504942,46.13579816338989,-0.0005393128824697779
2021-06-15,0.7712002992630005,0.7719027400016785,0.7675398588180542,0.7738141918182373,0.7544332080026759,0.7840391121836137,0.7635892714528609,46.54767420287197,-0.0006785944247515996
2021-06-16,0.7686217427253723,0.7716406583786011,0.7684800028800964,0.7738527309894562,0.7545743874526529,0.783982205080662,0.7637232568982504,43.55568596322687,-0.0009856816882332087
2021-06-17,0.7616726756095886,0.7638999223709106,0.7553098797798157,0.7738584148883819,0.7546450171855578,0.7839596215378309,0.7637572082389329,36.70782305726035,-0.0017693858191348832
2021-06-18,0.7556899189949036,0.7562008500099182,0.7479398250579834,0.7736542069911957,0.7546554142184865,0.7847735922734997,0.7625348217088916,32.037674489960736,-0.002840492024070995
2021-06-21,0.7503997683525085,0.753669798374176,0.7479901909828186,0.7734101974964142,0.7546130694835016,0.7859627830428079,0.7608576119500204,28.57572511006383,-0.004069313836744026
2021-06-22,0.7534897923469543,0.7534000873565674,0.7495599985122681,0.7732245790958404,0.7546018925965708,0.7866625754416311,0.7597865827500497,33.12166488618389,-0.004739194381740086
2021-06-23,0.7554810047149658,0.7600002884864807,0.753830075263977,0.7730392003059388,0.7546106399808336,0.7871911414477509,0.7588872591641266,35.95066444283886,-0.005051178501519704
2021-06-24,0.7574437856674194,0.7593014240264893,0.7568188905715942,0.7727378809452057,0.7546388304851778,0.7875614572926702,0.7579143045977411,38.70314679423575,-0.005081472097715145
2021-06-25,0.7582076191902161,0.761904776096344,0.7580983638763428,0.7723986387252808,0.7546743408205513,0.7877616102289572,0.7570356672216044,39.78759165673571,-0.004986365294081474
2021-06-28,0.7594998478889465,0.7604001760482788,0.75559002161026,0.7721605837345124,0.7547223558162568,0.7879495210713349,0.7563716463976898,41.66778753209793,-0.004751942970035783
2021-06-29,0.756840169429779,0.7571169137954712,0.7508522272109985,0.7717633819580079,0.7547434285885306,0.7880767097493083,0.7554500541667074,38.970498444556014,-0.004726293642012935
2021-06-30,0.7513599991798401,0.7528998255729675,0.7492825984954834,0.7713429880142212,0.7547097626242651,0.7886448901424326,0.7540410858860098,34.075831807334936,-0.005089501696782017
2021-07-01,0.7497701644897461,0.7509999871253967,0.7464001178741455,0.7708295857906342,0.7546606123940709,0.7891298670818729,0.7525293044993955,32.78918204950364,-0.00544289081244298
2021-07-02,0.7465806603431702,0.750099778175354,0.7449288964271545,0.7703505027294159,0.7545802148612261,0.7898942288661432,0.7508067765926885,30.316075950405065,-0.005912168760195513
2021-07-05,0.7518599033355713,0.7540000081062317,0.7509198784828186,0.7699014723300934,0.7545531470848513,0.7900946375563118,0.749708307103875,38.574447218250256,-0.005791325332286434
2021-07-06,0.7543002963066101,0.7598599195480347,0.7488898038864136,0.7693880701065063,0.7545506311567096,0.7898399892094868,0.7489361510035258,41.99651560818291,-0.00543597420068187
2021-07-07,0.7494998574256897,0.7534000873565674,0.7464597821235657,0.7688380634784698,0.7545003747016745,0.7899237264214145,0.7477524005355252,37.56338802518245,-0.005478557763849312
2021-07-08,0.7484413981437683,0.7484749555587769,0.7418199181556702,0.7682042968273163,0.7544400863777152,0.7898033381440104,0.7466052555106222,36.64486924167883,-0.005533922745927566
2021-07-09,0.7433286309242249,0.7487198710441589,0.7410102486610413,0.7675156247615814,0.7543295246319094,0.7900464812494447,0.7449847682737182,32.5096196989866,-0.005922091296454712
2021-07-12,0.749007523059845,0.7496999502182007,0.7449799180030823,0.7670497798919678,0.7542765693923863,0.7901332929524291,0.7439662668315065,40.53624776446543,-0.005705706699337232
2021-07-13,0.7480998039245605,0.7505254149436951,0.7427985668182373,0.766493946313858,0.7542151090394726,0.7900422005085966,0.7429456921191194,39.72303123045772,-0.0055435629522812
2021-07-14,0.7441999316215515,0.7485999464988708,0.7433999180793762,0.765950345993042,0.7541154555328268,0.7902801352299543,0.7416205567561297,36.34907391341444,-0.005664453670898628
2021-07-15,0.7480382323265076,0.748615026473999,0.7434225678443909,0.7654087126255036,0.7540549856501768,0.7901082840338376,0.7407091412171696,41.606076063241126,-0.005388427212771552
2021-07-16,0.7423000931739807,0.744399905204773,0.7400401830673218,0.7646800887584686,0.753938021545936,0.7899190541317638,0.7394411233851734,36.723051062527524,-0.0055685038835258105
2021-07-19,0.7390999794006348,0.7391999363899231,0.7330002188682556,0.763744502067566,0.753790379335535,0.7892427765895136,0.7382462275456183,34.30498350394524,-0.005901410591722334
2021-07-20,0.7339202165603638,0.7356197237968445,0.7300602197647095,0.7627449083328247,0.7535926662730955,0.7889275836605127,0.7365622330051367,30.77292716056232,-0.006508182847889676
2021-07-21,0.7338911294937134,0.7360301613807678,0.7289798259735107,0.7617465388774872,0.7533966310812609,0.7884524277246274,0.735040650030347,30.753778269846038,-0.006911727226581066
2021-07-22,0.7352616786956787,0.739700198173523,0.7343098521232605,0.7609871685504913,0.7532161837938421,0.7885071003393218,0.7334672367616608,32.87335499439584,-0.0070397967923325755
2021-07-23,0.7380498647689819,0.7391999363899231,0.7357901930809021,0.7602957618236542,0.7530652751468285,0.7883545728076373,0.7322369508396711,37.09197962915381,-0.00683749118936916
2021-07-26,0.7368219494819641,0.7390982508659363,0.7333002090454102,0.759474778175354,0.7529036500158349,0.7878351590334187,0.7311143973172893,36.018406161541215,-0.006699022877301064
2021-07-27,0.738825261592865,0.7389999628067017,0.7337802052497864,0.7587038862705231,0.7527635665489396,0.7871740886783645,0.7302336838626817,39.11461134619709,-0.006354385793445827
2021-07-28,0.7366374135017395,0.7375800609588623,0.7324102520942688,0.7578566706180573,0.7526031073146391,0.7863829902915539,0.7293303509445607,37.00827944705696,-0.006186485523695384
2021-07-29,0.7377101182937622,0.7413398623466492,0.7360100746154785,0.7571702682971955,0.7524549183691577,0.7859550218475061,0.7283855147468848,38.74985627419033,-0.005898866576536377
2021-07-30,0.739609956741333,0.7405762076377869,0.7345002293586731,0.7564224636554718,0.7523271078056968,0.7850467906251973,0.7277981366857463,41.817954686487155,-0.005454746481645012
2021-08-02,0.7342305779457092,0.7382797598838806,0.7329798340797424,0.7556470739841461,0.7521470428319655,0.7845376695033256,0.7267564784649666,36.27689952387354,-0.0054737510236843034
2021-08-03,0.7360599637031555,0.740899920463562,0.7358801364898682,0.754866669178009,0.7519869723928729,0.7837227108886586,0.7260106274673594,39.226102252499,-0.005280327786526318
2021-08-04,0.7396799921989441,0.7427213191986084,0.7371000051498413,0.7541539895534516,0.7518645148785055,0.7827073678496522,0.725600611257251,44.68199262699053,-0.004779833486678431
2021-08-05,0.7382999658584595,0.7416747212409973,0.7378222346305847,0.7534401845932007,0.7517295442414901,0.7817529670163527,0.7251274021700488,43.09372864490314,-0.004443324857415387
2021-08-06,0.7402998805046082,0.7406858801841736,0.7347916960716248,0.7527611756324768,0.7516158162441082,0.7806623423648771,0.7248600089000765,46.084691488170165,-0.003969504964056014
2021-08-09,0.7337833642959595,0.736594021320343,0.7328998446464539,0.7520166432857514,0.7514383789112908,0.7799169644287344,0.7241163221427683,38.90863868274663,-0.004072878078905218
2021-08-10,0.733100175857544,0.7356186509132385,0.7316198945045471,0.7511916506290436,0.751255909229164,0.7788348198221531,0.7235484814359341,38.23641194121661,-0.004161953208658975
2021-08-11,0.7343798875808716,0.7385802865028381,0.7324998378753662,0.7503674483299255,0.7510879886157481,0.7774940060927109,0.7232408905671401,40.316493682426305,-0.004082226483856921
2021-08-12,0.7374087572097778,0.7375174760818481,0.7336100339889526,0.7496270203590393,0.7509518768604647,0.7760855613197384,0.7231684793983402,45.0348268113229,-0.0037316221964911467
2021-08-13,0.734149694442749,0.7379997968673706,0.7333701252937317,0.7489784693717957,0.7507846909657611,0.775330672390373,0.7226262663532184,41.25551191884624,-0.0036743888337140707
2021-08-16,0.736572265625,0.7369001507759094,0.7320322394371033,0.7482219111919403,0.7506432737981913,0.7737544509394532,0.7226893714444274,44.95347838399948,-0.0033944209613450127
2021-08-17,0.7341066002845764,0.7339772582054138,0.7253209352493286,0.7473914492130279,0.7504787297831305,0.771968651989602,0.7228142464364539,42.05196607520028,-0.003333081305461727
2021-08-18,0.7255598902702332,0.7271997332572937,0.723159909248352,0.7464286506175994,0.7502307811312607,0.7705670509050887,0.7222902503301102,33.8871609667878,-0.00392882817102258
2021-08-19,0.7230997681617737,0.7235000133514404,0.7145500779151917,0.745431649684906,0.7499608208032061,0.7692143017016387,0.7216489976681734,31.963384303104746,-0.004547057499746265
2021-08-20,0.714620053768158,0.7159000635147095,0.7107300162315369,0.7442280542850495,0.7496091713799717,0.7680354631433148,0.7204206454267841,26.40006795685845,-0.005656051341402235
2021-08-23,0.7139797210693359,0.7211000919342041,0.7141582369804382,0.7430898249149323,0.7492546494863336,0.7671348020756021,0.7190448477542624,26.03160730022485,-0.006511545405951558
2021-08-24,0.7209597229957581,0.7270998358726501,0.72014981508255,0.7420850133895874,0.7489731079292135,0.7655267025471482,0.7186433242320267,36.44454881500475,-0.006550789372297583
2021-08-25,0.724879801273346,0.7267283797264099,0.7237602472305298,0.7412101745605468,0.7487333735346277,0.7638611840990536,0.7185591650220401,41.43128955013024,-0.006194170402165078
2021-08-26,0.727660059928894,0.7282260060310364,0.7242099642753601,0.740529922246933,0.7485236888221327,0.7627107014836833,0.7183491430101828,44.74281347820845,-0.0056223922233888945
2021-08-27,0.7238398790359497,0.7309941649436951,0.7223100662231445,0.7398929214477539,0.748278078774509,0.7621259799235574,0.7176598629719504,41.28840455439201,-0.0054150887958829275
2021-08-30,0.731598436832428,0.7320001125335693,0.7286197543144226,0.7395168948173523,0.7481121121880205,0.7616604316444773,0.7173733579902273,49.77029802790811,-0.004572044875515213
2021-08-31,0.7291233539581299,0.7342144250869751,0.7289479970932007,0.7390295660495758,0.7479231693200614,0.7609896933571115,0.7170694387420401,47.41689931500191,-0.004056879812487257
2021-09-01,0.7317901849746704,0.7372298836708069,0.7308498620986938,0.7385557496547699,0.7477626421126446,0.7600851539416008,0.717026345367939,50.151941050282915,-0.0033942895559465613
2021-09-02,0.7368001937866211,0.7409054040908813,0.735639750957489,0.7381428778171539,0.7476535630248234,0.7589742958351822,0.7173114597991257,54.89808023080621,-0.0024368259505131995
2021-09-03,0.7399300932884216,0.7477999925613403,0.7396001219749451,0.737777327299118,0.747576712579685,0.7577972798925369,0.7177573747056992,57.61326135939214,-0.001409227713058514
2021-09-06,0.7445018887519836,0.7445999383926392,0.7427489161491394,0.7374773681163788,0.7475461173177179,0.7565981116293025,0.7183566246034551,61.28000196350731,-0.0002233681713718072
2021-09-07,0.7436713576316833,0.7465305328369141,0.7377787232398987,0.7372139918804169,0.7475075624949714,0.7555945800820062,0.7188334036788276,60.26015679111923,0.0006420163735880724
2021-09-08,0.7386598587036133,0.7404001355171204,0.7346081733703613,0.7369599890708923,0.747419525641326,0.7548881197752959,0.7190318583664888,54.379240149127334,0.0009129300897807724
2021-09-09,0.7363770008087158,0.7394300103187561,0.7347500920295715,0.7366921257972717,0.7473096497723447,0.7542351240718855,0.7191491275226579,51.894767301470914,0.0009326723420222116
2021-09-10,0.7370826601982117,0.7411249876022339,0.7361000776290894,0.7365021657943726,0.7472078886820548,0.7538122685898816,0.7191920629988635,52.61544136045663,0.0009938030910370266
2021-09-13,0.7368110418319702,0.7376807332038879,0.7336999773979187,0.7362011885643005,0.7471044374696162,0.7529351007471655,0.7194672763814355,52.29071329344365,0.0010087045991856725
2021-09-14,0.7365902066230774,0.7375001311302185,0.7324504852294922,0.7358469867706299,0.7469998182572127,0.7517461394781592,0.7199478340631006,52.009662695337695,0.0009912678769495864
2021-09-15,0.7317097783088684,0.7338000535964966,0.7303001284599304,0.7354911851882935,0.7468476785562341,0.7509329211709729,0.7200494492056141,46.111177840859376,0.0005769882105092217
2021-09-16,0.7341200709342957,0.7346999049186707,0.7275398969650269,0.735204758644104,0.7467210356943242,0.7501905975510884,0.7202189197371195,49.17677555676171,0.0004381088156339974
2021-09-17,0.7291499972343445,0.732225239276886,0.7267299294471741,0.7349211859703064,0.7465461994907424,0.7498158923761619,0.720026479564451,43.66121079981396,-7.216563579570678e-05
2021-09-20,0.7264010310173035,0.7270998358726501,0.722089409828186,0.7344690561294556,0.7463457500531958,0.7489861466765045,0.7199519655824066,40.92700523515921,-0.0006904216633659699
2021-09-21,0.7259702086448669,0.7284000515937805,0.722240149974823,0.7340264642238616,0.7461430083476404,0.7481924661752719,0.7198604622724514,40.49895695702275,-0.0012013098324730187
2021-09-22,0.7227997779846191,0.7268002033233643,0.7225000262260437,0.733598461151123,0.7459107373987547,0.7478029615928241,0.719393960709422,37.39905399583019,-0.0018408000480327757
2021-09-23,0.7233999967575073,0.7312299013137817,0.7223700881004333,0.733105696439743,0.7456867499296876,0.7469709864839735,0.7192404063955125,38.36096761131025,-0.0022729666675368465
2021-09-24,0.7299802899360657,0.731689453125,0.7236900925636292,0.7328593003749847,0.7455304667456715,0.7464936281997329,0.7192249725502365,47.826139420214915,-0.002060732321935266
2021-09-27,0.7266121506690979,0.7291999459266663,0.7250601053237915,0.732609543800354,0.7453422247946608,0.7462347735614383,0.7189843140392698,44.09381136622598,-0.0021396511969977716
2021-09-28,0.7280601263046265,0.7312999367713928,0.7230997681617737,0.7324923419952393,0.7451702636156555,0.7461722598769868,0.7188124241134918,46.04327857041931,-0.0020615907071384054
2021-09-29,0.7244277596473694,0.7262201309204102,0.7182199954986572,0.7323030745983123,0.7449638705413442,0.7461646546005235,0.7184414945961012,42.07924689567577,-0.002266699735239075
2021-09-30,0.7179998159408569,0.7257683873176575,0.7178297638893127,0.731957837343216,0.744695571490593,0.7463676613272806,0.7175480133591513,36.14827905250564,-0.002914336793840455
2021-10-01,0.7231180667877197,0.7274002432823181,0.719377875328064,0.7316592013835908,0.7444808699512608,0.7461722402989153,0.7171461624682662,43.03340739044582,-0.002980239415572239
2021-10-04,0.7275214195251465,0.7305135726928711,0.7252599000930786,0.7314731907844544,0.7443121192007522,0.7459545198782752,0.7169918616906336,48.207702588255906,-0.0026466450755894266
2021-10-05,0.7289697527885437,0.7298497557640076,0.7251500487327576,0.7312760806083679,0.7441594588384417,0.7456165629573416,0.7169355982593942,49.82210972151423,-0.002239584234641323
2021-10-06,0.7290754914283752,0.7289161086082458,0.7227098941802979,0.7311248421669007,0.7440093696104809,0.7453938627432507,0.7168558215905506,49.94478220147551,-0.0018867046046853186
2021-10-07,0.728141188621521,0.7324998378753662,0.7271199226379395,0.7309334635734558,0.743851477262332,0.7450982824642554,0.7167686446826562,48.809311208876345,-0.0016632623309965622
2021-10-08,0.7316797971725464,0.7338000535964966,0.7289400100708008,0.7307748603820801,0.7437303660176576,0.744719015431727,0.7168307053324331,53.15335291127531,-0.0011869640004635862
2021-10-11,0.729490339756012,0.7373706698417664,0.7296000123023987,0.7306800556182861,0.7435886742140592,0.7445927337236942,0.716767377512878,50.30866597981005,-0.0009749267091945235
2021-10-12,0.7348402738571167,0.7386069893836975,0.7333797812461853,0.7306556618213653,0.7435016254542887,0.7445340733334777,0.716777250309253,56.442888144621676,-0.00037091498051433636
2021-10-13,0.7335088849067688,0.7379001379013062,0.7326399087905884,0.7305322396755218,0.7434021952000844,0.7441911066964733,0.7168733726545704,54.63532460875044,3.3286763201356706e-07
2021-10-14,0.7386069893836975,0.7426998019218445,0.7372298836708069,0.7305383801460266,0.7433544817093741,0.7442117687774391,0.716864991514614,59.9273387397516,0.0006978791699787656
2021-10-15,0.741379976272583,0.7439800500869751,0.7404500246047974,0.7305599820613861,0.7433348348891076,0.7442995690032732,0.7168203951194989,62.4904574643259,0.0014576436980535679
2021-10-18,0.7424786686897278,0.7426109910011292,0.738018274307251,0.7307338881492614,0.7433263158224471,0.744854828702667,0.7166129475958559,63.4869669625089,0.0021239344618951828
2021-10-19,0.7417000532150269,0.7483999133110046,0.7417500615119934,0.7309058856964111,0.7433101341049604,0.7453502620099067,0.7164615093829155,62.22531842160918,0.0025596409830268563
2021-10-20,0.7477194666862488,0.7518231272697449,0.7466698288917542,0.7311726772785186,0.7433540080609932,0.7463529787355462,0.7159923758214911,67.58793069114331,0.0033520179248311965
2021-10-21,0.7515299320220947,0.7547169327735901,0.7478592395782471,0.731455100774765,0.743435360538218,0.7476035195189137,0.7153066820306164,70.44796654637373,0.0042385951803882715
2021-10-22,0.7463700175285339,0.7514277100563049,0.7455120086669922,0.7316995072364807,0.7434645611052859,0.7483756717566732,0.7150233427162882,62.416197708753955,0.004473286800721565
2021-10-25,0.7469096779823303,0.7507997751235962,0.7465400099754333,0.7319062554836273,0.7434988408752068,0.7490779584787022,0.7147345524885524,62.89269986296963,0.004649234211248743
2021-10-26,0.7491798400878906,0.7526000142097473,0.7490002512931824,0.7322077202796936,0.7435553682305569,0.7500531258111354,0.7143623147482518,64.9082347865098,0.004915197573088337
2021-10-27,0.7512978315353394,0.7536999583244324,0.7488398551940918,0.7327224791049958,0.7436324076664254,0.7512567418703622,0.7141882163396294,66.72421572752867,0.0052365163615272214
2021-10-28,0.7500750422477722,0.7555723190307617,0.7479801177978516,0.7332619845867157,0.7436965134831551,0.7522185795892818,0.7143053895841495,64.64428758328441,0.005331042006321285
2021-10-29,0.7531600594520569,0.7555152177810669,0.750058114528656,0.7340327847003937,0.7437906781196616,0.753029611955489,0.7150359574452984,67.4049139637323,0.0055904461829966445
2021-11-01,0.7518287897109985,0.7535999417304993,0.7487198710441589,0.7347897660732269,0.7438706593295256,0.7535398835780877,0.7160396485683661,65.04469090360419,0.005623776129162206
2021-11-02,0.7520498633384705,0.753409206867218,0.7427599430084229,0.7354115688800812,0.7439520444440424,0.7543507918314386,0.7164723459287238,65.2622208735784,0.005603436221037206
2021-11-03,0.7438998222351074,0.7452120184898376,0.7416098117828369,0.7357919692993165,0.7439515248200729,0.7546315728864283,0.7169523657122046,52.332599532584254,0.004873497843508101
2021-11-04,0.746900200843811,0.7470324635505676,0.7383888363838196,0.7361767721176148,0.7439808648800106,0.7551240929087848,0.7172294513264448,55.80402334216341,0.004485416806041309
2021-11-05,0.740932822227478,0.7411997318267822,0.736409604549408,0.7365186309814453,0.7439505360973983,0.7551719439352149,0.7178653180276757,48.274069749756805,0.00365421864711013
2021-11-08,0.7395902872085571,0.7432733774185181,0.7386402487754822,0.7366784679889679,0.7439071505363152,0.7552966265575023,0.7180603094204334,46.745813357298246,0.0028542546903457255
2021-11-09,0.7414799928665161,0.7432181239128113,0.7361899614334106,0.7369256007671356,0.7438829997137302,0.7554622936926828,0.7183889078415885,49.18436998869267,0.0023457209340814744
2021-11-10,0.7376197576522827,0.7393201589584351,0.7344101071357727,0.7370421922206879,0.7438206788971983,0.7555202867898599,0.7185640976515159,44.68317899298243,0.0016126261970229594
2021-11-11,0.7334120869636536,0.7342144250869751,0.7288401126861572,0.7369744300842285,0.7437171108182574,0.7554809744472528,0.7184678857212041,40.348649254415974,0.0006842320751974107
2021-11-12,0.7291999459266663,0.732600212097168,0.7276897430419922,0.7367598271369934,0.743572661416351,0.7553750133774265,0.7181446408965603,36.52853761795402,-0.00038695100411445527
2021-11-15,0.7332506775856018,0.7371000051498413,0.7323915362358093,0.7365348029136658,0.7434699551095774,0.7550396859148083,0.7180299199125233,42.19637501170524,-0.0008986520193399183
2021-11-16,0.734489917755127,0.737000048160553,0.7310101985931396,0.7363511741161346,0.7433806015040605,0.7547489139455043,0.717953434286765,43.84836708612879,-0.001190459558835455
2021-11-17,0.7301614880561829,0.7304500341415405,0.7264300584793091,0.736181206703186,0.7432490680369175,0.7546487820842572,0.7177136313221147,39.59216974112289,-0.001750805047998849
2021-11-18,0.7268604040145874,0.7293999195098877,0.7250601053237915,0.7359908747673035,0.7430859967531132,0.7546454285927353,0.7173363209418717,36.66884876318339,-0.0024332043143595605
2021-11-19,0.7279000878334045,0.7291999459266663,0.7230098843574524,0.7358072233200074,0.7429348931817729,0.7545982091763348,0.7170162374636799,38.2161384684854,-0.0028571810495872096
2021-11-22,0.7231698036193848,0.727150022983551,0.7229090332984924,0.7355343985557556,0.7427382256239382,0.7546590469068637,0.7164097502046476,34.13043611193491,-0.003534140696258903
2021-11-23,0.7228044867515564,0.7239032983779907,0.7208298444747925,0.7352586841583252,0.7425398799635164,0.7547158042353016,0.7158015640813488,33.82963158723088,-0.004053389164489385
2021-11-24,0.7222198247909546,0.7229090332984924,0.7187000513076782,0.735068885087967,0.7423376903598093,0.7548497562378045,0.7152880139381295,33.32344318247716,-0.004460654996404689
2021-11-25,0.7202001214027405,0.721084475517273,0.71809983253479,0.7347904860973358,0.7421174160418285,0.7550127604653747,0.7145682117292969,31.566304250574248,-0.004890020177775289
2021-11-26,0.7173703908920288,0.7176999449729919,0.7113893628120422,0.7345548939704895,0.7418711769856116,0.7553127576535508,0.7137970302874281,29.239954087856432,-0.005396424162008251
2021-11-29,0.7142806053161621,0.7160999774932861,0.7115108370780945,0.7343124854564667,0.7415966439341742,0.7557315543731042,0.7128934165398291,26.908095276493867,-0.005978160330499027
2021-11-30,0.714580237865448,0.7172001600265503,0.7067397832870483,0.7340846860408783,0.7413278239732913,0.7560998675769053,0.7120695045048513,27.511818801664575,-0.0063419070360060115
2021-12-01,0.7124998569488525,0.7173087000846863,0.7121999859809875,0.733878687620163,0.7410409785302621,0.756509025936668,0.7112483493036579,25.91152282797954,-0.006720577638670067
2021-12-02,0.7107598185539246,0.7120985388755798,0.7085214257240295,0.7336258840560913,0.7407396734558707,0.7570040585340099,0.7102477095781727,24.62150345594536,-0.007079475588060102
2021-12-03,0.70878005027771,0.7090187072753906,0.701041042804718,0.7332018792629242,0.7404216672550931,0.7575968258121227,0.7088069327137257,23.205899048206717,-0.00743791588852738
2021-12-06,0.7017898559570312,0.7053479552268982,0.700721800327301,0.7327054333686829,0.740037271122774,0.7586112393822876,0.7067996273550782,19.04279235801225,-0.00819160494850868
2021-12-07,0.7049203515052795,0.7124998569488525,0.7040399312973022,0.732242637872696,0.7396878490370278,0.7592888266822713,0.7051964490631206,25.489597952617572,-0.008439024311328702
2021-12-08,0.712259829044342,0.7170098423957825,0.7117898464202881,0.7319992792606353,0.73941493341521,0.7595468028547324,0.7044517556665383,37.96280055647586,-0.007951214785506755
2021-12-09,0.7170000672340393,0.7189072370529175,0.7136001586914062,0.731979284286499,0.7391918999208701,0.759569700525975,0.7043888680470232,44.43273384804967,-0.007100277041761416
2021-12-10,0.7146124243736267,0.7182720899581909,0.7134194374084473,0.7318091714382171,0.7389473280248776,0.7597255484835673,0.7038927943928669,42.05367358573948,-0.006543140324936747
2021-12-13,0.7166095972061157,0.7178998589515686,0.7111414074897766,0.7315909349918366,0.7387250620465815,0.7598130586017977,0.7033688113818755,44.71993026713816,-0.005872752866998843
2021-12-14,0.7133176326751709,0.713799774646759,0.7092801928520203,0.7312778925895691,0.7384722518040798,0.7599621333059434,0.7025936518731948,41.34314287591736,-0.005543201426729594
2021-12-15,0.7106002569198608,0.7150400876998901,0.71034836769104,0.7309083878993988,0.7381949185216498,0.7601784349452032,0.7016383408535944,38.7425630976795,-0.005438606182763039
2021-12-16,0.7166501879692078,0.7223398089408875,0.7146379351615906,0.7306785678863525,0.7379805430932672,0.7602165196395927,0.7011406161331124,46.77050869675879,-0.004812064341727207
2021-12-17,0.717560887336731,0.7184001207351685,0.7137402296066284,0.7303961896896363,0.7377773624389733,0.7601641274948361,0.7006282518844364,47.87783930251319,-0.004193697259270213
2021-12-20,0.7116981744766235,0.7129108309745789,0.7083101272583008,0.7300403463840485,0.7375178680313876,0.7602742076148101,0.6998064851532868,41.8431170117515,-0.004129111001065833
2021-12-21,0.7109498381614685,0.7142193913459778,0.7100809812545776,0.7295625376701355,0.7372535095252193,0.7602386616202402,0.6988864137200307,41.13047833788056,-0.004091150180022707
2021-12-22,0.7147799134254456,0.7217090129852295,0.7121497988700867,0.7291879582405091,0.7370298916535798,0.7601236887850434,0.6982522276959747,46.18248770947884,-0.0037092529324491696
2021-12-23,0.72139972448349,0.7245001196861267,0.7197999358177185,0.7288438129425049,0.7368743676021361,0.7597346736027359,0.6979529522822738,53.59494054545089,-0.0028396989027119623
2021-12-24,0.7233200073242188,0.7248099446296692,0.7222098708152771,0.7284826135635376,0.7367394983456393,0.7591970167180534,0.6977682104090218,55.50925083467322,-0.0019728781809770224
2021-12-27,0.7231285572052002,0.7243998646736145,0.7206199765205383,0.728095611333847,0.7366040660954858,0.758576955508565,0.6976142671591291,55.26447520671998,-0.0012865345688160001
2021-12-28,0.7236999869346619,0.7265002727508545,0.7220101952552795,0.7277356100082397,0.7364756672978656,0.7579854362182773,0.6974857837982021,55.88969787264173,-0.0006885554689741724
2021-12-29,0.7233999967575073,0.7273256182670593,0.7213799357414246,0.7272492206096649,0.7363455611233347,0.7569648814397479,0.6975335597795819,55.45154594937961,-0.00023613737959504721
2021-12-30,0.7258790135383606,0.7278597950935364,0.7244198322296143,0.7267362022399902,0.7362414163712455,0.7556147886656361,0.6978576158143444,58.35686287972393,0.0003187685861072431
2021-12-31,0.7249801754951477,0.7275997400283813,0.7244701981544495,0.7263084053993225,0.7361293642232246,0.7546281722842555,0.6979886385143895,56.90769553512648,0.0006781891018159403
2022-01-03,0.7268181443214417,0.7279079556465149,0.7185900807380676,0.7259065747261048,0.736036715268978,0.7535963822715772,0.6982167671806323,59.142013323672465,0.0010986763170549585
2022-01-04,0.7197999358177185,0.7248998284339905,0.7185301780700684,0.7253189766407013,0.735875155274438,0.7522289084177387,0.698409044863664,48.74816638369711,0.0008557402510100953
2022-01-05,0.7238802313804626,0.7271801829338074,0.7223398089408875,0.7247706246376038,0.735755802797881,0.7506161687391265,0.698925080536081,53.82862649986644,0.0009811473638032808
2022-01-06,0.7220800518989563,0.722300112247467,0.7146599292755127,0.7242107248306274,0.7356197256745086,0.7490105850634471,0.6994108645978078,51.40743872241095,0.000924615572010512
2022-01-07,0.7162600159645081,0.71859210729599,0.7131090760231018,0.7234727239608765,0.7354270917470459,0.7469153549512773,0.7000300929704757,44.446784447694476,0.00040551098170971134
2022-01-10,0.7179111242294312,0.7205129861831665,0.7149393558502197,0.7227943706512451,0.7352528035130399,0.744807222882457,0.7007815184200331,46.653589005226124,0.000125896238570955
2022-01-11,0.71809983253479,0.7200978994369507,0.7155701518058777,0.7221153700351715,0.7350821271848981,0.7424774639092979,0.701753276161045,46.91315139373062,-7.955620236188565e-05
2022-01-12,0.7209799885749817,0.7279201745986938,0.7200901508331299,0.721656973361969,0.7349418073977347,0.7410250566759631,0.7022888900479749,50.844305575265935,-9.860553705776098e-06
2022-01-13,0.7282207608222961,0.7313999533653259,0.7274896502494812,0.7212833845615387,0.7348749313124069,0.7393402941903269,0.7032264749327506,59.05354612360638,0.0006224681315365466
2022-01-14,0.7282260060310364,0.7295010089874268,0.722180187702179,0.7210292482376098,0.7348087728518958,0.7382978516912209,0.7037606447839988,59.058880104260474,0.001111207110910395
2022-01-17,0.7216517329216003,0.7230997681617737,0.7196201682090759,0.7206704771518707,0.7346778570316939,0.7370895965049956,0.7042513577987458,50.22719260950029,0.0009570154978618683
2022-01-18,0.7210798263549805,0.7227783203125,0.7176175117492676,0.72026247382164,0.7345425532438659,0.7355455307887577,0.7049794168545223,49.533259801435975,0.0007796817672489631
2022-01-19,0.7187501788139343,0.7238100171089172,0.7178699374198914,0.719885082244873,0.7343854151898367,0.7343274955057901,0.7054426689839559,46.70271234474402,0.00044601899193030814
2022-01-20,0.721700131893158,0.7275600433349609,0.7216725945472717,0.7196508431434632,0.7342591934654916,0.7335681399297823,0.705733546357144,50.555714133461485,0.000414843342465665
2022-01-21,0.7217090129852295,0.7217501401901245,0.7181699872016907,0.7195010244846344,0.7341343160477776,0.7331575845532764,0.7058444644159924,50.567300423037665,0.0003863988798028517
2022-01-24,0.7187884449958801,0.7189072370529175,0.7092399597167969,0.71921177983284,0.7339816208134303,0.7322796300497734,0.7061439296159067,46.69240368657979,0.00012673014346875622
2022-01-25,0.715449869632721,0.7172402143478394,0.7121898531913757,0.7188309788703918,0.7337972252792939,0.7311710469751249,0.7064909107656587,42.667410096858056,-0.0003444833415289228
2022-01-26,0.7158800363540649,0.7177998423576355,0.7150799632072449,0.7185453498363494,0.7336189447924757,0.7304690703768989,0.7066216292958,43.34507799933819,-0.0006754266657756913
2022-01-27,0.7122999429702759,0.7121401429176331,0.7042104601860046,0.7182541406154632,0.7334068154211105,0.7300596044374884,0.706448676793438,39.19299491441361,-0.0012126070710488657
2022-01-28,0.7035500407218933,0.7047216296195984,0.6968601942062378,0.717767139673233,0.733109733085795,0.729951364056152,0.705582915290314,31.30112782886313,-0.0023176539260933993
2022-01-31,0.6997998356819153,0.7079144716262817,0.6993202567100525,0.7172997403144836,0.7327782913205821,0.7303968340680894,0.7042026465608778,28.639354710095063,-0.0034561810216838795
2022-02-01,0.7068301439285278,0.7117944359779358,0.7034698724746704,0.7169802534580231,0.7325201007992682,0.7303066013548144,0.7036539055612318,39.095353267051955,-0.0037479804413290685
2022-02-02,0.7133991122245789,0.7158401012420654,0.7119302749633789,0.7168038392066955,0.7323298422064852,0.7300805237929636,0.7035271546204275,46.92126259322505,-0.0034098659294992117
2022-02-03,0.7120797634124756,0.7168001532554626,0.710989773273468,0.7166414320468902,0.7321283488851519,0.7299471778878797,0.7033356862059008,45.65245528663846,-0.0032113497251335943
2022-02-04,0.7145000696182251,0.7152999043464661,0.7052300572395325,0.7165840256214142,0.7319529431213018,0.7299016967541153,0.7032663544887131,48.408579786557986,-0.002826147648603561
2022-02-07,0.7080298066139221,0.7122999429702759,0.706589937210083,0.7164590096473694,0.7317149019620244,0.7299807289316104,0.7029372903631285,42.241314489871186,-0.0030082906756129235
2022-02-08,0.7129998207092285,0.71387779712677,0.7107598185539246,0.716427401304245,0.7315286822480661,0.729974411463899,0.702880391144591,47.74803788389036,-0.0027202444507028467
2022-02-09,0.7145919799804688,0.7194099426269531,0.7143198847770691,0.7164692437648773,0.7313601578473935,0.729979614111173,0.7029588734185817,49.41197629660723,-0.0023365574158087377
2022-02-10,0.7177411317825317,0.7248099446296692,0.715130090713501,0.7166088700294495,0.7312246451502308,0.7300223545564267,0.7031953855024723,52.62542755622237,-0.0017581060918290259
2022-02-11,0.7161697745323181,0.7183908224105835,0.7110499143600464,0.7167566645145417,0.7310748454425899,0.7299795556841285,0.7035337733449548,50.88839182768182,-0.0014102185264280864
2022-02-14,0.7144796252250671,0.7146583199501038,0.7086921334266663,0.7170104598999023,0.7309097188732613,0.7295292078582953,0.7044917119415093,49.01438365155771,-0.0012564129025307569
2022-02-15,0.7132098078727722,0.715610146522522,0.7103584408760071,0.7171762490272522,0.7307336003558434,0.7292532411553491,0.7050992568991553,47.596220833168,-0.0012228877962127127
2022-02-16,0.7149087190628052,0.7184939980506897,0.7144898176193237,0.7172292268276215,0.73057613885044,0.7292412564285473,0.7052171972266956,49.69342819983595,-0.0010471599650354602
2022-02-17,0.7194502949714661,0.7217501401901245,0.7151592373847961,0.71727823138237,0.7304654339362214,0.729306426261602,0.705250036503138,54.89059278858916,-0.0005352570622536579
2022-02-18,0.71893310546875,0.7229999303817749,0.7167600989341736,0.7173646450042724,0.7303506843992317,0.7293767400930857,0.7053525499154591,54.20384128298351,-0.0001693510211199234
2022-02-21,0.7171697616577148,0.722300112247467,0.7168407440185547,0.7173758482933045,0.7302195309391171,0.7293861138168353,0.7053655827697737,51.82317932468015,-2.140817585694066e-05
2022-02-22,0.718450129032135,0.7233999967575073,0.7181999087333679,0.7174784982204437,0.7301024224624307,0.7294348046242317,0.7055221918166558,53.42282250685801,0.0001968829968909125
2022-02-23,0.7226895689964294,0.7283798456192017,0.7221301198005676,0.7177202844619751,0.7300286627264507,0.729597546207399,0.7058430227165512,58.3536570307955,0.0007038541066297643
2022-02-24,0.7227997779846191,0.7228620052337646,0.7096275091171265,0.7178432762622833,0.7299567335250395,0.7298023878744653,0.7058841646501013,58.4767213370236,0.0011018241648091953
2022-02-25,0.7160200476646423,0.7235575318336487,0.7146021723747253,0.7178124594688415,0.7298180600338913,0.7297824772157322,0.7058424417219509,48.90318354942439,0.0008602344792842942
2022-02-28,0.7186489701271057,0.726374626159668,0.7169486880302429,0.7179514753818512,0.7297069248109381,0.7297924117329176,0.7061105390307848,52.17292423105498,0.0008708661815991503
2022-03-01,0.7262001037597656,0.7290999889373779,0.72455894947052,0.7182564806938171,0.7296720310691355,0.7301468326797926,0.7063661287078415,60.07564199185858,0.001471641096484233
2022-03-02,0.7261425852775574,0.7290202379226685,0.7244119644165039,0.7184837341308594,0.7296369122055377,0.730536111933665,0.7064313563280539,59.994322858008445,0.0019209744859589595
2022-03-03,0.729341447353363,0.7347998023033142,0.7276400327682495,0.7186425685882568,0.7296339722567599,0.7310557222388817,0.7062294149376319,62.99441362923598,0.0025063047488770307
2022-03-04,0.7336999773979187,0.7375174760818481,0.7303198575973511,0.7188501679897308,0.7296744300193584,0.7319128128133232,0.7057875231661384,66.66276979669337,0.0032840239641320768
2022-03-07,0.7394808530807495,0.7437487840652466,0.7319599390029907,0.7191772139072419,0.729772006368228,0.7334406910324246,0.7049137367820592,70.79762785624018,0.004317075837231399
2022-03-08,0.7328498363494873,0.7347900867462158,0.724658727645874,0.7193602108955384,0.729802631542171,0.7340877604930058,0.7046326612980709,61.39150683825318,0.004548279521784382
2022-03-09,0.7267916798591614,0.7338000535964966,0.7268297076225281,0.7194280445575714,0.729772671823932,0.7342623967913489,0.7045936923237939,54.29424683256094,0.0041943180216013065
2022-03-10,0.731689989566803,0.7363119721412659,0.7289102077484131,0.7195442640781402,0.7297917496124182,0.7346730325151917,0.7044154956410887,58.47437009577571,0.0042599476146988335
2022-03-11,0.7365999817848206,0.7365701198577881,0.7304602265357971,0.7197766602039337,0.7298594932161238,0.7355878510154581,0.7039654693924093,62.205700953998765,0.004654500690902563
2022-03-14,0.72965008020401,0.7296819686889648,0.7227600812911987,0.7198332989215851,0.7298574095045605,0.7357672570727938,0.7038993407703764,54.711752660976934,0.004356172625175292
2022-03-15,0.71986985206604,0.7226702570915222,0.7166701555252075,0.7198346972465515,0.7297580308235802,0.735768655718651,0.7039007387744519,46.26502783532258,0.0032926076780560587
2022-03-16,0.7191000580787659,0.7273097634315491,0.71809983253479,0.7197390937805176,0.7296519813435323,0.7356312854105695,0.7038469021504656,45.667408964048924,0.002360399635851773
2022-03-17,0.7288799285888672,0.7389399409294128,0.7285284399986267,0.7198750913143158,0.7296442992265704,0.7359642092135475,0.7037859734150841,53.8275500514188,0.0023832986789664723
2022-03-18,0.738099992275238,0.7410975694656372,0.7362794280052185,0.7203118908405304,0.7297284354758108,0.7371679926484422,0.7034557890326185,59.936561896664124,0.0031095830816988412
2022-03-21,0.7409987449645996,0.7425118088722229,0.7374898195266724,0.7207736432552337,0.7298405778587839,0.7385983945596769,0.7029488919507906,61.654336705689,0.003874412009695294
2022-03-22,0.7395793199539185,0.744999885559082,0.7375800609588623,0.7212032330036163,0.7299374807652032,0.7397842599590017,0.702622206048231,60.29114321270871,0.004316253624684352
2022-03-23,0.7462301850318909,0.7499006390571594,0.7450788021087646,0.7217082369327545,0.7300995972255682,0.7415913965277047,0.7018250773378044,64.27675623598091,0.005143791094218364
2022-03-24,0.7499175071716309,0.7526600956916809,0.746780276298523,0.7221421718597412,0.7302967903593598,0.7434979537916578,0.7007863899278245,66.29651798716799,0.006027673315465498
2022-03-25,0.7514277100563049,0.7536300420761108,0.7496302127838135,0.7226062059402466,0.730507048266792,0.7454574797339011,0.6997549321465921,67.11655870119039,0.0067719542224511375
2022-03-28,0.7518231272697449,0.7539772391319275,0.7467423677444458,0.7232096338272095,0.7307191485553786,0.7475058079761916,0.6989134596782274,67.34062342777044,0.007309450275179263
2022-03-29,0.7499501705169678,0.7515689134597778,0.7462185025215149,0.7237870407104492,0.7309105020077327,0.7492221526238017,0.6983519287970967,65.07862920997546,0.007497857182078849
2022-03-30,0.7514672875404358,0.7536198496818542,0.7505084872245789,0.7244413828849793,0.7311150471374114,0.7510058875877749,0.6978768781821837,66.07274972402199,0.007681047345401315
2022-03-31,0.7503001093864441,0.7514700889587402,0.747138500213623,0.7250133824348449,0.7313059432791928,0.7525508052149854,0.6974759596547044,64.5502801017229,0.007643930870245508
2022-04-01,0.7491927742958069,0.7526997327804565,0.7473400235176086,0.7255630576610566,0.7314839216972687,0.7539163826928621,0.697209732629251,63.06555826804341,0.007439406264300619
2022-04-04,0.7486487030982971,0.7556408643722534,0.7483909726142883,0.7261602628231049,0.7316547155420551,0.7551811971286774,0.6971393285175324,62.30724808068994,0.007150984938880778
2022-04-05,0.7543901801109314,0.7660698294639587,0.7536402940750122,0.726939069032669,0.7318809390701035,0.75686280603709,0.6970153320282481,66.83871280974587,0.0073015306713816175
2022-04-06,0.7585699558258057,0.7596002221107483,0.7534772753715515,0.7277928674221039,0.7321465014258816,0.7588435569288433,0.6967421779153645,69.69504330716565,0.007669700682118585
2022-04-07,0.7505084872245789,0.7512600421905518,0.7467501163482666,0.72855703830719,0.7323292077522368,0.7599304326948544,0.6971836439195256,59.11844622391175,0.007227668857018421
2022-04-08,0.7478480935096741,0.749299943447113,0.7427201867103577,0.7294429993629455,0.7324836245259426,0.7604335831951246,0.6984524155307665,56.09313399492334,0.006586755890215179
2022-04-11,0.7446514964103699,0.7461000084877014,0.74187833070755,0.7303400325775147,0.7326046978780265,0.7604113047952227,0.7002687603598067,52.60945849233939,0.005754554157416658
2022-04-12,0.7415317296981812,0.7494004368782043,0.7400116920471191,0.7310340642929077,0.7326935240652918,0.760486069561598,0.7015820590242174,49.38580029645927,0.004788095009010562
2022-04-13,0.7454997897148132,0.7474958896636963,0.7395793199539185,0.7316760778427124,0.7328209495941428,0.7609580415514995,0.7023941141339253,53.304991155021256,0.004292872885415022
2022-04-14,0.7451497912406921,0.7469933032989502,0.7399021983146667,0.7323374783992768,0.732943624635402,0.7613050352158602,0.7033699215826933,52.915783056308605,0.0038280366096149487
2022-04-15,0.7410151958465576,0.7418001294136047,0.7394798398017883,0.7328677809238434,0.7330239387768065,0.7614710212165793,0.7042645406311075,48.41824747642795,0.0030903990218108524
2022-04-18,0.7393824458122253,0.7397998571395874,0.7351497411727905,0.7334948337078094,0.7330872075035271,0.7612372888069009,0.705752378608718,46.72917283259766,0.0023470117463274542
2022-04-19,0.7357593774795532,0.7400100231170654,0.7346400022506714,0.7339500248432159,0.7331137962595075,0.7610595673833789,0.706840482303053,43.1333791402332,0.0014488195495808709
2022-04-20,0.7393988370895386,0.7457177639007568,0.7375697493553162,0.7344461619853974,0.7331763339792092,0.7610122250931801,0.7078800988776146,47.503394443010066,0.001018924212760175
2022-04-21,0.7446997761726379,0.7456899285316467,0.7373799085617065,0.7349853348731995,0.7332909950955617,0.7612602560043609,0.7087104137420381,53.15056014263187,0.0010933668903956306
2022-04-22,0.7361114025115967,0.737000048160553,0.7250474691390991,0.735384167432785,0.7333190588509452,0.7610926429388342,0.7096756919267359,44.75119036190623,0.0004541184752361316
2022-04-25,0.7236937284469604,0.7233377695083618,0.7136001586914062,0.7355684494972229,0.7332232844190647,0.7607928440182322,0.7103440549762136,35.91396028322444,-0.0010424760030532942
2022-04-26,0.717849850654602,0.7228723764419556,0.7142398357391357,0.7356612503528595,0.733070314928871,0.7605822156384373,0.7107402850672816,32.6466133017052,-0.002669319751496202
2022-04-27,0.714600145816803,0.7190106511116028,0.7103685736656189,0.7356550788879395,0.7328865321516366,0.7605971643315017,0.7107129934443772,30.959834756099625,-0.004172728547149007
2022-04-28,0.7125704288482666,0.7161297798156738,0.7055699229240417,0.7355174815654755,0.732684381870011,0.7608965309620812,0.7101384321688697,29.920015174218747,-0.005464975213060663
2022-04-29,0.710883617401123,0.7179998159408569,0.7095001339912415,0.7353564918041229,0.7324674588404697,0.7612616054185494,0.7094513781896964,29.046893458101565,-0.00654970071959482
2022-05-02,0.7065390348434448,0.7082198262214661,0.7034080028533936,0.7351438772678375,0.7322094645718425,0.7618212330857277,0.7084665214499473,26.871809197190117,-0.007671492808009384
2022-05-03,0.7050997614860535,0.7141020894050598,0.7054002285003662,0.7348768699169159,0.7319397162824317,0.7624871299238969,0.707266609909935,26.17260620197088,-0.008577779152992071
2022-05-04,0.7103786468505859,0.7150201797485352,0.7091394066810608,0.734630651473999,0.7317251782781347,0.7628963017314677,0.7063650012165302,33.053112427795526,-0.008768972423793597
2022-05-05,0.7252898812294006,0.7265276908874512,0.7089784741401672,0.7346804535388947,0.7316611454716796,0.7628696930097183,0.706491214068071,47.84052301220896,-0.007629336233390349
2022-05-06,0.712100088596344,0.7132998704910278,0.7063798308372498,0.7346020543575287,0.7314665080898355,0.7630239656818633,0.7061801430331941,39.524159912118705,-0.007701692063678434
2022-05-09,0.7046997547149658,0.7046997547149658,0.697050154209137,0.7343230700492859,0.7312001722353592,0.7636437694256518,0.7050023706729199,35.76732575455931,-0.008260952558701518
2022-05-10,0.6957392692565918,0.6986001133918762,0.691279947757721,0.7337138533592225,0.7308473274296002,0.7649281052709498,0.7024996014474951,31.823059568880794,-0.009319774264487934
2022-05-11,0.693600058555603,0.7051888108253479,0.6930007338523865,0.7330630028247833,0.7304767078388142,0.7662183560869836,0.699907649562583,30.945682031316352,-0.010213776462952295
2022-05-12,0.692750096321106,0.6952000260353088,0.6844701766967773,0.7323311758041382,0.7301013186694839,0.7673829167758013,0.6972794348324751,30.584869212985524,-0.010865612478028641
2022-05-13,0.6871907711029053,0.692520797252655,0.6866716742515564,0.7314009916782379,0.7296743480469309,0.7687008478593963,0.6941011354970795,28.263644450310807,-0.011695964501799327
2022-05-16,0.6946181058883667,0.6959198713302612,0.6875702142715454,0.7305037367343903,0.7293255297169949,0.7691445360209632,0.6918629374478173,35.32579935751416,-0.011620743916434084
2022-05-17,0.6972820162773132,0.7043002247810364,0.6973500847816467,0.7297923803329468,0.729006688787247,0.7695503125736285,0.6900344480922651,37.69494893702603,-0.011216874607226979
2022-05-18,0.7032843232154846,0.7047216296195984,0.6982601284980774,0.7293222332000733,0.7287507448512096,0.7697748887009617,0.6888695776991849,42.7810455047663,-0.010293808645034264
2022-05-19,0.695900022983551,0.7068286538124084,0.6956400871276855,0.7286064338684082,0.728423871996805,0.77014022322121,0.6870726445156063,38.60573307555959,-0.010042361443641123
2022-05-20,0.7041500210762024,0.7073001265525818,0.7004762887954712,0.7279574346542358,0.7281823411418737,0.7699924940057611,0.6859223753027105,45.057453696134445,-0.009072796279105733
2022-05-23,0.7062894701957703,0.7125699520111084,0.7059803605079651,0.727490222454071,0.7279645016299722,0.7699654852695351,0.6850149596386069,46.62394155321477,-0.008039103456565666
2022-05-24,0.7088980674743652,0.7104402184486389,0.7059200406074524,0.7272707867622376,0.7277747858672299,0.7700192231661717,0.6845223503583034,48.55010227860957,-0.006929523217746869
2022-05-25,0.7103200554847717,0.7119398713111877,0.7036109566688538,0.7270951867103577,0.7276011069579517,0.7700522394901869,0.6841381339305285,49.61743513057355,-0.005867790104249537
2022-05-26,0.708939790725708,0.7110999822616577,0.7058199048042297,0.7266963839530944,0.7274154222193224,0.7699549880198068,0.6834377798863821,48.56430108536289,-0.0050791851088791695
2022-05-27,0.7098793983459473,0.7165998220443726,0.7092998623847961,0.7261319720745086,0.7272409344195874,0.7695194990132347,0.6827444451357826,49.35239338363421,-0.00432849528685908
2022-05-30,0.7162810564041138,0.7203002572059631,0.7158298492431641,0.725637618303299,0.7271318809069957,0.768896827180733,0.6823784094258649,54.47078197819407,-0.0031803468314982597
2022-05-31,0.7195202112197876,0.7203401923179626,0.7151387929916382,0.7252364361286163,0.7270561429001577,0.7683396855806665,0.6821331866765662,56.84711902840947,-0.001986162935802893
2022-06-01,0.7182618379592896,0.7230291962623596,0.715610146522522,0.7246770691871643,0.726968637378358,0.76739246988555,0.6819616684887787,55.63231167119359,-0.0011282974891775321
2022-06-02,0.7173600792884827,0.725789487361908,0.7141479849815369,0.7240259206295013,0.7268730298351752,0.766159503875844,0.6818923373831587,54.72972738650968,-0.0005152577598440677
2022-06-03,0.726900041103363,0.7282101511955261,0.7206900715827942,0.7235353672504425,0.7268732986040128,0.7649314590794182,0.6821392754214669,61.792157576043294,0.0007319385006195889
2022-06-06,0.7204922437667847,0.7233796119689941,0.7190210223197937,0.7229087495803833,0.7268098055210553,0.7634977567155115,0.6823197424452552,55.52622105951534,0.0011895820681433467
2022-06-07,0.7188607454299927,0.7238100171089172,0.7157801985740662,0.7222869610786438,0.7267307103957711,0.7621308336487365,0.6824430885085511,54.0241074445381,0.0014044302144861076
2022-06-08,0.7220602631568909,0.7234424352645874,0.7176602482795715,0.7216988205909729,0.7266842382839415,0.7606425876904935,0.6827550534914523,56.50888640700279,0.001811985814883399
2022-06-09,0.7186489701271057,0.7194762229919434,0.7115007042884827,0.7210657978057862,0.7266042853669581,0.7591310373719466,0.6830005582396257,53.20711864574947,0.0018385204075207495
2022-06-10,0.7098188996315002,0.7139002084732056,0.7040300369262695,0.7202783203125,0.7264372666034211,0.7575901885852185,0.6829664520397816,45.75472848723689,0.0011339647307920808
2022-06-13,0.7018282413482666,0.7033486366271973,0.6924402117729187,0.7193419110774993,0.7261924006804842,0.7560935138226276,0.6825903083323711,40.25937156170144,-6.839168503147697e-05
2022-06-14,0.6941600441932678,0.6970000863075256,0.6876401305198669,0.7181373083591461,0.7258736707651885,0.7541407385814317,0.6821338781368605,35.81399926962686,-0.001621337462670569
2022-06-15,0.6889899373054504,0.6957998275756836,0.6887906193733215,0.716745707988739,0.7255066684422061,0.7517348821498377,0.6817565338276403,33.15577700198375,-0.003231986271385545
2022-06-16,0.7016903758049011,0.7034822702407837,0.6945297718048096,0.7157693457603455,0.725269690406014,0.7496190036240047,0.6819196878966862,44.126773993579405,-0.003443918463198803
2022-06-17,0.704049825668335,0.704020082950592,0.6898198127746582,0.7148933804035187,0.7250585474733007,0.7476023346951247,0.6821844261119127,45.903134223888955,-0.003382497046445776
2022-06-20,0.6953000426292419,0.6996098756790161,0.6927001476287842,0.7139063513278961,0.7247624429474891,0.7459211684459063,0.681891534209886,40.7314882538065,-0.003993816269527661
2022-06-21,0.6969500780105591,0.699499785900116,0.6934999823570251,0.7130147182941436,0.724485702997868,0.7443655605005014,0.6816638760877859,42.05725215728023,-0.004295629746999374
2022-06-22,0.6961801052093506,0.696150004863739,0.68822181224823,0.7120283246040344,0.7242040552586787,0.7422920608588687,0.6817645883492002,41.58973757754971,-0.004544562583895462
2022-06-23,0.6905218958854675,0.692620038986206,0.6869878172874451,0.7109357666969299,0.7238689093942686,0.7402483105094154,0.6816232228844444,38.226858986010235,-0.0051391726718714725
2022-06-24,0.6903502941131592,0.6957005858421326,0.6890421509742737,0.7099224686622619,0.7235353908342576,0.7384841241071566,0.6813608132173673,38.12617146523197,-0.0055601582363459245
2022-06-27,0.6943383812904358,0.6948999762535095,0.6909178495407104,0.7090215873718262,0.7232448733263589,0.736615662678003,0.6814275120656493,41.95279636704124,-0.005508488596235872
2022-06-28,0.6922522783279419,0.6964612603187561,0.6913812160491943,0.7081514453887939,0.722936489296524,0.7350389618070189,0.681263928970569,40.54041218866762,-0.005571644657588082
2022-06-29,0.6904398798942566,0.6920079588890076,0.6862999200820923,0.7071722662448883,0.7226131399492378,0.7329584476080396,0.6813860848817369,39.30243122122557,-0.005702210168655575
2022-06-30,0.6880465745925903,0.6913286447525024,0.685430109500885,0.7060392022132873,0.7222691940252911,0.7300096669541003,0.6820687374724743,37.66669802930839,-0.005930441574113043
2022-07-01,0.6897598505020142,0.6903502941131592,0.6765579581260681,0.7051121711730957,0.7219457179703331,0.7278912426410526,0.6823330997051387,39.604509193743795,-0.005905000391037585
2022-07-04,0.6815796494483948,0.6889999508857727,0.6795694231987,0.7042698895931244,0.7215440655472292,0.7273569264762896,0.6811828527099593,34.14623337597645,-0.006470326039446195
2022-07-05,0.6873797178268433,0.6895125508308411,0.6765396595001221,0.7036604869365692,0.7212041217888173,0.7268925584748704,0.680428415398268,40.41656091906212,-0.006376825568101596
2022-07-06,0.6793201565742493,0.682449460029602,0.6767699122428894,0.7029548871517182,0.7207873659160355,0.7269609477052635,0.6789488265981728,35.37597526532112,-0.006873827799384946
2022-07-07,0.6786000728607178,0.6849784255027771,0.6765304803848267,0.7022754800319672,0.7203675918557837,0.7270803226973126,0.6774706373666217,34.956500477687186,-0.0072423253674313015
2022-07-08,0.6849000453948975,0.6873513460159302,0.6796202063560486,0.7017558085918426,0.7200146809457252,0.7269108145371368,0.6766008026465484,41.493005258086065,-0.006945938754285841
2022-07-11,0.6845798492431641,0.6845999956130981,0.6717901825904846,0.701316624879837,0.71966209555565,0.7268939995753413,0.6757392501843328,41.266020649132656,-0.006660113736098983
2022-07-12,0.6743316054344177,0.6778604388237,0.6712490320205688,0.7007012617588043,0.7192110459027024,0.727364576376154,0.6740379471414546,34.719468757634985,-0.007177801746637846
2022-07-13,0.674700140953064,0.6803702712059021,0.6728297472000122,0.6999876916408538,0.7187681513260891,0.7274903722203822,0.6724850110613255,35.11808798979523,-0.007472200610995405
2022-07-14,0.6732302308082581,0.6787000298500061,0.6683200597763062,0.6989464986324311,0.7183150376890958,0.7264811527112214,0.6714118445536408,34.220540265460215,-0.007734959497915472
2022-07-15,0.6754885315895081,0.6805498600006104,0.6720299124717712,0.6982142674922943,0.7178889033000452,0.7262636067669778,0.6701649282176109,36.889275763380944,-0.007672527686053199
2022-07-18,0.6814774870872498,0.6854202151298523,0.6794701218605042,0.69774982213974,0.7175266006511617,0.7261279530743356,0.6693716912051444,43.44255936651561,-0.007058426224676895
2022-07-19,0.6810198426246643,0.690817654132843,0.6802998781204224,0.6974554336071015,0.717163349327515,0.7262214368183745,0.6686894303958285,43.07448321112772,-0.006533361945973759
2022-07-20,0.6897978782653809,0.6930097937583923,0.6884198188781738,0.697379390001297,0.7168910560831157,0.7262070285671524,0.6685517514354417,51.55338375744099,-0.005347290372277658
2022-07-21,0.6887384057044983,0.6918002367019653,0.68598872423172,0.6972991561889649,0.7166109302087016,0.7262016177833491,0.6683966945945806,50.57425653925838,-0.004441610564440479
2022-07-22,0.692290186882019,0.6975300312042236,0.6895501017570496,0.6974011445045472,0.7163689327626649,0.7261937962737067,0.6686084927353876,53.74582477850527,-0.00339808275138187
2022-07-25,0.6904694437980652,0.6964758634567261,0.688378095626831,0.6973181712627411,0.7161112264048082,0.7261674130277261,0.668468929497756,51.9070262429756,-0.002687023853245374
2022-07-26,0.6951202750205994,0.6983240246772766,0.6923481822013855,0.6972749364376069,0.7159023612169056,0.7261308779554314,0.6684189949197823,56.04392521154386,-0.0017282985921870386
2022-07-27,0.6947387456893921,0.695894181728363,0.6916107535362244,0.697104024887085,0.7156917779778259,0.7259158842182297,0.6682921655559403,55.62124103231742,-0.0009879002449334484
2022-07-28,0.6994900107383728,0.7016066908836365,0.6957392692565918,0.6971758246421814,0.715530566363503,0.7259933295471317,0.6683583197372311,59.69770182837987,-1.7539652779841042e-05
2022-07-29,0.7000839710235596,0.7031498551368713,0.6914400458335876,0.6970945036411286,0.7153768688974338,0.7258545701432988,0.6683344371389583,60.190005490925465,0.0007902957017460466
2022-08-01,0.6971215605735779,0.7046501040458679,0.6971215605735779,0.6969111454486847,0.71519522403849,0.72554857602778,0.6682737148695894,56.48403885288366,0.0011778912774956796
2022-08-02,0.7023902535438538,0.7030598521232605,0.6914816498756409,0.6967809891700745,0.7150678113967524,0.72525473943401,0.668307238906139,61.074474941871614,0.0018884343583758234
2022-08-03,0.6890298128128052,0.6945409178733826,0.6887099742889404,0.6963551843166351,0.7148087268337281,0.7246386632935724,0.6680717053396978,47.415251718192614,0.0013578168921056788
2022-08-04,0.693899929523468,0.6991051435470581,0.6936197876930237,0.6960543870925904,0.7146006790992977,0.7241105741600381,0.6679982000251427,51.65931928859615,0.0013151165989598868
2022-08-05,0.6959198713302612,0.6974701881408691,0.6872299909591675,0.6957751965522766,0.7144148004150287,0.7235462323987049,0.6680041607058483,53.341368356673705,0.001427809828530524
2022-08-08,0.6902502179145813,0.700839638710022,0.6899311542510986,0.695254579782486,0.7141743568080591,0.7224260771557406,0.6680830824092313,48.26492154186978,0.0010475508632278308
2022-08-09,0.6987700462341309,0.6994963884353638,0.6966019868850708,0.6948395764827728,0.7140210800859305,0.7211174977651689,0.6685616552003768,55.16937762760066,0.0014173336952398863
2022-08-10,0.6957005858421326,0.7102999091148376,0.6947701573371887,0.6943883514404297,0.7138387866108677,0.7197847047899654,0.6689919980908939,52.45335428067642,0.0014460403990758097
2022-08-11,0.7078142762184143,0.7136001586914062,0.7063798308372498,0.6941974353790283,0.7137788412338284,0.719026111329838,0.6693687594282187,60.68039550654171,0.002418386588518673
2022-08-12,0.7102898359298706,0.7129108309745789,0.7086297869682312,0.6938652312755584,0.7137441247631423,0.7173141084289913,0.6704163541221255,62.12278787571408,0.0033501168667622316
2022-08-15,0.7116677761077881,0.7124181985855103,0.7012101411819458,0.6936887419223785,0.7137234645775169,0.716442142064303,0.670935341780454,62.937768861346605,0.004151848160299565
2022-08-16,0.7020002603530884,0.7040998935699463,0.6992200016975403,0.6933515322208404,0.713606815779264,0.7150579254850533,0.6716451389566276,54.13678648362305,0.003961472866709781
2022-08-17,0.7019400596618652,0.7025999426841736,0.691210150718689,0.6929491281509399,0.7134907286537178,0.7131789850501608,0.672719271251719,54.08606680637962,0.0037623711101335555
2022-08-18,0.693040132522583,0.6971070170402527,0.689950168132782,0.6924369513988495,0.7132872401350001,0.711258752159437,0.673615150638262,47.06572274174793,0.0028535379836409636
2022-08-19,0.691119909286499,0.6919998526573181,0.6859599947929382,0.6920629715919495,0.7130666696787962,0.7102059337585466,0.6739200094253525,45.687805149932984,0.001955790085263809
2022-08-22,0.6877105832099915,0.6923601627349854,0.6863300204277039,0.6917806184291839,0.7128143703109474,0.7097417858585727,0.6738194509997951,43.26585443964562,0.0009581691093749622
2022-08-23,0.6878700256347656,0.6962091326713562,0.6857102513313293,0.6916548180580139,0.7125661678763585,0.7096360624619391,0.6736735736540886,43.41692213593472,0.00017835698141699385
2022-08-24,0.6923002004623413,0.6953716278076172,0.6879798173904419,0.6917210233211517,0.7123645164593035,0.7096865887138504,0.673755457928453,47.59254988953254,-8.12352349419676e-05
2022-08-25,0.6907985806465149,0.699300229549408,0.6903097629547119,0.691503187417984,0.7121499300333056,0.7092380122642831,0.6737683625716849,46.344149393487115,-0.0004034810281102752
2022-08-26,0.6963981986045837,0.7005990147590637,0.6915199160575867,0.691350154876709,0.7119931963872488,0.7087723813710031,0.673927928382415,51.457655693648064,-0.0002046615585459266
2022-08-29,0.6866905689239502,0.6927126049995422,0.6841901540756226,0.6911779654026031,0.7117414289498031,0.7086110301008449,0.6737449007043613,43.68493758809102,-0.0008209568026865677
2022-08-30,0.6907508373260498,0.6957973837852478,0.6859900951385498,0.691053980588913,0.7115325673416064,0.7084074850075738,0.6737004761702522,47.272398384545966,-0.0009705575139947742
2022-08-31,0.6857398152351379,0.6904217600822449,0.6843400001525879,0.6908451747894288,0.7112759230420396,0.7081981692916828,0.6734921802871747,43.582370094572504,-0.0014764452179812926
2022-09-01,0.6828502416610718,0.684360146522522,0.6771718859672546,0.6906917417049407,0.710993080441234,0.7081914466209329,0.6731920367889486,41.56740691425729,-0.002086477690340871
2022-09-02,0.6795302033424377,0.6853798031806946,0.6781086325645447,0.6904753398895264,0.7106800169875147,0.7082576008248868,0.672693078954166,39.3181289154223,-0.0028054921976322644
2022-09-05,0.6790295243263245,0.6804109811782837,0.677359938621521,0.6901691627502441,0.710365086712279,0.7082053038635708,0.6721330216369173,38.97561035927711,-0.0033767914374208674
2022-09-06,0.6813998818397522,0.6834999322891235,0.67330002784729,0.6899521148204804,0.7100768757185226,0.7081464392521273,0.6717577903888334,41.57074994233944,-0.003596820254560984
2022-09-07,0.6730109453201294,0.6736302375793457,0.6700077652931213,0.6896035361289978,0.7097080604906779,0.7084170128720656,0.6707900593859301,35.77264504669603,-0.004397421013093039
2022-09-08,0.6751401424407959,0.6763502359390259,0.6713901162147522,0.689345407485962,0.709364101107097,0.708595180812314,0.6700956341596099,38.131291797693706,-0.004804708777096711
2022-09-09,0.6765899658203125,0.6877105832099915,0.6764398813247681,0.6890820097923279,0.7090379903082235,0.7086661440049112,0.6694978755797446,39.753689174783865,-0.0049533989348350405
2022-09-12,0.6846998333930969,0.6889201402664185,0.6825379729270935,0.6891444134712219,0.70879581959265,0.7086507027360083,0.6696381242064355,47.972393905104035,-0.004366504078996636
2022-09-13,0.689398467540741,0.6918002367019653,0.6761901378631592,0.6891847884654999,0.7086028111145215,0.7086845248667395,0.6696850520642603,52.05345233782329,-0.0034821056237100967
2022-09-14,0.6743001937866211,0.6760182976722717,0.6705802083015442,0.6890843892097473,0.7082614915391194,0.7088414293136435,0.6693273491058512,40.94043945354074,-0.00395393943401412
2022-09-15,0.6751797795295715,0.6769701838493347,0.6706098914146423,0.6890159833431244,0.7079323202753428,0.7089441319824539,0.669087834703795,41.72104140242102,-0.0042083842753102285
2022-09-16,0.6687299013137817,0.6726998686790466,0.6670491099357605,0.6886925804615021,0.7075422464548298,0.7094028476245278,0.6679823132984763,37.777958387118595,-0.004874297051085996
2022-09-19,0.6726998686790466,0.6731105446815491,0.6672894954681396,0.6884549808502197,0.7071955561287026,0.7096253112176806,0.6672846504827589,41.446184401039375,-0.0050237834867172815
2022-09-20,0.6733698844909668,0.6747410893440247,0.6685385704040527,0.6884357464313507,0.706858982281561,0.7096601303237859,0.6672113625389156,42.06694063775323,-0.005030202840329845
2022-09-21,0.6694202423095703,0.6703999042510986,0.6655600666999817,0.6883301484584808,0.7064864575057203,0.7098834564006676,0.666776840516294,39.41430758797826,-0.005292979170703704
2022-09-22,0.661010205745697,0.6671470403671265,0.6575400233268738,0.6880857479572297,0.7060339574882076,0.7105939096449323,0.665577586269527,34.4350781808227,-0.006109425318733375
2022-09-23,0.66454017162323,0.66554856300354,0.6536998748779297,0.6878667807579041,0.7056210839970138,0.7110772101858672,0.6646563513299409,37.97684060544118,-0.00639787530409619
2022-09-26,0.653069794178009,0.6536802053451538,0.6458300352096558,0.6872986268997192,0.7050981855908546,0.7124564741851048,0.6621407796143336,31.939240457924697,-0.007465974487072091
2022-09-27,0.6476000547409058,0.6512401103973389,0.6442198753356934,0.686630231142044,0.7045260648858799,0.714135262274337,0.659125200009751,29.52844838221735,-0.008654054491656016
2022-09-28,0.6438001394271851,0.6512494683265686,0.636610209941864,0.6857102763652801,0.7039218268216143,0.7157436176527506,0.6556769350778097,27.950073749630747,-0.009789391848004092
2022-09-29,0.6504995822906494,0.65090012550354,0.6436700224876404,0.6849454998970032,0.7033902621994156,0.7165694364802362,0.6533215633137701,34.58860952098911,-0.010032912661185556
2022-09-30,0.6512998938560486,0.6520498991012573,0.6427974700927734,0.6841256940364837,0.702871950076596,0.7170701457610028,0.6511812423119646,35.35487563974003,-0.010045527616025951
2022-10-03,0.6420958042144775,0.6516993045806885,0.6412599682807922,0.683158221244812,0.7022672123068237,0.718121578524519,0.648194863965105,30.875237089969005,-0.010675161553578616
2022-10-04,0.6501798629760742,0.6545200943946838,0.6452487111091614,0.6822594130039215,0.7017489302239307,0.718262739251798,0.646256086756045,38.27302626030623,-0.010401928052974574
2022-10-05,0.6514102220535278,0.6524600386619568,0.6416997909545898,0.6813928425312042,0.7012480475555685,0.7182459159554639,0.6445397691069445,39.337116464218504,-0.00997116742890991
2022-10-06,0.651269793510437,0.6541001200675964,0.6391614079475403,0.6804284381866456,0.7007507514954179,0.7178675995054928,0.6429892768677983,39.25394105977009,-0.009531247650770625
2022-10-07,0.6414409279823303,0.6434000730514526,0.6375001668930054,0.6792555773258209,0.7001606039977752,0.717838240402997,0.6406729142486447,33.857794345506434,-0.009862031996057175
2022-10-10,0.6369832158088684,0.7365001440048218,0.6276991367340088,0.6780528104305268,0.6995319732695274,0.7180844764010949,0.6380211444599587,31.72754580599377,-0.010364406662229597
2022-10-11,0.6294810771942139,0.6328713297843933,0.6248301267623901,0.6765946269035339,0.698834949427982,0.7182850624601307,0.6349041913469371,28.479905642008603,-0.011238353351001207
2022-10-12,0.6266409754753113,0.6288999915122986,0.6239704489707947,0.6753468501567841,0.6981166014284529,0.7191967967129029,0.6314969036006652,27.339005510149462,-0.01202155783572334
2022-10-13,0.6277306079864502,0.6298899054527283,0.6176198124885559,0.6740234637260437,0.6974162432847514,0.7195498995458933,0.6284970279061941,28.52207930804957,-0.012411259521318163
2022-10-14,0.630099892616272,0.6346700191497803,0.6215701103210449,0.672707064151764,0.6967464288502391,0.7194396708100689,0.625974457493459,31.147227348571747,-0.01238613973732472
2022-10-17,0.6223937273025513,0.6310999989509583,0.6211801171302795,0.6713499343395233,0.6960066009741427,0.7199085897917938,0.6227912788872527,27.597048053511102,-0.012840043239423449
2022-10-18,0.6298815608024597,0.6339799165725708,0.6268900632858276,0.6699721646308899,0.6953486403754194,0.7192590407959243,0.6206852884658556,35.3123798670496,-0.012452020310996237
2022-10-19,0.6316401362419128,0.6326999664306641,0.6270811557769775,0.6686909556388855,0.6947147249114045,0.7185748787814531,0.6188070324963179,37.010072072577955,-0.011865825157531429
2022-10-20,0.6263701915740967,0.6354088187217712,0.6229209899902344,0.6670620739459991,0.6940346798035706,0.7170504162470077,0.6170737316449906,34.12019713862493,-0.011691726818118031
2022-10-21,0.6274706721305847,0.6367999315261841,0.6212900876998901,0.6654056906700134,0.6933723513690135,0.7150348299029371,0.6157765514370898,35.25707146506295,-0.01133429831044619
2022-10-24,0.6371902227401733,0.6372308135032654,0.6274510025978088,0.6639161396026612,0.6928133252135027,0.7123338580322428,0.6154984211730795,44.385512285943605,-0.010149747171072865
2022-10-25,0.6329598426818848,0.6410790681838989,0.6304999589920044,0.662535331249237,0.6922177681733871,0.7104552771112438,0.6146153853872303,41.63400695315356,-0.009443479620133033
2022-10-26,0.6385700106620789,0.6511001586914062,0.6373798847198486,0.6612679302692414,0.6916839596409362,0.7082774590881329,0.6142584014503498,46.38110442006519,-0.008334983328297185
2022-10-27,0.6493498086929321,0.652400016784668,0.6427999138832092,0.6603941237926483,0.6912627243081202,0.7066106642059073,0.6141775833793892,54.10525410861843,-0.006511590854131999
2022-10-28,0.6450905799865723,0.6479999423027039,0.6391614079475403,0.6594735372066498,0.6908032999865128,0.7050208806143673,0.6139261937989323,50.98032318522314,-0.0053485683754030955
2022-10-31,0.6401310563087463,0.6430041193962097,0.6369001269340515,0.6585219466686248,0.6902990985568833,0.7036475225594108,0.6133963707778389,47.53737957746081,-0.00477204759998151
2022-11-01,0.6409898996353149,0.6463706493377686,0.6383800506591797,0.6575843441486359,0.6898084597616438,0.702165843563519,0.6130028447337528,48.18990935936772,-0.00419746350657757
2022-11-02,0.6396700143814087,0.643086850643158,0.6387001276016235,0.6565317404270172,0.6893095697578603,0.7002444690688916,0.6128190117851429,47.21791426528595,-0.003804746433634598
2022-11-03,0.6338501572608948,0.6372401714324951,0.6274510025978088,0.6553927719593048,0.6887577348076417,0.698423570443616,0.6123619734749935,43.090740536065056,-0.003917965289989334
2022-11-04,0.6288517117500305,0.647538423538208,0.6285908222198486,0.6540418422222137,0.6881616549762227,0.6960471286998738,0.6120365557445536,39.86764034631224,-0.004360756739111293
2022-11-07,0.6439315676689148,0.6488997936248779,0.6407709717750549,0.6531866621971131,0.6877215546050057,0.6942084600665415,0.6121648643276847,51.6238661390689,-0.0034550264138215603
2022-11-08,0.6474796533584595,0.6549997925758362,0.6444918513298035,0.6523212385177612,0.6873211376771794,0.6919091222237648,0.6127333548117577,53.90722473366279,-0.0024229969425474396
2022-11-09,0.65091872215271,0.6520001888275146,0.643339216709137,0.6516248166561127,0.6869589245873837,0.6900203119082432,0.6132293214039822,56.07153936691516,-0.0013124726730044944
2022-11-10,0.6434178352355957,0.6596997976303101,0.6388698816299438,0.6508361685276032,0.6865256799172166,0.6882203857207918,0.6134519513344145,50.50161564001819,-0.0010258081968304023
2022-11-11,0.6606900691986084,0.6703001260757446,0.6580297946929932,0.6504593658447265,0.6862686091637975,0.6870341469153336,0.6138845847741194,60.28486981257316,0.0005883186256755435
2022-11-14,0.6698821187019348,0.6715916991233826,0.666429877281189,0.6502764177322388,0.6861055595074605,0.6863560573625946,0.6141967781018829,64.32591478993064,0.0025795123230532013
2022-11-15,0.669189989566803,0.6792799830436707,0.6687299013137817,0.6500322198867798,0.6859372453786977,0.6854105153214777,0.614653924452082,63.79951641409624,0.004054955632748269
2022-11-16,0.6769499778747559,0.6793999671936035,0.673101544380188,0.6501110005378723,0.6858478198313949,0.6857149729765833,0.6145070280991612,67.05473525437176,0.00578374982151697
2022-11-17,0.6739497780799866,0.6750781536102295,0.6635197997093201,0.6500871932506561,0.6857294313562564,0.6856243838707415,0.6145500026305707,64.63478778330564,0.006832974346792753
2022-11-18,0.6689200401306152,0.67298823595047,0.6662198305130005,0.6499337947368622,0.6855621737321206,0.6850679732213869,0.6147996162523375,60.68103652976199,0.007175915043320602
2022-11-21,0.6682080030441284,0.6683687567710876,0.6585801839828491,0.6496039581298828,0.6853894954168172,0.683700290129483,0.6155076261302826,60.120367482216054,0.007306023285344021
2022-11-22,0.6607800126075745,0.6650882363319397,0.6605412364006042,0.6490315890312195,0.6851446249411033,0.6813138633474057,0.6167493147150332,54.466608050418806,0.006732154171929627
2022-11-23,0.66498202085495,0.6722689270973206,0.6634801626205444,0.6488452255725861,0.6849440020148728,0.6806359397234328,0.6170545114217393,56.93390510173123,0.006541024850134414
2022-11-24,0.6743502020835876,0.6778998970985413,0.6732900142669678,0.6488286340236664,0.684838591070283,0.680564068133158,0.6170931999141749,61.89175577859414,0.007064057361552134
2022-11-25,0.6765598058700562,0.6782001256942749,0.6721401214599609,0.6489852321147919,0.6847562150981414,0.6811952179995858,0.6167752462299979,62.97444383350516,0.007569603279542925
2022-11-28,0.6711905002593994,0.6723999977111816,0.6666297912597656,0.648955044746399,0.68462123286094,0.6810770233219461,0.6168330661708519,58.61639668035246,0.007451102302992729
2022-11-29,0.665198802947998,0.6748599410057068,0.6640899777412415,0.6487916231155395,0.684427974851856,0.6804869242769578,0.6170963219541212,54.115819164885885,0.006795376654894492
2022-11-30,0.668408989906311,0.6740179657936096,0.6675701141357422,0.6487713980674744,0.6842685819668257,0.6804142185960662,0.6171285775388826,56.06230626440847,0.006460274589327963
2022-12-01,0.6799598932266235,0.6840998530387878,0.6791701912879944,0.6491503918170929,0.6842257094420475,0.6818285204555949,0.6164722631785908,62.26528052411249,0.0070455484542301106
2022-12-02,0.6811015009880066,0.6834896206855774,0.6746900677680969,0.6494816184043884,0.6841946227907636,0.6831181250792356,0.6158451117295413,62.82389508770612,0.00751487362901615
2022-12-05,0.6813009977340698,0.6850502490997314,0.6709999442100525,0.6500462424755097,0.6841658305016424,0.6848559133100672,0.6152365716409521,62.92717844726157,0.007812853222861849
2022-12-06,0.6707807779312134,0.6743702292442322,0.6690497994422913,0.6505098569393158,0.6840326458989515,0.6858006913935164,0.6152190224851153,54.35178656452797,0.007118057840913683
2022-12-07,0.6698821187019348,0.6737000942230225,0.6669499278068542,0.6510314965248107,0.6838918446333095,0.6866866882418643,0.6153763048077572,53.67885045674586,0.006420897100687939
2022-12-08,0.6726998686790466,0.678104043006897,0.6700401306152344,0.6514755022525788,0.683780481688491,0.6876527460814431,0.6152982584237144,55.53769914880139,0.006026293702950936
2022-12-09,0.6776500344276428,0.6815001964569092,0.6750398278236389,0.6520025050640106,0.6837194822132587,0.688929241789379,0.6150757683386422,58.675156952489345,0.0060433408020141854
2022-12-12,0.6781408190727234,0.6793298125267029,0.6730109453201294,0.6527234053611756,0.6836639731272832,0.6902630295632302,0.615183781159121,58.98418169303848,0.006026977722517368
2022-12-13,0.6754000186920166,0.6893000602722168,0.674117922782898,0.6532278084754943,0.6835817447249423,0.6913018764925931,0.6151537404583955,56.44564413256666,0.005726834792570079
2022-12-14,0.6842299699783325,0.6874600052833557,0.6821999549865723,0.6538842034339905,0.6835881947274635,0.6929491020355201,0.6148193048324608,62.10418970236069,0.006130800579211337
2022-12-15,0.6857798099517822,0.6870099306106567,0.6698507070541382,0.6545744037628174,0.6836100018441235,0.6946569593453763,0.6144918481802585,63.012514690574875,0.006501065275126172
2022-12-16,0.6705918908119202,0.6737000942230225,0.667669951915741,0.6551574230194092,0.683480468401017,0.695308224564226,0.6150066214745923,50.29105579515274,0.0055055005866928575
2022-12-19,0.6687487363815308,0.6735000014305115,0.6686503291130066,0.6557927334308624,0.6833338840028131,0.6957746733514334,0.6158107935102914,48.99823399644993,0.0045157267527417
2022-12-20,0.6707807779312134,0.6739898324012756,0.6629998087882996,0.6566187274456025,0.6832089774747374,0.6960850965294428,0.6171523583617621,50.50877209970717,0.0038509018297890885
2022-12-21,0.6688498258590698,0.6727600693702698,0.6657097935676575,0.6574629044532776,0.6830661003442332,0.6961092153106127,0.6188165935959425,49.02294105945875,0.003132106618532138
2022-12-22,0.6716818809509277,0.6768001914024353,0.6670001149177551,0.6583419299125671,0.6829528245293744,0.696219679562172,0.6204641802629622,51.28637563404105,0.0027591733792222684
2022-12-23,0.6678001284599304,0.6713212132453918,0.666138231754303,0.6590959346294403,0.6828020514341562,0.6961714633818425,0.622020405877038,48.13183302729014,0.0021258901767293725
2022-12-26,0.6712490320205688,0.677570104598999,0.6681811809539795,0.6600730407238007,0.6826870960171055,0.6957492440004039,0.6243968374471974,51.0147843313213,0.0018806276647790332
2022-12-27,0.674458920955658,0.6780000925064087,0.6725800037384033,0.6609645879268646,0.6826052236284345,0.6957788248719043,0.6261503509818249,53.5997251134437,0.0019230982879613334
2022-12-28,0.6729927659034729,0.6801000237464905,0.6720113754272461,0.6617916405200959,0.6825095772829124,0.6957158461959259,0.6278674348442659,52.24361981384861,0.0018174991049475508
2022-12-29,0.6747100949287415,0.6778998970985413,0.6711301207542419,0.6627584385871887,0.6824319704933186,0.695288997150326,0.6302278800240515,53.72060722951304,0.001851047369787695
2022-12-30,0.6766000390052795,0.6808399558067322,0.6756898164749146,0.6637410259246826,0.6823739413242833,0.6948583099755605,0.6326237418738048,55.356968524277185,0.0020070018355853314
2023-01-02,0.6823097467422485,0.6843400001525879,0.6793898344039917,0.6646434164047241,0.6823733025722233,0.6952303718159165,0.6340564609935317,59.9627696499133,0.0025617918281413132
2023-01-03,0.6805600523948669,0.6836204528808594,0.6689186692237854,0.6655954205989838,0.6823552602819014,0.6951012932961261,0.6360895479018415,57.98841249854125,0.0028276853862998497
2023-01-04,0.6727999448776245,0.6891300082206726,0.6725582480430603,0.6662800192832947,0.6822601825166847,0.6947984072422017,0.6377616313243878,50.1081194236132,0.0023847422993072964
2023-01-05,0.6829108595848083,0.6846032738685608,0.6736801266670227,0.6669512403011322,0.6822666569153726,0.6954229691648652,0.6384795114373991,58.09804644895568,0.002817099261361311
2023-01-06,0.6755697727203369,0.687000036239624,0.6722598671913147,0.6675608241558075,0.6822000212517403,0.695420740468851,0.639700907842764,51.632692427181034,0.00253812300869527
2023-01-09,0.689398467540741,0.6951202750205994,0.6885582208633423,0.6685461723804473,0.6822716475829741,0.6959272144234284,0.6411651303374662,60.54078522512419,0.0033937711381920588
2023-01-10,0.6909699440002441,0.692799985408783,0.6860498785972595,0.669545773267746,0.6823581977960812,0.6964660716490748,0.6426254748864172,61.41057147497456,0.004150835217750282
2023-01-11,0.6895001530647278,0.692520797252655,0.687450110912323,0.6705423760414123,0.68242926202761,0.6966247583119999,0.6444599937708247,60.07673439926722,0.004579425345422772
2023-01-12,0.6910998225212097,0.6981801986694336,0.688869833946228,0.6716873693466187,0.6825155362613771,0.6961727666581529,0.6472019720350844,61.06785688390214,0.00499063710755876
2023-01-13,0.6967815160751343,0.6993999481201172,0.6916921138763428,0.6730459654331207,0.6826574863092751,0.695263504598471,0.6508284262677704,64.44418144977828,0.00570917871914578
2023-01-16,0.6973500847816467,0.7020002603530884,0.6942598223686218,0.6741143357753754,0.6828036813189504,0.6957472747967998,0.652481396753951,64.77340911584609,0.006252432713710454
2023-01-17,0.6966398358345032,0.6993398666381836,0.6931304335594177,0.6750975394248963,0.6829413544982096,0.6962528677849669,0.6539422110648256,63.976482503874486,0.006550148232600583
2023-01-18,0.6988413333892822,0.7059903144836426,0.6974098682403564,0.6760559916496277,0.6830995632433944,0.6970820843015946,0.6550298989976608,65.39756889090113,0.006884373606669492
2023-01-19,0.6944000720977783,0.6949999928474426,0.6872285604476929,0.6770756363868713,0.6832120061175673,0.6965272094798243,0.6576240632939183,60.235107106558786,0.0067134880433651345
2023-01-20,0.691399872303009,0.6964418292045593,0.6906702518463135,0.6776898324489593,0.683293477422895,0.6969682233459057,0.6584114415520129,56.96378990386787,0.006263764179160858
2023-01-23,0.6982703804969788,0.703937828540802,0.696290135383606,0.6782575976848603,0.6834425013340799,0.6982561099798266,0.658259085389894,62.04704530557326,0.006388109222062122
2023-01-24,0.702928364276886,0.7055997848510742,0.6998199224472046,0.6789323651790619,0.6836363905175904,0.6999336881701188,0.6579310421880049,65.0602044141402,0.006784308640144787
2023-01-25,0.7046719789505005,0.7122101187705994,0.7039180397987366,0.6794868052005768,0.6838456998552314,0.7017031043672914,0.6572705060338622,66.1437629712978,0.007156498999897898
2023-01-26,0.7108199596405029,0.7140102982521057,0.7081997394561768,0.6802242088317871,0.6841141004501097,0.704077635511051,0.6563707821525233,69.71064477166043,0.007856982795489298
2023-01-27,0.7113898396492004,0.7131141424179077,0.7084912657737732,0.6810736048221588,0.6843855008401503,0.7062708134463125,0.6558763961980052,70.02587808847532,0.008361717134090951
2023-01-30,0.7107977271080017,0.7120985388755798,0.7067197561264038,0.6819253993034363,0.684648309061721,0.7082037192954583,0.6556470793114143,69.21979848083691,0.008614639992853279
2023-01-31,0.7058099508285522,0.7063094973564148,0.6985498666763306,0.6828259980678558,0.684858872661391,0.7092325978318956,0.656419398303816,62.67493417589025,0.008316741105000358
2023-02-01,0.7051399946212769,0.7092002630233765,0.7037198543548584,0.6836291575431823,0.685060674869947,0.7102623927620281,0.6569959223243366,61.82928798964378,0.007935123064022442
2023-02-02,0.7145000696182251,0.715610146522522,0.7071900963783264,0.6844321548938751,0.685353604170925,0.7123152298332072,0.656549079954543,68.27059911160343,0.008292378466841499
2023-02-03,0.7074687480926514,0.7074001431465149,0.693341851234436,0.685050333738327,0.6855736553542257,0.7135839664201415,0.6565167010565125,60.07002694669136,0.00791687624231685
2023-02-06,0.6920798420906067,0.6948787569999695,0.6856598854064941,0.6854681205749512,0.685638393530707,0.7137843409043063,0.6571519002455961,46.81570581299538,0.006304853493682039
2023-02-07,0.6887801885604858,0.6950598359107971,0.6887099742889404,0.685939748287201,0.6856696551727943,0.7136572076204444,0.6582222889539575,44.54607915726839,0.00470680230082543
2023-02-08,0.6964598298072815,0.6995100975036621,0.6927400231361389,0.6865007650852203,0.6857770200945305,0.7139036736811021,0.6590978564893385,50.55433411266653,0.0040137500719690244
2023-02-09,0.6930001974105835,0.7010607123374939,0.692280113697052,0.6867615711688996,0.6858488925056354,0.7141586085020498,0.6593645338357493,48.02969321116691,0.00314903762088381
2023-02-10,0.6939384341239929,0.6959900856018066,0.6912283301353455,0.6870183098316193,0.6859293854570618,0.7144394345642695,0.659597185098969,48.77678710365712,0.0025105149811216476
2023-02-13,0.6913477778434753,0.6967698931694031,0.6891798973083496,0.6872192454338074,0.6859832998091654,0.7146166002584232,0.6598218906091916,46.777218293011124,0.0017749760588606778
2023-02-14,0.6970000863075256,0.702701210975647,0.6923400163650513,0.6877436316013337,0.6860929195753183,0.7148589965824218,0.6606282666202455,51.453315009289085,0.001629367879761534
2023-02-15,0.6987583041191101,0.6985191702842712,0.68656986951828,0.6883211553096771,0.6862189433021222,0.715111862893235,0.6615304477261191,52.84128284636394,0.001636975794157669
2023-02-16,0.690689742565155,0.6935202479362488,0.6846098303794861,0.6886809527873993,0.6862634288669285,0.7150959339348254,0.6622659716399731,46.299392765754206,0.0009806354801166206
2023-02-17,0.6862400770187378,0.6873797178268433,0.6812314391136169,0.6888527536392212,0.6862631965102302,0.7150860141810124,0.66261949309743,43.128305313199796,0.00010027433031190025
2023-02-20,0.686940610408783,0.6922000646591187,0.6863889098167419,0.6890287494659424,0.6862699369470316,0.7150861672535442,0.6629713316783405,43.781136867484804,-0.000534727033210225
2023-02-21,0.6909002065658569,0.691811740398407,0.6858800053596497,0.6893387532234192,0.6863160092815472,0.7151015177620085,0.6635759886848299,47.4527877977815,-0.0007102762481324687
2023-02-22,0.686190128326416,0.6864218711853027,0.6809002161026001,0.6893779563903809,0.68631475673473,0.7151149428421052,0.6636409699386566,43.789187201199894,-0.0012154532276634766
2023-02-23,0.6812916994094849,0.6841700077056885,0.6785199642181396,0.6892881941795349,0.686264776064827,0.7151075759340036,0.6634688124250662,40.304134418188276,-0.0019881537009810435
2023-02-24,0.6810133457183838,0.682593822479248,0.6719698309898376,0.6894966232776641,0.686212523026554,0.714864279097119,0.6641289674582093,40.10878736435187,-0.0025930936403235627
2023-02-27,0.6735684871673584,0.6743997931480408,0.6698798537254333,0.6895930182933807,0.6860867117244724,0.7146738852853222,0.6645121513014393,35.19533728325152,-0.0036313903588039986
2023-02-28,0.6743001937866211,0.6759999394416809,0.6706098914146423,0.6896634066104889,0.6859694329390212,0.7145477652897676,0.6647790479312101,36.024850937541764,-0.004345117569081847
2023-03-01,0.6730788350105286,0.6783984303474426,0.6695901155471802,0.6897479867935181,0.6858411682830163,0.714370970399529,0.6651250031875072,35.21457910205615,-0.004952218874724745
2023-03-02,0.6759798526763916,0.6765899658203125,0.6708298325538635,0.6898339462280273,0.6857430457396668,0.7142284530969684,0.6654394393590862,38.73912788150717,-0.00514001229041916
2023-03-03,0.6735000014305115,0.6765899658203125,0.67298823595047,0.689947943687439,0.6856212244032573,0.7139726510921657,0.6659232362827122,36.89150815220377,-0.005426391136683861
2023-03-06,0.6754611730575562,0.677099883556366,0.6717197895050049,0.6900321865081787,0.6855201293649917,0.713817618192778,0.6662467548235793,39.354897944205305,-0.005432476072919856
2023-03-07,0.6733099818229675,0.6748999953269958,0.6595600843429565,0.6900092077255249,0.6853986353595984,0.7138581831341774,0.6661602323168724,37.6202356103521,-0.00554693991263977
2023-03-08,0.6591001749038696,0.662860095500946,0.6569094061851501,0.6897313559055328,0.6851369591361584,0.7146875229966285,0.6647751888144371,28.640074286815818,-0.006706952419782697
2023-03-09,0.6594000458717346,0.6635083556175232,0.6577476263046265,0.6894251549243927,0.6848808704469601,0.7154848791300298,0.6633654307187556,29.025107592733164,-0.0075154402906800755
2023-03-10,0.6591001749038696,0.6638607382774353,0.6566798686981201,0.6890751576423645,0.684624346113198,0.7162827255039363,0.6618675897807926,28.857425695788095,-0.008087146246333221
2023-03-13,0.6634203791618347,0.6716006398200989,0.6602708697319031,0.6886973702907562,0.6844133613674133,0.7167982739506042,0.6605964666309081,34.70958712766908,-0.008098271128373802
2023-03-14,0.6659198999404907,0.669469952583313,0.6633301377296448,0.6884045672416687,0.6842293468258518,0.7171492635281377,0.6596598709551996,37.89280100092501,-0.00781530724303281
2023-03-15,0.6689097881317139,0.6711859703063965,0.6601200103759766,0.6883267641067505,0.6840769134060095,0.717264268439572,0.659389259773929,41.562980786822685,-0.007266038961565191
2023-03-16,0.6618300080299377,0.6665289402008057,0.6615498065948486,0.6879051470756531,0.6838555511634615,0.7177643441179832,0.658045950033323,36.119936390321676,-0.007317665484641744
2023-03-17,0.6663401126861572,0.6723299026489258,0.6656016707420349,0.6877205538749694,0.6836812681935381,0.7180021414690267,0.6574389662809121,41.38602207280162,-0.006914940987585716
2023-03-20,0.6713212132453918,0.6731998324394226,0.666700005531311,0.6873590087890625,0.6835582825721634,0.7179884936365308,0.6567295239415942,46.61991918644639,-0.0061232605992685984
2023-03-21,0.6716899871826172,0.6725501418113708,0.6650399565696716,0.6869734096527099,0.6834401900807252,0.7179013317706937,0.6560454875347261,46.99726700404843,-0.005403799575261159
2023-03-22,0.667789876461029,0.670218825340271,0.6662499904632568,0.686539204120636,0.6832844655670963,0.7179284877219672,0.6551499205193048,43.495342564742174,-0.005089657467857722
2023-03-23,0.6699314713478088,0.6755601763725281,0.6691800951957703,0.686115837097168,0.683151599952974,0.7178234591089805,0.6544082150853554,45.880057976445855,-0.00461469346148391
2023-03-24,0.6681597828865051,0.6694999933242798,0.6626290678977966,0.6855434024333954,0.6830024276438549,0.717497581298023,0.6535892235687678,44.217483705357324,-0.004331312838457668
2023-03-27,0.665530800819397,0.6665200591087341,0.6635101437568665,0.6849070167541504,0.6828285806107757,0.7171673849192752,0.6526466485890257,41.79707904633218,-0.00426965065952023
2023-03-28,0.6660095453262329,0.6710959076881409,0.66554856300354,0.684294410943985,0.682661227025855,0.7168077051508033,0.6517811167371668,42.41524114240112,-0.004134492403003787
2023-03-29,0.6706907749176025,0.6712900996208191,0.6662198305130005,0.6837313997745514,0.6825421180496535,0.7161914185843309,0.651271380964772,48.20770782532679,-0.0036080510391508502
2023-03-30,0.6682482361793518,0.6717197895050049,0.6662300825119019,0.6832083630561828,0.682399890369352,0.7158091974942263,0.6506075286181393,45.62865711599215,-0.003349325983466711
2023-03-31,0.6716818809509277,0.6738181710243225,0.6671692728996277,0.6828140032291412,0.6822932435094672,0.7154873518597319,0.6501406545985505,49.70236210846459,-0.00283454322605603
2023-04-03,0.6658897995948792,0.6787999868392944,0.6653891205787659,0.6821663916110993,0.6821300251620583,0.7148729015872362,0.6494598816349624,43.74792215494166,-0.002860967290948313
2023-04-04,0.6788502335548401,0.6793399453163147,0.6722689270973206,0.6816848289966583,0.682097390419698,0.7138481377337413,0.6495215202595752,56.34944957711071,-0.0018151855183063947
2023-04-05,0.6758081316947937,0.6775999665260315,0.6678197383880615,0.6811075520515442,0.682034810730893,0.7126163131640381,0.6495987909390503,53.329557047624775,-0.0012178297420429862
2023-04-06,0.6716683506965637,0.6719481945037842,0.6654112339019775,0.6803245198726654,0.68193166187483,0.7107466375204758,0.649902402224855,49.446069781042816,-0.0010661764956322317
2023-04-07,0.6676012873649597,0.6692992448806763,0.6644606590270996,0.6794487488269806,0.681789071083687,0.7087200582084218,0.6501774394455394,45.909027479986804,-0.0012596477906162695
2023-04-10,0.6673500537872314,0.6680299043655396,0.662020206451416,0.6785797953605652,0.681645399269792,0.7066057061111337,0.6505538846099967,45.69159409968507,-0.0014169143294612274
2023-04-11,0.6648299694061279,0.6680026650428772,0.6645299792289734,0.6777601957321167,0.6814780815597057,0.7049192467938875,0.6506011446703458,43.46768652461347,-0.0017250140546333226
2023-04-12,0.6654002070426941,0.6721798777580261,0.6651501059532166,0.6769653999805451,0.6813181027087901,0.7031629276523528,0.6507678723087373,44.13033314066405,-0.0019012554061431652
2023-04-13,0.6699000597000122,0.678104043006897,0.6685801148414612,0.6760733997821808,0.6812044903405435,0.6999926303311765,0.6521541692331851,49.191479258066444,-0.0016587069036807511
2023-04-14,0.6783998608589172,0.6793999671936035,0.6697098612785339,0.6754920220375061,0.6811765835795323,0.6976444291941104,0.6533396148809019,57.09738625910786,-0.0007717265668112372
2023-04-17,0.6705199480056763,0.6718894839286804,0.6681901216506958,0.6750608241558075,0.6810705474046681,0.6967293872305054,0.6533922610811096,49.419971965660885,-0.0006966013844305063
2023-04-18,0.6700401306152344,0.6746408939361572,0.6698013544082642,0.6746860229969025,0.6809607920137285,0.6960318896304308,0.6533401563633742,48.988027459375544,-0.0006680801771369316
2023-04-19,0.6735698580741882,0.6741002202033997,0.6691290736198425,0.6742282235622405,0.6808872503824892,0.6946289676835644,0.6538274794409167,52.29150279897103,-0.0003565473521655038
2023-04-20,0.6705514192581177,0.6769797801971436,0.6698098182678223,0.6737792479991913,0.6807844062916995,0.6934694711061825,0.6540890248922001,49.348448070246,-0.00034919285237677844
2023-04-21,0.6743178963661194,0.6743001937866211,0.6678599119186401,0.6733868372440338,0.6807200629093554,0.6921997353387539,0.6545739391493137,52.90995626069758,-3.899166184850866e-05
2023-04-24,0.6693485379219055,0.6697600483894348,0.666700005531311,0.6729468524456024,0.6806069134069926,0.6910612644402147,0.6548324404509901,48.104078042115205,-0.0001919282498693553
2023-04-25,0.6703805327415466,0.6706907749176025,0.6625798940658569,0.6724144613742828,0.6805051583754957,0.6891561287341789,0.6556727940143868,49.137307039804256,-0.00022723877339148046
2023-04-26,0.663640022277832,0.6640000343322754,0.6595801115036011,0.6717120957374573,0.6803373460760165,0.6868085173295977,0.6566156741453169,43.10125197373713,-0.0007900186362377326
2023-04-27,0.6608380675315857,0.6635000109672546,0.6596088409423828,0.6711150622367859,0.6801433234039326,0.6854921125008887,0.656738011972683,40.8545999220059,-0.0014454577263592894
2023-04-28,0.6630398035049438,0.6642178893089294,0.6576100587844849,0.67065105676651,0.6799731391263306,0.6845243859367081,0.656777727596312,43.35327366285741,-0.0017668688705870794
2023-05-01,0.6612401008605957,0.6670998334884644,0.6610700488090515,0.6701370465755463,0.6797867407356268,0.6834396615467095,0.656834431604383,41.79883718612701,-0.002142117483755257
2023-05-02,0.6622801423072815,0.6718172430992126,0.6620898842811584,0.6695646452903747,0.6796125457263896,0.6816256962563731,0.6575035943243763,43.069214796027985,-0.002328737820447735
2023-05-03,0.6673001646995544,0.6676998138427734,0.6650086045265198,0.6691868460178375,0.6794900344723913,0.680265706985232,0.658107985050443,48.87035830901455,-0.002047954385476114
2023-05-04,0.6641517877578735,0.6699399948120117,0.6640798449516296,0.6688440477848053,0.6793374151020977,0.6794445022175803,0.6582435933520303,45.723537516570865,-0.0020557814288036935
2023-05-05,0.6696098446846008,0.6750002503395081,0.6695600748062134,0.6686159777641296,0.6792406233566499,0.6786217795696553,0.6586101759586039,51.54821987830977,-0.0016030854665572969
2023-05-08,0.6747683882713318,0.6804109811782837,0.6741302013397217,0.6686399757862092,0.6791961235050548,0.6786998693431064,0.6585800822293119,56.31937248824353,-0.0008186326121057963
2023-05-09,0.6780994534492493,0.6787999868392944,0.674740195274353,0.6687159609794616,0.679185211365196,0.6790051382832906,0.6584267836756327,59.11885241818718,7.102234631084503e-05
2023-05-10,0.6766906976699829,0.6817701458930969,0.6745089292526245,0.6687881982326508,0.6791603903334029,0.6792516376793,0.6583247587860016,57.44214831509848,0.0006548567120086002
2023-05-11,0.6781914234161377,0.6797172427177429,0.6689589619636536,0.6688324296474457,0.6791507488715396,0.679437690572247,0.6582271687226444,58.783228388740774,0.001224530058479223
2023-05-12,0.669989824295044,0.6707807779312134,0.664310097694397,0.6687622261047363,0.6790595953931664,0.6792875445026271,0.6582369077068456,49.586732294650055,0.0010026419520828833
2023-05-15,0.6646903157234192,0.6698821187019348,0.6642500758171082,0.6685468089580536,0.6789166174860047,0.6789527250418051,0.6581408928743021,44.71843292017823,0.0003946190544393824
2023-05-16,0.6703001260757446,0.6710959076881409,0.6653183102607727,0.6684866118431091,0.6788308812530668,0.6788145923337411,0.6581586313524771,50.28279931651946,0.00036125699402744793
2023-05-17,0.6657789945602417,0.6670491099357605,0.6629501581192017,0.6686201882362366,0.6787010117337352,0.6786202161044768,0.6586201603679964,46.24295527998372,-2.9658325127801533e-05
2023-05-18,0.6655617952346802,0.666888952255249,0.6605499386787415,0.6687434232234954,0.6785702732611079,0.67842652538772,0.6590603210592709,46.0515361717889,-0.0003529194663896007
2023-05-19,0.6629980802536011,0.6673001646995544,0.6617901921272278,0.6688213813304901,0.6784153260670033,0.6782469353131041,0.659395827347876,43.74951706945797,-0.0008066777440296491
2023-05-22,0.666100025177002,0.6667377948760986,0.6628301739692688,0.6688749742507935,0.67829278575964,0.678205172867805,0.6595447756337819,47.18933504562645,-0.0009055448594702531
2023-05-23,0.6649687886238098,0.666400134563446,0.6611220240592957,0.6688559520244598,0.6781602086737114,0.6782145763611449,0.6594973276877747,46.08258370231563,-0.0010629263432243574
2023-05-24,0.6613581776618958,0.6615200638771057,0.6533385515213013,0.6687049198150635,0.6779930242855341,0.6783007324295572,0.6591091072005698,42.64475836620253,-0.0014621437494723999
2023-05-25,0.6545102000236511,0.654600203037262,0.6501316428184509,0.6685585236549377,0.6777593643426297,0.6787850574018552,0.6583319899080202,37.005977827965644,-0.002304535731213586
2023-05-26,0.6498485803604126,0.6544117331504822,0.6492098569869995,0.6682286930084228,0.6774816450990255,0.679731418953066,0.6567259670637796,33.73581122530793,-0.003310134029289591
2023-05-29,0.6526989340782166,0.6553938984870911,0.6523710489273071,0.6678562474250793,0.677235050959515,0.6801303434974265,0.6555821513527321,37.37965742404369,-0.003832894974461154
2023-05-30,0.6528502106666565,0.655769944190979,0.6503497958183289,0.6674794518947601,0.6769924157327203,0.6804122117732031,0.6545466920163171,37.57585399354929,-0.0041867181526605846
2023-05-31,0.6517800092697144,0.6520180106163025,0.6464499831199646,0.6671592545509338,0.6767415460166705,0.6808322257276036,0.6534862833742641,36.69982508140977,-0.004501590347841811
2023-06-01,0.6506401300430298,0.6578999757766724,0.6486001014709473,0.6667734277248383,0.6764818304348431,0.6811953282939995,0.652351527155677,35.743973595566516,-0.00478791544935353
2023-06-02,0.657799482345581,0.6637999415397644,0.6575183868408203,0.6665662217140198,0.6762959364240047,0.6812029253543378,0.6519295180737018,45.368307064888995,-0.004386564670569637
2023-06-05,0.6599997878074646,0.6634001135826111,0.6580419540405273,0.6664556014537811,0.6761337856915018,0.6812073969461299,0.6517038059614324,47.94867995849537,-0.003846603770909951
2023-06-06,0.6613494157791138,0.6682701110839844,0.6610198020935059,0.6663623988628388,0.6759866775331695,0.6811844159677565,0.6515403817579211,49.523541811409366,-0.0032720589113764964
2023-06-07,0.6679089665412903,0.6716999411582947,0.6659297347068787,0.6663067626953125,0.6759063022994195,0.6810832790990651,0.65153024629156,56.42434099412461,-0.0022613595000996467
2023-06-08,0.665860116481781,0.6716999411582947,0.6655400991439819,0.6662590003013611,0.6758063402514828,0.6810253374036037,0.6514926631991185,53.94365580421557,-0.0016071715387455665
2023-06-09,0.671259880065918,0.6751000285148621,0.66939777135849,0.6662505602836609,0.6757611018416761,0.6810047234928576,0.6514963970744643,59.053118601261424,-0.0006455653966283004
2023-06-12,0.6744998693466187,0.6775985956192017,0.6732197999954224,0.6664227616786956,0.675748552264611,0.6813595908446095,0.6514859325127818,61.79211986679595,0.0003736472829397597
2023-06-13,0.6753101944923401,0.6806499361991882,0.673879861831665,0.6663519608974456,0.6757441904957326,0.6810804626847735,0.6516234591101178,62.46831171220933,0.001232558969064157
2023-06-14,0.6769289374351501,0.683699905872345,0.6764498949050903,0.6663743770122528,0.675755979022493,0.6811649021438474,0.6515838518806581,63.844856454534266,0.0020205797103934886
2023-06-15,0.6796895265579224,0.6873797178268433,0.6769105792045593,0.66653480052948,0.6757951187989648,0.6817282088135164,0.6513413922454436,66.12656435741076,0.0028351662644152675
2023-06-16,0.688029944896698,0.6898602247238159,0.6857205629348755,0.6669433736801147,0.6759168583621263,0.6833074533407811,0.6505792940194483,71.89705273194718,0.004106398033030811
2023-06-19,0.6875999569892883,0.6878998875617981,0.6835101842880249,0.6673483717441558,0.67603310809971,0.6847245714817475,0.6499721720065642,71.22341069446679,0.0050212797504942674
2023-06-20,0.6851379871368408,0.6855000853538513,0.6754798293113708,0.6677545320987701,0.6761237039110246,0.6858259338852637,0.6496831303122765,67.33332366740655,0.005484448404146525
2023-06-21,0.6788820624351501,0.6799945831298828,0.6744179725646973,0.6680241692066192,0.6761511502644985,0.6863526783199745,0.649695660093264,58.57813417259706,0.0052857808670822015
2023-06-22,0.6798702478408813,0.6806193590164185,0.6749687790870667,0.6682235729694367,0.6761881562105321,0.6868499028920618,0.6495972430468115,59.474520586083116,0.005148722448847121
2023-06-23,0.6760699152946472,0.6767099499702454,0.6663601398468018,0.6681769740581512,0.6761869796840059,0.6867108189250318,0.6496431291912707,54.58251443119161,0.004679505166497844
2023-06-26,0.6680517792701721,0.6694999933242798,0.66684889793396,0.6681276106834412,0.6761060324162066,0.6866491282914263,0.649606093075456,45.98773781628293,0.0036189337078158523
2023-06-27,0.6674498319625854,0.6720998883247375,0.6671114563941956,0.6680758047103882,0.6760199010684094,0.6865899768577984,0.6495616325629779,45.40964325269792,0.002698741654877934
2023-06-28,0.668140172958374,0.6687174439430237,0.6598612666130066,0.6679672110080719,0.6759414958135831,0.6864134226705139,0.6495209993456299,46.24423059289386,0.0020021085115862203
2023-06-29,0.6600616574287415,0.6641001105308533,0.6596101522445679,0.6677574157714844,0.6757834874714453,0.686321892097824,0.6491929394451448,38.77378307053933,0.0007890572771667159
2023-06-30,0.6619710922241211,0.6664400696754456,0.6604714393615723,0.6675104796886444,0.6756460507028152,0.6860472167012975,0.6489737426759913,41.19193670607393,-1.801151002245316e-05
2023-07-03,0.6658321619033813,0.668941080570221,0.6637800931930542,0.6674401521682739,0.675548400067995,0.6859751077336929,0.648905196602855,45.849279394676536,-0.0003421195425513668
2023-07-04,0.6674097180366516,0.6706997752189636,0.664429783821106,0.667380735874176,0.6754674181572354,0.685896255347438,0.648865216400914,47.67271887138217,-0.00046630660535385005
2023-07-05,0.6692701578140259,0.6700997948646545,0.6658298969268799,0.6674933385848999,0.6754057538752135,0.6859844675341146,0.6490022096356852,49.81878814235705,-0.0004098789759601207
2023-07-06,0.6656903028488159,0.6688998937606812,0.6600180864334106,0.6675903832912445,0.675309082720722,0.6859896514256978,0.6491911151567913,45.9165040808255,-0.0006465707851872615
2023-07-07,0.6628398895263672,0.6687174439430237,0.6621201038360596,0.667586385011673,0.6751850111466488,0.6859897757748452,0.6491829942485008,43.02656001451734,-0.0010520281567693024
2023-07-10,0.6688382029533386,0.6695398688316345,0.6624578833580017,0.6677383470535279,0.6751218588263173,0.6860531137051232,0.6494235804019325,50.13855557334384,-0.0008792073265778688
2023-07-11,0.667900025844574,0.6695098280906677,0.6651191711425781,0.6678507447242736,0.6750499997916731,0.6860976416448392,0.6496038478037081,49.10604536190334,-0.0008086272736902433
2023-07-12,0.6693798899650574,0.6795098185539246,0.6683799624443054,0.6678923392295837,0.6749935807884232,0.6861435945293797,0.6496410839297877,50.826240217522596,-0.0006260625471592451
2023-07-13,0.6792786121368408,0.6896998882293701,0.6786401867866516,0.6681948757171631,0.6750362179162682,0.686692875585466,0.6496968758488602,60.45454805304996,0.0003137487656459381
2023-07-14,0.6888617873191833,0.6896076202392578,0.6841817498207092,0.6685799145698548,0.6751737857710236,0.6879777102396927,0.6491821189000169,67.15880279595113,0.0018109625008723151
2023-07-17,0.6837793588638306,0.6839945316314697,0.6789101362228394,0.6687601339817048,0.6752594133639869,0.6885559576799334,0.6489643102834761,61.23002801642925,0.0025579195676354027
2023-07-18,0.6810500025749207,0.6836401224136353,0.6789801716804504,0.6688191449642181,0.6753170311670808,0.6887457616769301,0.6488925282515061,58.255796357284765,0.002896265832592171
2023-07-19,0.6814821362495422,0.6818998456001282,0.6751702427864075,0.6689149737358093,0.6753783754962595,0.6890411857143379,0.6487887617572807,58.598695908824254,0.0031628182611452837
2023-07-20,0.6769999265670776,0.6847392320632935,0.6771699786186218,0.6688911437988281,0.675394510332785,0.6889753025594128,0.6488069850382434,53.67385435814356,0.002978056932651074
2023-07-21,0.6778190732002258,0.6787999868392944,0.6723100543022156,0.6690477287769317,0.6754186353364411,0.689288321325973,0.6488071362278905,54.42766071879034,0.002864707965875124
2023-07-24,0.6725800037384033,0.6756209135055542,0.6716597676277161,0.6692055225372314,0.6753903902459134,0.6894304705820975,0.6489805744923653,48.94241355767975,0.0023253240836588196
2023-07-25,0.6733009219169617,0.6791171431541443,0.6726500988006592,0.6692655384540558,0.6753695995162722,0.6895215296675903,0.6490095472405213,49.693716807313464,0.0019337395966374515
2023-07-26,0.6787599325180054,0.6791402101516724,0.6731500029563904,0.669525157213211,0.6754033341730058,0.6899309504899253,0.6491193639364968,55.08352484515217,0.0020403823445344083
2023-07-27,0.6759999394416809,0.6820910573005676,0.6722282767295837,0.6697339200973511,0.6754092705438385,0.690187733394792,0.6492801067999102,52.04733910604591,0.0018805117466894616
2023-07-28,0.6711859703063965,0.6710999608039856,0.6623802185058594,0.6698976778984069,0.6753672476559037,0.6902622879394563,0.6495330678573575,47.16420019312921,0.001349806341612303
2023-07-31,0.6660805344581604,0.6738998889923096,0.6659297347068787,0.6698972880840302,0.6752748425494586,0.6902621955782154,0.6495323805898449,42.59943358197223,0.0005113578643665129
2023-08-01,0.6716818809509277,0.6723200082778931,0.660571813583374,0.6700315499305725,0.6752390916877816,0.6903523027767252,0.6497107970844197,48.48981614594948,0.00029545740595460224
2023-08-02,0.6617608070373535,0.6631000638008118,0.6528011560440063,0.6700396025180817,0.6751049794027028,0.6903466411352869,0.6497325639008765,40.55216054701776,-0.0006684871104760681
2023-08-03,0.6544999480247498,0.6560999751091003,0.6514899730682373,0.6700393974781036,0.6748999542148624,0.6903470762931889,0.6497317186630183,35.918030366917094,-0.0019953100333519602
2023-08-04,0.6561206579208374,0.660881757736206,0.654660165309906,0.6701648390293121,0.67471309554527,0.6900362577760256,0.6502934202825986,37.6312891340532,-0.002882817687389072
2023-08-07,0.657371461391449,0.6593000888824463,0.6556100249290466,0.6702582895755768,0.6745405419716002,0.6898362316454801,0.6506803475056734,38.98703325886517,-0.0034455266245215777
2023-08-08,0.6572591066360474,0.6575901508331299,0.6497810482978821,0.6703464674949646,0.674368587391147,0.6896420681794726,0.6510508668104567,38.90522334398529,-0.0038560929617427186
2023-08-09,0.6531601548194885,0.6570599675178528,0.6520987749099731,0.6703740704059601,0.6741575582113295,0.6895649279169141,0.651183212895006,35.94206527916734,-0.004460799576422092
2023-08-10,0.6536802053451538,0.6611089706420898,0.652890682220459,0.6704348719120026,0.6739538034564422,0.6893883321729686,0.6514814116510366,36.60181789509434,-0.004842251730303948
2023-08-11,0.6512498259544373,0.6533500552177429,0.6487818956375122,0.6703038787841797,0.6737278932325416,0.6896991595972234,0.6509085979711361,34.798067133744794,-0.005279804318156889
2023-08-14,0.6495404839515686,0.6503599286079407,0.6456111073493958,0.6700946927070618,0.6734872224934273,0.6901577027903611,0.6500316826237624,33.54592614595445,-0.005698805231168946
2023-08-15,0.6488400101661682,0.6518904566764832,0.6459301710128784,0.6698445045948028,0.6732419765996237,0.6906508527889819,0.6490381564006238,33.02154971039678,-0.006018016901097267
2023-08-16,0.6457903981208801,0.6479999423027039,0.6428800821304321,0.6694021332263946,0.6729688265650093,0.691288937829497,0.6475153286232923,30.7666802264054,-0.006442804020453274
2023-08-17,0.6414697170257568,0.6449615359306335,0.6368696093559265,0.6689143252372741,0.6726554025894943,0.6921678890250961,0.6456607614494522,27.8636336037644,-0.007046861890551703
2023-08-18,0.6406888961791992,0.64292973279953,0.6380399465560913,0.6683029055595398,0.6723373278988446,0.6928750024277978,0.6437308086912817,27.361184429534973,-0.007502108188040202
2023-08-21,0.6414697170257568,0.6423019766807556,0.6389204859733582,0.6676423025131225,0.6720301874921472,0.6932869704119861,0.641997634614259,28.74492561461146,-0.007711000824375147
2023-08-22,0.6414080262184143,0.6459001302719116,0.6404385566711426,0.666964259147644,0.6717254893700204,0.6935566528624278,0.6403718654328602,28.698410115177637,-0.007791709697025251
2023-08-23,0.6427999138832092,0.6472198367118835,0.6411802172660828,0.6662816786766053,0.6714376726985098,0.6935729700383813,0.6389903873148293,31.39587108259269,-0.007655114957926701
2023-08-24,0.6480587720870972,0.6488997936248779,0.642351508140564,0.6656490635871887,0.6712050468217793,0.6931374990087151,0.6381606281656622,40.54749330155034,-0.007041348454243979
2023-08-25,0.6413956880569458,0.6438279151916504,0.638239860534668,0.6647163784503937,0.6709084362868059,0.692269814180844,0.6371629427199433,34.30359307976387,-0.007011762045453396
2023-08-28,0.6416714191436768,0.643790602684021,0.6402798295021057,0.6637978076934814,0.6706175206933418,0.6912996787581295,0.6362959366288333,34.751366683839905,-0.006886680048223459
2023-08-29,0.6428180932998657,0.6468999981880188,0.6402101516723633,0.6629514098167419,0.6703409094754963,0.6903773752610518,0.6355254443724321,36.6840857395571,-0.006618728065874713
2023-08-30,0.647659957408905,0.6520605087280273,0.6451700329780579,0.662326967716217,0.6701152283604058,0.6896941539201292,0.6349597815123048,44.20010594360133,-0.0059471215061525085
2023-08-31,0.6478782296180725,0.650679886341095,0.6462494730949402,0.6616871273517608,0.6698939646913279,0.688875547544867,0.6344987071586546,44.51983589709222,-0.005335748538047302
2023-09-01,0.6488408446311951,0.6518394947052002,0.6444100141525269,0.6611425459384919,0.6696844809096351,0.6882457633154763,0.6340393285615075,45.989661207632984,-0.0047191565701028
2023-09-04,0.6452862024307251,0.6479999423027039,0.6450905799865723,0.6606872344017028,0.6694417119695464,0.6880800377150161,0.6332944310883896,41.606229085619425,-0.004465853334057246
2023-09-05,0.6458100080490112,0.6462870836257935,0.6358410716056824,0.6602544379234314,0.6692065706370037,0.6878938256677377,0.6326150501791251,42.476310224225706,-0.004174718403684663
2023-09-06,0.6375396251678467,0.6404500603675842,0.6357998847961426,0.6596424269676209,0.6688914766522359,0.6879169745877551,0.6313678793474866,33.8900256686413,-0.0045587917404521505
2023-09-07,0.6383001804351807,0.6394700407981873,0.6362800598144531,0.6592071974277496,0.668587085645101,0.6881181903564522,0.630296204499047,35.18752442198232,-0.004747080780805213
2023-09-08,0.6377400159835815,0.6414985060691833,0.6368501782417297,0.6587225759029388,0.6682801496285685,0.6882502390130388,0.6291949127928388,34.64815108397106,-0.004885188380858274
2023-09-11,0.6397993564605713,0.6449000239372253,0.6390103101730347,0.6582019197940826,0.6679967586517725,0.6881332060928914,0.6282706334952738,38.38726375539579,-0.0047734428057456535
2023-09-12,0.643200159072876,0.6439999938011169,0.6410708427429199,0.6577177286148072,0.6677500263176542,0.6878238002652932,0.6276116569643211,44.07755835221233,-0.004360205547843887
2023-09-13,0.6428180932998657,0.6434178352355957,0.6388000845909119,0.657188687324524,0.6675019473821538,0.6873956560677583,0.6269817185812896,43.59048169771849,-0.004017233392658581
2023-09-14,0.6421617865562439,0.6457299590110779,0.6420401334762573,0.6567181169986724,0.6672498064784134,0.6871169693220929,0.626319264675252,42.717236214192184,-0.0037550975310484125
2023-09-15,0.6432398557662964,0.6474168300628662,0.6432316303253174,0.656326116323471,0.6670109014962031,0.6869077026561302,0.6257445299908119,44.67774596123228,-0.003420927474215185
2023-09-18,0.6440501809120178,0.6449998617172241,0.6418299674987793,0.6558303558826446,0.6667824366147684,0.6863877181803627,0.6252729935849265,46.16907756270866,-0.003055487076476626
2023-09-19,0.643960177898407,0.6474997997283936,0.6428499221801758,0.6553515589237213,0.6665553494633618,0.6858872237868665,0.6248158940605761,46.0206857777469,-0.002741532736582397
2023-09-20,0.646600067615509,0.6504999995231628,0.6448409557342529,0.6548959624767303,0.6663567894449752,0.6852565770989906,0.6245353478544701,50.995824181958234,-0.0022537250827473487
2023-09-21,0.6436100006103516,0.6440808773040771,0.6387979984283447,0.6541825902462005,0.6661304532376655,0.6838735963836253,0.6244915841087757,45.84208980321134,-0.0020843799859062706
2023-09-22,0.6409598588943481,0.6465001702308655,0.6404508352279663,0.6532245516777039,0.6658799995626076,0.6814009075589328,0.625048195796475,41.80906635701164,-0.002139355901784157
2023-09-25,0.6440999507904053,0.64470374584198,0.6404898166656494,0.6524309635162353,0.6656632826594016,0.6792995539599672,0.6255623730725034,47.682247080885496,-0.0019075564150882185
2023-09-26,0.6422001123428345,0.6430301666259766,0.6388200521469116,0.6516539657115936,0.6654298182781422,0.6773666144800825,0.6259413169431047,44.74003892674746,-0.001855762660188609
2023-09-27,0.6393861770629883,0.6409311294555664,0.6361998915672302,0.6508120465278625,0.6651706775695336,0.6752640924621482,0.6263600005935768,40.73113785677153,-0.002018508684683007
2023-09-28,0.634759783744812,0.6425999999046326,0.6349085569381714,0.6499672436714172,0.6648680816110787,0.6736324109237778,0.6263020764190567,35.153939249794476,-0.0024920703225923546
2023-09-29,0.6427974700927734,0.6502999067306519,0.6421700119972229,0.6492668116092681,0.6646484735362698,0.6716030962100363,0.6269305270084999,48.37879374468952,-0.0021935117795489623
2023-10-02,0.6437202095985413,0.64470374584198,0.6368501782417297,0.648689615726471,0.6644402321040537,0.6700365933969809,0.6273426380559611,49.64835514370475,-0.001860992256424665
2023-10-03,0.6362699270248413,0.6364999413490295,0.6287501454353333,0.6479489958286285,0.6641599305609769,0.6683597797236,0.6275382119336571,40.90164641948167,-0.002173587909355512
2023-10-04,0.6308901309967041,0.6343165040016174,0.6287805438041687,0.6469915997982025,0.6638288877792429,0.6659420441029648,0.6280411554934403,35.973333934032226,-0.002822886318775475
2023-10-05,0.6329101920127869,0.637751042842865,0.632559061050415,0.6461298048496247,0.6635212390651487,0.6635534098953951,0.6287061998038542,38.94801622499954,-0.0031382817856275835
2023-10-06,0.6371049880981445,0.6394798159599304,0.6314606666564941,0.6454481852054595,0.6632583907968204,0.6614820404072066,0.6294143300037125,44.694222975351536,-0.0030149949931824738
2023-10-09,0.6371999979019165,0.6388959884643555,0.6345000863075256,0.6448705744743347,0.6629991033053287,0.6599213520120448,0.6298197969366246,44.82090013872759,-0.0028764647299325263
2023-10-10,0.6420900225639343,0.6432998776435852,0.6391798257827759,0.6442787373065948,0.6627910527506881,0.6572033667996833,0.6313541078135063,51.03706578837587,-0.002345061961129158
2023-10-11,0.643347442150116,0.6447000503540039,0.6404799818992615,0.64391047000885,0.6625975839884933,0.6558106589655206,0.6320102810521795,52.518314380482465,-0.0018016894321305488
2023-10-12,0.6418097615242004,0.6431000232696533,0.6330800652503967,0.6436566662788391,0.6623907399838734,0.6551700398888474,0.6321432926688308,50.506096856520486,-0.001478102122507985
2023-10-13,0.6316800117492676,0.6333001852035522,0.6286998987197876,0.6431678533554077,0.6620851605984545,0.6545963353834071,0.6317393713274083,39.711670591912124,-0.0020158060400632394
2023-10-16,0.6312999725341797,0.6341153979301453,0.6303099393844604,0.6426464235782623,0.661778840319208,0.65380569585085,0.6314871513056746,39.37168994849289,-0.002444428408125643
2023-10-17,0.6337798237800598,0.6377997994422913,0.6337601542472839,0.6421768379211426,0.6615002431397139,0.6527889033786971,0.631564772463588,42.812188747324576,-0.002554564028353634
2023-10-18,0.6362699270248413,0.6392901539802551,0.63347989320755,0.6418390333652496,0.6612491952181729,0.6520933422971668,0.6315847244333325,46.11863124605281,-0.002413100064238005
2023-10-19,0.6332400441169739,0.6337400674819946,0.6297098398208618,0.641430230140686,0.6609704971972654,0.6513830625398668,0.6314773977415052,42.87066926412454,-0.002516466819313612
2023-10-20,0.6326999664306641,0.6326999664306641,0.6299899220466614,0.6410592329502106,0.6606891983836674,0.6509003474055993,0.6312181184948219,42.29882482521138,-0.002611857604456591
2023-10-23,0.6320393085479736,0.6339948177337646,0.6289798617362976,0.6407092094421387,0.660404124852964,0.6505640078506366,0.6308544110336408,41.568382658610254,-0.0027095312688777407
2023-10-24,0.6336702108383179,0.6378600597381592,0.633620023727417,0.6404058134555817,0.660138115758291,0.6501725583969374,0.6306390685142259,44.13314858253737,-0.0026250779028113014
2023-10-25,0.6360999345779419,0.6399999856948853,0.6322099566459656,0.6402120041847229,0.6598989298758994,0.6499270787194983,0.6304969296499475,47.808613641001784,-0.0023351712019878956
2023-10-26,0.6296999454498291,0.6327900886535645,0.6271601915359497,0.6399766087532044,0.6595984424686747,0.6501278677831718,0.629825349723237,40.289640733067486,-0.0025919651280641443
2023-10-27,0.6335999369621277,0.6367800235748291,0.6325898766517639,0.639834829568863,0.6593397508715947,0.6501422996422495,0.6295273594954764,45.875795981056534,-0.002452508452321589
2023-10-30,0.6338903307914734,0.6384187340736389,0.6337617635726929,0.6396832418441772,0.6590865228110959,0.6501147620667955,0.629251721621559,46.27880741466106,-0.0022921333900419727
2023-10-31,0.637100100517273,0.6376001834869385,0.6315599083900452,0.6395970833301544,0.6588677524400132,0.6500416116189437,0.6291525550413651,50.65262879715543,-0.001884312227621865
2023-11-01,0.6339948177337646,0.6393207907676697,0.6319299340248108,0.6394209814071655,0.6586202605523888,0.6499417354687356,0.6289002273455955,46.69195211148744,-0.001791035445178002
2023-11-02,0.642259955406189,0.6456098556518555,0.6414100527763367,0.6393050050735474,0.6584574714464565,0.6495616408701401,0.6290483692769546,56.45231738967822,-0.0010382174628970064
2023-11-03,0.6427900195121765,0.6509145498275757,0.642099916934967,0.639332891702652,0.6583015764023343,0.6496202648463819,0.629045518558922,56.996123256032426,-0.000394286950228917
2023-11-06,0.6516865491867065,0.6525000333786011,0.649399995803833,0.6395331943035125,0.6582357552360096,0.650381145871548,0.628685242735477,64.91520314503849,0.0008244049861571012
2023-11-07,0.6489419341087341,0.6503798961639404,0.6405398845672607,0.6396556711196899,0.6581432794038975,0.6507895134318994,0.6285218288074804,61.172634320749616,0.0015508820242718935
2023-11-08,0.6430099010467529,0.6449116468429565,0.6407504677772522,0.6395626699924469,0.657992698524722,0.6504995566354994,0.6286257833493945,53.93493795204346,0.0016291747070327212
2023-11-09,0.6405698657035828,0.6428015828132629,0.6393302083015442,0.6394165027141571,0.6578193370041137,0.650092003613661,0.6287410018146531,51.24894220898029,0.0014773023404296426
2023-11-10,0.6361699104309082,0.6367804408073425,0.6339699029922485,0.6391630840301513,0.6576039198242808,0.649522338998011,0.6288038290622916,46.72970626606792,0.0009904850817047395
2023-11-13,0.6364598870277405,0.6391001343727112,0.6352715492248535,0.6389865577220917,0.6573935314382456,0.649219976848505,0.6287531385956784,47.06103183505795,0.0006209200054515529
2023-11-14,0.6381002068519592,0.6495999097824097,0.6360700130462646,0.6388323616981506,0.6572015580592776,0.6488767222593338,0.6287880011369674,48.99364279144147,0.0004551504301999465
2023-11-15,0.6499837636947632,0.6535900235176086,0.648429811000824,0.639081244468689,0.6571297392098794,0.6496003346398177,0.6285621542975602,60.30079772007856,0.0012680631273039866
2023-11-16,0.6511502265930176,0.6516908407211304,0.6461300849914551,0.6393382453918457,0.6570702415719006,0.6503936742202905,0.6282828165634009,61.209790278148304,0.001983560849086019
2023-11-17,0.6470816731452942,0.6512299180030823,0.6453598737716675,0.63952507853508,0.6569708528313374,0.6507841309857892,0.6282660260843708,56.362257991286704,0.0021969743350047644
2023-11-20,0.6513597369194031,0.6564001441001892,0.6501612663269043,0.6397562861442566,0.6569150208322138,0.6515025761302939,0.6280099961582193,59.95358821028579,0.0026804119331890197
2023-11-21,0.6564001441001892,0.6589998602867126,0.6557798385620117,0.6400202858448029,0.6569098976806512,0.6526431375817103,0.6273974341078954,63.739969024242995,0.0034307113429609126
2023-11-22,0.6559097170829773,0.6571002006530762,0.6523199677467346,0.6402821183204651,0.6568999456349033,0.6536622413009191,0.6269019953400111,63.11467471084016,0.003940333952173192
2023-11-23,0.6542789936065674,0.6575053930282593,0.6542498469352722,0.6405244624614715,0.6568738665102433,0.6544705160920546,0.6265784088308884,60.97277462017439,0.004164620631333271
2023-11-24,0.6560100317001343,0.6591001749038696,0.6550890803337097,0.6407798659801484,0.6568652711389984,0.6553812357547233,0.6261784962055734,62.43030467600486,0.004430972257725263
2023-11-27,0.658129870891571,0.6613398194313049,0.6567501425743103,0.6410614597797394,0.6568778542211136,0.6564425054930398,0.6256804140664389,64.19385703964343,0.004758260877631648
2023-11-28,0.661250114440918,0.6664889454841614,0.6598308086395264,0.6414072585105896,0.6569213592979276,0.657798553663831,0.6250159633573481,66.67361425909678,0.005209366707675578
2023-11-29,0.6658999919891357,0.6673598289489746,0.6607114672660828,0.6417932569980621,0.6570106989266958,0.6595368785735954,0.6240496354225288,70.00716345136257,0.005874361601639899
2023-11-30,0.6619009971618652,0.6653001308441162,0.6572893261909485,0.6421590769290924,0.6570593586106279,0.6607877179282788,0.6235304359299059,64.07139638011202,0.006009416571070236
2023-12-01,0.6606799960136414,0.6664178371429443,0.6600499153137207,0.6425534796714782,0.657095384853444,0.6618996924966041,0.6232072668463524,62.33357039891923,0.005949343688331776
2023-12-04,0.6682884097099304,0.6687710285186768,0.661139965057373,0.6430372488498688,0.6572067582351007,0.6637058167554608,0.6223686809442768,68.13368609129512,0.0064414182353109695
2023-12-05,0.6617100238800049,0.6628099679946899,0.6545097827911377,0.6434274470806122,0.6572515668484828,0.6647575691424438,0.6220973250187806,59.58965227533767,0.006228768731721512
2023-12-06,0.6554699540138245,0.6599000692367554,0.6555013060569763,0.6437491226196289,0.6572338393575907,0.6653143046198845,0.6221839406193733,52.82292997206156,0.0054933965246929395
2023-12-07,0.6551401019096375,0.6601095795631409,0.6526098847389221,0.6441567289829254,0.6572130061491533,0.6657986916490902,0.6225147663167606,52.48365946971924,0.004828334410878488
2023-12-08,0.6594479084014893,0.6621201038360596,0.6561998128890991,0.6444897377490997,0.6572352439825099,0.6665546069637822,0.6224248685344171,56.420330781521436,0.004595893279338292
2023-12-11,0.6579799652099609,0.6582108736038208,0.6550701856613159,0.6447749328613281,0.657242654143977,0.6671654252052093,0.622384440517447,54.755568574094916,0.004244305548131044
2023-12-12,0.6565001010894775,0.6609498858451843,0.6542301774024963,0.6451795363426208,0.65723526555637,0.667673621828317,0.6226854508569246,53.05596334030438,0.0038024250818973204
2023-12-13,0.6564600467681885,0.6584999561309814,0.6543800234794617,0.6456909346580505,0.6572275519365871,0.668021089891128,0.623360779424973,53.00800397382646,0.0034096947413333467
2023-12-14,0.6665000319480896,0.6727999448776245,0.6663779020309448,0.6463627314567566,0.6573198154192886,0.6691400824548517,0.6235853804586615,62.225386999971725,0.0038640536086176347
2023-12-15,0.6702682375907898,0.6728601455688477,0.6665600538253784,0.6470259964466095,0.6574486554408956,0.6706197796827907,0.6234322132104283,65.00021060709825,0.0044765955803108826
2023-12-18,0.6698910593986511,0.673582136631012,0.6691501140594482,0.6476798176765441,0.6575724604554006,0.6719639397873185,0.6233956955657698,64.4895628224292,0.004875403758414998
2023-12-19,0.6703715920448303,0.6774599552154541,0.6703900098800659,0.6482454490661621,0.657699814998579,0.6733033030357082,0.623187595096616,64.86823868085969,0.005170633240004663
2023-12-20,0.6762998700141907,0.6778998970985413,0.6749095320701599,0.6489044976234436,0.6578848901728638,0.6751421390229102,0.622666856223977,69.22795562997196,0.005815924857153432
2023-12-21,0.6739816665649414,0.6798096895217896,0.6736701726913452,0.6495479357242584,0.6580450571021382,0.6766394629235234,0.6224564085249934,65.78980694182121,0.006070288956037562
2023-12-22,0.6796802878379822,0.6825999021530151,0.6774200201034546,0.6505079412460327,0.6582603330298581,0.6784050016865923,0.6226108808054731,69.76498241423798,0.006654990856362675
2023-12-25,0.6808788776397705,0.7092298865318298,0.6779201030731201,0.6514995193481445,0.6584853931752302,0.6801248964564556,0.6228741422398335,70.5403607628532,0.007132864285462448
2023-12-26,0.6806008219718933,0.6820998787879944,0.6798419952392578,0.6524359393119812,0.6587054471931074,0.6817503555115019,0.6231215231124605,70.09129146537839,0.007403799263126287
2023-12-27,0.6823800802230835,0.6852130889892578,0.6818598508834839,0.653358142375946,0.6589410156809679,0.683486632400602,0.62322965235129,71.34824392505786,0.007673631607395204
2023-12-28,0.6854700446128845,0.6871199011802673,0.6825379729270935,0.6544027423858643,0.6592049861181013,0.6852962650415688,0.6235092197301597,73.43615188214048,0.008044082807277864
2023-12-29,0.6826302409172058,0.6847907900810242,0.6781601309776306,0.6554013478755951,0.6594380732305302,0.6866572891993692,0.624145406551821,68.49595180502034,0.0080161148450546
2024-01-01,0.6820491552352905,0.6815001964569092,0.6813845634460449,0.6564015448093414,0.6596630591211248,0.6878063942251356,0.6249966953935473,67.49538692308889,0.00785649647444131
2024-01-02,0.6810504198074341,0.6840881109237671,0.6763200163841248,0.6573491489887238,0.6598758686801924,0.6888136696678294,0.6258846283096181,65.71848738484793,0.007562235420890295
2024-01-03,0.6765698194503784,0.6771998405456543,0.6703100204467773,0.6581585466861725,0.6600419776430799,0.6894737260040665,0.6268433673682784,58.30284213037616,0.006888082881267299
2024-01-04,0.6736002564430237,0.6761000752449036,0.6698399186134338,0.6590365529060364,0.6601768858898456,0.6895463107994428,0.6285267950126299,53.95721989217729,0.006044515803981465
2024-01-05,0.6706593036651611,0.6746100187301636,0.6642311811447144,0.659777740240097,0.6602811885542766,0.6895571389861994,0.6299983414939947,49.983738610847674,0.005080112136603532
2024-01-08,0.6716412901878357,0.673582136631012,0.6678099632263184,0.6605327594280243,0.6603942243914265,0.6895373859052438,0.6315281329508047,51.274019755655765,0.004344967309137915
2024-01-09,0.6720001101493835,0.6735000014305115,0.667789876461029,0.6612307596206665,0.6605097058417544,0.6896066444523398,0.6328548747889932,51.763689151299225,0.0037481076570972105
2024-01-10,0.6684702038764954,0.6714000701904297,0.6683701276779175,0.6619202673435212,0.6605889147774234,0.6892510898442421,0.6345894448428002,46.78287283407837,0.002956181131226976
2024-01-11,0.6703999042510986,0.6728116869926453,0.6647397875785828,0.6624830663204193,0.6606865365632312,0.6893158349098394,0.6356502977309992,49.63591160550335,0.0024559734142745038
2024-01-12,0.6698498129844666,0.6728388071060181,0.6679098606109619,0.6630242621898651,0.6607777134430444,0.6893220501390352,0.636726474240695,48.83221483682119,0.0019922025559134804
2024-01-15,0.6689097881317139,0.6689589619636536,0.6651200652122498,0.6633687269687653,0.6608586296091007,0.6895111002746145,0.637226353662916,47.41922214858292,0.0015311584187339689
2024-01-16,0.6650399565696716,0.6651001572608948,0.6586799621582031,0.663690687417984,0.6609002348524894,0.6895022776557423,0.6378790971802256,42.02775356494902,0.0008437878912795904
2024-01-17,0.6588900089263916,0.6594100594520569,0.6528182029724121,0.6640082895755768,0.6608802326044685,0.6891636855843623,0.6388528935667913,35.18178945546123,-0.00019496020167464323
2024-01-18,0.6551997661590576,0.6575270891189575,0.6539401412010193,0.6643008875846863,0.6608237105502853,0.6886716220561705,0.6399301531132021,31.83121090689029,-0.001300950749369978
2024-01-19,0.6582845449447632,0.6601601243019104,0.6565501093864441,0.6647431802749634,0.660798445220877,0.6877972231197899,0.6416891374301369,37.21412673311119,-0.0019065626913044031
2024-01-22,0.6595479249954224,0.6614999175071716,0.6581501960754395,0.665204941034317,0.6607860022335591,0.6868271589562586,0.6435827231123755,39.32722898186454,-0.0022585353176527434
2024-01-23,0.6570599675178528,0.6611998677253723,0.6563001871109009,0.6655841362476349,0.6607489272612636,0.6858911839823614,0.6452770885129084,36.707214878432005,-0.0027070285949950534
2024-01-24,0.6586300730705261,0.662020206451416,0.6566298604011536,0.6657570624351501,0.6607278441349876,0.6856652199199745,0.6458489049503257,39.448811363153744,-0.002902312302728083
2024-01-25,0.6576697826385498,0.6609599590301514,0.6566699743270874,0.6658874535560608,0.6606974156623863,0.6854881508486675,0.6462867562634541,38.35454120536437,-0.0030988419395114875
2024-01-26,0.6585879921913147,0.6609202027320862,0.6577000021934509,0.6661175799369812,0.6606764263741169,0.6850767663865543,0.647158393487408,40.06646495257809,-0.003144256226918829
2024-01-29,0.6578601002693176,0.6606001853942871,0.6574578285217285,0.6662475872039795,0.6606484032287955,0.6848800553396331,0.6476151190683258,39.13857157555989,-0.0032020706939994703
2024-01-30,0.6614194512367249,0.662449061870575,0.6576100587844849,0.6663479733467103,0.6606560753482773,0.6848172606725488,0.6478786860208717,45.75420895303535,-0.0029269392654631687
2024-01-31,0.659480094909668,0.6621898412704468,0.6559600830078125,0.666419380903244,0.6606443740503808,0.6847510400216638,0.6480877217848243,43.01087124908448,-0.0028327315083356286
2024-02-01,0.656150758266449,0.6578900218009949,0.650959849357605,0.6664568161964417,0.6605996614555157,0.6846946881654853,0.6482189442273981,38.718907024784194,-0.002992228279750875
2024-02-02,0.6574898362159729,0.661010205745697,0.6507298350334167,0.6664864122867584,0.6605687179207939,0.6846597776557571,0.6483130469177597,41.25789245458528,-0.002976269637111284
2024-02-05,0.6505080461502075,0.6520180106163025,0.6469895839691162,0.6663339757919311,0.6604686117340219,0.684916690745452,0.6477512608384102,33.47123523462025,-0.0034868007384420974
2024-02-06,0.6480293273925781,0.6520180106163025,0.6480398178100586,0.6660695600509644,0.6603448377604753,0.6853120631485045,0.6468270569534244,31.218543307852627,-0.004044786422561231
2024-02-07,0.6529674530029297,0.6541078090667725,0.6517201066017151,0.6658109092712402,0.6602714309469673,0.6854071334626267,0.6462146850798537,39.89705718667539,-0.004041935711315281
2024-02-08,0.6521880626678467,0.6534000635147095,0.6481499075889587,0.6656166505813599,0.6601909994218019,0.685560561209072,0.6456727399536477,39.05937959049432,-0.004055813890644244
2024-02-09,0.6497599482536316,0.6532019972801208,0.6487600207328796,0.6653982496261597,0.6600872078678898,0.6857967974892881,0.6449997017630312,36.489002494106124,-0.004214162743495842
2024-02-12,0.6525583267211914,0.6537900567054749,0.6513299942016602,0.6650836479663849,0.6600122936276241,0.68578324104629,0.6443840548864798,41.284628449649965,-0.004066968118049963
2024-02-13,0.6528898477554321,0.6533398628234863,0.645409882068634,0.6649072444438935,0.6599414235194431,0.6858728093043066,0.6439416795834804,41.84486796273637,-0.0038788513561451854
2024-02-14,0.6453399062156677,0.6490998268127441,0.6447120904922485,0.6647046434879303,0.6597961347900523,0.6862307331425546,0.6431785538333061,33.909597393100114,-0.004289537533253451
2024-02-15,0.6498798131942749,0.6529098749160767,0.6478487849235535,0.6645994377136231,0.6596974649234276,0.6863663950510172,0.642832480376229,41.13800395978808,-0.0042002587673583
2024-02-16,0.6525498628616333,0.6535179018974304,0.6498600244522095,0.664461476802826,0.6596263445049023,0.6864480360140698,0.6424749175915822,44.951363954216845,-0.0038694494044618777
2024-02-19,0.6537913680076599,0.6550998091697693,0.653398334980011,0.6643777048587799,0.659568285037268,0.6864965821416571,0.6422588275759027,46.681053837980315,-0.0034671345426295908
2024-02-20,0.6530783176422119,0.6578099131584167,0.652239978313446,0.6643092691898346,0.6595037082472676,0.6865484758054146,0.6420700625742546,45.79111679496926,-0.0031693005969263277
2024-02-21,0.6553500890731812,0.657418966293335,0.6540500521659851,0.6642870700359345,0.6594623787032468,0.6865604462616395,0.6420136938102294,49.11925393458537,-0.0027186135954356816
2024-02-22,0.6553199887275696,0.6595301628112793,0.6541099548339844,0.664063469171524,0.6594211608925435,0.6864702406761886,0.6416566976668595,49.07626133007441,-0.0023369310594967274
2024-02-23,0.6559101939201355,0.6583001613616943,0.6551620364189148,0.663776308298111,0.6593862258977932,0.6862264897732918,0.6413261268229301,50.00037410936425,-0.001964178446923981
2024-02-26,0.6565384864807129,0.6564479470252991,0.653351366519928,0.6635092568397521,0.6593578901822004,0.6859802095199515,0.6410383041595528,51.01937046929878,-0.0015996317975183194
2024-02-27,0.6539598107337952,0.6566100120544434,0.6526401042938232,0.6631810212135315,0.6593041779488829,0.6857221832827115,0.6406398591443515,46.803353491921875,-0.0015014952309572172
2024-02-28,0.6543898582458496,0.6550998091697693,0.6489999890327454,0.6627428209781647,0.6592552792453701,0.6850941040553592,0.6403915379009703,47.581314391147195,-0.0013731907663827592
2024-02-29,0.6494700312614441,0.6530198454856873,0.6487301588058472,0.6622525882720948,0.6591579135937887,0.684672863566874,0.6398323129773156,40.31721025049219,-0.0016494832585191022
2024-03-01,0.6498401165008545,0.6533300280570984,0.6490901708602905,0.6616557848453521,0.6590651991948541,0.6837690888922276,0.6395424807984766,41.046320428110434,-0.0018176317360117933
2024-03-04,0.6527883410453796,0.6536998748779297,0.6511001586914062,0.6610939741134644,0.6590027428948593,0.682633782238814,0.6395541659881148,46.638901445388704,-0.0016934722406264369
2024-03-05,0.6507620811462402,0.652103066444397,0.6479411721229553,0.6604971992969513,0.6589207462605446,0.6814772184255099,0.6395171801683927,43.57906277428316,-0.0017385364200636078
2024-03-06,0.6503900289535522,0.658059298992157,0.6493101716041565,0.6598573982715606,0.6588358635012711,0.6800499446421917,0.6396648519009296,43.02094790368035,-0.0017837101096938035
2024-03-07,0.6566298604011536,0.662510097026825,0.656469464302063,0.659280594587326,0.6588139132216679,0.6780869680249765,0.6404742211496756,53.72495186042304,-0.001301011088829629
2024-03-08,0.6621301770210266,0.6666600108146667,0.6614601016044617,0.6588705933094025,0.6588469108714129,0.6764532498543061,0.6412879367644988,60.72836214933271,-0.00046923006190824346
2024-03-11,0.6624314785003662,0.6629101634025574,0.6597198247909546,0.658478239774704,0.6588825782110045,0.6747785397406131,0.6421779398087949,61.07588208852503,0.0002118330266174251
2024-03-12,0.6615506410598755,0.663670003414154,0.6585901975631714,0.6580882441997528,0.658909126100048,0.6730634721889984,0.6431130162105071,59.42043343685069,0.000672749177342058
2024-03-13,0.6607297658920288,0.6627001762390137,0.6600499153137207,0.6577714431285858,0.6589272419188738,0.6717905108156071,0.6437523754415645,57.84684315414205,0.0009607162429836613
2024-03-14,0.6627599000930786,0.663140058517456,0.6571899652481079,0.6575546360015869,0.6589653778211046,0.6708933253962217,0.6442159466069521,60.62411559137069,0.0013373311595332726
2024-03-15,0.6579297780990601,0.657912015914917,0.6553294658660889,0.6573000454902649,0.6589550733462584,0.670092566827448,0.6445075241530818,51.868096060472425,0.0012318507081956476
2024-03-18,0.6557978987693787,0.6574997901916504,0.6554712057113647,0.6569831776618957,0.6589236586738516,0.6690924092920829,0.6448739460317086,48.536021705510166,0.0009651066962819144
2024-03-19,0.655750572681427,0.6570500731468201,0.6504399180412292,0.6566581869125366,0.658892085678902,0.6679682523776078,0.6453481214474655,48.461593980669264,0.000741345555187678
2024-03-20,0.6526401042938232,0.6541934013366699,0.6511900424957275,0.6563415849208831,0.6588298769089013,0.6671784071345661,0.6455047627072001,43.716687243923346,0.00030945720511765806
2024-03-21,0.6597799062728882,0.6634401082992554,0.6562299728393555,0.656129184961319,0.6588393299373987,0.6662328508606001,0.6460255190620379,54.68453645776996,0.0005371134168672409
2024-03-22,0.657418966293335,0.6578081846237183,0.6511010527610779,0.6558805680274964,0.6588251969658159,0.6651864677359359,0.6465746683190569,51.13597887841275,0.0005210185027252345
2024-03-25,0.6515804529190063,0.6547999382019043,0.651088297367096,0.6555339813232421,0.658753109960375,0.6641224000615111,0.6469455625849732,43.60094454677321,3.672063981596807e-05
2024-03-26,0.6538896560668945,0.6560999751091003,0.653190016746521,0.6553109753131866,0.6587047173843205,0.6634597206896563,0.6471622299367169,46.93166849552119,-0.00015892353886892696
2024-03-27,0.6538982391357422,0.6538999080657959,0.6512901782989502,0.6552111399173737,0.6586568917301057,0.6633030260723065,0.6471192537624408,46.94421043583714,-0.00030971023133374853
2024-03-28,0.6521999835968018,0.6541998386383057,0.6486001014709473,0.6551511442661285,0.6585926438879833,0.6632877336987281,0.647014554833529,44.69350412106657,-0.0005597918683504233
2024-03-29,0.6516780853271484,0.6535400748252869,0.6509302258491516,0.6550190150737762,0.6585238423102635,0.6631624792388305,0.646875550908722,43.99541367140774,-0.0007909782907334906
2024-04-01,0.6533001661300659,0.6539999842643738,0.6481099724769592,0.6548940598964691,0.6584718654328486,0.6629450901625892,0.646843029630349,46.77788519788439,-0.0008336964973167937
2024-04-02,0.6487903594970703,0.6523199677467346,0.6485500931739807,0.6547286677360534,0.6583755320404528,0.662936330192032,0.6465210052800748,40.720437288457774,-0.0012174210173880873
2024-04-03,0.651439905166626,0.6561998128890991,0.6503701210021973,0.6545848643779755,0.658306520827778,0.6627654343496738,0.6464042944062771,45.20947007527684,-0.001292826374090339
2024-04-04,0.6568998694419861,0.6619009971618652,0.656579852104187,0.6545694661140442,0.6582925242965761,0.662729207028564,0.6464097251995244,53.09249957855508,-0.0009016188751919119
2024-04-05,0.6587702035903931,0.6594130992889404,0.6550204157829285,0.6545731103420258,0.6582972773243754,0.662740335954164,0.6464058847298876,55.456699146361956,-0.0004356419696271985
2024-04-08,0.6570215821266174,0.6612007021903992,0.6560298204421997,0.6545563399791717,0.6582845838398206,0.662699424853125,0.6464132551052184,52.77839844543987,-0.00020508693850729287
2024-04-09,0.6604998111724854,0.6643701791763306,0.6599100828170776,0.6545379471778869,0.6583066259028321,0.6626216979335405,0.6464541964222333,57.20569258751445,0.00025535008313459784
2024-04-10,0.662850022315979,0.6634001135826111,0.6506701707839966,0.6546053457260131,0.658351833827341,0.6629104447872528,0.6463002466647735,59.93879001695752,0.0008006625977693416
2024-04-11,0.6507201194763184,0.6552702188491821,0.6502800583839417,0.6544967329502106,0.658275896371112,0.6628611696156589,0.6461322962847623,44.23591294911817,0.0002511498103705545
2024-04-12,0.6540607213973999,0.6542999744415283,0.6464700698852539,0.6544281506538391,0.6582339543315725,0.6627485353647838,0.6461077659428943,48.256411340148354,8.424450556743235e-05
2024-04-15,0.6475803256034851,0.6495193243026733,0.645439863204956,0.6543695962429047,0.6581279480755716,0.6628423948743036,0.6458967976115058,41.939433614008294,-0.0005644364604517893
2024-04-16,0.644250214099884,0.6442717909812927,0.6397993564605713,0.6542940139770508,0.6579898611703409,0.6630600156991837,0.6455280122549178,39.106446460428465,-0.001331879884709064
2024-04-17,0.6412801146507263,0.6438001394271851,0.6403893232345581,0.6540602672100068,0.6578235950358173,0.663562980313287,0.6445575541067265,36.723764189580564,-0.0021549061146474147
2024-04-18,0.6439813375473022,0.645799994468689,0.6426500082015991,0.6538961327075958,0.657685861130459,0.6638056281807136,0.643986637234478,40.287125588425646,-0.0025596877319418176
2024-04-19,0.6424699425697327,0.6431798934936523,0.6365599632263184,0.6537503325939178,0.6575344589557254,0.6641124049068893,0.6433882602809463,38.964930978872054,-0.0029682212168423705
2024-04-22,0.6425991654396057,0.645490288734436,0.6425099968910217,0.6535511493682862,0.6573858490699929,0.6643791463380466,0.6427231523985257,39.14881510056418,-0.0032441630491041318
2024-04-23,0.6452862024307251,0.6490978002548218,0.6441298723220825,0.653399076461792,0.6572654545760698,0.6644757049908185,0.6423224479327654,42.99472231137946,-0.0032090357440448525
2024-04-24,0.6488901376724243,0.6529000401496887,0.648349940776825,0.6534700810909271,0.6571821180894664,0.6643801084607103,0.6425600537211439,47.763346786806366,-0.0028574507336885935
2024-04-25,0.6496999263763428,0.6535998582839966,0.6486400961875916,0.6534664833545685,0.6571076684206791,0.6643814606573848,0.6425515060517522,48.79975188938867,-0.0024848303220291745
2024-04-26,0.6523199677467346,0.6554798483848572,0.6517999768257141,0.6534618854522705,0.657060029608003,0.6643786323120562,0.6425451385924847,52.11042498419534,-0.001955567949193271
2024-04-29,0.6541398763656616,0.6587181091308594,0.6536998748779297,0.6534688556194306,0.6570309733568355,0.6643869060855752,0.642550805153286,54.31994028378691,-0.001373440126809733
2024-04-30,0.6561899185180664,0.6566001176834106,0.6486809253692627,0.6535310876369477,0.657022604651972,0.6644754921916837,0.6425866830822117,56.74113144014079,-0.0007381692096302128
2024-05-01,0.6478001475334167,0.6497299671173096,0.6466398239135742,0.6533800888061524,0.6569308389094989,0.664429882474398,0.6423302951379067,45.99634601945199,-0.0009013071256054328
2024-05-02,0.653190016746521,0.6548101902008057,0.6516597867012024,0.6533374893665314,0.6568936167984244,0.6643731715539178,0.6423018071791449,52.25193665622405,-0.0005888893490351155
2024-05-03,0.6571398973464966,0.6650899648666382,0.6565001010894775,0.6533620834350586,0.6568960673511415,0.6644266110566616,0.6422975558134557,56.251383445131026,-2.2316406720901405e-05
2024-05-06,0.6609079837799072,0.6637999415397644,0.6605800986289978,0.6534494733810425,0.6569359869175969,0.664684115238193,0.642214831523892,59.717786513331504,0.000722422182734328
2024-05-07,0.6623920202255249,0.6641998291015625,0.6587198972702026,0.6536181175708771,0.656990275806233,0.6651336690186057,0.6421025661231484,61.02751486938877,0.0014160587748897058
2024-05-08,0.6589199900627136,0.6594130992889404,0.6558598279953003,0.6537087202072144,0.6570094769431134,0.6653199424684386,0.6420974979459901,56.4066642711642,0.0016663977583212253
2024-05-09,0.657680094242096,0.6612098813056946,0.6565901637077332,0.6538729214668274,0.6570161497520585,0.6654716833094657,0.6422741596241891,54.810611383043295,0.00174463293334437
2024-05-10,0.6620998978614807,0.6627098917961121,0.6596802473068237,0.6541181170940399,0.6570667343103611,0.6658860143257317,0.6423502198623481,59.2382497769656,0.002138623368503123
2024-05-13,0.6601008772850037,0.6630859971046448,0.6586300730705261,0.6542643678188323,0.6570969247877207,0.6661460201667129,0.6423827154709518,56.53995073336489,0.00226346752819917
2024-05-14,0.6612882018089294,0.6629101634025574,0.6593000888824463,0.6544748902320862,0.657138629036688,0.6664756712049008,0.6424741092592715,57.77033936370508,0.0024302007489215294
2024-05-15,0.6626027226448059,0.6686699986457825,0.6624200940132141,0.6547191441059113,0.6571929981273159,0.666876688782163,0.6425615994296595,59.14924609111956,0.00263799965521061
2024-05-16,0.6701065301895142,0.6714699268341064,0.6654701828956604,0.6549886775016784,0.6573214909836562,0.6678937013136663,0.6420836536896906,65.97845275879445,0.00336933672603823
2024-05-17,0.6683151721954346,0.6691501140594482,0.6648892164230347,0.6551123774051666,0.65743088084646,0.6684094231015529,0.6418153317087802,63.25962211797887,0.0037610242580587983
2024-05-20,0.6700705885887146,0.6710959076881409,0.6662797927856445,0.6552651596069335,0.6575566490827013,0.6690712560656794,0.6414590631481877,64.7907763026798,0.00416507449533865
2024-05-21,0.6672093272209167,0.6679999828338623,0.6647397875785828,0.6553783333301544,0.6576526956313402,0.6694842507924766,0.6412724158678321,60.37417135517461,0.0042059240650602625
2024-05-22,0.6667097806930542,0.668489396572113,0.6633301377296448,0.6554979336261749,0.6577428158807105,0.6698876004789597,0.6411082667733902,59.610161837371685,0.0041501480896558585
2024-05-23,0.6619185209274292,0.665860116481781,0.6615944504737854,0.6554811060428619,0.6577843651846579,0.6698380410792872,0.6411241710064366,52.719270043758776,0.0036769450724697395
2024-05-24,0.6601487994194031,0.66361403465271,0.6593201160430908,0.6555254864692688,0.6578078918934612,0.6699269667931173,0.6411240061454203,50.40166254865651,0.003123125094575796
2024-05-27,0.6624007821083069,0.6661999225616455,0.6623086333274841,0.6556575441360474,0.6578535922936088,0.6701897204141904,0.6411253678579043,53.21989304934772,0.0028332747270263248
2024-05-28,0.6655617952346802,0.6680026650428772,0.665340006351471,0.6558537685871124,0.6579302908303358,0.670653564887828,0.6410539722863968,56.92013137317208,0.0028260565434201634
2024-05-29,0.6647999286651611,0.6663001775741577,0.6615301370620728,0.6560969650745392,0.6579986454356574,0.6710797172113756,0.6411142129377028,55.775025698349125,0.0027274198180301523
2024-05-30,0.6613699793815613,0.664893627166748,0.6591202020645142,0.6561287665367126,0.6580321910470595,0.6711501257835786,0.6411074072898466,50.81831680070531,0.002345444437132138
2024-05-31,0.6630301475524902,0.6676012873649597,0.6627897620201111,0.6562409901618957,0.6580819219575612,0.671385032835966,0.6410969474878255,52.99572599450395,0.0021518823325468173
2024-06-03,0.6656903028488159,0.6694202423095703,0.6633301377296448,0.656523187160492,0.6581576272400613,0.6718376514314638,0.6412087228895201,56.33184189010558,0.002187914355925691
2024-06-04,0.669008195400238,0.6698699593544006,0.6631699800491333,0.6568255579471588,0.6582655930924014,0.6725200793751389,0.6411310365191787,60.13253186981501,0.0024558862660262193
2024-06-05,0.6646201014518738,0.6666000485420227,0.6626905202865601,0.6570399951934814,0.6583288220313017,0.672863723388424,0.6412162669985388,53.500403654578605,0.0022878010798704773
2024-06-06,0.6657789945602417,0.6683402061462402,0.6633899807929993,0.6573115754127502,0.6584029531012415,0.6732618519460762,0.6413612988794242,54.91466878728205,0.0022224859132664587
2024-06-07,0.6669601202011108,0.6681811809539795,0.6581501960754395,0.6576172161102295,0.6584880990425338,0.673711900446136,0.641522531774323,56.37111083264005,0.0022402064359877683
2024-06-10,0.6582714915275574,0.6611002087593079,0.6576498746871948,0.6577166426181793,0.6584859437438774,0.6737638254892723,0.6416694597470863,44.88445260517117,0.0015354506386798805
2024-06-11,0.6608948111534119,0.6611002087593079,0.6589099764823914,0.6579587316513061,0.658509912573823,0.6738204165261316,0.6420970467764807,48.309247855122535,0.001175061187709825
2024-06-12,0.6607699394226074,0.6701999306678772,0.6597698926925659,0.6581453323364258,0.6585324004031641,0.6739132450558177,0.6423774196170339,48.155854274443556,0.0008693524918975681
2024-06-13,0.6662899851799011,0.667481005191803,0.6632698774337769,0.658333134651184,0.6586095903014402,0.6742633455414334,0.6424029237609347,54.96360654757519,0.0010602755115222129
2024-06-14,0.6633102893829346,0.6641098260879517,0.659260094165802,0.6584239363670349,0.6586563634266291,0.674415952551731,0.6424319201823387,51.06556806220742,0.0009600796312818627
2024-06-17,0.6612882018089294,0.6620000004768372,0.6585702300071716,0.6585092687606812,0.6586825508732193,0.6745162684118992,0.6425022691094632,48.54924666110527,0.0007093313758307351
2024-06-18,0.6622077822685242,0.6656504273414612,0.6603201031684875,0.6585434281826019,0.6587176278025259,0.6745750369175848,0.642511819447619,49.76165175703747,0.000578149487273083
2024-06-19,0.6661200523376465,0.667900025844574,0.6660299301147461,0.6586088287830353,0.6587912837680495,0.6747385262810328,0.6424791312850378,54.65706562050748,0.000780872976255842
2024-06-20,0.6675300002098083,0.667900025844574,0.6654511094093323,0.658945026397705,0.658878236170455,0.675104314129941,0.6427857386654691,56.3094111587437,0.001043277557411848
2024-06-21,0.6660698652267456,0.6670998334884644,0.6632091403007507,0.659185209274292,0.6589497946685275,0.6754050613269027,0.6429653572216814,54.110306604981204,0.001120497984940405
2024-06-24,0.6635000109672546,0.6667898297309875,0.6626400351524353,0.6595036029815674,0.6589950704525945,0.6754157330444717,0.6435914729186631,50.38096996401033,0.0009632264931023204
2024-06-25,0.6654599905014038,0.6672400236129761,0.663599967956543,0.6599277985095978,0.6590593980152692,0.6753019489750889,0.6445536480441068,53.03932886360633,0.0009853827914735325
2024-06-26,0.6644800901412964,0.6690999865531921,0.6636598706245422,0.6603917980194092,0.6591133352503541,0.674841394086371,0.6459422019524473,51.552269863775905,0.0009133435914825405
2024-06-27,0.6644783020019531,0.6673998832702637,0.6640282869338989,0.6608017373085022,0.6591667180041013,0.6744942241965898,0.6471092504204147,51.54942960331075,0.0008463515052573589
2024-06-28,0.6650599241256714,0.6684702038764954,0.6620898842811584,0.661253536939621,0.6592253568709826,0.6739302155967329,0.648576858282509,52.46677295669308,0.000830617003066858
2024-07-01,0.6674007773399353,0.6688068509101868,0.66454017162323,0.6617495691776276,0.6593067043383353,0.6733414499257839,0.6501576884294713,56.07169147211346,0.0009955584101459802
2024-07-02,0.6654599905014038,0.6671301126480103,0.6635000109672546,0.6621530449390411,0.6593679310663261,0.6727693145610885,0.6515367753169938,52.51558542131497,0.0009586200107934983
2024-07-03,0.6668298244476318,0.6733507513999939,0.6665697693824768,0.6625118386745453,0.6594421787616624,0.6724921023560044,0.6525315749930862,54.699371262561634,0.0010280297276860084
2024-07-04,0.6710900068283081,0.67330002784729,0.6711098551750183,0.6629396402835845,0.6595580775483951,0.6725034262938221,0.653375854273347,60.745692640161266,0.0014105387302320027
2024-07-05,0.6725085377693176,0.6748298406600952,0.6719201803207397,0.6633434116840362,0.6596869378491008,0.6727810407620308,0.6539057826060416,62.53863331449189,0.0018073099186294295
2024-07-08,0.6746591329574585,0.6760868430137634,0.6735398769378662,0.6637537968158722,0.6598359149148556,0.6733412589080889,0.6541663347236555,65.1383781757851,0.0022691318627967583
2024-07-09,0.6743202209472656,0.6748999953269958,0.6724298596382141,0.6641164028644562,0.6599800373629392,0.6739055093316771,0.6543272963972352,64.38012903513308,0.00257806340384914
2024-07-10,0.6741496920585632,0.6753106117248535,0.6733199954032898,0.6646433937549591,0.6601210289519504,0.6736533050801106,0.6556334824298076,63.976584267516095,0.0027771207009726906
2024-07-11,0.6751797795295715,0.6798604726791382,0.6747592687606812,0.6650831890106201,0.6602708672661556,0.6739569119139204,0.6562094661073199,65.38791396060765,0.0029836013935462535
2024-07-12,0.6768500804901123,0.6793999671936035,0.6754598021507263,0.6654773926734925,0.6604358345619162,0.6746567629055632,0.6562980224414218,67.60425634493387,0.0032446162419186297
2024-07-15,0.6771998405456543,0.6791171431541443,0.6763200163841248,0.6658032298088074,0.6606026405916051,0.6754645267103613,0.6561419329072534,68.06539422444345,0.003440040458129179
2024-07-16,0.6763300895690918,0.6762605905532837,0.6715397834777832,0.6660819911956787,0.6607591326212319,0.6761378193903769,0.6560261630009805,65.56602122666672,0.0034845660144871005
2024-07-17,0.6731998324394226,0.6756998896598816,0.6724700927734375,0.6663675880432129,0.6608829206791242,0.676404284849707,0.6563308912367188,57.397104560468016,0.003230033434172941
2024-07-18,0.6730697751045227,0.6743997931480408,0.6716200709342957,0.6666753816604615,0.6610041829122127,0.6765675229710938,0.6567832403498292,57.07890411572005,0.0029834288794712283
2024-07-19,0.6705500483512878,0.6708001494407654,0.668429970741272,0.6668443846702575,0.6610991666479249,0.6767061517865913,0.6569826175539237,51.16118102561408,0.002555217149695088
2024-07-22,0.6696308851242065,0.6696129441261292,0.6631897687911987,0.6670349848270416,0.661184059369082,0.6767317770274631,0.6573381926266201,49.15898853174935,0.0021172807831836282
2024-07-23,0.6640105843544006,0.66454017162323,0.66118985414505,0.667089432477951,0.6612121839958016,0.6766845568704174,0.6574943080854847,39.086373334459786,0.0013016966080329206
2024-07-24,0.6612094640731812,0.6614194512367249,0.658440113067627,0.6670615673065186,0.661212156931895,0.6767177726212578,0.6574053619917793,35.213724235503065,0.00042442081751237204
2024-07-25,0.6574798822402954,0.6575918793678284,0.6520001888275146,0.6668090343475341,0.661175019870287,0.6767950099550516,0.6568230587400167,30.83330288887258,-0.0005652567237527384
2024-07-26,0.6542999744415283,0.6571701169013977,0.654029905796051,0.6665287303924561,0.6611066114580606,0.6771111418547209,0.6559463189301913,27.67253931657335,-0.0015878712973093068
2024-07-29,0.6554999947547913,0.6569870710372925,0.6524603962898254,0.6662373185157776,0.6610508242271823,0.6772166618386147,0.6552579751929405,30.565266574376366,-0.002275241535962924
2024-07-30,0.6551405787467957,0.6563001871109009,0.6529998183250427,0.6659959435462952,0.6609920158144421,0.6774101058604572,0.6545817812321332,30.175989089134063,-0.002816522156218748
2024-07-31,0.6541501879692078,0.654219925403595,0.648030161857605,0.6657447516918182,0.6609239379254348,0.6776375568763437,0.6538519465072927,29.077045916548798,-0.0032875108277797827
2024-08-01,0.6547001004219055,0.6559901833534241,0.6514700651168823,0.6656003832817078,0.6608620091940565,0.6778525889260204,0.6533481776373952,30.588574400066193,-0.0035751868753371996
2024-08-02,0.6494898200035095,0.6547600626945496,0.6487700939178467,0.6653872036933899,0.6607488530827078,0.6783753799782575,0.6523990274085223,25.12488680038213,-0.004175466126881466
2024-08-05,0.6497219204902649,0.651088297367096,0.6365493535995483,0.665133626461029,0.660639132360395,0.6788352669783136,0.6514319859437444,25.761034804825,-0.004579671585679068
2024-08-06,0.6515498757362366,0.6539708971977234,0.6475006341934204,0.6648533880710602,0.6605486919959755,0.6790823078891959,0.6506244682529245,30.751116370026722,-0.004698346992913938
2024-08-07,0.6515001654624939,0.6575183868408203,0.6513499617576599,0.6645873928070068,0.6604586569060902,0.6793091093001776,0.6498656763138361,30.690700946883624,-0.004741749376625415
2024-08-08,0.6515973806381226,0.6582000255584717,0.6512791514396667,0.664391940832138,0.6603704850029264,0.6795412873270039,0.6492425943372722,30.976300655691702,-0.00471396200653007
2024-08-09,0.659200131893158,0.66072016954422,0.6567501425743103,0.6643153405189515,0.6603588396983516,0.6795313768613908,0.6490993041765122,48.75922993337106,-0.0040319836306231815
2024-08-12,0.6569784283638,0.6605019569396973,0.6570215821266174,0.6641411030292511,0.6603252037646745,0.6794917977755041,0.6487904082829982,45.10240026987688,-0.0036289514680167834
2024-08-13,0.6585316061973572,0.6616600751876831,0.6579700112342834,0.6639315712451935,0.6603073570227111,0.6792971027633719,0.6485660397270152,48.036443592198395,-0.0031479297303289577
2024-08-14,0.6638598442077637,0.6644076704978943,0.6609599590301514,0.6639163661003112,0.6603427051539057,0.6792806212157578,0.6485521109848646,56.604873367264055,-0.0023101423768336904
2024-08-15,0.6600006818771362,0.663820207118988,0.6575300693511963,0.6638007998466492,0.6603393019372215,0.6791947677271578,0.6484068319661406,50.154216520771065,-0.0019352832701072797
2024-08-16,0.6612488627433777,0.6649201512336731,0.6610901355743408,0.6636865746974945,0.6603483522935016,0.6790696113014467,0.6483035380935422,52.05723224162261,-0.001519965743939311
2024-08-19,0.6672983765602112,0.6723141074180603,0.6673295497894287,0.6638671123981476,0.660417506763817,0.6792025602754859,0.6485316645208092,60.02336928240904,-0.0006946706740154074
2024-08-20,0.6735321879386902,0.6747997999191284,0.6713978052139282,0.6641198599338531,0.6605480011038656,0.6796704110081675,0.6485693088595388,66.2471343330386,0.00045712860097757435
2024-08-21,0.6747274398803711,0.6756998896598816,0.6732900142669678,0.6643990099430084,0.6606890900469153,0.6802031507663691,0.6485948691196477,67.29838594253356,0.0014496737308529184
2024-08-22,0.6749701499938965,0.6754018664360046,0.6700302362442017,0.6645726132392883,0.6608311901458903,0.680649874230937,0.6484953522476395,67.5196089898808,0.0022301497962974315
2024-08-23,0.6708199381828308,0.6791494488716125,0.6705802083015442,0.6647228062152862,0.660930580673621,0.6808919810786916,0.6485536313518808,60.04015249570424,0.00248514805299882
2024-08-26,0.6787806153297424,0.6797001957893372,0.6766998767852783,0.6650726544857025,0.6611081929587566,0.6816892749877991,0.648456033983606,67.48126954895474,0.0032916520088234202
2024-08-27,0.6772910952568054,0.6792001724243164,0.6762285232543945,0.6653743207454681,0.6612692168622197,0.6823229962523206,0.6484256452386156,65.0407576021102,0.003767194509604721
2024-08-28,0.6787898540496826,0.6812314391136169,0.677099883556366,0.6656277167797089,0.6614435515606024,0.6829955631169308,0.648259870442487,66.35912087872612,0.00421639865740242
2024-08-29,0.6783100962638855,0.6825007200241089,0.6784099340438843,0.6658433187007904,0.661611377876058,0.6835714594024351,0.6481151779991456,65.50751397469034,0.004482017825529039
2024-08-30,0.67958003282547,0.6816400289535522,0.6758798360824585,0.6661135220527649,0.6617901704626192,0.6842625894152671,0.6479644546902626,66.72483046518735,0.004740352365862566
2024-09-02,0.6768001914024353,0.6794701218605042,0.6758081316947937,0.6663795256614685,0.6619395239048065,0.6847606328224524,0.6479984185004847,61.59996844913227,0.0046669763809146225
2024-09-03,0.6787299513816833,0.6793999671936035,0.6713197827339172,0.6666449248790741,0.6621065928349247,0.6853521495317146,0.6479377002264336,63.68516378209417,0.004710244124602969
2024-09-04,0.6714000701904297,0.6748093962669373,0.6687402129173279,0.6667833244800567,0.6621990652464222,0.6855275323778472,0.6480391165822662,52.11027446483424,0.004105745491157942
2024-09-05,0.6716187596321106,0.674081563949585,0.6714297533035278,0.66692613363266,0.6622927935487674,0.6857074288669448,0.6481448383983751,52.38831473049373,0.0036027916398903015
2024-09-06,0.6740502119064331,0.6766083240509033,0.6673299670219421,0.6671059393882751,0.662409782786157,0.6859861895566216,0.6482256892199286,55.48298244811095,0.0033616440274197856
2024-09-09,0.6670802235603333,0.6688963174819946,0.6648096442222595,0.6670995283126832,0.6624562548336613,0.6859795875382659,0.6482194690871004,46.21056927969326,0.002578390912804873
2024-09-10,0.6657878756523132,0.6676414012908936,0.6641698479652405,0.6671060860157013,0.6624894052895683,0.6859840485348733,0.6482281234965294,44.71828956238077,0.0018322544125344287
2024-09-11,0.6653298139572144,0.6675121784210205,0.6622999310493469,0.667076085805893,0.6625176680623808,0.6859606066565884,0.6481915649551975,44.173783485776546,0.001190253607157632
2024-09-12,0.6676998138427734,0.6700001358985901,0.6660898327827454,0.6670082819461822,0.6625692317019867,0.6858582923323311,0.6481582715600334,47.72074112487355,0.0008627571994322958
2024-09-13,0.6726899147033691,0.6733099818229675,0.6692589521408081,0.6670119094848633,0.6626699350154333,0.6858663095024855,0.6481575094672412,54.30400981407463,0.0009944104278496457
2024-09-16,0.6713797450065613,0.674900472164154,0.6706601977348328,0.6669463217258453,0.6627565997914644,0.6857147619596003,0.6481778814920903,52.43697382831449,0.0009817102699942737
2024-09-17,0.6751897931098938,0.6769999265670776,0.674200177192688,0.6669637131690979,0.6628803131578169,0.6857616311617482,0.6481657951764476,57.06042353666344,0.0012645078836782675
2024-09-18,0.6762696504592896,0.6790000200271606,0.6750398278236389,0.6670061123371124,0.6630135403946475,0.6858795974035876,0.6481326272706371,58.29772913258681,0.0015578050859901271
2024-09-19,0.676369845867157,0.6840001344680786,0.6740901470184326,0.6670299136638641,0.6631464389565631,0.6859484192729297,0.6481114080547985,58.4174573110402,0.0017778363729191726
2024-09-20,0.6809576749801636,0.6831067800521851,0.678339958190918,0.6671120655536652,0.6633236651856537,0.6862391488832176,0.6479849822241128,63.57434984777581,0.0022959459842525343
2024-09-23,0.6809993982315063,0.6853600740432739,0.6801698207855225,0.6671880567073822,0.6634995431264084,0.6865079443171569,0.6478681690976076,63.61853870523883,0.0026790360418516013
2024-09-24,0.6834102272987366,0.6878000497817993,0.6815517544746399,0.6673296594619751,0.6636976593868296,0.6870232110600945,0.6476361078638557,66.17213919976058,0.003140964348275488
2024-09-25,0.6905400156974792,0.6908000111579895,0.6834999322891235,0.6676764631271362,0.6639647475093237,0.6883769289700573,0.6469759972842152,72.35261348780651,0.004035837573455714
2024-09-26,0.6821599006652832,0.6905400156974792,0.6819198727607727,0.6678582656383515,0.6641457938093829,0.6889087749561078,0.6468077563205952,58.762945447216026,0.00402245741883811
2024-09-27,0.689280092716217,0.693899929523468,0.6868886947631836,0.6682328665256501,0.664395886335819,0.690128539355108,0.6463371936961921,64.8106703739243,0.004534126949410688
2024-09-30,0.6918787360191345,0.6941099166870117,0.6914098858833313,0.6686778235435485,0.6646693475266978,0.6915709636563202,0.6457846834307769,66.72852670778381,0.0050906358542298635
2024-10-01,0.6915801763534546,0.6934399008750916,0.6872299909591675,0.6692292153835296,0.66493711696776,0.6929756777731279,0.6454827529939314,66.28156841212181,0.005444817434769211
2024-10-02,0.6879992485046387,0.6915901899337769,0.6875597834587097,0.6697650110721588,0.6651665909134006,0.693977254917872,0.6455527672264456,61.003675361488774,0.005374602862525335
2024-10-03,0.6887099742889404,0.6888000965118408,0.6830997467041016,0.6703896129131317,0.6654008534345502,0.6949175346624522,0.6458616911638112,61.65628455312359,0.005315038484016155
2024-10-04,0.6850300431251526,0.6851999759674072,0.6788400411605835,0.6710042142868042,0.6655961687548547,0.6954263706184913,0.6465820579551171,56.39388487727489,0.004914245234408865
2024-10-07,0.6800592541694641,0.6811988949775696,0.6758898496627808,0.6714953994750976,0.6657400800525125,0.6956310042153292,0.647359794734866,50.16541712785053,0.004147700461363479
2024-10-08,0.6755999326705933,0.6770022511482239,0.6718299388885498,0.6719045865535737,0.665838188038762,0.6955981337274745,0.6482110393796728,45.32870075648345,0.0031441346026702677
2024-10-09,0.6739597916603088,0.6760598421096802,0.6708298325538635,0.6723007786273957,0.6659190000150959,0.6954385434420489,0.6491630138127424,43.661300191275615,0.002191197001988665
2024-10-10,0.6717401146888733,0.674170196056366,0.6713598966598511,0.672641578912735,0.6659769215541385,0.6952163276678309,0.6500668301576391,41.43964832323548,0.001242554314251798
2024-10-11,0.6740997433662415,0.6758798360824585,0.6725198030471802,0.6731337773799896,0.6660577456517713,0.6946987632353373,0.6515687915246419,44.663181194928285,0.0006733880651967894
2024-10-14,0.6731105446815491,0.6745999455451965,0.6702601313591003,0.6736015498638153,0.6661279227565453,0.6940810876354915,0.653122012092139,43.58014822415196,0.00014087571783982789
2024-10-15,0.6725999116897583,0.6733099818229675,0.6702498197555542,0.6740225505828857,0.6661923206563782,0.6934923709584885,0.654552730207283,43.00048545432591,-0.0003186744877574643
2024-10-16,0.6682080030441284,0.6701065301895142,0.6659700274467468,0.6743567073345185,0.6662123771975499,0.6927949626787405,0.6559184519902964,38.283858607756414,-0.0010254410138711423
2024-10-17,0.6664889454841614,0.6710999608039856,0.6664490103721619,0.6746545386314392,0.6662151291207997,0.6920434935764818,0.6572655836863966,36.59199238156976,-0.001704622330979011
2024-10-18,0.6699718832969666,0.6719499826431274,0.669469952583313,0.6748699736595154,0.6662525097593686,0.6917364866685348,0.658003460650496,42.16841169231178,-0.001939477356968089
2024-10-21,0.6716818809509277,0.6723200082778931,0.6656198501586914,0.675164042711258,0.6663065333533145,0.6912520751754326,0.6590760102470833,44.73805000276176,-0.001964968207133988
2024-10-22,0.6653094291687012,0.6694600582122803,0.6651589870452881,0.6752995991706848,0.6662966119186416,0.6909231302094521,0.6596760681319176,37.96762361100413,-0.00247089060277339
2024-10-23,0.6685997843742371,0.6693001389503479,0.6628794074058533,0.6753943979740142,0.6663195290575034,0.6907904762713881,0.6599983196766404,42.78253697657635,-0.002576631772672866
2024-10-24,0.663599967956543,0.6661781668663025,0.662330150604248,0.6754663836956024,0.666292468748041,0.6906001100990358,0.6603326572921691,37.96082111852554,-0.003028959847678925
2024-10-25,0.663702130317688,0.6647000312805176,0.6619701981544495,0.6755154490470886,0.6662666942362963,0.6904759491534249,0.6605549489407523,38.11429940372245,-0.0033406801756672433
2024-10-28,0.6603406071662903,0.6611133217811584,0.6580116152763367,0.6753762936592103,0.6662077281957987,0.6907718674646698,0.6599807198537507,35.042415487096704,-0.003814990767499804
2024-10-29,0.6582671999931335,0.6586000919342041,0.6545899510383606,0.6750709939002991,0.6661287179649263,0.69120360809644,0.6589383797041583,33.26170023879007,-0.004308525954201725
2024-10-30,0.6563001871109009,0.6595401167869568,0.6537400484085083,0.6747024488449097,0.6660309216380206,0.6916865568672105,0.6577183408226089,31.62008718487047,-0.004803011518955902
2024-10-31,0.6572798490524292,0.6579999327659607,0.6540479063987732,0.6743486428260803,0.6659438462889102,0.6920326041279926,0.656664681524168,33.3835311956782,-0.005057544139664749
2024-11-01,0.657680094242096,0.6590802073478699,0.6557501554489136,0.6740858459472656,0.6658616199003847,0.6923643849752589,0.6558073069192724,34.13092461167916,-0.005167400062244809
2024-11-04,0.6591914296150208,0.6619009971618652,0.6580700874328613,0.6736940622329712,0.665795249847794,0.6923967067466424,0.6549914177193,37.004968315710045,-0.005074019401329233
2024-11-05,0.6584101915359497,0.6642999649047852,0.6579999327659607,0.6733164441585541,0.665721766680512,0.6924794238936424,0.6541534644234658,36.12744968608279,-0.005005355318300486
2024-11-06,0.6641499996185303,0.6642598509788513,0.6515209674835205,0.673023647069931,0.6657061272072584,0.6922923622001451,0.6537549319397169,46.21833368565176,-0.004436641157564369
2024-11-07,0.6567001342773438,0.6687889695167542,0.6564996838569641,0.6725914478302002,0.665616515337309,0.6923396425905648,0.6528432530698356,37.85824051820849,-0.004534798624004632
2024-11-08,0.6676815152168274,0.6676998138427734,0.6571002006530762,0.6723534774780273,0.6656370625997918,0.6920446187125592,0.6526623362434955,51.72096600440923,-0.0036840164088179916
2024-11-11,0.65845787525177,0.6597998738288879,0.6566289663314819,0.671986631155014,0.6655656278998116,0.6920201000151204,0.6519531622949076,43.03668350856726,-0.0037112549963108643
2024-11-12,0.6577605605125427,0.6578999757766724,0.6521497964859009,0.6715672433376312,0.6654879655377492,0.6919002423026096,0.6512342443726528,42.45629264279402,-0.0037459285127601216
2024-11-13,0.6529401540756226,0.6543817520141602,0.6481700539588928,0.6711980450153351,0.6653631116923548,0.6922027150735157,0.6501933749571545,38.582700507209765,-0.004114939576025822
2024-11-14,0.6492705345153809,0.6498000621795654,0.6453698873519897,0.6707510805130005,0.6652029865463154,0.6926512302929732,0.6488509307330278,35.897607148354496,-0.004649890093919695
2024-11-15,0.6455498337745667,0.6482498645782471,0.6444000601768494,0.6701810729503631,0.6650074327873926,0.6931864423375768,0.6471757035631495,33.362405506756005,-0.005312828705851147
2024-11-18,0.6463413834571838,0.6498992443084717,0.6448500752449036,0.6697662961483002,0.6648217009532611,0.6937278121326421,0.6458047801639583,34.423450234379715,-0.005708536433328137
2024-11-19,0.650590181350708,0.6526899933815002,0.6483999490737915,0.6694623422622681,0.6646800937930366,0.6940082853447066,0.6449163991798296,39.95053470883116,-0.0056145738643942344
2024-11-20,0.6541501879692078,0.654600203037262,0.6485100984573364,0.669238749742508,0.66457531861071,0.694139450970705,0.644338048514311,44.194701023432145,-0.005192983587378963
2024-11-21,0.6513999700546265,0.6534999012947083,0.6499398350715637,0.668912752866745,0.664444220615127,0.6943173809670142,0.6435081247664758,41.74033054710966,-0.005022889117520135
2024-11-22,0.6510289311408997,0.6521880626678467,0.6474398374557495,0.6684795331954956,0.6643107351477218,0.6943556438280541,0.642603422562937,41.4062334663115,-0.004861981863682696
2024-11-25,0.6539880037307739,0.6549302935600281,0.6487692594528198,0.6681316983699799,0.6642080214022795,0.6943144380301481,0.6419489587098116,45.1751384051767,-0.004444456351498927
2024-11-26,0.646379828453064,0.6507099866867065,0.6435200572013855,0.6675554990768433,0.6640306264475611,0.6943647894245798,0.6407462087291068,38.3456330100777,-0.004673606113662299
2024-11-27,0.6475173830986023,0.6499398350715637,0.6465799808502197,0.6669804537296296,0.663866315568467,0.6942562139179949,0.6397046935412642,39.81079225533088,-0.004709133834645773
2024-11-28,0.6497219204902649,0.6509098410606384,0.6478487849235535,0.6664474952220917,0.6637255753189326,0.6940142467810319,0.6388807436631515,42.654907116348724,-0.004507443068165196
2024-11-29,0.6507400274276733,0.6527100205421448,0.6497101187705994,0.6658431422710419,0.6635963658871787,0.6934364097868766,0.6382498747552072,43.97163805772849,-0.004216839856477916
2024-12-02,0.6502415537834167,0.651088297367096,0.6443602442741394,0.6652279853820801,0.6634634821846538,0.6928135252471075,0.6376424455170526,43.445644395720386,-0.003980868401775028
2024-12-03,0.6475300192832947,0.6504598259925842,0.6457499861717224,0.6645103812217712,0.6633049402652372,0.6920320400981571,0.6369887223453853,40.600545590058964,-0.003966929206199454
2024-12-04,0.6485504508018494,0.6490135192871094,0.6400901079177856,0.6636705899238586,0.6631581294248055,0.69050428173919,0.6368368981085273,42.13626194527065,-0.003829399069083861
2024-12-05,0.6432936787605286,0.6452999114990234,0.6422690153121948,0.6628932654857635,0.6629604731992903,0.6897925154322972,0.6359940155392299,36.85066709160575,-0.004097351300348384
2024-12-06,0.6449898481369019,0.6450197696685791,0.6379601955413818,0.6620074605941773,0.6627816610096148,0.68826950485975,0.6357454163286045,39.48828617317497,-0.0041252849637613
2024-12-09,0.639991819858551,0.6472001671791077,0.6380806565284729,0.6609697222709656,0.6625548964210469,0.6865045143349489,0.6354349302069824,34.86691354108807,-0.004498861628653872
2024-12-10,0.643790602684021,0.6439149975776672,0.636610209941864,0.6600139307975769,0.6623681870306287,0.6844249672010353,0.6356028943941184,40.56076764626769,-0.004437244013889452
2024-12-11,0.6376001834869385,0.6389409303665161,0.6337798237800598,0.6590059494972229,0.6621217392341742,0.6828560867069619,0.635155812287484,35.16583650734175,-0.004832223835549043
2024-12-12,0.6383902430534363,0.642937958240509,0.6368899345397949,0.6579995548725128,0.6618856049438187,0.6809639328889967,0.635035176856029,36.32980277756484,-0.005023588188119654
2024-12-13,0.6375001668930054,0.6383001804351807,0.6352400779724121,0.6570489573478698,0.6616429637691836,0.6793723474537638,0.6347255672419758,35.555352589306,-0.005187271882411637
2024-12-16,0.6367115378379822,0.6384998559951782,0.6346506476402283,0.6561820030212402,0.6613948898793209,0.6782230496436253,0.634140956398855,34.846557631713665,-0.005319310463441029
2024-12-17,0.6376400589942932,0.6381002068519592,0.6333098411560059,0.6554228055477143,0.6611585234028531,0.6773486051395199,0.6334970059559086,36.45281690155729,-0.005288070507750486
2024-12-18,0.6341153979301453,0.6340000629425049,0.6300299763679504,0.654625917673111,0.660889437577254,0.6766976147141478,0.6325542206320741,33.115343692651976,-0.005484501390799479
2024-12-19,0.6206199526786804,0.6265311241149902,0.6201396584510803,0.6536035144329071,0.6604887461852285,0.6771276265478446,0.6300794023179696,24.039808612789685,-0.0066524585256038105
2024-12-20,0.6233997941017151,0.6267313361167908,0.6215399503707886,0.6525895154476166,0.66011970188589,0.6768663403694601,0.628312690525773,28.393077283309907,-0.007269959431939421
2024-12-23,0.6252892017364502,0.6266056299209595,0.6219899654388428,0.6516330885887146,0.6597731297450996,0.676373650454521,0.6268925267229082,31.27596927340474,-0.007520185921232825
2024-12-24,0.6244925856590271,0.6249375343322754,0.6225099563598633,0.6506709420681,0.6594220795551885,0.6758217226370846,0.6255201614991153,30.71450139512659,-0.007694079912795693
2024-12-25,0.6239081621170044,0.6647397875785828,0.6230141520500183,0.6497849452495575,0.6590687072423708,0.6755283097038397,0.6240415807952754,30.284960549323273,-0.007789260503124007
2024-12-26,0.6244574785232544,0.6256002187728882,0.6216299533843994,0.6489443159103394,0.6587243169068572,0.6752012163088861,0.6226874155117927,31.25807128298348,-0.007731245577063617
2024-12-27,0.6223007440567017,0.6226999163627625,0.6201300024986267,0.647990893125534,0.6583618932964079,0.6745910689845458,0.6213907172665223,29.51605243074765,-0.007769734118626581
2024-12-30,0.6225099563598633,0.6246599555015564,0.6203100681304932,0.6470074546337128,0.658005157605497,0.6736684132928553,0.6203464959745703,29.924028814303284,-0.007694655679785556
2024-12-31,0.621999979019165,0.6232082843780518,0.6182200312614441,0.646141265630722,0.6576468971220509,0.6731866238637743,0.6190959073976698,29.476146560987047,-0.007588827110381335
2025-01-02,0.6194201707839966,0.6222702264785767,0.6188808083534241,0.6451576733589173,0.6572665316858514,0.6724453155222764,0.6178700311955582,27.253893216986228,-0.007625227297153536
2025-01-03,0.6200800538063049,0.6225215792655945,0.6198398470878601,0.6442872750759124,0.6568965169805822,0.6719476467079614,0.6166269034438635,28.733921238672423,-0.007514208543732082
2025-01-06,0.6220104694366455,0.6301597952842712,0.6219485998153687,0.6434534418582917,0.6565493921293988,0.671238305626799,0.6156685780897844,33.02662502052665,-0.007187602763061629
2025-01-07,0.623910129070282,0.6287501454353333,0.6237898468971252,0.6427248322963715,0.6562246233427409,0.6706126610323324,0.6148370035604105,37.045325970117595,-0.006698265240331014
2025-01-08,0.6234919428825378,0.6243000030517578,0.6188199520111084,0.6420293271541595,0.6558989250297041,0.670069177977103,0.613989476331216,36.525735652258454,-0.00627190721624149
2025-01-09,0.6211604475975037,0.6213109493255615,0.6172999143600464,0.6413265323638916,0.6555532685378415,0.6696663273926065,0.6129867373351767,33.68872031285659,-0.006052379531031771
2025-01-10,0.6189700961112976,0.6209001541137695,0.6141698956489563,0.640560337305069,0.6551892568719057,0.6692094644676762,0.6119112101424619,31.23425018657028,-0.005986140813245333
2025-01-13,0.6154982447624207,0.6164000630378723,0.6132298111915588,0.6397167003154755,0.6547943214280302,0.668789303597419,0.610644097033532,27.779407983960425,-0.0061429830557647724
2025-01-14,0.6192100048065186,0.6206800937652588,0.6168308854103088,0.6389170718193055,0.6544402486258261,0.668002713690224,0.6098314299483869,35.9377644143737,-0.005899764831363119
2025-01-15,0.619160532951355,0.6246498227119446,0.6182001829147339,0.6381320786476136,0.6540892066788163,0.6671889782041932,0.6090751790910339,35.879587315864086,-0.005645921927968978
2025-01-16,0.6235401034355164,0.6242298483848572,0.6193699240684509,0.6373198807239533,0.6537852355022661,0.6656700627420652,0.6089696987058414,44.45241662883388,-0.005033333723690525
2025-01-17,0.6210300922393799,0.6226498484611511,0.6165000200271606,0.636606479883194,0.6534593136787548,0.6647606371413524,0.6084523226250356,41.063847655723116,-0.004696254585287329
2025-01-20,0.6195403337478638,0.628550112247467,0.6197199821472168,0.6356436562538147,0.6531218113908852,0.662732756478581,0.6085545560290484,39.1559980094657,-0.0044974838056873745
2025-01-21,0.6281000375747681,0.6288600564002991,0.6211299896240234,0.6350364995002746,0.652872838517093,0.6613893217210011,0.6086836772795482,52.74189604690334,-0.003607672960200037
2025-01-22,0.6262015104293823,0.6295698881149292,0.6254100203514099,0.6344053184986115,0.6526074521679616,0.6600385674552054,0.6087720695420176,50.071335022367634,-0.0030208640876101533
2025-01-23,0.6275002360343933,0.6293800473213196,0.6256002187728882,0.6338965201377869,0.6523576291218564,0.6590332459051809,0.6087597943703928,51.86679936419396,-0.0024230857022741192
2025-01-24,0.6283262372016907,0.6333001852035522,0.6279301047325134,0.633477634191513,0.6521185107942926,0.6582642632324258,0.6086910051506003,53.023849551291484,-0.001861235470192013
2025-01-27,0.6292909979820251,0.6306999325752258,0.627599835395813,0.6331524574756622,0.6518913713633249,0.6577182723169407,0.6085866426343837,54.40255541391756,-0.001322867784856574
2025-01-28,0.6263799667358398,0.6275100111961365,0.6238380670547485,0.6327532291412353,0.6516375265411609,0.6570919454550785,0.6084145128273921,49.665973420699004,-0.0011182133412285244
2025-01-29,0.6254573464393616,0.6256999969482422,0.6210987567901611,0.6322505724430084,0.6513770272366655,0.6561192787459947,0.6083818661400221,48.232638761313524,-0.001018727708575362
2025-01-30,0.6239782571792603,0.6245998740196228,0.6215801239013672,0.6316471338272095,0.6511044026589798,0.6547699498472942,0.6085243178071248,45.943516713000115,-0.001047163718458366
2025-01-31,0.6215001940727234,0.6243498921394348,0.6206014752388,0.6310491383075714,0.6508098334193155,0.6536269810107527,0.6084712956043901,42.31964662431769,-0.0012551894017261978
2025-02-03,0.614420473575592,0.6196516752243042,0.6088999509811401,0.6303169691562652,0.6504477502367909,0.6526229385314417,0.6080109997810887,34.05510084135909,-0.0019686323624424906
2025-02-04,0.620728611946106,0.6235774755477905,0.6174592971801758,0.6296517813205719,0.6501520374179781,0.6510413826048154,0.6082621800363284,44.46231541918727,-0.0020019497709120593
