date,close,high,low,sma,ewma,upperband,lowerband,rsi,macd
2003-12-01,1.19650137424469,1.2040069103240967,1.194400668144226,,,,,,0
2003-12-02,1.2088974714279175,1.2109030485153198,1.1946003437042236,,,,,,0.0009888624533629375
2003-12-03,1.2122975587844849,1.213003396987915,1.2077003717422485,,,,,,0.0020235751908137534
2003-12-04,1.2080942392349243,1.2144027948379517,1.2043983936309814,,,,,,0.002475879335110287
2003-12-05,1.2186946868896484,1.2190959453582764,1.2065927982330322,,,,,,0.003647653285746566
2003-12-08,1.2220009565353394,1.2240052223205566,1.2154065370559692,,,,,,0.004787889107288779
2003-12-09,1.2249947786331177,1.2277017831802368,1.2197948694229126,,,,,,0.0058654968372966465
2003-12-10,1.2190959453582764,1.226602554321289,1.2162047624588013,,,,,,0.0061723709304801755
2003-12-11,1.2224042415618896,1.2234959602355957,1.2122975587844849,,,,,,0.006606368610265756
2003-12-12,1.2278977632522583,1.2306026220321655,1.2212995290756226,,,,,,0.007309338681007471
2003-12-15,1.2319974899291992,1.2324985265731812,1.2178043127059937,,,,,,0.008103845124552311
2003-12-16,1.2321947813034058,1.2358952760696411,1.2304966449737549,,,,,,0.008649708514735899
2003-12-17,1.2402024269104004,1.242004632949829,1.229997158050537,,,,,,0.009617593629372312
2003-12-18,1.2422977685928345,1.2441989183425903,1.2365983724594116,,,,,,0.010433455735115116
2003-12-19,1.2384973764419556,1.2435026168823242,1.235101580619812,,,,,77.99062793189155,0.010650598971337688
2003-12-22,1.2398948669433594,1.2446014881134033,1.235696792602539,,,,,78.75777724108613,0.010810831814970667
2003-12-23,1.2400025129318237,1.2672022581100464,1.2388043403625488,,,,,78.81901960882426,0.01082175714948952
2003-12-24,1.245298981666565,1.2471938133239746,1.2400025129318237,,,,,81.62594165477537,0.01112950234312926
2003-12-25,1.2448029518127441,1.247007131576538,1.244307279586792,,,,,80.54934654968864,0.011204211981224566
2003-12-26,1.243193507194519,1.2471004724502563,1.242699146270752,,,,,77.00062946957223,0.01100667310156922
2003-12-29,1.2483927011489868,1.2507973909378052,1.242992639541626,,,,,80.0572349857762,0.011141224515853088
2003-12-30,1.2548940181732178,1.25629723072052,1.248299241065979,,,,,83.08454640523719,0.011638300349309016
2003-12-31,1.2590018510818481,1.2648941278457642,1.253007173538208,,,,,84.66820261308982,0.012222807398439617
2004-01-01,1.2581939697265625,1.2607955932617188,1.2473959922790527,,,,,83.02197523461166,0.012477016888380321
2004-01-02,1.2581939697265625,1.2628016471862793,1.2526932954788208,,,,,83.02197523461166,0.012533995641030193
2004-01-05,1.2686975002288818,1.2694060802459717,1.2636953592300415,,,,,86.87105143562196,0.013273688029860953
2004-01-06,1.2721028327941895,1.2808033227920532,1.2672022581100464,,,,,87.83404722161745,0.013973602464725898
2004-01-07,1.2640947103500366,1.2739989757537842,1.2624987363815308,,,,,74.07410235463375,0.01372390055957684
2004-01-08,1.2774981260299683,1.2787070274353027,1.256502389907837,,,,,79.78287410932214,0.014441085781468077
2004-01-09,1.2858924865722656,1.2867032289505005,1.2712942361831665,,,,,82.39713565583827,0.015508047855765872
2004-01-12,1.2740962505340576,1.289706826210022,1.2738043069839478,,,,,68.91174879715446,0.015226246630520635
2004-01-13,1.278592586517334,1.2797051668167114,1.2718924283981323,,,,,70.86883152911336,0.015190625787407486
2004-01-14,1.2651021480560303,1.278805136680603,1.2406023740768433,,,,,58.89018376151269,0.013913444841760159
2004-01-15,1.260096549987793,1.2671059370040894,1.256897211074829,,,,,55.164332750162586,0.012354939755347738
2004-01-16,1.239802598953247,1.2610021829605103,1.2363996505737305,,,,,43.2242926140422,0.00937420104665243
2004-01-19,1.235406756401062,1.2424057722091675,1.2340041399002075,,,,,41.146780882096266,0.0065813704468262735
2004-01-20,1.2589067220687866,1.2602077722549438,1.234994888305664,,,,,53.902449350869844,0.006192895067785642
2004-01-21,1.2659028768539429,1.266993522644043,1.2565971612930298,,,,,56.89755258481629,0.006376057530683266
2004-01-22,1.2725075483322144,1.2748922109603882,1.2644941806793213,,,,,59.56829784038409,0.006973767640557016
2004-01-23,1.2583048343658447,1.2775959968566895,1.2570078372955322,,,,,52.093207624684766,0.006229605870171628
2004-01-26,1.2487980127334595,1.2610976696014404,1.2461059093475342,,,,,47.77183368874535,0.004817201550959549
2004-01-27,1.2636953592300415,1.2659990787506104,1.244694471359253,,,,,54.18544294278657,0.004844112399726264
2004-01-28,1.2441989183425903,1.2643983364105225,1.242004632949829,,,,,46.19103173469419,0.003254721200191657
2004-01-29,1.2410026788711548,1.2526932954788208,1.2371032238006592,,,,,45.01839756756355,0.0017174101749124482
2004-01-30,1.2468050718307495,1.2485017776489258,1.235498309135437,,,,,47.618185536382995,0.0009562615430527277
2004-02-02,1.2433016300201416,1.2482056617736816,1.23960280418396,,,,,46.19777447606034,6.954561532990233e-05
2004-02-03,1.2534940242767334,1.2561078071594238,1.250500202178955,,,,,50.796167844226595,0.0001871011042173798
2004-02-04,1.2539970874786377,1.2561078071594238,1.250500202178955,,,,,51.018686958304734,0.0003172011745322667
2004-02-05,1.2571974992752075,1.2635995149612427,1.2523951530456543,,,,,52.490711055737705,0.0006708201059921759
2004-02-06,1.2700024843215942,1.2726045846939087,1.2518935203552246,1.2467487096786498,,1.2872918293146551,1.2062055900426445,57.93746588111589,0.00196170759039771
2004-02-09,1.2694060802459717,1.2757054567337036,1.2655024528503418,1.2482068037986755,,1.2865586981296215,1.2098549094677296,57.606201496554625,0.0029031546380684503
2004-02-10,1.26850426197052,1.2787070274353027,1.26739501953125,1.2493989396095275,,1.2864469882151488,1.2123508910039063,57.074800014436924,0.0035357312985941913
2004-02-11,1.2830052375793457,1.284703016281128,1.265806794166565,1.2508130931854249,,1.287476719857841,1.2141494665130088,62.98725316183284,0.005147819542176357
2004-02-12,1.2818048000335693,1.284703016281128,1.279606819152832,1.2522873044013978,,1.2878511407736628,1.2167234680291328,62.22318056675194,0.0062564256320187805
2004-02-13,1.272799015045166,1.2889920473098755,1.2725075483322144,1.253369390964508,,1.2880426234330642,1.218696158495952,56.66930055048784,0.006335283160518124
2004-02-16,1.2765034437179565,1.2790013551712036,1.2721998691558838,1.2544594407081604,,1.2885291773014977,1.220389704114823,58.3174000711635,0.006620379144943733
2004-02-17,1.2857933044433594,1.2877968549728394,1.2763078212738037,1.2556754112243653,,1.2897926947094538,1.2215581277392769,62.200239499993344,0.007509370539384053
2004-02-18,1.2725075483322144,1.2922067642211914,1.266592264175415,1.256743643283844,,1.2895038396113403,1.2239834469563475,54.3961137226197,0.007060464500072028
2004-02-19,1.2757054567337036,1.2766989469528198,1.2659990787506104,1.2578096675872803,,1.2894590331156366,1.226160302058924,55.832590337526256,0.006883400159418462
2004-02-20,1.2542015314102173,1.2760961055755615,1.250296950340271,1.2583357429504394,,1.288808303382295,1.2278631825185837,45.462424419750484,0.004950818383421263
2004-02-23,1.2571974992752075,1.2593982219696045,1.2457022666931152,1.2588397431373597,,1.2883527409285482,1.2293267453461711,46.941058130906626,0.0036192623671444935
2004-02-24,1.2677966356277466,1.2711002826690674,1.2528972625732422,1.2595517802238465,,1.2881444591989923,1.2309591012487007,51.90868989718679,0.0033802904694988367
2004-02-25,1.249703288078308,1.270405888557434,1.2483927011489868,1.2597417974472045,,1.2879330840024452,1.2315505108919638,44.286267381905446,0.0017111959819922085
2004-02-26,1.2448029518127441,1.251799464225769,1.2396950721740723,1.2597919011116028,,1.2878653038170982,1.2317184984061074,42.46740309662991,-6.90995370034031e-06
2004-02-27,1.2494065761566162,1.2507035732269287,1.2380987405776978,1.260010085105896,,1.2875729086915815,1.2324472615202104,44.76261611096526,-0.000985684913450413
2004-03-01,1.2448029518127441,1.2541072368621826,1.242992639541626,1.2601082468032836,,1.2874124161111635,1.2328040774954037,42.91870364997597,-0.002108539203780291
2004-03-02,1.220405101776123,1.245004415512085,1.2203009128570557,1.2597162985801698,,1.288708921673691,1.2307236754866484,34.74904249874852,-0.004910506651219171
2004-03-03,1.2190959453582764,1.2220009565353394,1.20689857006073,1.259192237854004,,1.2901305325463002,1.2282539431617077,34.3709710210488,-0.007154254232816237
2004-03-04,1.220703125,1.224095106124878,1.2142995595932007,1.2587102413177491,,1.291271863505299,1.2261486191301991,35.301611846843315,-0.008702438101874765
2004-03-05,1.2367972135543823,1.242699146270752,1.2179970741271973,1.2585823154449463,,1.2914416559679083,1.2257229749219842,43.88316570622822,-0.008532370671848977
2004-03-08,1.242606520652771,1.242606520652771,1.2345983982086182,1.258466591835022,,1.2915126294340373,1.2254205542360066,46.634694750100756,-0.007838471456181217
2004-03-09,1.2319064140319824,1.246401071548462,1.228697419166565,1.2580068397521973,,1.2918849026388624,1.2241287768655322,42.501085557928256,-0.008059060673414109
2004-03-10,1.2231967449188232,1.246401071548462,1.220703125,1.2572907376289368,,1.29256774183777,1.2220137334201038,39.43685929086549,-0.008834834255219803
2004-03-11,1.235101580619812,1.238006830215454,1.2174040079116821,1.2568288898468019,,1.29265796111211,1.2209998185814936,45.247586763085074,-0.008392278694957733
2004-03-12,1.2224042415618896,1.235406756401062,1.217893362045288,1.2561130952835082,,1.2932374573088028,1.2189887332582137,40.756112973093956,-0.008962801771225326
2004-03-15,1.22720468044281,1.2314057350158691,1.2212995290756226,1.2552832388877868,,1.2931078283979647,1.217458649377609,43.057465515330065,-0.008924711600920343
2004-03-16,1.2261061668395996,1.2371950149536133,1.2246047258377075,1.2543633055686951,,1.2927513975582319,1.2159752135791584,42.64918419163984,-0.008880793474573823
2004-03-17,1.2227030992507935,1.2291958332061768,1.2182939052581787,1.2535354733467101,,1.292841246715549,1.2142296999778712,41.341370907003984,-0.009016648841647656
2004-03-18,1.2388964891433716,1.241896629333496,1.2225985527038574,1.2527634406089783,,1.2916624214507577,1.2138644597671988,49.30723476443719,-0.007728554008560762
2004-03-19,1.2269035577774048,1.2406947612762451,1.2264070510864258,1.2515836620330811,,1.2899561193995677,1.2132112046665946,44.488620426894556,-0.007587989288087904
2004-03-22,1.2345983982086182,1.23960280418396,1.2227030992507935,1.2507937049865723,,1.2888998276105967,1.2126875823625478,47.99997000704719,-0.006777553996474284
2004-03-23,1.2345069646835327,1.236996054649353,1.2272950410842896,1.2499119925498963,,1.2874282990746144,1.212395686025178,47.9611485213738,-0.0060726543312970005
2004-03-24,1.2139016389846802,1.236996054649353,1.2110936641693115,1.2488879823684693,,1.2874912732019674,1.2102846915349712,40.09169906045752,-0.007094908161265456
2004-03-25,1.2136952877044678,1.219705581665039,1.210800290107727,1.2479599571228028,,1.2876783068642044,1.2082416073814013,40.020879411300854,-0.007831426698137856
2004-03-26,1.212694525718689,1.2210012674331665,1.208999752998352,1.2474177956581116,,1.288313247935422,1.2065223433808012,39.655027039013156,-0.008399056972921537
2004-03-29,1.216604232788086,1.2170039415359497,1.2065054178237915,1.247041745185852,,1.2887261822588707,1.2053573081128333,41.889979943630024,-0.00843618033397786
2004-03-30,1.2185016870498657,1.2225985527038574,1.2155985832214355,1.2462336444854736,,1.2885411789208747,1.2039261100500724,42.9934581375249,-0.008217762908407256
2004-03-31,1.231299638748169,1.2321947813034058,1.2175966501235962,1.2455415797233582,,1.28766754210072,1.2034156173459964,49.903405907861334,-0.0069320692012333485
2004-04-01,1.2365065813064575,1.2384973764419556,1.225895881652832,1.244821560382843,,1.2862918408571091,1.2033512799085768,52.42986049644965,-0.005430392739951717
2004-04-02,1.2129004001617432,1.2371950149536133,1.210800290107727,1.243913471698761,,1.2861598689915315,1.2016670744059905,42.07096595805258,-0.006075094945763082
2004-04-05,1.201302170753479,1.2126061916351318,1.1989977359771729,1.2429635548591613,,1.2868651457918883,1.1990619639264344,38.08910475813426,-0.0074361865419068085
2004-04-06,1.213106393814087,1.2145946025848389,1.1988970041275024,1.2419517755508422,,1.2862333340134173,1.1976702170882672,43.90793222398968,-0.007476178556365287
2004-04-07,1.216604232788086,1.2197948694229126,1.2058944702148438,1.2413998818397523,,1.2862513010227485,1.196548462656756,45.541295512122915,-0.007143282825535113
2004-04-08,1.2077003717422485,1.2217023372650146,1.2066947221755981,1.240733835697174,,1.2865872208755167,1.1948804505188313,42.17465946493595,-0.007511341663150484
2004-04-09,1.208605170249939,1.2112990617752075,1.2066947221755981,1.239969837665558,,1.2866753720196624,1.1932643033114534,42.638712761656166,-0.0076419298553906945
2004-04-12,1.2073066234588623,1.2095993757247925,1.205807089805603,1.2392499375343322,,1.286846976473725,1.1916528985949395,42.11632791215197,-0.007760742800104747
2004-04-13,1.193801760673523,1.2082985639572144,1.1910008192062378,1.238056092262268,,1.2871652886782945,1.1889468958462417,37.03460006388266,-0.008842699343083238
2004-04-14,1.1947003602981567,1.1973036527633667,1.1877048015594482,1.2368701577186585,,1.287255423214056,1.186484892223261,37.57434028824793,-0.009517931429855464
2004-04-15,1.1986957788467407,1.1989977359771729,1.18999445438385,1.235700123310089,,1.2868696310150423,1.1845306156051358,40.035597826596366,-0.009619770115845583
2004-04-16,1.2002928256988525,1.20480477809906,1.1931037902832031,1.2343059301376342,,1.285459351135975,1.1831525091392934,41.03633140946425,-0.009462531501386318
2004-04-19,1.2006964683532715,1.207802414894104,1.2002928256988525,1.2329317378997802,,1.2839278506339382,1.1819356251656221,41.302959101489684,-0.00919930432387761
2004-04-20,1.184805989265442,1.2019952535629272,1.1828020811080933,1.2312577724456788,,1.2829775576640834,1.1795379872272742,34.658557668923436,-0.010155853393247316
2004-04-21,1.1810001134872437,1.1911994218826294,1.182102918624878,1.2292176699638366,,1.2806525104322337,1.1777828294954396,33.27775683340141,-0.011093152829980246
2004-04-22,1.1925063133239746,1.1931037902832031,1.1791062355041504,1.2274317002296449,,1.2775993640441483,1.1772640364151414,40.93875159186216,-0.010783213053208618
2004-04-23,1.1850025653839111,1.193901538848877,1.1802055835723877,1.2256757712364197,,1.2755070018610204,1.175844540611819,37.883834259285976,-0.011016086704196404
2004-04-26,1.1861974000930786,1.1886931657791138,1.176498293876648,1.2238696503639221,,1.272718097627757,1.1750212031000873,38.66863922897823,-0.010977683671000493
2004-04-27,1.1929045915603638,1.1946003437042236,1.183698058128357,1.2220118761062622,,1.2682431686039746,1.1757805836085498,43.02067039729285,-0.01028744740348797
2004-04-28,1.1843008995056152,1.194400668144226,1.1828020811080933,1.2202477431297303,,1.265331808424842,1.1751636778346186,39.18003522020903,-0.010315762544095053
2004-04-29,1.196000576019287,1.1984946727752686,1.1808048486709595,1.218653645515442,,1.2613048921778907,1.1760023988529933,46.21211843433082,-0.009287080695399297
2004-04-30,1.198293685913086,1.200494647026062,1.1929045915603638,1.2175354886054992,,1.2593052074804738,1.1757657697305246,47.49352342353904,-0.008192371555230116
2004-05-03,1.193602204322815,1.1998032331466675,1.1925063133239746,1.2162635827064514,,1.2569631089613753,1.1755640564515275,45.12494127336577,-0.007615582338022842
2004-05-04,1.2105072736740112,1.2116951942443848,1.1935025453567505,1.2151177954673766,,1.2530257056195329,1.1772098853152204,54.022846331111865,-0.00572834215022322
2004-05-05,1.215894103050232,1.2178043127059937,1.2101995944976807,1.214441611766815,,1.251014104354853,1.1778691191787771,56.4463214077215,-0.003754736330337405
2004-05-06,1.2077003717422485,1.217492938041687,1.20689857006073,1.2136995601654053,,1.2492489563157085,1.178150164015102,51.95991996736941,-0.0028193059338517124
2004-05-07,1.1880011558532715,1.2086929082870483,1.1874933242797852,1.2124714517593385,,1.2472195941813593,1.1777233093373176,43.092181565592654,-0.003625737449870048
2004-05-10,1.1845955848693848,1.189499020576477,1.1816000938415527,1.2112673044204711,,1.2456128459013678,1.1769217629395745,41.76514149415957,-0.0044879075486004005
2004-05-11,1.1881988048553467,1.189103126525879,1.1796069145202637,1.2106231784820556,,1.2454735409499298,1.1757728160141814,43.739274494903036,-0.004824816344468186
2004-05-12,1.190504550933838,1.194101095199585,1.1837962865829468,1.2100513505935668,,1.2452705848444465,1.1748321163426871,45.023599880672435,-0.004849858405117535
2004-05-13,1.1804006099700928,1.1931037902832031,1.177994966506958,1.2092453002929688,,1.2453042683439945,1.1731863322419431,40.6449489372956,-0.005620221596123187
2004-05-14,1.1881988048553467,1.18940007686615,1.178897738456726,1.208273332118988,,1.243918594970942,1.1726280692670341,45.083970047430846,-0.005537656166935134
2004-05-17,1.2025011777877808,1.2058944702148438,1.1881988048553467,1.2074712252616882,,1.2417415128822666,1.1732009376411097,52.151909708331,-0.004268930925332093
2004-05-18,1.1945005655288696,1.2038040161132812,1.193602204322815,1.2067231082916259,,1.2404449235890547,1.173001292994197,48.39930648421486,-0.0038644921165211787
2004-05-19,1.2003936767578125,1.203905463218689,1.194400668144226,1.2062670469284058,,1.2396950097209731,1.1728390841358385,51.18553700686509,-0.0030334785686594312
2004-05-20,1.1957002878189087,1.2014031410217285,1.1900936365127563,1.2054790210723878,,1.2379772827013003,1.1729807594434754,48.919983121958474,-0.0027222314186672314
2004-05-21,1.2028049230575562,1.206796646118164,1.1957002878189087,1.205087034702301,,1.2372228223755393,1.1729512470290628,52.35762372555994,-0.0018806027046938123
2004-05-24,1.199903964996338,1.2025011777877808,1.193901538848877,1.2045410203933715,,1.2360648381230284,1.1730172026637147,50.85272250276764,-0.0014311910766384717
2004-05-25,1.210097074508667,1.2126061916351318,1.1987963914871216,1.204220838546753,,1.2351706190114182,1.1732710580820878,55.673743729269695,-0.0002496525342823297
2004-05-26,1.2110936641693115,1.2140047550201416,1.208795189857483,1.2039886498451233,,1.2345441668646933,1.1734331328255534,56.126883761859325,0.0007583993739315176
2004-05-27,1.227596402168274,1.228606939315796,1.2093068361282349,1.2037626481056214,,1.2334182222934886,1.1741070739177542,62.89184156121267,0.0028559986367064916
2004-05-28,1.2218068838119507,1.2294074296951294,1.220703125,1.2036607146263123,,1.23302524057331,1.1742961886793146,59.429726822550435,0.004005027949353979
2004-05-31,1.2198989391326904,1.2244998216629028,1.2182048559188843,1.2033667254447937,,1.2317447733603764,1.174988677529211,58.29090451426511,0.004707422531010419
2004-06-01,1.2244998216629028,1.2264971733093262,1.2159976959228516,1.2031665825843811,,1.2307790347303704,1.1755541304383919,60.268108698083175,0.0055711078035953765
2004-06-02,1.2218962907791138,1.2304966449737549,1.2210012674331665,1.2033264756202697,,1.2312830954920833,1.1753698557484562,58.57593003759526,0.005976606817841734
2004-06-03,1.2221053838729858,1.2252049446105957,1.2175966501235962,1.2034946775436401,,1.2318048903418433,1.175184464745437,58.67628057293799,0.00624287578728544
2004-06-04,1.2275059223175049,1.229997158050537,1.218605637550354,1.2037909054756164,,1.2327954792755054,1.1747863316757274,61.28500492376811,0.006811159376728382
2004-06-07,1.2318001985549927,1.2340041399002075,1.230905532836914,1.2040948247909546,,1.233953294666543,1.1742363549153663,63.27055460301861,0.007521339103906399
2004-06-08,1.2261061668395996,1.234994888305664,1.2249947786331177,1.2042469143867494,,1.2344800299943453,1.1740137987791535,58.953146276999156,0.0075378097036995495
2004-06-09,1.2042969465255737,1.2275059223175049,1.2028049230575562,1.2037068605422974,,1.2329148764563524,1.1744988446282423,46.004444803383436,0.005725046191835004
2004-06-10,1.2109030485153198,1.2116072177886963,1.2032970190048218,1.2031947898864745,,1.2309155961788176,1.1754739835941315,49.61450604280629,0.004766529682384224
2004-06-11,1.2015043497085571,1.2110936641693115,1.1971030235290527,1.2029668688774109,,1.230549012333813,1.1753847254210088,45.00432527798886,0.00321148203162136
2004-06-14,1.2061998844146729,1.208795189857483,1.1957002878189087,1.2030648231506347,,1.2306576212776306,1.1754720250236388,47.62282974899621,0.0023311143384161515
2004-06-15,1.216604232788086,1.2170928716659546,1.20339834690094,1.2031347799301146,,1.230848960347053,1.1754205995131763,52.96657675048765,0.002444778673089676
2004-06-16,1.2006964683532715,1.2167967557907104,1.1986957788467407,1.2028166246414185,,1.2302636222719587,1.1753696270108782,45.34849416052864,0.001236975747642699
2004-06-17,1.20339834690094,1.2075982093811035,1.1997023820877075,1.2027305841445923,,1.2301420428443448,1.1753191254448399,46.74940215814465,0.0004921292856661097
2004-06-18,1.2145060300827026,1.2149044275283813,1.1978055238723755,1.2028486013412476,,1.2304136750660188,1.1752835276164764,52.176764100644114,0.000789034798210686
2004-06-21,1.2126061916351318,1.2145946025848389,1.2080942392349243,1.202954592704773,,1.2306301661010752,1.1752790193084706,51.21528084090706,0.0008611071635238332
2004-06-22,1.2121946811676025,1.213194727897644,1.2070006132125854,1.2033224511146545,,1.2309904118157025,1.1756544904136066,50.99607594859469,0.0008749338835130072
2004-06-23,1.208605170249939,1.2190067768096924,1.2073066234588623,1.2036005473136902,,1.2311942043801825,1.1760068902471978,49.02498253394838,0.0005894532760155613
2004-06-24,1.2174040079116821,1.2190067768096924,1.204601526260376,1.203974711894989,,1.231803268972259,1.1761461548177192,53.74460787733778,0.0010609702969925916
2004-06-25,1.2203009128570557,1.2203009128570557,1.2112990617752075,1.204374873638153,,1.2325604572974591,1.1761892899788469,55.214813737677865,0.001649393767223728
2004-06-28,1.2186946868896484,1.2227030992507935,1.2127974033355713,1.2047348380088807,,1.2331871324392987,1.1762825435784627,54.18641093910617,0.001963480810406981
2004-06-29,1.2098042964935303,1.2190959453582764,1.207496166229248,1.2052348041534424,,1.2331308532550984,1.1773387550517864,48.77170978693041,0.0014779796210693252
2004-06-30,1.218397855758667,1.2203009128570557,1.206796646118164,1.2059827589988708,,1.2332243777106875,1.178741140287054,53.59844594023445,0.001766284218994274
2004-07-01,1.2162047624588013,1.220807433128357,1.2139016389846802,1.2064567279815674,,1.2335656366232735,1.1793478193398614,52.245558122273394,0.0017970876809805247
2004-07-02,1.2311025857925415,1.2330000400543213,1.2149044275283813,1.20737872838974,,1.2346447217741996,1.1801127350052802,59.68914111906666,0.0029891721672112848
2004-07-05,1.229997158050537,1.2331976890563965,1.2275059223175049,1.2082547235488892,,1.2355574821112807,1.1809519649864977,58.95483038167044,0.003800894583930736
2004-07-06,1.2285012006759644,1.2328935861587524,1.2270991802215576,1.208966655731201,,1.2364911881208682,1.181442123341534,57.91644165844935,0.004274208771321231
2004-07-07,1.2371032238006592,1.2388043403625488,1.2278074026107788,1.210022702217102,,1.2377356680083267,1.1823097364258772,62.05510408998415,0.005282531318154815
2004-07-08,1.2394952774047852,1.2402946949005127,1.2342935800552368,1.210892596244812,,1.2395243620741476,1.1822608304154765,63.14065488737919,0.006203146919357527
2004-07-09,1.241896629333496,1.2424057722091675,1.237394094467163,1.2117646551132202,,1.2414662648688344,1.182063045357606,64.24647686367297,0.007045296653423572
2004-07-12,1.240802526473999,1.2435954809188843,1.2386969327926636,1.212708661556244,,1.2430476172062022,1.1823697059062857,63.31445204259104,0.007537533434587518
2004-07-13,1.2333041429519653,1.2412029504776,1.2304056882858276,1.213164598941803,,1.2440488114293824,1.1822803864542235,57.190952737986215,0.0072391295669658184
2004-07-14,1.2384973764419556,1.242004632949829,1.2324985265731812,1.2136166644096376,,1.245314929192911,1.181918399626364,60.07125065565726,0.007337115196184962
2004-07-15,1.235605239868164,1.2392034530639648,1.23350191116333,1.2141747617721557,,1.2464256610531224,1.181923862491189,57.74126228415008,0.007099558965941055
2004-07-16,1.245593786239624,1.2459973096847534,1.2333041429519653,1.2153266143798829,,1.2478745199327057,1.18277870882706,63.06903738076796,0.007629339875399932
2004-07-19,1.2439976930618286,1.246401071548462,1.240494728088379,1.2165146565437317,,1.248819704836064,1.1842096082513993,61.729777952579084,0.00783014267204174
2004-07-20,1.2333954572677612,1.245593786239624,1.2309964895248413,1.21741858959198,,1.2490111707500287,1.1858260084339314,53.58929038985936,0.007052472005815158
2004-07-21,1.226301670074463,1.234903335571289,1.2214934825897217,1.2181345319747925,,1.2488478634868574,1.1874212004627276,48.93903813290569,0.005796929662088779
2004-07-22,1.2255953550338745,1.2289994955062866,1.223900318145752,1.2190384268760681,,1.2478183740973288,1.1902584796548075,48.48787187575534,0.004690836544397614
2004-07-23,1.2095993757247925,1.2266929149627686,1.2092044353485107,1.219466438293457,,1.2469831855454627,1.1919496910414513,39.587028679272585,0.002494750008224189
2004-07-26,1.2139016389846802,1.2170039415359497,1.2093068361282349,1.219694447517395,,1.246823612355279,1.192565282679511,42.63703306728711,0.001088939677159173
2004-07-27,1.2064036130905151,1.2190067768096924,1.2040069103240967,1.2199325084686279,,1.2463591151185274,1.1935059018187284,38.94662233559499,-0.0006230213621232217
2004-07-28,1.2043983936309814,1.2079044580459595,1.2009992599487305,1.2200126028060914,,1.2462208736257534,1.1938043319864293,37.99937404792541,-0.0021171619467987846
2004-07-29,1.2038040161132812,1.2094969749450684,1.1998032331466675,1.2201746773719788,,1.2458643736967419,1.1944849810472158,37.70662409911417,-0.003311072441084306
2004-07-30,1.2016053199768066,1.2116072177886963,1.200494647026062,1.2201506853103639,,1.2459087432603428,1.1943926273603849,36.58383763378621,-0.0043841339453163375
2004-08-02,1.2021976709365845,1.2093945741653442,1.2019952535629272,1.2201965594291686,,1.2458152321464393,1.194577886711898,37.127015618335825,-0.005127636939643354
2004-08-03,1.2052984237670898,1.207802414894104,1.2002063989639282,1.220100586414337,,1.2459089383437096,1.1942922344849645,40.023022018943216,-0.005404365419492851
2004-08-04,1.2059961557388306,1.2065927982330322,1.1975044012069702,1.2199986362457276,,1.2459918233178848,1.1940054491735703,40.68509435874635,-0.005503927741635106
2004-08-05,1.2051968574523926,1.207496166229248,1.2029930353164673,1.21955064535141,,1.2457803878554927,1.1933209028473273,40.13847293134164,-0.005582971273381032
2004-08-06,1.2307995557785034,1.2307995557785034,1.2049063444137573,1.219730498790741,,1.2461460516626837,1.1933149459187982,59.09590931721482,-0.0035388958688382655
2004-08-09,1.2272950410842896,1.2291052341461182,1.2250999212265015,1.219878420829773,,1.2463805153826961,1.19337632627685,56.4601794398067,-0.0021766454178790973
2004-08-10,1.2236007452011108,1.2319974899291992,1.2224042415618896,1.219860439300537,,1.2463509530104322,1.1933699255906418,53.73921257808645,-0.0013792517684310113
2004-08-11,1.222195029258728,1.2247997522354126,1.2198989391326904,1.2198664140701294,,1.2463589366388441,1.1933738915014147,52.69850228789013,-0.000850932069612842
2004-08-12,1.223900318145752,1.2291052341461182,1.2218962907791138,1.2199023127555848,,1.2464120774920555,1.193392548019114,53.8657082123316,-0.0002912747069629962
2004-08-13,1.237593173980713,1.2378995418548584,1.2185016870498657,1.220104057788849,,1.2470007157449416,1.1932073998327561,61.978688821949724,0.0012428302415710135
2004-08-16,1.2358952760696411,1.2380987405776978,1.2324985265731812,1.2201859593391418,,1.2472523893873746,1.193119529290909,60.5566205966971,0.0022951561628548056
2004-08-17,1.2345069646835327,1.2378995418548584,1.231693983078003,1.2203539752960204,,1.2476735181324512,1.1930344324595896,59.357362556783,0.002982723926075792
2004-08-18,1.2340041399002075,1.2365065813064575,1.2293015718460083,1.2209481191635132,,1.2481341402994128,1.1937620980276136,58.90237628142567,0.0034473140834785365
2004-08-19,1.2371950149536133,1.2378995418548584,1.233593225479126,1.2214739584922791,,1.2488831178539985,1.1940647991305597,60.94808521030291,0.004026566329766945
2004-08-20,1.2321947813034058,1.2384973764419556,1.2285012006759644,1.222087767124176,,1.2490424114510643,1.195133122797288,56.225040173746024,0.0040356306038535905
2004-08-23,1.2151997089385986,1.2318001985549927,1.2134008407592773,1.2222677636146546,,1.2489077259451935,1.1956278012841157,43.80098657129192,0.002641009882325962
2004-08-24,1.2081964015960693,1.2166930437088013,1.2066947221755981,1.222099606990814,,1.2489904472931666,1.1952087666884617,39.88937579814773,0.0009595929491630351
2004-08-25,1.208605170249939,1.2112990617752075,1.2057054042816162,1.2222577810287476,,1.2487244583560275,1.1957911037014677,40.224920960813336,-0.0003360837064154687
2004-08-26,1.2099066972732544,1.2114017009735107,1.2056035995483398,1.2223879480361939,,1.2485381658898391,1.1962377301825486,41.34757515798297,-0.0012435594579986997
2004-08-27,1.2019952535629272,1.2136952877044678,1.200898289680481,1.2221377325057983,,1.2488295827725797,1.1954458822390168,36.82063869589851,-0.002571485434473164
2004-08-30,1.2049063444137573,1.2066947221755981,1.1991989612579346,1.2219837355613707,,1.2489870715259603,1.1949803995967812,39.4476970457727,-0.003350354830397251
2004-08-31,1.2178043127059937,1.219393253326416,1.2047032117843628,1.2220959281921386,,1.2489796073424733,1.195212249041804,49.47243610277808,-0.002893501703260304
2004-09-01,1.2190067768096924,1.2221053838729858,1.2151997089385986,1.2223039603233337,,1.2489211987840132,1.1956867218626541,50.29856317579238,-0.0024066709007550813
2004-09-02,1.217300295829773,1.2201074361801147,1.2145060300827026,1.2223018860816957,1.221609816143024,1.2489206992150435,1.1956830729483479,49.072340668853464,-0.0021339538441904615
2004-09-03,1.205501914024353,1.2182939052581787,1.204601526260376,1.2220059061050415,1.2214244527162437,1.24904137761125,1.194970434598833,41.53330390189041,-0.002837149526867755
2004-09-06,1.2065927982330322,1.2082985639572144,1.2051968574523926,1.2217638683319092,1.2212540412391664,1.249134939641906,1.1943927970219124,42.41422137298228,-0.003268732024832799
2004-09-07,1.2099066972732544,1.2112990617752075,1.2057054042816162,1.2217659163475036,1.221123863899084,1.249133350233287,1.1943984824617202,45.11936957827072,-0.0033052593345617165
2004-09-08,1.2189027070999146,1.219393253326416,1.2032970190048218,1.2217760133743285,1.221098421387402,1.249138747449521,1.194413279299136,51.74615725502837,-0.002578580410603548
2004-09-09,1.2242000102996826,1.2244998216629028,1.216293454170227,1.2219359183311462,1.2211338955498106,1.2492591817114391,1.1946126549508533,55.178274602442855,-0.0015572826461467404
2004-09-10,1.2272950410842896,1.2306026220321655,1.220598816871643,1.221859767436981,1.2212042584923857,1.249099850894291,1.1946196839796712,57.098268589869576,-0.0004924767265477303
2004-09-13,1.2264070510864258,1.228893756866455,1.2227030992507935,1.221787965297699,1.221263589403234,1.2489593400656425,1.1946165905297557,56.352418337912276,0.00027654838700130746
2004-09-14,1.2260010242462158,1.2294981479644775,1.223002314567566,1.221737961769104,1.2213175351238945,1.2488680813395718,1.1946078421986361,55.992264467654294,0.0008435197862950439
2004-09-15,1.215701937675476,1.226301670074463,1.2139016389846802,1.2213099360466004,1.2212536814129882,1.2481240558580604,1.1944958162351405,47.6698724913671,0.0004565358309671641
2004-09-16,1.2190067768096924,1.2197948694229126,1.2125033140182495,1.2209001660346985,1.2212281686016537,1.2472012730797626,1.1945990589896345,50.22642809320347,0.00041177447689011437
2004-09-17,1.2182048559188843,1.2224042415618896,1.216293454170227,1.2204263305664063,1.221193888093236,1.2460278341295734,1.194824827003239,49.593298907579225,0.0003080415560317018
2004-09-20,1.2174040079116821,1.2182048559188843,1.2129004001617432,1.21995836019516,1.2211509752708318,1.2448861716017625,1.1950305487885575,48.9299559543819,0.0001593735683909081
2004-09-21,1.2328935861587524,1.2345069646835327,1.2171964645385742,1.2199501490592957,1.221283754608817,1.244860281586423,1.1950400165321684,60.05800541329843,0.0012767154488557697
2004-09-22,1.2266929149627686,1.2331976890563965,1.2233014106750488,1.2197140598297118,1.2213448356802987,1.244125471426962,1.1953026482324616,54.900790763038465,0.0016429358529723714
2004-09-23,1.22720468044281,1.2333954572677612,1.2260010242462158,1.2195460486412049,1.2214109172742722,1.2436244102612912,1.1954676870211185,55.242398795767286,0.0019519623520074525
2004-09-24,1.227596402168274,1.235696792602539,1.2247997522354126,1.2191861009597778,1.2214805786940757,1.2421892015414076,1.196183000378148,55.52012322103974,0.002203081001977747
2004-09-27,1.2307995557785034,1.231496810913086,1.225295066833496,1.2189221382141113,1.221585392253011,1.241049359807449,1.1967949166207736,57.82469529021228,0.002630242272121164
2004-09-28,1.232103705406189,1.234903335571289,1.2285012006759644,1.2188963031768798,1.2217035418848352,1.2409574687721177,1.196835137581642,58.76153132573473,0.0030389732401443492
2004-09-29,1.2336997985839844,1.234202265739441,1.229997158050537,1.2190442657470704,1.2218381202963993,1.2414053534084937,1.196683178085647,59.934513158599096,0.0034518955541731344
2004-09-30,1.2433944940567017,1.244400143623352,1.232103705406189,1.2194002485275268,1.2220796413334847,1.242732636664369,1.1960678603906847,66.2196350752512,0.004509438367213958
2004-10-01,1.2414957284927368,1.2437965869903564,1.2388964891433716,1.2200381755828857,1.2222969098242176,1.244012157566526,1.1960641935992455,64.0987615107561,0.00513513946216082
2004-10-04,1.2289994955062866,1.2402024269104004,1.2264070510864258,1.2203401327133179,1.222371819733331,1.2443788751959264,1.1963013902307094,52.240349843155755,0.0045699905152694065
2004-10-05,1.2316029071807861,1.2331064939498901,1.226798176765442,1.2208441185951233,1.222474862528877,1.2447465091985304,1.1969417279917163,54.14372364834555,0.004282809901109186
2004-10-06,1.2280938625335693,1.2324073314666748,1.2260010242462158,1.221318027973175,1.2225375091436403,1.24482588996761,1.1978101659787401,51.18286114517816,0.0037290801044693733
2004-10-07,1.229906439781189,1.231299638748169,1.2277017831802368,1.2218400764465331,1.2226195674813907,1.2449157872848713,1.198764365608195,52.624048293279934,0.0033973426356361802
2004-10-08,1.2410026788711548,1.2435026168823242,1.228893756866455,1.2226280236244202,1.2228240342471108,1.2455737452042737,1.1996823020445668,60.342606598386354,0.003983888276796854
2004-10-11,1.238405466079712,1.2416036128997803,1.237394094467163,1.2233521795272828,1.2229971363142473,1.245948925710686,1.2007554333438797,57.96226123992962,0.0041908470803624365
2004-10-12,1.232103705406189,1.2386969327926636,1.2293015718460083,1.2238882851600648,1.2230981886852932,1.2460035474809337,1.2017730228391958,52.54605630259123,0.003802530794893899
2004-10-13,1.234903335571289,1.235193133354187,1.2234959602355957,1.224466428756714,1.2232290362148872,1.2461803003252245,1.2027525571882034,54.57678130499867,0.0036782930254903867
2004-10-14,1.2388964891433716,1.2416036128997803,1.2326960563659668,1.2251404213905335,1.2234024966591495,1.2465021774857703,1.2037786652952966,57.378397333907394,0.003857580037827546
2004-10-15,1.2478941679000854,1.25,1.238206148147583,1.2254823136329651,1.2236733497807621,1.2477420774626249,1.2032225498033053,62.92704408751568,0.004671849591757482
2004-10-18,1.248907208442688,1.2533998489379883,1.246494174003601,1.225914556980133,1.223952101681426,1.2491365333781885,1.2026925805820776,63.50313873978621,0.005337381968272048
2004-10-19,1.2518935203552246,1.2526932954788208,1.2455006837844849,1.2264804124832154,1.2242604252218738,1.250824008198901,1.2021368167675297,65.21896064681746,0.006036209914766166
2004-10-20,1.2578933238983154,1.2629930973052979,1.2500938177108765,1.227194378376007,1.22463115019274,1.253070692690896,1.201318064061118,68.43021605271413,0.006993552777539103
2004-10-21,1.2620048522949219,1.265006184577942,1.2574979066848755,1.2279564690589906,1.2250426675474764,1.255619571681489,1.200293366436492,70.4440695600476,0.007991894291093038
2004-10-22,1.2690999507904053,1.2694060802459717,1.260398268699646,1.2285866045951843,1.2255272630359593,1.2584903211612055,1.1986828880291631,73.57653218469083,0.009248985735356596
2004-10-25,1.28109872341156,1.2830052375793457,1.272799015045166,1.2294906735420228,1.226137864923055,1.262831932103871,1.1961494149801746,77.8516304471292,0.0110856519394118
2004-10-26,1.2765034437179565,1.2843070030212402,1.2733986377716064,1.2303306031227113,1.22669069268042,1.2662072027935116,1.1944540034519109,72.98162311184774,0.012031728198490521
2004-10-27,1.270599603652954,1.2809016704559326,1.269905686378479,1.231062512397766,1.2271721561010704,1.2686951734404759,1.1934298513550563,67.16818771262956,0.012164880724509386
2004-10-29,1.2791976928710938,1.2798033952713013,1.2662074565887451,1.2319025659561158,1.2277420404129302,1.271895181532364,1.1919099503798676,70.81438548682439,0.012816458843782907
2004-11-01,1.2745997905731201,1.2828078269958496,1.2721028327941895,1.23275066614151,1.2282548024779003,1.274527300404466,1.190974031878554,66.55756565257425,0.01281411378133801
2004-11-02,1.2720056772232056,1.2750060558319092,1.2671059370040894,1.2338867855072022,1.2287330913589205,1.2767897603075442,1.1909838107068602,64.21227991564665,0.012459308877932562
2004-11-03,1.282495141029358,1.283202886581421,1.266592264175415,1.235372760295868,1.2293202468937163,1.2797648165991784,1.1909807039925575,68.9731377605127,0.012876107745807275
2004-11-04,1.2872995138168335,1.28940749168396,1.2797051668167114,1.2369466471672057,1.2299528459080526,1.2830136325387018,1.1908796617957096,70.88367634732705,0.013439178104017069
2004-11-05,1.2966973781585693,1.2979933023452759,1.2784944772720337,1.238682460784912,1.2306803819812773,1.287072783647709,1.1902921379221152,74.22687506612006,0.014476864251197208
2004-11-08,1.2908055782318115,1.2988024950027466,1.2910054922103882,1.2404586672782898,1.2313351431789528,1.2898616406013177,1.191055693955262,68.88659682025302,0.014654886574617665
2004-11-09,1.2899065017700195,1.2937949895858765,1.2887927293777466,1.242158670425415,1.231972384316155,1.2924107930212627,1.1919065478295674,68.08165199215054,0.01455563430029283
2004-11-10,1.2885932922363281,1.2983977794647217,1.2862067222595215,1.2435744500160217,1.2325878330036972,1.2950009949216044,1.192147905110439,66.85287365333531,0.014207238916862819
2004-11-11,1.2910054922103882,1.2921065092086792,1.2863060235977173,1.2450144243240358,1.2332222284691923,1.2976509550761517,1.1923778935719198,67.99553617278401,0.013964799923025462
2004-11-12,1.2970000505447388,1.2989037036895752,1.2885932922363281,1.246608419418335,1.2339142041544406,1.30062829098892,1.1925885478477498,70.69878653952547,0.014093910208963667
2004-11-15,1.2939958572387695,1.299899935722351,1.2922067642211914,1.2483782982826233,1.234565491342474,1.3026989605993176,1.194057635965929,67.61642697214147,0.013794799881983844
2004-11-16,1.2961931228637695,1.2992074489593506,1.292306900024414,1.250170304775238,1.2352329431009792,1.3047755006966366,1.1955651088538393,68.69158377963781,0.013578528936264878
2004-11-17,1.303797960281372,1.3049037456512451,1.2955045700073242,1.2520481300354005,1.2359748764932612,1.3074535868324515,1.1966426732383495,72.13929725739808,0.013860998514256595
2004-11-18,1.29490065574646,1.3072919845581055,1.2943978309631348,1.2535680890083314,1.236611950256889,1.3094300347351115,1.1977061432815512,63.349720265687296,0.013214590004037463
2004-11-19,1.3039000034332275,1.3064039945602417,1.2941968441009521,1.2551620888710022,1.2373388064413768,1.3121408524009737,1.1981833253410308,67.64398098034182,0.013275447653334105
2004-11-22,1.3040019273757935,1.305193305015564,1.3016934394836426,1.2566962265968322,1.2380582990665785,1.314733285369085,1.1986591678245795,67.69015480593913,0.01317997167992968
2004-11-23,1.309706211090088,1.3103067874908447,1.2979933023452759,1.2583622097969056,1.2388309412427374,1.3176198807138728,1.1991045388799384,70.24904296033614,0.013410012034899221
2004-11-24,1.317800760269165,1.319104552268982,1.3086949586868286,1.2601982045173645,1.2396818326278034,1.3210309815054382,1.1993654275292909,73.46104937935932,0.014083141455102144
2004-11-25,1.3258028030395508,1.328303575515747,1.316707730293274,1.262400221824646,1.2406090123132274,1.3246139937334986,1.2001864499157933,76.19695361794219,0.015088370008681018
2004-11-26,1.329504370689392,1.332906723022461,1.3199055194854736,1.26461017370224,1.2415652810099218,1.3283635638128746,1.2008567835916053,77.35965882894804,0.015999276750547242
2004-11-29,1.32650625705719,1.330300211906433,1.3233989477157593,1.2667762017250062,1.242478274689399,1.3314468893039433,1.202105514146069,74.19826984188825,0.01629145642379326
2004-11-30,1.3298048973083496,1.332906723022461,1.3239071369171143,1.2690242195129395,1.2434161619168274,1.3344992324676737,1.2035492065582054,75.38991787790593,0.016597853892397207
2004-12-01,1.3345967531204224,1.3357020616531372,1.3283917903900146,1.2710582828521728,1.2443946679674514,1.3382485007997986,1.203868064904547,77.04823908531999,0.01703101586115663
2004-12-02,1.3261016607284546,1.3377926349639893,1.3248015642166138,1.2730464577674865,1.2452708234244854,1.3407594062814265,1.2053335092535464,68.26593118861544,0.016498630935199543
2004-12-03,1.3466018438339233,1.3466018438339233,1.3259083032608032,1.275434401035309,1.246356570897822,1.3449461643769636,1.2059226376936543,75.51806744810403,0.017528843894100365
2004-12-06,1.3396027088165283,1.3456957340240479,1.3392080068588257,1.277674527168274,1.2473549266531978,1.3481068849676425,1.2072421693689053,69.66447005469254,0.01757789633750284
2004-12-07,1.3430931568145752,1.3470009565353394,1.3394052982330322,1.2799203991889954,1.2483791896455523,1.3514054743624369,1.2084353240155539,70.87683142314926,0.017694450128189265
2004-12-08,1.334507703781128,1.3432915210723877,1.321999430656433,1.281968479156494,1.2492999532994455,1.353729150953011,1.2102078073599771,64.09183056481197,0.016899241601093795
2004-12-09,1.3304064273834229,1.3358982801437378,1.3258028030395508,1.283902611732483,1.2501663869924529,1.3555661410489164,1.2122390824160496,61.08360248704205,0.015756463679466037
2004-12-10,1.3215975761413574,1.3304064273834229,1.3149935007095337,1.285466673374176,1.2509289043260274,1.356934971395772,1.21399837535258,55.10146797242122,0.01397886362834555
2004-12-13,1.3320013284683228,1.3326935768127441,1.3221042156219482,1.2872767853736877,1.251793713767763,1.358784025326357,1.2157695454210184,60.07466344968477,0.013256782706930759
2004-12-14,1.3309022188186646,1.332800269126892,1.326400637626648,1.2893148398399352,1.2526369693375077,1.3598446125996329,1.2187850670802376,59.32702494873549,0.012452297081839259
2004-12-15,1.3403927087783813,1.3437970876693726,1.32650625705719,1.2914906358718872,1.2535717369670054,1.3614635609350445,1.2215177108087298,63.54574611663311,0.012437171679116954
2004-12-16,1.325100064277649,1.3430029153823853,1.321300745010376,1.2934307599067687,1.2543331171626997,1.361584735763794,1.2252767840497434,53.85268624468259,0.011063661085140897
2004-12-17,1.3312920331954956,1.3320013284683228,1.3232064247131348,1.295458471775055,1.2551517347349068,1.3619098474026563,1.2290070961474537,56.73065199546461,0.01035541342706603
2004-12-20,1.3392080068588257,1.3408960103988647,1.3301055431365967,1.2974225783348083,1.2560452337223236,1.3631052247023958,1.2317399319672209,60.1520633348611,0.010313981811380657
2004-12-21,1.3368983268737793,1.3410038948059082,1.3357912302017212,1.2993924355506896,1.2569041000289565,1.3637450174254693,1.23503985367591,58.693756212967294,0.009979734913544869
2004-12-22,1.3391003608703613,1.3403029441833496,1.3347926139831543,1.3015323686599731,1.257776647588366,1.3638353490119253,1.239229388308021,59.69696902092937,0.009779792222220918
2004-12-23,1.3512052297592163,1.351807951927185,1.338401436805725,1.3038584065437318,1.2587677716551633,1.364674485336473,1.2430423277509905,64.76329784075739,0.010477321908503034
2004-12-24,1.3538029193878174,1.3547931909561157,1.3489997386932373,1.3061565351486206,1.2597752756982752,1.365622270803737,1.2466907994935041,65.75807474544413,0.011111642950367262
2004-12-27,1.3623977899551392,1.3642005920410156,1.3518993854522705,1.3084466075897216,1.260862508388414,1.367572541503102,1.2493206736763414,68.88774571792547,0.012167620416453362
2004-12-28,1.359397530555725,1.3645915985107422,1.359397530555725,1.3106564140319825,1.261905764101671,1.3689528948467742,1.2523599332171909,66.59943395837709,0.012616953915952855
2004-12-29,1.3606922626495361,1.364498496055603,1.3563920259475708,1.3128323888778686,1.2629510161027395,1.370292324286767,1.25537245346897,67.10721865612325,0.01292849635277693
2004-12-30,1.3628062009811401,1.3660082817077637,1.358105182647705,1.3149306464195252,1.2640069098665383,1.371861745463886,1.2579995473751644,67.96359880124905,0.013193882273005997
2004-12-31,1.3565024137496948,1.3661948442459106,1.3521919250488281,1.3168205976486207,1.2649843705806016,1.3728472417060953,1.260793953591146,62.71959327303868,0.012748581864147068
2005-01-03,1.3470009565353394,1.358105182647705,1.3401951789855957,1.3183786177635193,1.26585055889798,1.373310699713568,1.2634465358134706,55.73861479584994,0.01149646579037289
2005-01-04,1.3281975984573364,1.3496005535125732,1.3261016607284546,1.319320595264435,1.2665086124645728,1.373249530145787,1.2653916603830828,45.051664494242296,0.008884466332727659
2005-01-05,1.3280036449432373,1.330300211906433,1.3222966194152832,1.3203505992889404,1.2671572812809735,1.3728910281804336,1.2678101703974471,44.95591612409839,0.006721308456436592
2005-01-06,1.3183046579360962,1.3278977870941162,1.3163957595825195,1.3213047003746032,1.2676964773171036,1.3718523889504457,1.2707570117987608,40.338932270273126,0.004176222171520028
2005-01-07,1.3060967922210693,1.3248015642166138,1.302999496459961,1.3218426823616027,1.2681010543186595,1.371117755505195,1.2725676092180105,35.40957529015553,0.0011607695873065982
2005-01-10,1.310994029045105,1.311991572380066,1.3064039945602417,1.3225705671310424,1.268552700514537,1.3700393227845802,1.2751018114775046,38.648402603336066,-0.0008243298654995179
2005-01-11,1.3116990327835083,1.3171066045761108,1.3104957342147827,1.3233644342422486,1.2690067514075043,1.368659462368318,1.2780694061161793,39.12167085763142,-0.00231397352756324
2005-01-12,1.3255919218063354,1.329097867012024,1.3086949586868286,1.324226369857788,1.2696018848910415,1.3679603529936744,1.2804923867219018,47.685862867799294,-0.002346438542714546
2005-01-13,1.3211086988449097,1.3265942335128784,1.3203063011169434,1.3249025535583496,1.2701432997463158,1.3673321991888323,1.282472907927867,45.46323643433335,-0.0027027700752377815
2005-01-14,1.3098949193954468,1.3211959600448608,1.306796669960022,1.3251665043830871,1.270560915257729,1.3670405432050388,1.2832924655611355,40.39195140655613,-0.003845692912069376
2005-01-17,1.3051081895828247,1.3129045963287354,1.304103970527649,1.3254525566101074,1.2709236544257725,1.366556855766345,1.2843482574538698,38.42176822766142,-0.005079167109316884
2005-01-18,1.3017951250076294,1.3072919845581055,1.3003056049346924,1.3256903290748596,1.271247620388845,1.3660868100590697,1.2852938480906495,37.07387520519872,-0.006251972077724988
2005-01-19,1.3003056049346924,1.3114066123962402,1.2971009016036987,1.325924575328827,1.2715523898591616,1.365571926468663,1.2862772241889908,36.454673094503285,-0.007218410938247821
2005-01-20,1.29629385471344,1.302405595779419,1.2931926250457764,1.326030342578888,1.2718117467324916,1.3653241136434013,1.2867365715143746,34.77027486356344,-0.008213356947039507
2005-01-21,1.299899935722351,1.306796669960022,1.2935941219329834,1.3260883402824402,1.272106029560404,1.3652154252852207,1.2869612552796597,37.56294878407173,-0.008611608959518291
2005-01-24,1.3039000034332275,1.3096033334732056,1.3034920692443848,1.3262864232063294,1.272438962868357,1.3648465385281259,1.287726307884533,40.60083543273689,-0.008506398052649411
2005-01-25,1.2971009016036987,1.3075997829437256,1.2954038381576538,1.3263045787811278,1.2726970778975526,1.364807673818594,1.2878014837436618,37.28051519321769,-0.008869407339336943
2005-01-26,1.307805061340332,1.3103067874908447,1.2968990802764893,1.3263847208023072,1.2730643331172582,1.3647128903795698,1.2880565512250446,44.917846535936484,-0.008198847373114715
2005-01-27,1.304103970527649,1.3120949268341064,1.3015071153640747,1.3265687870979308,1.2733888647897218,1.3643645179915154,1.2887730562043462,42.969521070587696,-0.007875289431666266
2005-01-28,1.3044953346252441,1.307805061340332,1.299595832824707,1.3265806937217712,1.2737139310155836,1.3643476407939816,1.2888137466495608,43.249835612474556,-0.007500822803866658
2005-01-31,1.305193305015564,1.3060967922210693,1.2979933023452759,1.3266045212745667,1.274042729777501,1.364314785546097,1.2888942570030364,43.7805561022987,-0.0070662792574580635
2005-02-01,1.3039000034332275,1.3065917491912842,1.3004070520401,1.3264883971214294,1.2743544316891058,1.3644460022450953,1.2885307919977635,42.97851317855266,-0.0067484668700315
2005-02-02,1.3032032251358032,1.3093974590301514,1.3014055490493774,1.326196446418762,1.2746554579913059,1.364648128080514,1.2877447647570102,42.526495497924245,-0.0064781464093632835
2005-02-03,1.2972019910812378,1.303797960281372,1.2948001623153687,1.3256244301795959,1.2748906086774892,1.364941226386162,1.2863076339730297,38.74669139377727,-0.006671262766077213
2005-02-04,1.2857933044433594,1.3032032251358032,1.2855949401855469,1.3247502088546752,1.2750042646480972,1.365627755883781,1.2838726618255694,32.78157081239202,-0.007656633629019138
2005-02-07,1.2764055728912354,1.2865046262741089,1.2740962505340576,1.3237481951713561,1.2750188657653967,1.3668459466409482,1.280650443701764,28.846221948052758,-0.009090271624040192
2005-02-08,1.2769924402236938,1.279606819152832,1.2737069129943848,1.3226919460296631,1.2750394200386606,1.367728876085743,1.2776550159735833,29.4166745306578,-0.010063083808729223
2005-02-09,1.281295657157898,1.2817062139511108,1.2745022773742676,1.3216259241104127,1.275104546897163,1.3680156575432283,1.275236190677597,33.61912448459681,-0.010367303014988005
2005-02-10,1.287597894668579,1.2904057502746582,1.2752012014389038,1.320855848789215,1.2752345417559319,1.3682106227243707,1.2735010748540594,39.31748852037267,-0.009984762899210686
2005-02-11,1.2856941223144531,1.289706826210022,1.2852975130081177,1.3196376943588257,1.2753433255271545,1.3674208864887538,1.2718545022288976,38.24932935327599,-0.009723133390606487
2005-02-14,1.2973029613494873,1.2988024950027466,1.2885932922363281,1.3187916994094848,1.2755716116555254,1.366629915613709,1.2709534832052607,47.5981217188667,-0.00848128683388416
2005-02-15,1.3016934394836426,1.3048017024993896,1.2956053018569946,1.3179637050628663,1.2758430458332781,1.365517390141818,1.2704100199839146,50.64168194728491,-0.007061439716532281
2005-02-16,1.3023037910461426,1.305193305015564,1.2967981100082397,1.3173196268081666,1.2761178805733784,1.3648310527075995,1.2698082009087337,51.06717090855947,-0.005819862622834515
2005-02-17,1.307497262954712,1.3090033531188965,1.301998496055603,1.3168614435195922,1.2764436606529048,1.3642995483065572,1.2694233387326272,54.64955316579293,-0.004366499760446452
2005-02-18,1.3068991899490356,1.3084039688110352,1.302592158317566,1.316567475795746,1.2767597128601762,1.3640679149504538,1.2690670366410381,54.15783753715622,-0.0032257739996499613
2005-02-21,1.3064039945602417,1.307805061340332,1.3036959171295166,1.3160555291175842,1.2770672149666253,1.363428613390817,1.2686824448443514,53.72678980613164,-0.0023347847992756243
2005-02-22,1.3261016607284546,1.3268054723739624,1.3058068752288818,1.31595951795578,1.2775756375648928,1.3632291322189367,1.2686899036926231,65.49214164731181,-3.878530636969302e-05
2005-02-23,1.3203063011169434,1.3272985219955444,1.319191575050354,1.3155577898025512,1.2780185129330721,1.3623185318697941,1.2687970477353083,60.60938097055618,0.0012982088037509776
2005-02-24,1.3183046579360962,1.3269991874694824,1.3182003498077393,1.3154218816757202,1.2784358796357214,1.3621088658036318,1.2687348975478085,58.973967586901495,0.002171241669860491
2005-02-25,1.3246086835861206,1.325100064277649,1.3149070739746094,1.3152882146835327,1.2789140365004763,1.3618277784906314,1.268748650876434,62.41376247435901,0.0033333835208613216
2005-02-28,1.3217023611068726,1.3280036449432373,1.3211086988449097,1.3149381017684936,1.2793569646990632,1.3610041684385963,1.2688720350983909,59.919447241256435,0.003974062852835303
2005-03-01,1.3171932697296143,1.3225939273834229,1.317002534866333,1.3145440006256104,1.2797484743667855,1.3601783764227942,1.2689096248284266,56.1688824114718,0.004071031531804659
2005-03-02,1.3135944604873657,1.317905068397522,1.3093974590301514,1.3140338826179505,1.2800985553114064,1.3591147214773749,1.2689530437585261,53.30126712935868,0.0038135261238458895
2005-03-03,1.3105987310409546,1.3163957595825195,1.3101009130477905,1.3132217526435852,1.2804139053966765,1.3570139971891035,1.2694295080980669,50.96858211133564,0.003329342317055062
2005-03-04,1.3246963024139404,1.3255040645599365,1.3098949193954468,1.3126396203041077,1.280871575778545,1.354979796287926,1.2702994443202895,59.869244017034866,0.0040366473948554304
2005-03-07,1.3221917152404785,1.3246963024139404,1.3184958696365356,1.3118354988098144,1.2812984660782283,1.3517777991895914,1.2718931984300375,57.85968640643054,0.0043450059873304525
2005-03-08,1.3352025747299194,1.3363088369369507,1.3211959600448608,1.3113515996932983,1.2818551528795414,1.3494874049386405,1.273215794447956,64.52180967472741,0.005574985060508908
2005-03-09,1.3377031087875366,1.3421918153762817,1.3336000442504883,1.3108918166160584,1.2824316970614844,1.3471054588731006,1.274678174359016,65.64590936655739,0.006674584087561275
2005-03-10,1.3437970876693726,1.3450984954833984,1.3372917175292969,1.310511634349823,1.2830649639213065,1.3448513753885591,1.276171893311087,68.28335471304396,0.00794615902995588
2005-03-11,1.3472912311553955,1.3477997779846191,1.3406083583831787,1.310327410697937,1.2837275091922355,1.3437465891861344,1.2769082322097396,69.7188502495222,0.00913058777823883
2005-03-14,1.3365052938461304,1.3479087352752686,1.333991527557373,1.3101174974441527,1.2842717552673037,1.3427182833189237,1.2775167115693817,60.6009310780833,0.009094090085946638
2005-03-15,1.3310085535049438,1.3403029441833496,1.330300211906433,1.310173716545105,1.2847535322142736,1.3429111703838243,1.2774362627063858,56.542549115889244,0.008523372264643614
2005-03-16,1.3410937786102295,1.3439956903457642,1.3295927047729492,1.310435519218445,1.2853340965159954,1.3439549837878717,1.2769160546490181,61.62101113270415,0.00878361560661256
2005-03-17,1.3379000425338745,1.3421016931533813,1.334899663925171,1.3108274269104003,1.2858755762421643,1.345170521515407,1.2764843323053936,59.259321900967905,0.008632640810251058
2005-03-18,1.332196593284607,1.3387060165405273,1.3269991874694824,1.3113494229316711,1.2863525599188022,1.3461888542351634,1.2765099916281788,55.191260644640934,0.007961002031846576
2005-03-21,1.3161011934280396,1.331894874572754,1.3145960569381714,1.3114515662193298,1.2866587856880838,1.3463166818549246,1.276586450583735,45.66426166818649,0.006060102122523281
2005-03-22,1.3077024221420288,1.3215975761413574,1.3060967922210693,1.3113716340065003,1.2868753297789135,1.3462527556360406,1.2764905123769599,41.626383989807934,0.0038317446308928638
2005-03-23,1.299291968345642,1.3087977170944214,1.2966973781585693,1.3108456349372863,1.2870030565561794,1.3456445944590045,1.2760466754155682,38.002477468442954,0.0013712945026285173
2005-03-24,1.2931926250457764,1.302999496459961,1.2931926250457764,1.3102873134613038,1.2870667056426155,1.3453092483201592,1.2752653786024484,35.58311678554291,-0.0010585931773698931
2005-03-25,1.2956053018569946,1.2971009016036987,1.2932929992675781,1.3100015211105347,1.2871544812143834,1.3452688832132942,1.2747341590077752,37.28397452907536,-0.0027578233442531186
2005-03-28,1.289507269859314,1.2959076166152954,1.2861074209213257,1.3096895027160644,1.2871786595822794,1.3454067489141064,1.2739722565180225,34.78406737447908,-0.004544153539270068
2005-03-29,1.2937949895858765,1.295303225517273,1.2880953550338745,1.3095295000076295,1.2872466299423122,1.3454621181671886,1.2735968818480703,37.935211936645295,-0.005549874442770886
2005-03-30,1.2915056943893433,1.2979933023452759,1.2914056777954102,1.3093535017967224,1.2872903697052152,1.3455557155025115,1.2731512880909333,36.90975857378124,-0.006457207822242683
2005-03-31,1.2966973781585693,1.3016934394836426,1.291605830192566,1.309361572265625,1.2873869469891777,1.3455520809127393,1.273171063618511,40.81692611679148,-0.006680343726879201
2005-04-01,1.2909055948257446,1.3043080568313599,1.2878963947296143,1.309181685447693,1.287423059852222,1.3456524797978358,1.2727108910975502,37.99034264734097,-0.007241058633393749
2005-04-04,1.285000205039978,1.2907055616378784,1.2821005582809448,1.3088036894798278,1.287398201199775,1.345884582385351,1.2717227965743048,35.30569536851549,-0.00806893122245178
2005-04-05,1.2857933044433594,1.287697434425354,1.280393362045288,1.308577537536621,1.2873817399516903,1.3460852237356948,1.2710698513375474,35.96022238403965,-0.008562328526743768
2005-04-06,1.2867032289505005,1.2907055616378784,1.2843070030212402,1.3081555008888244,1.2873747826729647,1.3461701144367135,1.2701408873409352,36.750861981036564,-0.008778730402451362
2005-04-07,1.285000205039978,1.2938953638076782,1.284406065940857,1.307773425579071,1.2873504417470218,1.3463343358693756,1.2692125152887663,35.858540352090074,-0.008984087279102049
2005-04-08,1.2934937477111816,1.2943978309631348,1.2813942432403564,1.3075533938407897,1.2874133956168865,1.3463156774249003,1.2687911102566791,43.258170836386526,-0.008365049094397836
2005-04-11,1.2971009016036987,1.3000012636184692,1.2911056280136108,1.3073915457725525,1.287512639367935,1.3462614796293269,1.268521611915778,46.102005112634785,-0.00749696930476329
2005-04-12,1.2915056943893433,1.3000012636184692,1.2869019508361816,1.3071436595916748,1.28755353422589,1.3462617707102529,1.2680255484730967,42.54045340342679,-0.007177755580072054
2005-04-13,1.291205644607544,1.2954038381576538,1.2861074209213257,1.3069037079811097,1.2875909264102223,1.3462668944741576,1.2675405214880617,42.35150201794985,-0.006869797167764702
2005-04-14,1.2794922590255737,1.2914056777954102,1.2779062986373901,1.3065495133399962,1.2875080319840781,1.3465820328294051,1.2665169938505874,35.68746405763312,-0.007484632051637963
2005-04-15,1.2870012521743774,1.2939958572387695,1.2782983779907227,1.3065736722946166,1.287502846286596,1.3465564922565119,1.2665908523327214,41.989216361398704,-0.007282037341358905
2005-04-18,1.3017951250076294,1.304103970527649,1.2880953550338745,1.3070814633369445,1.287649052801551,1.3461345354246461,1.268028391249243,51.9737774705068,-0.005860185107674498
2005-04-19,1.3065063953399658,1.307805061340332,1.298701286315918,1.30767174243927,1.2878419048991567,1.3457485228769086,1.2695949620016316,54.650675898548684,-0.004303587745853044
2005-04-20,1.3086949586868286,1.3103067874908447,1.2996971607208252,1.3082197284698487,1.2880551079476907,1.3455280297470265,1.270911427192671,55.88090456782289,-0.002860401423355974
2005-04-21,1.3046995401382446,1.3116990327835083,1.302999496459961,1.308561761379242,1.2882252351769143,1.3454091264580434,1.2717143963004405,53.05146606971183,-0.002015825568598917
2005-04-22,1.3061991930007935,1.3091918230056763,1.3025072813034058,1.3089718627929687,1.2884089020685523,1.3452321637831832,1.2727115618027542,53.99308054899553,-0.0012115180401546244
2005-04-25,1.2993931770324707,1.3059945106506348,1.2960082292556763,1.3090136671066284,1.2885211147832571,1.3452238427784489,1.2728034914348079,49.17289479207137,-0.0011104861445141445
2005-04-26,1.2984988689422607,1.3015071153640747,1.2950012683868408,1.3089497756958008,1.2886230180667284,1.345223887692551,1.2726756636990506,48.5594460622276,-0.0010900158044762076
2005-04-27,1.2921065092086792,1.298701286315918,1.2910054922103882,1.3087458300590515,1.288658585782254,1.3452861449901439,1.2722055151279592,44.30481278568974,-0.0015714877868464594
2005-04-28,1.2905057668685913,1.2939958572387695,1.2884937524795532,1.308406000137329,1.288677441270481,1.345307967126073,1.271504033148585,43.28212770765244,-0.0020584952783762045
2005-04-29,1.287597894668579,1.2978922128677368,1.2857933044433594,1.30801997423172,1.2886664244086106,1.345387161387096,1.270652787076344,41.412063774930424,-0.0026485622318164204
2005-05-02,1.2846039533615112,1.2874983549118042,1.2842081785202026,1.3075839734077455,1.288624977119575,1.3455323277717914,1.2696356190436995,39.51882859847998,-0.0033195152798697336
2005-05-03,1.2886930704116821,1.2900062799453735,1.2833017110824585,1.3068358016014099,1.2886256716649962,1.3447690663169167,1.268902536885903,43.32953435092311,-0.0034811641393863724
2005-05-04,1.2950012683868408,1.2972019910812378,1.2878963947296143,1.3063297009468078,1.288690685943439,1.3442045959029971,1.2684548059906184,48.699452627261344,-0.0030649226479479985
2005-05-05,1.2956053018569946,1.298701286315918,1.2931926250457764,1.305875713825226,1.2887611793766305,1.3437088888341757,1.2680425388162762,49.19587375225202,-0.002655694619738247
2005-05-06,1.2811970710754395,1.2963947057724,1.28109872341156,1.3050074815750121,1.288684083326977,1.3430777139312418,1.2669372492187825,39.40152395417504,-0.0034541845788460535
2005-05-09,1.2854957580566406,1.2872000932693481,1.2794922590255737,1.3042833495140076,1.2886515946611115,1.34243473083844,1.2661319681895753,43.044784896148364,-0.0036975029975514495
2005-05-10,1.2886930704116821,1.2887927293777466,1.2820019721984863,1.3037133455276488,1.2886520171929607,1.3419290194923705,1.2654976715629271,45.661578794455366,-0.003590944043741384
2005-05-11,1.2813942432403564,1.2903059720993042,1.2790013551712036,1.3030693411827088,1.28857809656731,1.341688497989078,1.2644501843763396,41.027496549624175,-0.004048777868027376
2005-05-12,1.2681021690368652,1.281295657157898,1.266897201538086,1.302219409942627,1.2883695976380352,1.3420148289671927,1.2624239909180612,34.2169957285855,-0.005421676067185022
2005-05-13,1.2616068124771118,1.2690999507904053,1.2610976696014404,1.3009576201438904,1.2880971452367254,1.3418303345100873,1.2600849057776935,31.4680347456125,-0.00695367117878809
2005-05-16,1.2639987468719482,1.2647981643676758,1.258605718612671,1.2997937607765198,1.2878518734325477,1.3415040669844034,1.2580834545686361,33.58410310170899,-0.0078838985517804
2005-05-17,1.2603029012680054,1.2660951614379883,1.260001301765442,1.2982957673072815,1.2875715457561157,1.3401950418574233,1.2563964927571396,31.942908054357844,-0.00881768946424799
2005-05-18,1.2681021690368652,1.2690999507904053,1.2589067220687866,1.296903748512268,1.2873734775527623,1.3380776522681277,1.2557298447564085,38.74570747166282,-0.008826641730753648
2005-05-19,1.2635036706924438,1.2690999507904053,1.2618932723999023,1.2952978801727295,1.2871306965221039,1.3352518803335842,1.2553438800118748,36.43332347826178,-0.009099898881778978
2005-05-20,1.2556977272033691,1.2655024528503418,1.2542015314102173,1.293466010093689,1.286811060754311,1.3320660230448582,1.2548659971425198,32.84940651608956,-0.009832983037616483
2005-05-23,1.257102608680725,1.2596997022628784,1.2539026737213135,1.2918779563903808,1.2865090272794824,1.3297777636550792,1.2539781491256825,34.10574217555006,-0.010183209616929423
2005-05-24,1.2568024396896362,1.2628973722457886,1.2559974193572998,1.2903938341140746,1.286207078082351,1.3278483516540016,1.2529393165741476,33.95954850797604,-0.010365500792410609
2005-05-25,1.2599060535430908,1.2618932723999023,1.2556031942367554,1.288770079612732,1.2859398015732688,1.324240092574556,1.2533000666509078,36.96803749147399,-0.010142614416886131
2005-05-26,1.251392126083374,1.2614953517913818,1.2502031326293945,1.287039921283722,1.285588795272817,1.3211414240936976,1.2529384184737464,32.58297244261658,-0.010531576690206101
2005-05-27,1.2581939697265625,1.259303092956543,1.2510008811950684,1.2855598688125611,1.285310520708673,1.3180473724439365,1.2530723651811857,38.82603460798896,-0.01017370403035689
2005-05-30,1.248299241065979,1.2547051906585693,1.246603012084961,1.2842038297653198,1.2849346409927958,1.3171450315021345,1.251262628028505,33.907005188664996,-0.01056670290476247
2005-05-31,1.2307995557785034,1.248907208442688,1.229997158050537,1.2826657724380492,1.2843849680665407,1.3182074186905355,1.247124126185563,27.31559816404163,-0.012150176029810389
2005-06-01,1.2196015119552612,1.234095573425293,1.2166930437088013,1.2810719633102416,1.2837273082994543,1.3205046388292712,1.2416392877912121,24.08861214068179,-0.014145616577729836
2005-06-02,1.2266929149627686,1.2294981479644775,1.2187987565994263,1.2797419691085816,1.2831484309942716,1.321897842146691,1.2375860960704723,29.748606522854104,-0.014982096350256047
2005-06-03,1.223002314567566,1.231693983078003,1.22089684009552,1.278289909362793,1.2825380925711152,1.323131590213377,1.2334482285122093,28.5553176148249,-0.015761128723786877
2005-06-06,1.2260010242462158,1.2294981479644775,1.222299575805664,1.277019784450531,1.2819644905041467,1.324106025474832,1.2299335434262302,30.977957505394144,-0.015952654412743295
2005-06-07,1.2278977632522583,1.231496810913086,1.2243947982788086,1.2757018399238587,1.2814160586443397,1.3245283668555057,1.2268753129922116,32.53624400476636,-0.01576960670517291
2005-06-08,1.2237954139709473,1.2345983982086182,1.2215979099273682,1.2743476343154907,1.2808316902228942,1.325102898095823,1.2235923705351583,30.91077341855639,-0.015773735575469683
2005-06-09,1.2227928638458252,1.2250999212265015,1.2187987565994263,1.272869544029236,1.2802431933880303,1.3252467719685228,1.220492316089949,30.509623515173075,-0.015677188283541144
2005-06-10,1.2136952877044678,1.2249947786331177,1.2110936641693115,1.2713253378868103,1.2795685447808962,1.3260330185277716,1.2166176572458491,27.075768885941898,-0.016148620971699446
2005-06-13,1.211798071861267,1.2122975587844849,1.20339834690094,1.269861295223236,1.2788816308692406,1.326941774603129,1.212780815843343,26.408254723579375,-0.01648529205137561
2005-06-14,1.202602505683899,1.2149930000305176,1.2028049230575562,1.2681974792480468,1.2781086177140863,1.3281595219825544,1.2082354365135393,23.397376046324965,-0.017294748551864858
2005-06-15,1.2121946811676025,1.213106393814087,1.2021976709365845,1.266707308292389,1.2774407681711788,1.3284685606693876,1.2049460559153904,32.09460956275784,-0.016966659178313526
2005-06-16,1.2099066972732544,1.2162047624588013,1.2064036130905151,1.2652054381370545,1.2767566276349764,1.3287766671951382,1.201634209078971,31.185104299741454,-0.016698774091709057
2005-06-17,1.2278977632522583,1.2291958332061768,1.2093945741653442,1.263893518447876,1.2762617616836764,1.3277885323005811,1.1999985045951707,44.5028920278846,-0.014863408443289705
2005-06-20,1.2151997089385986,1.2247997522354126,1.213003396987915,1.2622554945945739,1.2756434062122086,1.3268709773054015,1.1976400118837462,38.79597829618715,-0.01426901053358609
2005-06-21,1.2174040079116821,1.2250999212265015,1.2075982093811035,1.2607734608650207,1.275053738872618,1.3260464998932615,1.19550042183678,40.22889955541439,-0.013464862845411707
2005-06-22,1.212106466293335,1.2200031280517578,1.210404634475708,1.2591914772987365,1.2744165161205088,1.3252830667151096,1.1930998878823633,37.93053010626126,-0.013103982787531665
2005-06-23,1.2029062509536743,1.2140047550201416,1.2025011777877808,1.2576597571372985,1.2736927342931574,1.3253612625498146,1.1899582517247824,34.26878055893877,-0.01340582917625932
2005-06-24,1.2098042964935303,1.210800290107727,1.200595498085022,1.2561158180236816,1.2730462064324037,1.3246025716145322,1.187629064432831,39.021977494896234,-0.012939274091014585
2005-06-27,1.2163970470428467,1.218605637550354,1.2109030485153198,1.254407856464386,1.2724730345374304,1.3225032031306676,1.1863125097981042,43.24608727865933,-0.011900365942332902
2005-06-28,1.2073066234588623,1.2171964645385742,1.2052984237670898,1.252423861026764,1.2718137962743377,1.3201028243356685,1.1847448977178594,39.21252447350407,-0.011675951855993238
2005-06-29,1.207802414894104,1.210800290107727,1.2023999691009521,1.2504060101509094,1.2711663500174022,1.3172481735086503,1.1835638467931684,39.54371889624828,-0.011327519259542784
2005-06-30,1.2091021537780762,1.2119008302688599,1.2047032117843628,1.248494062423706,1.2705387017828815,1.3144606032782846,1.1825275215691273,40.45956538049074,-0.010821759345544857
2005-07-01,1.193602204322815,1.210097074508667,1.193602204322815,1.2462421226501466,1.2697607781597307,1.3118548283818428,1.1806294169184504,33.870018635471965,-0.011538647012256265
2005-07-04,1.190901517868042,1.1949001550674438,1.1893010139465332,1.2440722894668579,1.268963541364867,1.309686325908859,1.1784582530248568,32.86562311247748,-0.01218425596106032
2005-07-05,1.1931037902832031,1.193801760673523,1.187197208404541,1.2419643878936768,1.2681967506554908,1.3072124825169675,1.176716293270386,34.569549387876876,-0.012375543167477465
2005-07-06,1.1929045915603638,1.1947003602981567,1.1897962093353271,1.2399803495407105,1.2674358172101616,1.3050378785963601,1.1749228204850608,34.48429291589065,-0.012400270726834473
2005-07-07,1.1945005655288696,1.2029930353164673,1.1911994218826294,1.238060245513916,1.2666988187287347,1.3026968488720556,1.1734236421557764,35.84937407897341,-0.012151016381528601
2005-07-08,1.1981070041656494,1.198193073272705,1.1885942220687866,1.2362704277038574,1.2660058170772592,1.3002610322236166,1.1722798231840983,38.94515759141343,-0.011529565406272146
2005-07-11,1.20689857006073,1.208503007888794,1.196300983428955,1.2347163200378417,1.265408731943535,1.2976818647171813,1.1717507753585021,45.810429819215855,-0.010209961061876438
2005-07-12,1.223002314567566,1.225295066833496,1.2057054042816162,1.2334025049209594,1.2649804188712395,1.2944842538170773,1.1723207560248414,55.64815448698258,-0.007775100990230488
2005-07-13,1.208006739616394,1.2234959602355957,1.2073066234588623,1.2316626143455505,1.264405059890378,1.2904973409122695,1.1728278877788314,47.07751176312758,-0.006975070149686902
2005-07-14,1.2093945741653442,1.2126061916351318,1.2060980796813965,1.2299383997917175,1.2638496090201494,1.286117584258892,1.1737592153245429,47.8776152432898,-0.00615806693282428
2005-07-15,1.204601526260376,1.2137985229492188,1.2028049230575562,1.2284064888954163,1.2632514582507128,1.2830365267040915,1.173776451086741,45.328797060797946,-0.005830138696273135
2005-07-18,1.2056035995483398,1.208795189857483,1.2034997940063477,1.2268086457252503,1.2626695474992635,1.279253006600965,1.1743642848495355,45.97633142018896,-0.00542683706692948
2005-07-19,1.2029930353164673,1.2065054178237915,1.1959004402160645,1.225094645023346,1.2620672457729785,1.2748147973528352,1.1753744926938567,44.49769537848348,-0.005257265847998571
2005-07-20,1.2158055305480957,1.2175966501235962,1.2006964683532715,1.2237828707695007,1.26160040313838,1.2708293100610055,1.1767364314779958,52.56153081211706,-0.004042419651179241
2005-07-21,1.2161011695861816,1.2227030992507935,1.2110936641693115,1.2227428507804872,1.2611413197365764,1.2680576026407218,1.1774280989202526,52.732181853389264,-0.003020965873981263
2005-07-22,1.2060980796813965,1.2190067768096924,1.205807089805603,1.2216326761245728,1.2605860156770976,1.2657655867152404,1.1774997655339052,46.62110290081172,-0.0029842218999316383
2005-07-25,1.2065054178237915,1.208795189857483,1.2032970190048218,1.2204828095436095,1.2600404986609801,1.263079479290964,1.177886139796255,46.89101091387038,-0.0028889314485061046
2005-07-26,1.2017064094543457,1.2061998844146729,1.1983941793441772,1.2193108797073364,1.259452156725708,1.2606413812369937,1.1779803781776792,44.064099536957045,-0.0031641782701825605
2005-07-27,1.2066947221755981,1.208605170249939,1.197604775428772,1.218082730770111,1.258920131509508,1.25707905387812,1.179086407662102,47.60031044824264,-0.0029458403974909064
2005-07-28,1.213194727897644,1.2149930000305176,1.204195499420166,1.217076551914215,1.258459081692792,1.2538205064517791,1.180332597376651,51.87010691419137,-0.0022226881559026523
2005-07-29,1.2124004364013672,1.2163970470428467,1.2080942392349243,1.216210606098175,1.2579947334446688,1.2512403027210095,1.1811809094753405,51.319788337283086,-0.0016941483919010736
2005-08-01,1.218397855758667,1.2244998216629028,1.2121946811676025,1.2154365110397338,1.2575955830896506,1.2484292655753326,1.182443756504135,55.18595329466395,-0.000782317136423849
2005-08-02,1.219393253326416,1.2244998216629028,1.218397855758667,1.2146883273124696,1.2572105403589322,1.2454751778013924,1.1839014768235467,55.81319847067714,2.0400800040398792e-05
2005-08-03,1.23350191116333,1.2345069646835327,1.2155985832214355,1.2141602444648742,1.256971610957509,1.2425974780256575,1.185723010904091,63.59172119746221,0.0017745553549153303
2005-08-04,1.2384973764419556,1.2394031286239624,1.2304966449737549,1.213902349472046,1.2567854561579808,1.2411712920914866,1.1866334068526054,65.88187496051594,0.003527168770791178
2005-08-05,1.2365983724594116,1.23960280418396,1.231693983078003,1.213470437526703,1.256582067579093,1.2384652549897412,1.1884756200636646,64.22792264696852,0.004708615787234249
2005-08-08,1.235101580619812,1.2390038967132568,1.2319974899291992,1.2132064843177794,1.2563656747596599,1.2369473528194075,1.1894656158161514,62.88780270812167,0.005461189276875444
2005-08-09,1.2378076314926147,1.2412954568862915,1.23350191116333,1.2133466458320619,1.2561787455382039,1.2375889116253942,1.1891043800387295,64.33658123319938,0.006204443912152691
2005-08-10,1.2386049032211304,1.2422051429748535,1.2345983982086182,1.213726713657379,1.2560017515269564,1.2389454383346366,1.1885079889801216,64.77291331915139,0.006779660030246992
2005-08-11,1.247302770614624,1.2477073669433594,1.2380987405776978,1.2141389107704164,1.2559141508238105,1.2408521098503165,1.1874257116905163,69.20016015954653,0.007846913817633805
2005-08-12,1.2444931268692017,1.2483927011489868,1.2390038967132568,1.214568727016449,1.255799152329433,1.242526596515863,1.1866108575170349,66.30146023352063,0.008369526670593874
2005-08-15,1.2371032238006592,1.245795488357544,1.235101580619812,1.2147907710075379,1.25561092504643,1.2432903394521913,1.1862912025628845,59.26916438383507,0.00809409402661232
2005-08-16,1.234994888305664,1.237394094467163,1.2306026220321655,1.2149327135086059,1.2554033908559716,1.2437674528957472,1.1860979741214646,57.39864863380522,0.007617872525013336
2005-08-17,1.2278074026107788,1.236904263496399,1.2264070510864258,1.2150129532814027,1.2551256243457254,1.2439704240443765,1.1860554825184288,51.43867554081569,0.006584590466618412
2005-08-18,1.218397855758667,1.2296040058135986,1.2163970470428467,1.2149250531196594,1.2547559847906262,1.243812730555531,1.1860373756837876,44.87003576047357,0.0049493818062644745
2005-08-19,1.2154951095581055,1.2196015119552612,1.213297724723816,1.2149610495567322,1.2543608963347115,1.2438469577414282,1.1860751413720363,43.04394331901697,0.0033802741070108056
2005-08-22,1.223406195640564,1.224095106124878,1.2159976959228516,1.2151932120323181,1.2540494294073654,1.2441618344893928,1.1862245895752435,49.12129189621596,0.002743478370788699
2005-08-23,1.2234959602355957,1.2254000902175903,1.2194973230361938,1.215611081123352,1.2537420340400998,1.2444408380422085,1.1867813242044956,49.18754375558253,0.002220460330095486
2005-08-24,1.227400541305542,1.2280938625335693,1.2165006399154663,1.215915198326111,1.2534770442635177,1.2449181433533267,1.1869122532988952,52.108813397935585,0.002096860522253552
2005-08-25,1.230193853378296,1.2324073314666748,1.2260010242462158,1.2163209414482117,1.2532428460020895,1.245547556491275,1.1870943264051483,54.14006888734634,0.002198955533055491
2005-08-26,1.2294074296951294,1.2340041399002075,1.2277017831802368,1.216351134777069,1.2530031190744708,1.2456296382362624,1.1870726313178757,53.452683530269255,0.0021911505265301834
2005-08-29,1.2234959602355957,1.2345983982086182,1.2220009565353394,1.216517059803009,1.2527063799195306,1.245862883915885,1.1871712356901332,48.47088696284453,0.001688494903261173
2005-08-30,1.2218068838119507,1.2240052223205566,1.2175966501235962,1.2166051173210144,1.2523956717228748,1.2459882041086878,1.187222030533341,47.11957272527248,0.0011406931486339644
2005-08-31,1.234095573425293,1.235498309135437,1.2193039655685425,1.2170448994636536,1.2522116754390344,1.246808921978687,1.18728087694862,56.59960876717808,0.001678798715746721
2005-09-01,1.2490007877349854,1.2509069442749023,1.2328935861587524,1.21796679019928,1.2521793952907116,1.248780280461843,1.1871532999367167,64.83436626703491,0.0032702797321695343
2005-09-02,1.2533055543899536,1.2587958574295044,1.2471004724502563,1.2188368153572082,1.2521907157848657,1.2511305902596144,1.186543040454802,66.79397827159829,0.004823298612302684
2005-09-05,1.2526932954788208,1.258605718612671,1.2515957355499268,1.2195627403259277,1.2521957673534314,1.2532350352023718,1.1858904454494836,66.22869256068518,0.005936243763515314
2005-09-06,1.245795488357544,1.2526932954788208,1.2448029518127441,1.2203325176239013,1.2521314428642765,1.2546154389169526,1.18604959633085,60.061500295440894,0.006190307416317875
2005-09-07,1.2416036128997803,1.2534940242767334,1.2410951852798462,1.2210085415840148,1.2520256459822967,1.255614497874222,1.1864025852938076,56.611433774850205,0.005984420698477377
2005-09-08,1.2394031286239624,1.245004415512085,1.2386049032211304,1.2216145610809326,1.2518988116035779,1.256430104597761,1.186799017564104,54.83089590012124,0.0055793777072439266
2005-09-09,1.2410951852798462,1.244694471359253,1.238206148147583,1.2225644207000732,1.2517902645601988,1.2568479757336166,1.1882808656665298,55.97747320943381,0.005333432558943585
2005-09-12,1.2291052341461182,1.2414032220840454,1.227596402168274,1.2233284950256347,1.2515623638531352,1.2564137141575409,1.1902432758937285,46.8937476614561,0.004123497294662215
2005-09-13,1.2280033826828003,1.231496810913086,1.2255953550338745,1.2240264868736268,1.251325705903463,1.255961626240498,1.1920913475067556,46.152545469045755,0.003040653910534319
2005-09-14,1.2278977632522583,1.2326960563659668,1.226798176765442,1.2247263503074646,1.2510903866566607,1.255385935844264,1.194066764770665,46.07736330457941,0.0021491955335186663
2005-09-15,1.2236007452011108,1.228606939315796,1.2201966047286987,1.2253083539009095,1.2508142961381148,1.2547048097222915,1.1959118980795276,43.00781425768376,0.001083485159599995
2005-09-16,1.223900318145752,1.2306026220321655,1.220598816871643,1.2258242201805114,1.250544012447678,1.2541584073889753,1.1974900329720475,43.29144651467764,0.0002600770370468908
2005-09-19,1.2139016389846802,1.2175966501235962,1.210404634475708,1.2259642815589904,1.2501760652662026,1.2539841103524632,1.1979444527655176,36.722480121275154,-0.0011856225594211178
2005-09-20,1.2119008302688599,1.218605637550354,1.2115044593811035,1.2257422518730163,1.2497917566792562,1.254032511137667,1.1974519926083658,35.559692083075205,-0.002464390487723067
2005-09-22,1.2154065370559692,1.2269035577774048,1.2136952877044678,1.2258902478218079,1.2494465376219885,1.253877611426938,1.1979028842166777,39.192799691252944,-0.0031585324486720356
2005-09-23,1.2040939331054688,1.2162047624588013,1.2040069103240967,1.2257842350006103,1.2489912494962487,1.2540652498181566,1.197503220183064,32.77192389804485,-0.0045688111383594965
2005-09-26,1.2073066234588623,1.208006739616394,1.2016053199768066,1.22583833694458,1.248572820741456,1.2539638750046276,1.1977127988845324,35.97964800750201,-0.00536538112472873
2005-09-27,1.2018941640853882,1.2079044580459595,1.1985952854156494,1.225764148235321,1.2481043031854795,1.2541261172884421,1.1974021791821998,33.11311573256884,-0.006360093615355167
2005-09-28,1.2061998844146729,1.206796646118164,1.1997023820877075,1.2258282852172853,1.2476837415711022,1.2539938988487358,1.1976626715858347,37.38679302705656,-0.006723470798377651
2005-09-29,1.2020964622497559,1.207496166229248,1.201302170753479,1.2255541038513185,1.2472262573155461,1.254377184146385,1.1967310235562518,35.08598940138178,-0.007258885791982639
2005-09-30,1.2028049230575562,1.2077003717422485,1.200494647026062,1.225288178920746,1.2467805116585953,1.2547064343094452,1.1958699235320467,35.82035606846013,-0.007539132736299026
2005-10-03,1.1912987232208252,1.2029930353164673,1.1904053688049316,1.2249921917915345,1.2462238268279802,1.2554769905591954,1.1945073930238737,29.903428375725298,-0.008590656879234215
2005-10-04,1.1918951272964478,1.1947003602981567,1.190901517868042,1.2246999859809875,1.2456787571468706,1.256172152971229,1.193227818990746,30.543856510406727,-0.009269024963772132
2005-10-05,1.2012012004852295,1.20110023021698,1.191696286201477,1.2246898818016052,1.2452325589796795,1.256192489556406,1.1931872740468044,39.78801005038186,-0.00895251520339313
2005-10-06,1.2171964645385742,1.2204945087432861,1.2002928256988525,1.2248999166488648,1.2449513242966377,1.256050891892918,1.1937489414048115,51.6896388775336,-0.007326539025582557
2005-10-07,1.213003396987915,1.2179970741271973,1.2103021144866943,1.2248960900306702,1.244630875302978,1.2560529806076572,1.1937391994536832,48.957708471607454,-0.0063036224626715764
2005-10-10,1.2049063444137573,1.2151997089385986,1.2045000791549683,1.224746208190918,1.2442324561441445,1.2562189502225636,1.1932734661592723,44.10953252623823,-0.006076274677558224
2005-10-11,1.1984946727752686,1.2057054042816162,1.1981070041656494,1.22434814453125,1.2437737631452197,1.2566413852012024,1.1920549038612978,40.6746629575209,-0.00634038027944217
2005-10-12,1.2028049230575562,1.2047032117843628,1.1958003044128418,1.2240163779258728,1.2433629289603196,1.2568536514889521,1.1911791043627935,43.84069578331244,-0.006131207947522865
2005-10-13,1.2018941640853882,1.2037025690078735,1.1918951272964478,1.223384222984314,1.242947113862552,1.2566897916372153,1.1900786543314126,43.31468336671014,-0.005970108312630451
2005-10-14,1.2077003717422485,1.2105072736740112,1.1984946727752686,1.22276828289032,1.2425937153463036,1.2560721439617164,1.1894644218189234,47.62873566499023,-0.005312681967223121
2005-10-17,1.20110023021698,1.212106466293335,1.2009992599487305,1.222058320045471,1.2421777160686904,1.255670858406749,1.1884457816841931,43.56951276969155,-0.005263567978196271
2005-10-18,1.195500135421753,1.2017930746078491,1.1922929286956787,1.22126629114151,1.241709778133493,1.2554851885816072,1.1870473937014128,40.42165735399719,-0.005611835885236838
2005-10-19,1.1974040269851685,1.2002063989639282,1.1881988048553467,1.220458219051361,1.241265650697873,1.254989566802628,1.185926871300094,41.95702798575246,-0.00566886542119005
2005-10-20,1.2017930746078491,1.2025011777877808,1.1954001188278198,1.2197219824790955,1.240870000965969,1.254243853075219,1.185200111882972,45.447258862151884,-0.005298820769529922
2005-10-21,1.1954001188278198,1.207496166229248,1.193602204322815,1.2186839294433593,1.240414271129923,1.2529410960737266,1.184426762812992,41.529997820447846,-0.00545849370273821
2005-10-24,1.197604775428772,1.2017930746078491,1.1925063133239746,1.2177461624145507,1.2399852365548591,1.2516852142275334,1.183807110601568,43.34362307249435,-0.00534551848050091
2005-10-25,1.2111963033676147,1.2116951942443848,1.1942009925842285,1.21722802400589,1.2396967360252893,1.2507493326386736,1.1837067153731062,53.01864568023266,-0.004111863089262036
2005-10-26,1.2063016891479492,1.213651180267334,1.205807089805603,1.2166541600227356,1.2393621003226005,1.2499154195315605,1.1833929005139108,49.72545538011256,-0.003488918682432507
2005-10-27,1.2142995595932007,1.2171964645385742,1.2049063444137573,1.216384003162384,1.239110978302734,1.2494945965000792,1.1832734098246889,54.67912526866398,-0.002323090308999909
2005-10-28,1.2071025371551514,1.2168558835983276,1.2054002285003662,1.2161580967903136,1.2387902819557515,1.2493665944321009,1.1829495991485264,49.913097046029826,-0.001957339495140653
2005-10-31,1.1988970041275024,1.2088974714279175,1.1974470615386963,1.2158261346817016,1.2383906140249201,1.2493916036872839,1.1822606656761194,45.08771300996725,-0.0023030491617570537
2005-11-01,1.2023999691009521,1.2040069103240967,1.1977051496505737,1.2154060101509094,1.2380300689224604,1.2491097955122985,1.1817022247895204,47.424475945636836,-0.0022682199378707413
2005-11-02,1.206752896308899,1.208006739616394,1.1990982294082642,1.2150711488723756,1.2377167633305133,1.2487795630610452,1.181362734683706,50.25720848308918,-0.001867841367663381
2005-11-03,1.1952000856399536,1.208006739616394,1.193901538848877,1.2144271397590638,1.2372908992984912,1.2484034320835682,1.1804508474345594,43.550545345981625,-0.002454460246446244
2005-11-04,1.1813069581985474,1.1989977359771729,1.1808048486709595,1.2134494018554687,1.2367301788671943,1.2483741804860227,1.1785246232249147,37.1330470050723,-0.003994374545702506
2005-11-07,1.1793009042739868,1.1829979419708252,1.1778563261032104,1.212447271347046,1.2361550200218783,1.2483644833497323,1.1765300593443597,36.301243143650304,-0.005315367263652115
2005-11-08,1.1768028736114502,1.1794956922531128,1.1713991165161133,1.211513409614563,1.2355606419942249,1.2486649576341358,1.1743618615949902,35.24255611997678,-0.006489032183687904
2005-11-09,1.1778008937835693,1.178897738456726,1.1724978685379028,1.2106332898139953,1.234982248053017,1.2488589967240835,1.1724075829039071,36.04505869520991,-0.00725500699695214
2005-11-10,1.1675559282302856,1.1789950132369995,1.1674060821533203,1.2093024969100952,1.234307098000985,1.248805932083491,1.1697990617366993,31.701968633716376,-0.008589713780860375
2005-11-11,1.1735023260116577,1.173998236656189,1.167501449584961,1.2077925276756287,1.2336982888166959,1.2468718135098664,1.168713241841391,36.485556279741566,-0.009063179229785945
2005-11-14,1.1691941022872925,1.1773016452789307,1.1663031578063965,1.2061102986335754,1.2330524793762192,1.2444269095520057,1.1677936877151451,34.595007231182976,-0.009674519816160965
2005-11-15,1.1731994152069092,1.1736950874328613,1.1648495197296143,1.2045204210281373,1.232453273447485,1.2415220843643704,1.1675187576919042,37.820789620223955,-0.009723727281230055
2005-11-16,1.1677058935165405,1.1731994152069092,1.1649037599563599,1.2029586291313172,1.2318051087013036,1.2394378392066732,1.1664794190559613,35.25266996239729,-0.010089698082083043
2005-11-17,1.1747982501983643,1.1761523485183716,1.1648495197296143,1.201622521877289,1.231234466251544,1.2372071888872422,1.1660378548673356,40.83803617260451,-0.009695672984690207
2005-11-18,1.1776067018508911,1.1782032251358032,1.1669973134994507,1.2003865933418274,1.230697680868105,1.2348916049201164,1.1658815817635384,42.9371888104903,-0.00905243583371429
2005-11-21,1.1736950874328613,1.1834039688110352,1.1720443964004517,1.1990385913848878,1.2301271490283339,1.2322960170225363,1.1657811657472392,40.76753871655174,-0.008757351058362728
2005-11-22,1.181404709815979,1.182396411895752,1.1690436601638794,1.198084580898285,1.22963952080611,1.2305488587638984,1.1656203030326715,46.50513445041568,-0.007811347798583945
2005-11-23,1.1808048486709595,1.1857051849365234,1.176899790763855,1.1971406102180482,1.2291507976897347,1.2287885908361331,1.1654926295999632,46.130711357780946,-0.007029011116039818
2005-11-24,1.1781060695648193,1.1822986602783203,1.1776067018508911,1.1961447763442994,1.228639986329972,1.226965206641839,1.1653243460467597,44.39876705228593,-0.006551253802102863
2005-11-25,1.1724978685379028,1.1779533624649048,1.1713030338287354,1.1951227188110352,1.228078196672928,1.2256144410179506,1.1646309966041197,40.957501821781854,-0.006549662212965046
2005-11-28,1.1850025653839111,1.1884952783584595,1.1686065196990967,1.1943447637557982,1.2276471819129604,1.2238071359354366,1.16488239157616,50.22194708711653,-0.005476249541873646
2005-11-29,1.1768028736114502,1.1860989332199097,1.1744946241378784,1.1936027884483338,1.2271384621336974,1.222923122703612,1.1642824541930556,45.21216285403551,-0.005226955772390074
2005-11-30,1.1804981231689453,1.1802055835723877,1.1759034395217896,1.1929747343063355,1.2266718306808464,1.2220394696926127,1.1639099989200583,47.74209237003283,-0.0046772959510015255
2005-12-01,1.1742050647735596,1.1799967288970947,1.1693992614746094,1.1921507048606872,1.2261469351492025,1.220954700219986,1.1633467095013883,44.01454513750175,-0.004695358630161017
2005-12-02,1.1718933582305908,1.1743016242980957,1.166806697845459,1.1915066933631897,1.2256041931063224,1.2206585703597916,1.1623548163665878,42.695795244488814,-0.004840411580164794
2005-12-05,1.1787031888961792,1.1818934679031372,1.1690983772277832,1.1909346246719361,1.2251350298704515,1.2199432370151124,1.1619260123287598,47.669807443949146,-0.004355661313195869
2005-12-06,1.1798018217086792,1.1808048486709595,1.1760554313659668,1.1904927778244019,1.22468157375713,1.2194930400952346,1.1614925155535691,48.447258500167955,-0.003838593827671044
2005-12-07,1.1717971563339233,1.1798992156982422,1.1707956790924072,1.1898047232627869,1.2241526126547886,1.2189161607454468,1.1606932857801269,43.38926447174162,-0.004028288120158541
2005-12-08,1.1813069581985474,1.184805989265442,1.170905351638794,1.1893889331817626,1.2237240836452816,1.2183774031626444,1.1604004632008809,50.05995787999729,-0.0033723859143008905
2005-12-09,1.181404709815979,1.183698058128357,1.177093744277954,1.1889609289169312,1.2233008401048688,1.2177722917629767,1.1601495660708856,50.12501459520252,-0.0028122728215482784
2005-12-12,1.1956002712249756,1.198193073272705,1.1794538497924805,1.1890469598770141,1.223023815925899,1.217912453327324,1.1601814664267043,58.56632687052409,-0.0012089796271179676
2005-12-13,1.1949001550674438,1.1981070041656494,1.1912987232208252,1.189107060432434,1.2227425747245575,1.2180092486922776,1.1602048721725906,58.04454283027194,5.089588169582271e-06
2005-12-14,1.1974040269851685,1.2057054042816162,1.1948002576828003,1.1890311169624328,1.222489197756429,1.2178233424094778,1.1602388915153878,59.43643506636573,0.001155964487165928
2005-12-15,1.1967018842697144,1.2038040161132812,1.194001317024231,1.1886212253570556,1.222231346023385,1.2163403829943136,1.1609020677197976,58.846860928832186,0.0019884623311619
2005-12-16,1.2014031410217285,1.2029062509536743,1.194400668144226,1.188389220237732,1.2220230914475343,1.2154620684211088,1.1613163720543551,61.593866366291245,0.0029930727209928065
2005-12-19,1.2006964683532715,1.203905463218689,1.1978055238723755,1.1883050227165222,1.2218098636752948,1.215193761860639,1.1614162835724053,60.93542755552342,0.003689678793935114
2005-12-20,1.1874933242797852,1.2014031410217285,1.184399127960205,1.1880849957466126,1.221466776615317,1.214812970663943,1.1613570208292823,50.14887014669485,0.0031401628988516617
2005-12-21,1.1834039688110352,1.1908022165298462,1.1804563999176025,1.187696976661682,1.2210862534856994,1.2141142247248686,1.1612797285984955,47.35296545658493,0.0023476287795687334
2005-12-22,1.187295913696289,1.1895982027053833,1.1816000938415527,1.1874050116539,1.2207484591303044,1.2135025652714582,1.161307458036342,50.198724825849936,0.002010412423061547
2005-12-23,1.187197208404541,1.1886931657791138,1.183698058128357,1.186994948387146,1.2204130704976899,1.2124267173369907,1.1615631794373014,50.124724318687484,0.00171542696465532
2005-12-26,1.1837962865829468,1.1897962093353271,1.1836000680923462,1.1866488695144652,1.22004705470982,1.2117661878971526,1.1615315511317779,47.52512636204805,0.0011934653694274378
2005-12-27,1.1856067180633545,1.1876062154769897,1.182746171951294,1.1864510011672973,1.2197028100540537,1.211439259129587,1.1614627432050075,49.0402619667417,0.0009153422391880994
2005-12-28,1.184805989265442,1.1931037902832031,1.1816978454589844,1.1861990404129028,1.2193540184059615,1.2109897937407381,1.1614082870850675,48.37497518240075,0.0006231324496890345
2005-12-29,1.1850025653839111,1.1876062154769897,1.1822007894515991,1.185863230228424,1.219010693020074,1.210243285635773,1.161483174821075,48.55947311920383,0.0004027732172280363
2005-12-30,1.184104561805725,1.1890040636062622,1.178300380706787,1.185637319087982,1.2186618393414688,1.2098655382122674,1.1614090999636968,47.720461698604055,0.00015390147368132823
2006-01-02,1.1816978454589844,1.1864930391311646,1.1815024614334106,1.1853191804885865,1.218292435458012,1.2093227001394835,1.1613156608376896,45.45375565017308,-0.0002348261419276021
2006-01-03,1.2032970190048218,1.2034997940063477,1.1816978454589844,1.1851611948013305,1.2181425835539006,1.2085660589771423,1.1617563306255188,62.615977336659924,0.0011863022613733953
2006-01-04,1.2111963033676147,1.2141964435577393,1.2029062509536743,1.1852590870857238,1.218073171101816,1.209062407302942,1.1614557668685057,66.73784745016619,0.0029163451788107864
2006-01-05,1.2106977701187134,1.2121946811676025,1.2072045803070068,1.1851870512962341,1.2179994736845707,1.2086510388950344,1.1617230636974338,66.24145042771434,0.004198788172003809
2006-01-06,1.2154065370559692,1.2174040079116821,1.208605170249939,1.1853531312942505,1.2179735653044612,1.2095561736360085,1.1611500889524924,68.61590737885805,0.005531329894748138
2006-01-09,1.207496166229248,1.2154951095581055,1.205807089805603,1.1855251145362855,1.2178688804744484,1.210237818880151,1.16081241019242,60.87022381078448,0.005881282233857643
2006-01-10,1.2064036130905151,1.2105951309204102,1.2040939331054688,1.1856051874160767,1.2177543300921474,1.2105657651711001,1.1606446096610532,59.86505561283754,0.006001283021422221
2006-01-11,1.2139016389846802,1.2145060300827026,1.20480477809906,1.1857481622695922,1.2177158391258152,1.2112785593621385,1.160217765177046,64.23056540486076,0.006625043162536759
2006-01-12,1.2045000791549683,1.2161011695861816,1.201302170753479,1.1859341621398927,1.2175838101629823,1.2118777904107672,1.1599905338690182,56.00481826595391,0.00628826307970054
2006-01-13,1.2142995595932007,1.2146978378295898,1.20339834690094,1.1865940141677855,1.2175510009378026,1.2137091047138502,1.159478923621721,61.53441846633184,0.006734467857967497
2006-01-16,1.2116072177886963,1.2170928716659546,1.2110055685043335,1.18724014043808,1.2174916256891717,1.2151732114724483,1.1593070694037115,59.32813583365159,0.0067925387185527875
2006-01-17,1.2108443975448608,1.2140932083129883,1.2054002285003662,1.187920970916748,1.2174252260015883,1.216468374402814,1.159373567430682,58.686106250252436,0.006699776225559395
2006-01-18,1.210800290107727,1.2154065370559692,1.2077440023422241,1.1885809588432312,1.2173590515626322,1.217693628913796,1.1594682887726664,58.64658675620142,0.006547229790473397
2006-01-19,1.2091021537780762,1.212106466293335,1.2061998844146729,1.189411883354187,1.2172765791307198,1.2184467017841458,1.160377064924228,57.05362718708408,0.006217637180670588
2006-01-20,1.2136069536209106,1.2141964435577393,1.205807089805603,1.1902139759063721,1.2172399271785939,1.2196676727156204,1.1607602790971239,60.14619632984643,0.006247910340730245
2006-01-23,1.2304056882858276,1.232103705406189,1.2167967557907104,1.1914382076263428,1.2173714208864603,1.2223768890812066,1.160499526171479,69.08609427781705,0.007540497372841681
2006-01-24,1.2264971733093262,1.2307995557785034,1.2263468503952026,1.1925041627883912,1.2174625614026355,1.2245314332220094,1.160476892354773,65.40967793334381,0.0081554860480475
2006-01-25,1.2244998216629028,1.2320430278778076,1.2240052223205566,1.1936400413513184,1.2175328411798978,1.2261030767224228,1.161177005980214,63.54858788576762,0.00838504187536837
2006-01-26,1.2214934825897217,1.226798176765442,1.2201966047286987,1.1945739459991456,1.2175723939048784,1.2275078170977407,1.1616400749005504,60.74691321712516,0.00822951535389449
2006-01-27,1.2093945741653442,1.2231069803237915,1.2091021537780762,1.1952097034454345,1.217490729519136,1.2280337770171785,1.1623856298736905,51.00173735281309,0.007048725351890273
2006-01-30,1.208605170249939,1.2114017009735107,1.2070006132125854,1.195907905101776,1.2174020007673065,1.228346957118268,1.1634688530852841,50.433250796663465,0.005980305233399985
2006-01-31,1.2148454189300537,1.2184572219848633,1.2082985639572144,1.1965767192840575,1.2173764723496507,1.2291738260902598,1.1639796124778552,54.72903344646312,0.005572869932900959
2006-02-01,1.2066947221755981,1.2165006399154663,1.2054002285003662,1.1970945167541505,1.2172698148592738,1.2294909333833162,1.1646981001249848,48.78213907682161,0.004539947720668458
2006-02-02,1.208400845527649,1.2105951309204102,1.203905463218689,1.197700412273407,1.2171812611012116,1.2297789283877316,1.1656218961590823,50.00671164124119,0.003815041893348914
2006-02-03,1.2027037143707275,1.2109030485153198,1.1975044012069702,1.1983045291900636,1.2170367125081485,1.229573277506809,1.1670357808733183,46.047576379937254,0.0027491474703287277
2006-02-06,1.196300983428955,1.2042969465255737,1.1950000524520874,1.1985304975509643,1.2168296872176279,1.229569338235692,1.1674916568662366,42.02103213473889,0.0013719565228031971
2006-02-07,1.1992995738983154,1.201302170753479,1.1953001022338867,1.1989804315567016,1.2166546726645422,1.2293793410246294,1.1685815220887739,44.470037121433954,0.0005165297321516604
2006-02-08,1.19650137424469,1.1994003057479858,1.1927480697631836,1.1993004965782166,1.216453475864605,1.2292386310302008,1.1693623621262323,42.65920506721703,-0.0003827810275613963
2006-02-09,1.1994003057479858,1.1995010375976562,1.1952000856399536,1.1998044013977052,1.2162832342632408,1.228853422552664,1.1707553802427464,45.15106056837942,-0.0008517532575289533
2006-02-10,1.19070303440094,1.2023999691009521,1.189499020576477,1.200180594921112,1.2160278757822596,1.2282240618243594,1.1721371280178645,39.592056911555886,-0.0019032744766975807
2006-02-13,1.1911994218826294,1.1917957067489624,1.1883964538574219,1.2004305195808411,1.215780029760309,1.227909789427127,1.1729512497345553,40.0457596414698,-0.002665828288313854
2006-02-14,1.1915968656539917,1.1924067735671997,1.1866055727005005,1.2006664204597473,1.2155386329855342,1.2276203624724655,1.173712478447029,40.431533965483275,-0.0032011860075249476
2006-02-15,1.1885942220687866,1.1949001550674438,1.1876484155654907,1.2010023617744445,1.215269681940244,1.226885094750483,1.175119628798406,38.42019286868489,-0.003823672187407201
2006-02-16,1.19070303440094,1.1911001205444336,1.1852976083755493,1.2011902832984924,1.2150244727296273,1.2266218575347634,1.1757587090622215,40.6531580639676,-0.004099576077486011
2006-02-17,1.1942009925842285,1.1942009925842285,1.1861974000930786,1.2014462089538573,1.2148166319922433,1.2263164472600872,1.1765759706476275,44.26347151220883,-0.003989981878995019
2006-02-20,1.193402886390686,1.1975044012069702,1.1929045915603638,1.2014022612571715,1.2146029063590629,1.2263223796916842,1.1764821428226588,43.611573283844415,-0.003922314190442755
2006-02-21,1.191994547843933,1.193701982498169,1.189697265625,1.2013441491127015,1.2143772644576765,1.2263395928524101,1.1763487053729929,42.424221845922794,-0.00393694555282309
2006-02-22,1.1915968656539917,1.1930042505264282,1.186901330947876,1.2012280058860778,1.2141499123838653,1.2263518136939031,1.1761041980782525,42.07586500753162,-0.003935267329921777
2006-02-23,1.1921935081481934,1.1968021392822266,1.189499020576477,1.2011378383636475,1.2139307904641294,1.22636011539473,1.175915561332565,42.83428335484806,-0.0038415107189382347
2006-02-24,1.1878036260604858,1.1932035684585571,1.186704158782959,1.2008658480644225,1.2136700526484623,1.2263681997996791,1.175363496329166,38.80808771646975,-0.004074466808851485
2006-02-27,1.1850025653839111,1.1877048015594482,1.1831939220428467,1.2005519700050353,1.2133839718955741,1.2264461359076586,1.174657804102412,36.45359130058861,-0.004433996029463705
2006-02-28,1.1930042505264282,1.1940441131591797,1.1837962865829468,1.2006621885299682,1.2131806029448504,1.2263757652272527,1.1749486118326837,46.44873708573152,-0.004026837532483674
2006-03-01,1.191994547843933,1.1968021392822266,1.18965482711792,1.2008340001106261,1.2129691936765281,1.2261892060111825,1.1754787942100697,45.47669788655802,-0.0037424949065874014
2006-03-02,1.203905463218689,1.204601526260376,1.1915541887283325,1.2011661911010743,1.2128787520109359,1.2262309981564112,1.1761013840457373,56.92771560798015,-0.0025269113389492226
2006-03-03,1.204601526260376,1.204993486404419,1.200898289680481,1.2015142774581908,1.212796160742155,1.2262687561134797,1.176759798802902,57.48959780216762,-0.0014902079440104465
2006-03-06,1.2016053199768066,1.2092044353485107,1.1995010375976562,1.2018704581260682,1.2126845001456446,1.226091118003481,1.1776497982486553,54.211324185899365,-0.0009000071193827619
2006-03-07,1.1890040636062622,1.2021976709365845,1.18715500831604,1.2019384050369262,1.212448226685138,1.2259913203389865,1.1778854897348658,43.08383659915301,-0.0014325710029301497
2006-03-08,1.1927053928375244,1.193901538848877,1.1876062154769897,1.202096393108368,1.2122512463560473,1.2257910998806347,1.178401686336101,46.55400703988979,-0.0015382335826694682
2006-03-09,1.1904053688049316,1.1948002576828003,1.1902070045471191,1.2022044491767883,1.2120332892104222,1.2256287111982862,1.1787801871552903,44.7290033367977,-0.0017869656282827329
2006-03-10,1.1911001205444336,1.1929045915603638,1.186704158782959,1.2023443603515624,1.2118244437905892,1.2254081548647997,1.1792805658383252,45.424960790942734,-0.0019060550907454843
2006-03-13,1.1967018842697144,1.1969023942947388,1.1920514106750488,1.202644441127777,1.2116735734860669,1.2249910695965471,1.180297812659007,50.80389175840052,-0.0015307730323590452
2006-03-14,1.2018941640853882,1.2029062509536743,1.194400668144226,1.2026163840293884,1.2115760117120227,1.2249631909432412,1.1802695771155356,55.2104230638767,-0.0008051049610640071
2006-03-15,1.2071025371551514,1.2075982093811035,1.201143503189087,1.2025345087051391,1.2115313843985551,1.2247827880173399,1.1802862293929384,59.16190719681779,0.00018809613695247585
2006-03-16,1.217492938041687,1.2190067768096924,1.203905463218689,1.2026704120635987,1.211590855235596,1.2252034172555315,1.180137406871666,65.66897024857707,0.0017929654880342039
2006-03-17,1.2192000150680542,1.220405101776123,1.215096354484558,1.2027462816238403,1.2116667602096836,1.2254789804367585,1.1800135828109222,66.61029112978883,0.00316608618983949
2006-03-20,1.216293454170227,1.2194973230361938,1.2153031826019287,1.2029222273826599,1.211712912509596,1.225939377470243,1.1799050772950768,63.42169370702809,0.003973949845389235
2006-03-21,1.210800290107727,1.2161011695861816,1.2081964015960693,1.2030101609230042,1.2117038091257728,1.2261150237168816,1.1799052981291267,57.791183215130594,0.004123403156342631
2006-03-22,1.2079044580459595,1.210800290107727,1.2070006132125854,1.2028902173042297,1.2116659116382982,1.225825949010845,1.1799544855976145,55.01817229028502,0.003962499310636858
2006-03-23,1.197203278541565,1.2080942392349243,1.1958003044128418,1.2027442812919618,1.2115216543613792,1.225731003573991,1.1797575590099325,46.19665166989172,0.002937623011677548
2006-03-24,1.2034997940063477,1.20480477809906,1.1957002878189087,1.2025282859802247,1.2114416423967311,1.2252735188239807,1.1797830531364686,51.158874542579134,0.0026034661990090857
2006-03-27,1.20110023021698,1.205807089805603,1.2006964683532715,1.2023181462287902,1.2113384971389078,1.224914675155665,1.1797216173019154,49.29305595886419,0.0021205751039032883
2006-03-28,1.20110023021698,1.210404634475708,1.1997023820877075,1.2021232628822327,1.211236383077475,1.2245873395950857,1.1796591861693797,49.29305595886419,0.001718075526781604
2006-03-29,1.2030943632125854,1.204993486404419,1.1985952854156494,1.2019691443443299,1.2111551783997425,1.224295554448235,1.1796427342404248,51.01493755922405,0.0015422237833666586
2006-03-30,1.2167967557907104,1.217492938041687,1.2027037143707275,1.2021230363845825,1.2112114435300443,1.224754122652099,1.179491950117066,60.852126154360235,0.002479941354919246
2006-03-31,1.2115044593811035,1.2175966501235962,1.208956003189087,1.2020809864997863,1.211214365796976,1.2246326535034553,1.1795293194961174,56.161025031861875,0.0027641814326635483
2006-04-03,1.2139016389846802,1.2149044275283813,1.2038040161132812,1.2017509055137634,1.211241165542972,1.2230592694133147,1.1804425416142121,57.74982297167205,0.0031466040097269943
2006-04-04,1.2260010242462158,1.227596402168274,1.2126061916351318,1.2017409825325012,1.211388359929432,1.2230027209439231,1.1804792441210792,64.70313643393301,0.004375557229033156
2006-04-05,1.2288031578063965,1.2306934595108032,1.2246947288513184,1.201827049255371,1.2115620271175276,1.2234957604916026,1.1801583380191396,66.0948170456613,0.005512080437232836
2006-04-06,1.2214038372039795,1.2328935861587524,1.2201966047286987,1.2018252563476564,1.2116601713308262,1.223487339626773,1.1801631730685398,59.43126033952153,0.005749443923381836
2006-04-07,1.2094969749450684,1.2220009565353394,1.208503007888794,1.2018273043632508,1.2116386000394157,1.223492327752677,1.1801622809738246,50.59209037118949,0.004920056572236486
2006-04-10,1.2111963033676147,1.2129004001617432,1.2082985639572144,1.2018791270256042,1.211634189573777,1.2236225784312957,1.1801356756199126,51.69627536269152,0.00434974160920909
2006-04-11,1.2148010730743408,1.2154065370559692,1.2095993757247925,1.20187824010849,1.2116657682214058,1.2236195362656002,1.1801369439513798,54.04258764563133,0.004140903918379957
2006-04-12,1.2114017009735107,1.21690034866333,1.207802414894104,1.2019723796844481,1.2116631351251201,1.2238391995536408,1.1801055598152554,51.50199458520564,0.0036589198742922324
2006-04-13,1.2116072177886963,1.213297724723816,1.2079044580459595,1.2020365071296693,1.211662577567789,1.2239988729046833,1.1800741413546552,51.64998341570534,0.003255994458918776
2006-04-14,1.2111963033676147,1.211798071861267,1.210097074508667,1.202206358909607,1.211657928398234,1.2243206201187031,1.180092097700511,51.31283603938728,0.0028704273054893648
2006-04-17,1.2254000902175903,1.2288031578063965,1.2129004001617432,1.2027883410453797,1.2117949471770555,1.2257823727025907,1.1797943093881686,60.83058295902044,0.003668698973250839
2006-04-18,1.2367054224014282,1.236996054649353,1.2227928638458252,1.203536458015442,1.2120433166246976,1.2284233043676798,1.1786496116632041,66.45204842666675,0.005154166819088202
2006-04-19,1.2378076314926147,1.2394952774047852,1.2293015718460083,1.2043625831604003,1.2123001940677398,1.230978516744448,1.1777466495763527,66.95005889693543,0.006347183471174134
2006-04-20,1.230905532836914,1.238006830215454,1.2298005819320679,1.204992687702179,1.2124856907960402,1.2326022829293881,1.17738309247497,60.85764416226821,0.006658955787639309
2006-04-21,1.234095573425293,1.235605239868164,1.22720468044281,1.205860538482666,1.2127011387962379,1.2343506727400695,1.1773704042252624,62.55372612388355,0.0070818124837987995
2006-04-24,1.2388964891433716,1.2414032220840454,1.234202265739441,1.2068144798278808,1.2129622982451627,1.2364711553391323,1.1771578043166293,65.01094923522078,0.007715385080992121
2006-04-25,1.2428998947143555,1.2437965869903564,1.2368431091308594,1.2078405404090882,1.2132607609156827,1.2388665884513368,1.1768144923668395,66.95806445923623,0.008443209240228011
2006-04-26,1.2448959350585938,1.247007131576538,1.2390038967132568,1.2089665746688842,1.213576141506235,1.24120462500364,1.1767285243341286,67.91672016294837,0.009076451224466098
2006-04-27,1.2531956434249878,1.2545949220657349,1.2412954568862915,1.2102164268493651,1.2139711127427373,1.2443540507653907,1.1760788029333396,71.60570200539071,0.010131230640496591
2006-04-28,1.2635995149612427,1.2638070583343506,1.2525050640106201,1.2116043972969055,1.214465854491166,1.2486072208016818,1.1746015737921291,75.42085046149094,0.011672107620158911
2006-05-01,1.258004069328308,1.2687939405441284,1.2565971612930298,1.2128964209556579,1.2148998755218259,1.2517692937312155,1.1740235481801002,69.97521075782063,0.012299971612194094
2006-05-02,1.261702299118042,1.266496181488037,1.2562024593353271,1.2142905759811402,1.215366427966507,1.2550576294506945,1.1735235225115859,71.44284010519019,0.012946732710409137
2006-05-03,1.2623074054718018,1.266897201538086,1.25979483127594,1.2157047867774964,1.215834353028128,1.2581307431782154,1.1732788303767774,71.68670502850772,0.013354183847368528
2006-05-04,1.270099401473999,1.2718924283981323,1.2577983140945435,1.2172629046440124,1.2163752773408592,1.2618326290466124,1.1726931802414124,74.68462713042524,0.014142811241487863
2006-05-05,1.272799015045166,1.2763078212738037,1.267748475074768,1.218962812423706,1.2169377097875163,1.2653912214116148,1.1725344034357972,75.6467369671386,0.014814863858039207
2006-05-08,1.27029287815094,1.2784944772720337,1.2696961164474487,1.2206686186790465,1.2174695452540916,1.268257035846003,1.17308020151209,72.87773623202382,0.01497265069872622
2006-05-09,1.2766989469528198,1.2774981260299683,1.2667046785354614,1.2223425126075744,1.218059923722005,1.2718099111650778,1.172875114050071,75.36050444241857,0.015436669800853453
2006-05-10,1.2774492502212524,1.2822978496551514,1.2753963470458984,1.2240516066551208,1.2186518859596687,1.275118382916775,1.1729848303934667,75.64175036874332,0.01568415431765602
2006-05-11,1.2851983308792114,1.2865046262741089,1.269599437713623,1.2256774640083312,1.219315175237032,1.2792415593112596,1.1721133687054028,78.38579808488664,0.016317475922422053
2006-05-12,1.2929919958114624,1.2943978309631348,1.2846039533615112,1.227445273399353,1.220049522672329,1.2839253000525448,1.1709652467461613,80.73630439659819,0.01724943078203478
2006-05-15,1.2790013551712036,1.2973029613494873,1.2782002687454224,1.228993194103241,1.2206370941132332,1.286809188452054,1.171177199754428,66.71132215750023,0.016666957634849933
2006-05-16,1.285000205039978,1.2866039276123047,1.2777429819107056,1.2309131169319152,1.2212785889011628,1.2896767682430814,1.172149465620749,69.18324775856095,0.01649920792063453
2006-05-17,1.2741937637329102,1.2917059659957886,1.2707933187484741,1.232542884349823,1.2218059755713704,1.2915010981094308,1.173584670590215,60.47178601069848,0.01531770262237342
2006-05-18,1.2850992679595947,1.2872000932693481,1.2732040882110596,1.2344367623329162,1.2224367868950647,1.2939512153401658,1.1749223093256667,65.22998596909372,0.015087415872618193
2006-05-19,1.2766989469528198,1.2860082387924194,1.2701960802078247,1.236148738861084,1.2229775808426169,1.2954993872772633,1.1767980904449045,59.30779893984364,0.014064944340245189
2006-05-22,1.2852975130081177,1.288195013999939,1.27029287815094,1.237920651435852,1.2235986711296072,1.2977525127386857,1.1780887901330184,63.00979850684204,0.013789503886640686
2006-05-23,1.2782983779907227,1.287697434425354,1.2772045135498047,1.2394487357139587,1.2241438083749583,1.299427564198517,1.1794699072294006,58.35593901998294,0.012858222061071345
2006-05-24,1.277400255203247,1.2887927293777466,1.2735933065414429,1.2408546900749207,1.2246745537321218,1.3010340744697615,1.1806753056800798,57.766340937455944,0.011910407735358675
2006-05-25,1.2810001373291016,1.2823965549468994,1.2750548124313354,1.242124834060669,1.2252358768696139,1.302968770548723,1.181280897572615,59.53127221904435,0.011319257105761649
2006-05-26,1.2739015817642212,1.2825446128845215,1.2707933187484741,1.2432188653945924,1.2257208565660813,1.3043468212429798,1.1820909095462049,54.678888286547426,0.01016084397932615
2006-05-29,1.2751035690307617,1.2768945693969727,1.2737069129943848,1.244395067691803,1.226212974103544,1.3056714003371312,1.1831187350464747,55.34265799122117,0.009233347277833648
2006-05-30,1.2865046262741089,1.2905057668685913,1.2747948169708252,1.2459091544151306,1.2268137942882502,1.3075374989792083,1.1842808098510529,61.154194219258905,0.009310938790061396
2006-05-31,1.2816076278686523,1.2900062799453735,1.2809016704559326,1.2473832178115845,1.2273598192656983,1.3088267564359592,1.1859396791872097,57.68197059504864,0.008874978548891965
2006-06-01,1.28109872341156,1.2821991443634033,1.272799015045166,1.2490611267089844,1.2278953238435097,1.3094851173987299,1.188637136019239,57.31775245919047,0.008391678533747449
2006-06-02,1.2918059825897217,1.2937949895858765,1.2800490856170654,1.250827250480652,1.228532179922391,1.3109772646330202,1.1906772363282836,62.65998416275124,0.00877153334482661
2006-06-05,1.290106177330017,1.2976564168930054,1.2900062799453735,1.2526073694229125,1.229145742749657,1.3120142424250636,1.1932004964207614,61.34725210433696,0.008833582895811709
2006-06-06,1.2821991443634033,1.2931926250457764,1.28109872341156,1.254229347705841,1.2296743932831853,1.312309910990997,1.196148784420685,55.52035791448533,0.008150769140462533
2006-06-07,1.2801966667175293,1.2836971282958984,1.2766989469528198,1.25577139377594,1.230177815220549,1.3123862253579999,1.1991565621938802,54.11842894986035,0.007363173034002912
2006-06-08,1.2648941278457642,1.2809016704559326,1.2632005214691162,1.256733341217041,1.2305237360514456,1.3122694036882714,1.2011972787458105,44.80728787128533,0.005441484402031849
2006-06-09,1.2640947103500366,1.2681021690368652,1.2606048583984375,1.2577851462364196,1.230858239812058,1.3117959824052934,1.2037743100675458,44.37773394863125,0.0038101054810046886
2006-06-12,1.258605718612671,1.2648941278457642,1.2571974992752075,1.2586792278289796,1.2311347139941953,1.31118406121228,1.206174394445679,41.440126782664414,0.0020506713104839758
2006-06-13,1.2545949220657349,1.261193037033081,1.2533998489379883,1.25925110578537,1.2313684668728353,1.3109193916171797,1.20758281995356,39.38839933779659,0.00032887818954563386
2006-06-14,1.2609069347381592,1.2640947103500366,1.2541072368621826,1.259893181324005,1.2316627783422878,1.3108095154605242,1.208976847187486,44.0806641127498,-0.0005203305460335095
2006-06-15,1.2639987468719482,1.2648941278457642,1.259303092956543,1.2607450795173645,1.2319849588546967,1.310443709880278,1.211046449154451,46.27466019028098,-0.0009330950484667255
2006-06-16,1.2644941806793213,1.2672022581100464,1.2621959447860718,1.2618450236320495,1.2323088612791222,1.3092977958302707,1.2143922514338283,46.63596994481015,-0.0012063306933920437
2006-06-19,1.258004069328308,1.2643983364105225,1.2556504011154175,1.2627811789512635,1.2325648695823666,1.307947329537767,1.21761502836476,42.59478999296646,-0.0019243865264668703
2006-06-20,1.2589067220687866,1.2616068124771118,1.2545005083084106,1.2636632919311523,1.232827317161455,1.306676136606015,1.2206504472562898,43.330304587677446,-0.002393029065658858
2006-06-21,1.2660951614379883,1.2677966356277466,1.2590018510818481,1.2647571611404418,1.2331587650973428,1.3050404401889906,1.224473882091893,48.94093236149455,-0.0021594914009224198
2006-06-22,1.2584948539733887,1.2678931951522827,1.2556977272033691,1.2656949138641358,1.2334111856362695,1.3030010686310467,1.228388759097225,43.98273262220301,-0.0025582030408157763
2006-06-23,1.2523951530456543,1.2587958574295044,1.2485953569412231,1.2665188908576965,1.233600318329822,1.300591760770626,1.232446020944767,40.44160014953065,-0.0033280164732487627
2006-06-26,1.2589067220687866,1.2599060535430908,1.2507035732269287,1.2671890234947205,1.2338524367792,1.2992177110761292,1.2351603359133119,45.48727911761797,-0.003373779138144295
2006-06-27,1.256897211074829,1.2618932723999023,1.2567076683044434,1.2675928592681884,1.2340820205976493,1.298543799309923,1.236641919226454,44.24162606650809,-0.0035314883236843286
2006-06-28,1.2545949220657349,1.258605718612671,1.2522070407867432,1.2679286050796508,1.2342863780991988,1.2979097811622198,1.2379474289970818,42.79565065757224,-0.0037984631526968293
2006-06-29,1.26639986038208,1.266993522644043,1.2523010969161987,1.2686384916305542,1.23460630121419,1.2966583111432262,1.2406186721178822,51.54126742730088,-0.003022639655574366
2006-06-30,1.2782983779907227,1.2794922590255737,1.2659990787506104,1.2695225477218628,1.2350415681583429,1.2958309594214217,1.243214136022304,58.438384961687056,-0.001431185201520302
2006-07-03,1.28009831905365,1.2821005582809448,1.2765034437179565,1.2703465843200683,1.2354904248471699,1.2952849787904754,1.2454081898496612,59.38023782564316,-2.442433134119959e-05
2006-07-04,1.2790013551712036,1.2821991443634033,1.2782002687454224,1.2710686135292053,1.2359238769191585,1.294826028842583,1.2473111982158276,58.509997006305355,0.0009905099932063788
2006-07-05,1.2733986377716064,1.2836475372314453,1.2711002826690674,1.2716386675834657,1.2362971928460553,1.2941689246405534,1.2491084105263779,54.14534414613811,0.00132745817579627
2006-07-06,1.2775959968566895,1.2782983779907227,1.2722970247268677,1.2721266746520996,1.2367085983605661,1.294075948275846,1.2501774010283533,56.748402341206415,0.0019111532524098696
2006-07-07,1.2823965549468994,1.2853965759277344,1.2768945693969727,1.2725026154518126,1.2371637220101237,1.2944996123138246,1.2505056185898007,59.57491946473116,0.0027296351885492953
2006-07-10,1.2745022773742676,1.2813942432403564,1.2726045846939087,1.272832579612732,1.2375356683285128,1.2944332757652315,1.2512318834602325,53.39534958887244,0.002710046070744321
2006-07-11,1.2767478227615356,1.2779062986373901,1.2710033655166626,1.2731334900856017,1.2379262740416723,1.29451944206296,1.2517475381082435,54.83061778796822,0.0028429465811834476
2006-07-12,1.2711971998214722,1.2777429819107056,1.2682468891143799,1.2733112859725952,1.2382576934626341,1.2944765474269442,1.2521460245182463,50.6761800876043,0.002471887925127314
2006-07-13,1.2696961164474487,1.2729934453964233,1.2671059370040894,1.2733032202720642,1.2385708554579082,1.2944737843148835,1.252132656229245,49.582068729751825,0.0020332582482367467
2006-07-14,1.2643983364105225,1.269792914390564,1.2629930973052979,1.2731352066993713,1.2388281233724205,1.294454916625438,1.2518154967733046,45.82192235223201,0.0012438165525905376
2006-07-17,1.251799464225769,1.2640947103500366,1.251392126083374,1.272765338420868,1.238957329696859,1.2949119516174405,1.2506187252242953,38.36962616202966,-0.0003939046829826154
2006-07-18,1.2502031326293945,1.2556977272033691,1.2485485076904297,1.2722354221343994,1.2390693469039944,1.29524886474115,1.249221979527649,37.53662023389875,-0.001799873360330606
2006-07-19,1.2599060535430908,1.2607955932617188,1.246603012084961,1.2718845582008362,1.2392768950059645,1.2951075256746871,1.2486615907269853,45.3087875408366,-0.00210688221288291
2006-07-20,1.263296127319336,1.2652943134307861,1.2591921091079712,1.2714465141296387,1.2395161407794408,1.2944698592397579,1.2484231690195196,47.754777048572095,-0.0020529729247504847
2006-07-21,1.270599603652954,1.2706964015960693,1.2632005214691162,1.2709986662864685,1.2398257472690555,1.2931666570686435,1.2488306755042935,52.6662638773814,-0.0014047271034494102
2006-07-24,1.262403130531311,1.2706964015960693,1.2613998651504517,1.2706667017936706,1.240050626743566,1.292842663999445,1.2484907395878961,47.29292036119423,-0.0015346836223508742
2006-07-25,1.2583998441696167,1.266993522644043,1.2567076683044434,1.2701346945762635,1.240233390197192,1.292183060370024,1.248086328782503,44.88423410179172,-0.0019383626147608801
2006-07-26,1.2712942361831665,1.2725075483322144,1.256407618522644,1.2700767040252685,1.2405427620016867,1.2920967286184242,1.2480566794321128,53.15937957283407,-0.0012039332588471563
2006-07-27,1.269599437713623,1.2768945693969727,1.2686008214950562,1.2697667074203491,1.2408321690214825,1.291355713747715,1.2481777010929833,52.05314147217352,-0.0007500032053873174
2006-07-28,1.2751035690307617,1.2769924402236938,1.2663036584854126,1.269734799861908,1.2411735117910452,1.2912866715478244,1.2481829281759915,55.3060570049404,5.3263046472906694e-05
2006-07-31,1.277400255203247,1.2782002687454224,1.2745997905731201,1.2695768547058106,1.2415343262450858,1.2907760705226283,1.248377638888993,56.628315810522714,0.0008652071487669222
2006-08-01,1.2820019721984863,1.2831040620803833,1.2722970247268677,1.2696509265899658,1.2419373757439416,1.2909998776168843,1.2483019755630473,59.23088348436479,0.0018585743151560141
2006-08-02,1.2791976928710938,1.2834992408752441,1.2782002687454224,1.2696868753433228,1.2423084773589361,1.2910950579935287,1.2482786926931169,56.986715220091114,0.0023919699058378985
2006-08-03,1.2799016237258911,1.2831040620803833,1.2746973037719727,1.2696649050712585,1.2426828903146034,1.2910279057716467,1.2483019043708703,57.42280674769918,0.002838767546146981
2006-08-04,1.2878963947296143,1.2909055948257446,1.2780042886734009,1.2699448013305663,1.2431331948260358,1.291893068384639,1.2479965342764936,62.12007016946184,0.003794231560405148
2006-08-07,1.2819033861160278,1.28940749168396,1.28109872341156,1.2700807976722717,1.2435193234954531,1.2922427596469201,1.2479188356976232,57.039986578009675,0.004021500610259743
2006-08-08,1.2766989469528198,1.2884937524795532,1.2779062986373901,1.269884684085846,1.2438497703134082,1.2916229294564303,1.2481464387152617,52.98746113916144,0.0037385624042745036
2006-08-09,1.2874983549118042,1.2900062799453735,1.2773023843765259,1.2700024986267089,1.2442844770220434,1.292061553956783,1.2479434432966348,59.42878382280615,0.004335773705096413
2006-08-10,1.2792959213256836,1.2910054922103882,1.275298833847046,1.2699664425849915,1.244633161246796,1.291957257076048,1.247975628093935,53.43979388194007,0.004099938583997709
2006-08-11,1.2725075483322144,1.28009831905365,1.2721028327941895,1.2695804738998413,1.2449107639773103,1.290665516792289,1.2484954310073937,49.035511943108745,0.003326921898939794
2006-08-14,1.2722970247268677,1.2761938571929932,1.2712942361831665,1.2692242908477782,1.2451835030241762,1.2894794489059402,1.2489691327896162,48.900911318233426,0.0026665745002607544
2006-08-15,1.2790995836257935,1.2802950143814087,1.2711002826690674,1.269162299633026,1.2455212694273896,1.289273840498274,1.2490507587677782,53.35629956530004,0.0026614742624604393
2006-08-16,1.2843070030212402,1.2864052057266235,1.2774981260299683,1.2692445063591002,1.2459075288164274,1.2895725794724764,1.248916433245724,56.48420927673257,0.003042554834049138
2006-08-17,1.283202886581421,1.2886930704116821,1.2814927101135254,1.2696106815338135,1.2462789426733947,1.2902757080662883,1.2489456550013387,55.632354321969935,0.003218371579165158
2006-08-18,1.2828078269958496,1.2844555377960205,1.2784454822540283,1.2699849438667297,1.2466427203594117,1.2909182993121553,1.249051588421304,55.31092761923069,0.003287928417325503
2006-08-21,1.2872995138168335,1.2936946153640747,1.2835981845855713,1.270558819770813,1.2470476029761133,1.2917900187478202,1.249327620793806,58.2635097456765,0.0036632664452806996
2006-08-22,1.2811970710754395,1.2882945537567139,1.278756022453308,1.2710908627510071,1.247387679260609,1.2920203450261818,1.2501613804758325,53.12778990020409,0.003428783525473156
2006-08-23,1.2781022787094116,1.2846535444259644,1.2780042886734009,1.2714347696304322,1.247693547012603,1.2922459979844625,1.250623541276402,50.68762534279756,0.0029591193565337015
2006-08-24,1.2761938571929932,1.2838947772979736,1.2756078243255615,1.2716786718368531,1.2479773617148027,1.292419922422597,1.2509374212511093,49.18732556332668,0.0024051879424478173
2006-08-25,1.2757054567337036,1.2782983779907227,1.2733014822006226,1.2719028973579407,1.2482534842413004,1.292569399502647,1.2512363952132344,48.789321667942616,0.0019048258242040372
2006-08-28,1.2792466878890991,1.2819033861160278,1.2757054567337036,1.2723277497291565,1.2485621189836296,1.292699311881377,1.251956187576936,51.83265628625076,0.0017735881790108543
2006-08-29,1.2829065322875977,1.2838947772979736,1.275298833847046,1.2728077459335327,1.2489041228499473,1.2930189239067347,1.2525965679603308,54.82092430925819,0.0019425082303321517
2006-08-30,1.284092664718628,1.2849011421203613,1.2813942432403564,1.2731676959991456,1.249254529864029,1.2935314010235446,1.2528039909747466,55.77846212593223,0.0021473364048647525
2006-08-31,1.2809016704559326,1.2877968549728394,1.2790013551712036,1.2736158323287965,1.2495696692147216,1.2936450287073014,1.2535866359502916,52.55158842803451,0.002028791000367569
2006-09-01,1.2835981845855713,1.284505009651184,1.2759984731674194,1.2742398929595948,1.249908519483377,1.293500033064435,1.2549797528547546,54.92468577755018,0.002127899961597457
2006-09-04,1.2856941223144531,1.287597894668579,1.2843070030212402,1.2747756409645081,1.250264863832734,1.2937835150704178,1.2557677668585985,56.735948389930336,0.0023484971721403625
2006-09-05,1.2823965549468994,1.2865046262741089,1.2799999713897705,1.2752856278419495,1.250584821013436,1.293694480857841,1.256876774826058,53.119388111235914,0.0022315124368674777
2006-09-06,1.2819033861160278,1.283202886581421,1.277400255203247,1.2758317971229554,1.2508966790251257,1.29333311199962,1.2583304822462906,52.57957788000254,0.0020750862852665364
2006-09-07,1.2732040882110596,1.2830052375793457,1.2710517644882202,1.275967881679535,1.2511188058387919,1.293274583808618,1.258661179550452,44.07170214013544,0.0012349213901940992
2006-09-08,1.2672985792160034,1.2739015817642212,1.2659990787506104,1.2757478857040405,1.2512799153288685,1.2932126009855818,1.2582831704224993,39.40977181286384,9.150462789420111e-05
2006-09-11,1.2710033655166626,1.2735933065414429,1.2654062509536743,1.2755659866333007,1.2514763094318684,1.293035211505962,1.2580967617606393,43.451069655488325,-0.0005098389952555848
2006-09-12,1.2695027589797974,1.2731068134307861,1.2678449153900146,1.2753760147094726,1.2516558045541992,1.2928992605466911,1.257852768872254,42.22263527683497,-0.0010948735349063377
2006-09-13,1.2696961164474487,1.2712942361831665,1.2671059370040894,1.2753019642829895,1.2518354364381568,1.2928904874975722,1.2577134410684068,42.448416367878636,-0.0015253322106048017
2006-09-14,1.2722970247268677,1.2751524448394775,1.2678931951522827,1.275195984840393,1.2520391761486407,1.2927919452252008,1.2576000244555854,45.531760152112746,-0.0016377235928008993
2006-09-15,1.2651021480560303,1.2737069129943848,1.2636473178863525,1.2748500967025758,1.2521692456051683,1.2925479547969076,1.2571522386082439,39.26487306935859,-0.002281066278032151
2006-09-18,1.2706964015960693,1.2711002826690674,1.2635036706924438,1.2747739791870116,1.2523537212813052,1.2925106383983647,1.2570373199756586,45.54124424855872,-0.0023128493954263085
2006-09-19,1.2677003145217896,1.2727018594741821,1.2652943134307861,1.2745930290222167,1.2525065269214641,1.2924318075906887,1.2567542504537448,42.97954879840336,-0.0025503975372540566
2006-09-20,1.2687939405441284,1.2721028327941895,1.266800880432129,1.27454496383667,1.2526686991955802,1.2924339685844195,1.2566559590889204,44.213090944048176,-0.0026202055720920825
2006-09-21,1.2781022787094116,1.2799999713897705,1.2685526609420776,1.2747130870819092,1.252921937312987,1.292574073890849,1.2568521002729693,53.44475442696483,-0.001902493089653623
2006-09-22,1.2799999713897705,1.2830052375793457,1.2776939868927002,1.2750251197814941,1.253191547226222,1.2926946964344457,1.2573555431285426,55.076888777711574,-0.0011671190153539346
2006-09-25,1.2745022773742676,1.2820019721984863,1.2735933065414429,1.2754791760444641,1.2534037320025877,1.2918303095322299,1.2591280425566984,49.646676246488376,-0.0010162332203118574
2006-09-26,1.2686975002288818,1.2761938571929932,1.2667046785354614,1.2758490633964539,1.2535560066453881,1.2906274994549087,1.261070627337999,44.6419507501376,-0.0013494959939672757
2006-09-27,1.270599603652954,1.2714072465896606,1.2675074338912964,1.2760629343986511,1.253725702629016,1.2901950135103155,1.2619308552869868,46.543568856676366,-0.001443485688854107
2006-09-28,1.2703574895858765,1.2733014822006226,1.2684078216552734,1.2762041616439819,1.2538912973429324,1.2899513849361401,1.2624569383518236,46.32543023395964,-0.0015199883020071692
2006-09-29,1.2662074565887451,1.271504282951355,1.2643983364105225,1.2761163187026978,1.2540139226557003,1.2900643784421406,1.262168258963255,42.63673295553365,-0.0018936612060775904
2006-10-02,1.2741937637329102,1.2759007215499878,1.266496181488037,1.2763521313667296,1.2542148411328953,1.28974138031528,1.2629628824181793,50.761927039382186,-0.0015277603620844626
2006-10-03,1.2734960317611694,1.2766011953353882,1.2721998691558838,1.2766540551185608,1.2544068111109057,1.2890337509292706,1.264274359307851,50.094327975492526,-0.0012793350676749693
2006-10-04,1.2712942361831665,1.2739015817642212,1.2672022581100464,1.2766540551185608,1.2545749469358176,1.2890337509292706,1.264274359307851,47.951190326911835,-0.0012457623609822832
2006-10-05,1.269551157951355,1.2725075483322144,1.2676520347595215,1.2766530895233155,1.25472405329227,1.289035038571365,1.264271140475266,46.26375567197002,-0.0013443112119972955
2006-10-06,1.260398268699646,1.2696961164474487,1.257703423500061,1.276358983516693,1.254780546656153,1.2895624876322762,1.26315547940111,38.585276657993305,-0.0021363470758974934
2006-10-09,1.260096549987793,1.2613998651504517,1.2587958574295044,1.276012909412384,1.2548334732927948,1.2899894714686158,1.2620363473561522,38.35926372080168,-0.0027566108884353735
2006-10-10,1.2531956434249878,1.2612568140029907,1.2523951530456543,1.275436782836914,1.2548171669976198,1.2907195066490715,1.2601540590247564,33.52267719652225,-0.003761657864653989
2006-10-11,1.2523951530456543,1.2556977272033691,1.2505940198898315,1.2749007320404053,1.254793053476072,1.291471015039071,1.2583304490417397,33.00285494919173,-0.004570076718280358
2006-10-12,1.2559974193572998,1.2567076683044434,1.2518935203552246,1.2744226479530334,1.2548050440495255,1.2917653709615753,1.2570799249444915,37.685684792428006,-0.004864012391066819
2006-10-13,1.250500202178955,1.2578933238983154,1.2487980127334595,1.2736747241020203,1.2547621856203781,1.2918511947902223,1.2554982534138184,33.80278385245147,-0.00547739797923108
2006-10-16,1.2541072368621826,1.2542959451675415,1.2492036819458008,1.2731188011169434,1.254755665074882,1.291956297856685,1.2542813043772019,38.29530583164698,-0.005607809585207901
2006-10-17,1.2545005083084106,1.2565971612930298,1.2520031929016113,1.272674832344055,1.2547531247966832,1.2922016766426943,1.253147988045416,38.78311336544123,-0.0056147051772545975
2006-10-18,1.2539026737213135,1.2559974193572998,1.2503437995910645,1.2720029187202453,1.2547446579609394,1.2917585274064154,1.2522473100340752,38.28759281884986,-0.00560381297082313
2006-10-19,1.2627060413360596,1.2639987468719482,1.2534940242767334,1.2716711211204528,1.254823918673086,1.29148395858551,1.2518582836553955,48.684816107962796,-0.004829155130752438
2006-10-20,1.2616068124771118,1.2640947103500366,1.2602077722549438,1.2714531064033507,1.2548914463961611,1.291467251707742,1.2514389610989596,47.60628386443457,-0.004254884137897985
2006-10-23,1.255098819732666,1.2623074054718018,1.2539499998092651,1.2711091423034668,1.2548935109094532,1.291648340426875,1.2505699441800586,41.71422115673358,-0.004275624130085864
2006-10-24,1.2559027671813965,1.2577983140945435,1.252803087234497,1.2706452059745788,1.2549035585462487,1.2914933320597692,1.2497970798893883,42.65836557648484,-0.004179015790390261
2006-10-25,1.2616068124771118,1.2620048522949219,1.2556977272033691,1.2701912021636963,1.2549702923481325,1.2908124420776044,1.2495699622497882,48.97387519748069,-0.003600677827832355
2006-10-26,1.2694060802459717,1.2700024843215942,1.2613521814346313,1.2699152660369872,1.255114006136148,1.2901922073163619,1.2496383247576126,56.094425326693916,-0.0024843668633227622
2006-10-27,1.2743074893951416,1.2756078243255615,1.2666566371917725,1.2697452592849732,1.2553050836196649,1.2897213044122213,1.249769214157725,59.88320220393493,-0.0011904567810714362
2006-10-30,1.271795392036438,1.2734960317611694,1.27029287815094,1.2694351768493652,1.2554692492678547,1.2887700618453077,1.2501002918534228,57.160647006875685,-0.00036353833748270503
2006-10-31,1.2766989469528198,1.2782983779907227,1.2684078216552734,1.2693452143669128,1.2556805958028172,1.2884977243341347,1.250192704399691,60.897731295433296,0.00067964189897185
2006-11-01,1.2754452228546143,1.2793940305709839,1.2746485471725464,1.269292073249817,1.2558773562416345,1.288359967079082,1.250224179420552,59.46930297476819,0.001389190966434528
2006-11-02,1.2780042886734009,1.2784944772720337,1.2740962505340576,1.2693282818794251,1.2560976327715336,1.2884564501618008,1.2502001135970495,61.45663805007534,0.002133416244532782
2006-11-03,1.2706964015960693,1.2782002687454224,1.2690032720565796,1.2692281007766724,1.2562429647304285,1.2882722281532248,1.2501839734001199,53.403714988501264,0.002109220940639922
2006-11-06,1.2725560665130615,1.2733986377716064,1.269357681274414,1.2690942883491516,1.256405362231519,1.2879441205407314,1.2502444561575718,55.018972166248325,0.0022145771381976154
2006-11-07,1.2779062986373901,1.2818048000335693,1.2725075483322144,1.2689942836761474,1.256619403783978,1.2875964484024829,1.250392118949812,59.38148790845931,0.0026986829651398647
2006-11-08,1.2759984731674194,1.2806065082550049,1.275298833847046,1.2688323998451232,1.2568123212626408,1.2870348526172386,1.2506299470730078,57.2492856206119,0.0028950227297821485
2006-11-09,1.283252239227295,1.2846039533615112,1.275298833847046,1.2688794112205506,1.25707552783251,1.2872207056267073,1.2505381168143939,62.72900042529723,0.003594506473468817
2006-11-10,1.2853965759277344,1.28940749168396,1.283351182937622,1.2689153790473937,1.2573574595431323,1.2873811167463867,1.2504496413484008,64.19026806394746,0.004272630209173123
2006-11-13,1.2825939655303955,1.2878963947296143,1.2798525094985962,1.2688533759117127,1.257608683952641,1.2871087810950985,1.2505979707283268,60.83324633166493,0.004531662731556363
2006-11-14,1.2813942432403564,1.2870012521743774,1.2799999713897705,1.2688333296775818,1.2578454633976488,1.287030141100259,1.2506365182549046,59.40111694283473,0.00458726121761921
2006-11-15,1.282495141029358,1.283400535583496,1.2782002687454224,1.2688451647758483,1.258090843824092,1.2870774081331706,1.250612921418526,60.32415250039186,0.004666365710179976
2006-11-16,1.2793940305709839,1.2834992408752441,1.2789032459259033,1.2689689636230468,1.2583029099532685,1.2874049357734967,1.2505329914725969,56.43204309719051,0.004427782176786854
2006-11-17,1.285000205039978,1.285000205039978,1.2765034437179565,1.2693229961395263,1.2585686714603073,1.2882999653455829,1.2503460269334696,61.29395081406782,0.00463761489684833
2006-11-20,1.2818048000335693,1.2850992679595947,1.2808033227920532,1.2695390248298646,1.2587999773478686,1.2888372726735327,1.2502407769861965,57.36454354234474,0.004494259336307316
2006-11-21,1.2846039533615112,1.2852975130081177,1.2801474332809448,1.2698410487174987,1.2590568439643373,1.2896040606863737,1.2500780367486237,59.79598763060508,0.004554021378154527
2006-11-22,1.2938953638076782,1.2956053018569946,1.284406065940857,1.2703250336647034,1.2594036437885805,1.2912260459693388,1.249424021360068,66.60409280583599,0.005290140946496491
2006-11-23,1.295202612876892,1.2976058721542358,1.284406065940857,1.2707831454277039,1.2597600028860219,1.292833093814855,1.2487331970405529,67.4395208032115,0.005910868272553715
2006-11-24,1.3085066080093384,1.3104957342147827,1.2950012683868408,1.27165123462677,1.260245246557632,1.2960778171650462,1.247224652088494,74.44578796122386,0.007391120139459639
2006-11-27,1.3133012056350708,1.3158068656921387,1.3101009130477905,1.27250333070755,1.2607733851059248,1.2996184514081466,1.2453882100069533,76.4153937320838,0.00884910736556166
2006-11-28,1.320393443107605,1.3210039138793945,1.3121981620788574,1.2735571932792664,1.261366862666612,1.303823261401907,1.2432911251566259,78.99448088983986,0.010456323054868655
2006-11-29,1.3148033618927002,1.3214054107666016,1.3139914274215698,1.2744773817062378,1.2618987848910608,1.306874972680883,1.2420797907315926,72.28477117886138,0.011150444844961527
2006-11-30,1.325100064277649,1.3270519971847534,1.314699649810791,1.2754173374176025,1.2625279059948797,1.3108309149616555,1.2400037598735496,76.28113966429133,0.012388591225799939
2006-12-01,1.334098219871521,1.3347035646438599,1.3223490715026855,1.2764993023872375,1.2632403316816352,1.3155982361207155,1.2374003686537596,79.11524773548184,0.013935269990631216
2006-12-04,1.3336000442504883,1.3355414867401123,1.328691840171814,1.277681257724762,1.2639407040210051,1.3199761956911364,1.2353863197583876,78.55560173507794,0.01494850834669137
2006-12-05,1.331894874572754,1.3357020616531372,1.329451322555542,1.2789452052116395,1.2646171285425603,1.3238415365611167,1.2340488738621622,76.55932331568484,0.015435977758524011
2006-12-06,1.3286564350128174,1.334098219871521,1.326207160949707,1.2801063418388368,1.265254581532457,1.32707679052125,1.2331358931564236,72.77673233706358,0.015383652600522879
2006-12-07,1.3286035060882568,1.33249831199646,1.3280036449432373,1.2812712621688842,1.265885159977061,1.3301069426734384,1.23243558166433,72.71349868066306,0.015163122575622578
2006-12-08,1.3394052982330322,1.3430029153823853,1.3199926614761353,1.28273521900177,1.2666169804218073,1.334053199012618,1.231417238990922,77.08865654947172,0.015679224948567327
2006-12-11,1.325100064277649,1.326207160949707,1.313508152961731,1.2837533450126648,1.2671991196332941,1.3363828155069708,1.2311238745183588,62.74099540427296,0.014763739769122264
2006-12-12,1.3284975290298462,1.3289036750793457,1.3225939273834229,1.2848533749580384,1.267809280253367,1.3388882280335648,1.230818521882512,64.43404539652532,0.014149254383474474
2006-12-13,1.3218071460723877,1.328797698020935,1.3198009729385376,1.2858636331558229,1.2683467697255395,1.3407459379308586,1.230981328380787,58.770616153531854,0.012972869137332532
2006-12-14,1.3156510591506958,1.3249069452285767,1.3143022060394287,1.2867856311798096,1.2688176302730811,1.3420966370268477,1.2314746253327715,54.0619865422327,0.01141227696341307
2006-12-15,1.3098949193954468,1.3180439472198486,1.3064039945602417,1.2877755641937256,1.2692265066165114,1.3429304579135535,1.2326206704738978,50.02607202168847,0.009600357109200708
2006-12-18,1.3105987310409546,1.3118022680282593,1.3056023120880127,1.2887856078147888,1.2696383172210322,1.3437208371359455,1.233850378493632,50.512540739911145,0.008127500521534214
2006-12-19,1.3207073211669922,1.3214927911758423,1.3085579872131348,1.2901358413696289,1.2701466457703972,1.3448187615754557,1.2354529211638021,56.988639129695294,0.007687315221917679
2006-12-20,1.318704605102539,1.3245033025741577,1.3164995908737183,1.2914620304107667,1.2706299782907085,1.3456228585062195,1.2373012023153138,55.44067716775818,0.007095075141898111
2006-12-21,1.3183915615081787,1.321300745010376,1.314405918121338,1.2927099132537843,1.2711053822509575,1.3464087657883848,1.2390110607191838,55.188335240636754,0.0065252416854448825
2006-12-22,1.3136979341506958,1.3211959600448608,1.3114066123962402,1.2939738678932189,1.271529333820814,1.346581503793457,1.2413662319929808,51.41002858759416,0.0056300088271088455
2006-12-25,1.3135944604873657,1.316603660583496,1.310701847076416,1.2951636123657226,1.2719480341556062,1.346772420257704,1.2435548044737412,51.32660318053952,0.00485620160795186
2006-12-26,1.310994029045105,1.3143022060394287,1.3093974590301514,1.2962934827804566,1.272336681885788,1.3467289574923709,1.2458580080685424,49.16723574209133,0.003987159237344162
2006-12-27,1.312508225440979,1.3176966905593872,1.3104957342147827,1.2974655938148498,1.2727365315281693,1.346586871937022,1.2483443156926777,50.47382855385023,0.003381638468734627
2006-12-28,1.3148033618927002,1.3199055194854736,1.3109080791473389,1.2985075402259827,1.2731552446267311,1.3468229272714434,1.250192153180522,52.46813713875621,0.003051778227725066
2006-12-29,1.3198009729385376,1.3207945823669434,1.3139914274215698,1.2996714234352111,1.273619532364776,1.3471551512797046,1.2521876955907176,56.569179556534294,0.0031572324445197086
2007-01-01,1.3218945264816284,1.321999430656433,1.3175925016403198,1.3010073375701905,1.2741000354250045,1.347111075965698,1.254903599174683,58.196338766168836,0.003370880532972631
2007-01-02,1.3275980949401855,1.3293983936309814,1.321754813194275,1.302441244125366,1.2746325243319911,1.3472609616422662,1.257621526608466,62.336351462552955,0.003954839561554513
2007-01-03,1.3171066045761108,1.329097867012024,1.3155471086502075,1.3035512399673461,1.2750552855487416,1.3469703217874764,1.2601321581472158,52.11269796078405,0.003530359916026571
2007-01-04,1.3092947006225586,1.3180961608886719,1.3080958127975464,1.304349012374878,1.2753960828345183,1.3466590223131387,1.2620390024366173,46.055760458110214,0.002534386545987255
2007-01-05,1.2984988689422607,1.3103927373886108,1.2983977794647217,1.3048328399658202,1.2756260325072106,1.3462852509838605,1.26338042894778,39.26392522362331,0.0008639776856083081
2007-01-08,1.3040019273757935,1.3040019273757935,1.2986000776290894,1.3054769706726075,1.2759084663053053,1.345820066965888,1.265133874379327,43.812502493414904,-1.560268820299804e-05
2007-01-09,1.2996971607208252,1.3049037456512451,1.299156904220581,1.3059369349479675,1.2761452415980425,1.345456839077107,1.266417030818828,41.21241988939143,-0.001047954991292288
2007-01-10,1.2939958572387695,1.3002040386199951,1.2934937477111816,1.3063079476356507,1.2763229130541367,1.344999076064411,1.2676168192068904,37.996249535122864,-0.002299640349930465
2007-01-11,1.289507269859314,1.3005930185317993,1.2885932922363281,1.3065380072593689,1.2764541397250928,1.3446750439211417,1.268400970597596,35.6382306913391,-0.0036121627398180145
2007-01-12,1.292808175086975,1.2941968441009521,1.2871006727218628,1.306980242729187,1.2766169143901032,1.3439147353850103,1.2700457500733637,38.6533562533677,-0.004336007924676366
2007-01-15,1.2935941219329834,1.295706033706665,1.2919062376022339,1.3074010038375854,1.2767858911048935,1.3431966055354194,1.2716054021397514,39.38151705292369,-0.004791013287779311
2007-01-16,1.2920063734054565,1.2988024950027466,1.291305661201477,1.3076830053329467,1.2769373824279049,1.3427448320724082,1.2726211785934851,38.39016103377079,-0.005219558531291968
2007-01-17,1.2939958572387695,1.2950012683868408,1.2903059720993042,1.3080429530143738,1.2771071670274063,1.34213318572053,1.2739527203082175,40.41422023986871,-0.005337125940146903
2007-01-18,1.2960922718048096,1.297706961631775,1.290355920791626,1.308299753665924,1.277296127018045,1.3418163722007082,1.2747831351311398,42.555830937533685,-0.005201179859877447
2007-01-19,1.2968990802764893,1.3003056049346924,1.2919062376022339,1.3085298037528992,1.2774912359454964,1.3415591403686968,1.2755004671371015,43.398971891662356,-0.004971035903408305
2007-01-22,1.2950012683868408,1.297808051109314,1.2928917407989502,1.308777949810028,1.277665513467722,1.3411926780551209,1.2763632215649352,41.8431979296227,-0.004885466106449687
2007-01-23,1.3023037910461426,1.3043931722640991,1.2935941219329834,1.3091961407661439,1.2779107378056895,1.3406954858849038,1.277696795647384,49.36500609242475,-0.004180211995196359
2007-01-24,1.29629385471344,1.303797960281372,1.295202612876892,1.3094721150398254,1.2780937041407703,1.3402501546653895,1.2786940754142613,44.288191289582116,-0.004059449854854957
2007-01-25,1.2939958572387695,1.3000012636184692,1.2919062376022339,1.309764151573181,1.2782519771264083,1.339641224528305,1.2798870786180572,42.48885828291147,-0.004101890143394904
2007-01-26,1.2928917407989502,1.2941968441009521,1.2887927293777466,1.3099219822883605,1.2783976852505277,1.3393450239369002,1.2804989406398208,41.614048592728324,-0.004176473559605265
2007-01-29,1.29629385471344,1.2963947057724,1.2900062799453735,1.310211763381958,1.2785758035878636,1.3387774266178771,1.281646100146039,45.34795637822507,-0.003915919017194236
2007-01-30,1.2965964078903198,1.298094391822815,1.2948001623153687,1.3104516124725343,1.2787551599385705,1.3383328566460584,1.2825703682990102,45.68065218207365,-0.0036430196890333555
2007-01-31,1.3023037910461426,1.3036959171295166,1.2928917407989502,1.3106197810173035,1.2789895352950797,1.3381931634133624,1.2830463986212446,51.65894320280591,-0.002932403955804297
2007-02-01,1.3018969297409058,1.304103970527649,1.3006945848464966,1.3107536673545837,1.2792175279497144,1.3380854499135293,1.283421884795638,51.22612249451802,-0.002374692201061901
2007-02-02,1.2963947057724,1.304955005645752,1.295303225517273,1.310511429309845,1.2793884884838445,1.3381376061556363,1.2828852524640537,45.655174769214426,-0.0023496003770155927
2007-02-05,1.2931926250457764,1.2966973781585693,1.2916558980941772,1.310109257698059,1.2795258775607634,1.3381519950620184,1.2820665203340997,42.74197114260688,-0.0025586021070003184
2007-02-06,1.2983977794647217,1.299106240272522,1.291605830192566,1.3096693444252014,1.279713704354101,1.3377436747362563,1.2815950141141466,48.49523470139957,-0.0022779660488447817
2007-02-07,1.3023037910461426,1.302592158317566,1.2974039316177368,1.3094193530082703,1.2799385366509277,1.3375296702809925,1.281309035735548,52.36338517758261,-0.0017205440987937415
2007-02-08,1.3040019273757935,1.3044953346252441,1.2978922128677368,1.3089973902702332,1.2801780317105194,1.3367784407746441,1.2812163397658223,53.9815100068632,-0.0011287462928408765
2007-02-09,1.3006945848464966,1.3044953346252441,1.298701286315918,1.3083293175697326,1.2803822257603206,1.3352395337799676,1.2814191013594975,50.391314314175666,-0.0009160574296267487
2007-02-12,1.29629385471344,1.3036959171295166,1.2943978309631348,1.3075831937789917,1.2805405882364722,1.3336902957536103,1.281476091804373,46.00676430686017,-0.001090036850205589
2007-02-13,1.3032032251358032,1.304206132888794,1.295706033706665,1.3070093607902527,1.2807661404271349,1.3321798432808003,1.281838878299705,52.93142940709004,-0.0006627485921779641
2007-02-14,1.3139914274215698,1.3148033618927002,1.3027958869934082,1.3067160606384278,1.2810968176854733,1.3311890840973877,1.282243037179468,61.28123247098073,0.0005401714343968855
2007-02-15,1.313508152961731,1.3168984651565552,1.312301516532898,1.3064141535758973,1.281419393274561,1.3301463217080012,1.2826819854437934,60.761234964095706,0.0014379225360923176
2007-02-16,1.3138015270233154,1.314699649810791,1.3103067874908447,1.3059020781517028,1.2817416774906596,1.327759576189393,1.2840445801140126,60.97770566502534,0.002148305261295169
2007-02-19,1.3152011632919312,1.3162916898727417,1.312508225440979,1.3057041001319885,1.2820746833270587,1.3270245717526616,1.2843836285113153,62.05326979552844,0.002792042708323228
2007-02-20,1.3148033618927002,1.318791389465332,1.3133012056350708,1.3054302167892455,1.2824004150615456,1.325890025690669,1.2849704078878221,61.53414060309524,0.003232843813511188
2007-02-21,1.313905119895935,1.3164995908737183,1.3115957975387573,1.3052721762657165,1.2827139645122163,1.3253338518586102,1.2852105006728227,60.307288210291375,0.0034697046475942184
2007-02-22,1.312508225440979,1.314198613166809,1.3085066080093384,1.3052093195915222,1.28301049017398,1.3251576391211446,1.2852610000618998,58.35862777895457,0.003504305405553687
2007-02-23,1.3168984651565552,1.3186001777648926,1.3108049631118774,1.3053493905067444,1.2833477575487202,1.3255290116134772,1.2851697694000115,62.46375410365302,0.003841697709977554
2007-02-26,1.319400429725647,1.3199926614761353,1.315495252609253,1.3055254244804382,1.2837065681208328,1.3260426871021482,1.2850081618587281,64.60525325715483,0.004261843296334167
2007-02-27,1.3232064247131348,1.326207160949707,1.3163957595825195,1.3055754065513612,1.2840996856018327,1.3262551593902256,1.2848956537124967,67.63058919291396,0.0048460613097598415
2007-02-28,1.322891354560852,1.3238019943237305,1.3183915615081787,1.3056591415405274,1.2844857541104076,1.3265882830199176,1.2847300000611372,67.11913717543457,0.005223422404315503
2007-03-01,1.317002534866333,1.3240998983383179,1.3162050247192383,1.3056313610076904,1.284809372014208,1.3264951060753647,1.284767615940016,58.25209185079601,0.004989786107845617
2007-03-02,1.3164995908737183,1.3203063011169434,1.314699649810791,1.305687394142151,1.2851247630388325,1.3266543576529823,1.2847204306313196,57.55277358365083,0.00470975317977218
2007-03-05,1.3086949586868286,1.319400429725647,1.3077536821365356,1.3055894041061402,1.2853593405541421,1.326451066512819,1.2847277416994614,47.93575568654735,0.003814090019737426
2007-03-06,1.3138015270233154,1.314198613166809,1.3085066080093384,1.3056455540657044,1.2856424049752577,1.3265815714465847,1.284709536684824,53.42020616076368,0.0034762557870682276
2007-03-07,1.3178529739379883,1.3186001777648926,1.3114066123962402,1.3057524490356445,1.2859629727208297,1.3268851388805978,1.2846197591906912,57.26638009938376,0.0034951477428473154
2007-03-08,1.314198613166809,1.3183046579360962,1.3119055032730103,1.3057403540611268,1.2862439804070906,1.326852582757719,1.2846281253645346,53.01421929651409,0.0031786024302400406
2007-03-09,1.3115957975387573,1.3162050247192383,1.3090033531188965,1.3055762505531312,1.286496287109644,1.3263675059237714,1.284784995182491,50.15753154878418,0.002686741438008289
2007-03-12,1.318791389465332,1.3199055194854736,1.3112518787384033,1.3055141878128051,1.2868176942391827,1.3261243613490366,1.2849040142765737,57.04817566292281,0.0028447694588866757
2007-03-13,1.319000244140625,1.3221042156219482,1.3162050247192383,1.3053422307968139,1.2871379806017507,1.3253345602485755,1.2853499013450522,57.23298824834365,0.0029528223330010928
2007-03-14,1.323504090309143,1.3242928981781006,1.3183046579360962,1.3054701805114746,1.28749990178577,1.3258479920664281,1.285092368956521,61.11824576208775,0.0033631099220836624
2007-03-15,1.328303575515747,1.3281975984573364,1.3198009729385376,1.3058503580093384,1.287905985523271,1.3272052532050056,1.284495462813671,64.78922768797545,0.0040290991901585915
2007-03-16,1.3318061828613281,1.334098219871521,1.3275980949401855,1.3065165042877198,1.2883428854620855,1.3289843668365817,1.284048641738858,67.22147265521673,0.00478438026604544
2007-03-19,1.3312920331954956,1.3323917388916016,1.3284975290298462,1.3070623064041138,1.288770319644199,1.330582108083401,1.2835425047248266,66.49535688220271,0.0052805870585279635
2007-03-20,1.33159339427948,1.33249831199646,1.3277919292449951,1.3077002310752868,1.2891964983456714,1.3321177718217063,1.2832826903288672,66.72225662905083,0.005633215634169408
2007-03-21,1.3399077653884888,1.3410038948059082,1.329097867012024,1.3086184692382812,1.2897011800511982,1.3343502203947701,1.2828867180817922,72.29654967084443,0.006508550069545205
2007-03-22,1.3334044218063354,1.3399975299835205,1.3315047025680542,1.3094964122772217,1.2901361166612482,1.3355600287496545,1.2834327958047889,63.3568761072769,0.006601396648320046
2007-03-23,1.3296988010406494,1.3342050313949585,1.3283917903900146,1.3102342247962953,1.2905298455526608,1.336457744625633,1.2840107049669576,58.88855913520519,0.0063033050276093405
2007-03-26,1.333191156387329,1.3345967531204224,1.3257851600646973,1.311026165485382,1.2909544113024454,1.337588012201606,1.2844643187691582,61.634748057182065,0.006276517374906199
2007-03-27,1.3365052938461304,1.336594581604004,1.33249831199646,1.3119161438941955,1.2914077332979501,1.338856128212798,1.284976159575593,64.08642438262461,0.00644837827192446
2007-03-28,1.3315047025680542,1.337095022201538,1.3312033414840698,1.3126663208007812,1.2918067772995327,1.339658429152181,1.2856742124493814,58.057762864082335,0.0061106337642498065
2007-03-29,1.3334933519363403,1.3352025747299194,1.3304064273834229,1.313414342403412,1.292221640296829,1.3406039558874032,1.2862247289194206,59.68209327834938,0.0059350209655160135
2007-03-30,1.3358982801437378,1.3396564722061157,1.3290449380874634,1.3141943264007567,1.2926563075949697,1.341686031374042,1.2867026214274715,61.61797683541554,0.005921643148687927
2007-04-02,1.337005615234375,1.3380074501037598,1.3336000442504883,1.3150344133377074,1.293097668496167,1.3426988289810684,1.2873699976943465,62.51056631763927,0.005932013263546532
2007-04-03,1.33249831199646,1.3382043838500977,1.3323917388916016,1.3156383037567139,1.2934897800156298,1.3434860729025684,1.2877905346108593,56.727720270519804,0.005512979753205416
2007-04-04,1.3373990058898926,1.3377926349639893,1.332196593284607,1.316460406780243,1.293926759800854,1.3444040545895155,1.2885167589709705,60.95691608791327,0.005512789709500199
2007-04-05,1.3432012796401978,1.3441040515899658,1.335594892501831,1.3174445152282714,1.2944171335965398,1.345623789883589,1.2892652405729539,65.28318238021288,0.00591267644497484
2007-04-06,1.3401951789855957,1.3432012796401978,1.3367018699645996,1.3183905839920045,1.294872710180006,1.3463809289529616,1.2904002390310474,61.48209562154598,0.00591879418898289
2007-04-09,1.335505723953247,1.3380074501037598,1.3344007730484009,1.3191748213768006,1.2952770834915714,1.3468335122166795,1.2915161305369218,56.0040063819752,0.005482049066306338
2007-04-10,1.3432012796401978,1.3452974557876587,1.3352025747299194,1.3201069188117982,1.2957540167346553,1.3478010714432092,1.2924127661803873,61.98933739772872,0.005691286827654851
2007-04-11,1.3439956903457642,1.3441040515899658,1.3413995504379272,1.3209407567977904,1.296234108701044,1.3489557562204366,1.2929257573751443,62.555643448329675,0.005853733371290248
2007-04-12,1.3491089344024658,1.34969162940979,1.3435983657836914,1.3218849968910218,1.2967603080949157,1.3504571279865072,1.2933128657955364,66.0606248756371,0.006322191204914951
2007-04-13,1.3521004915237427,1.3549033403396606,1.348508596420288,1.3229991126060485,1.2973110413707596,1.3518571751884922,1.2941410500236048,67.95079983492889,0.0068558115434416145
2007-04-16,1.3529053926467896,1.3577916622161865,1.3529053926467896,1.3241933679580689,1.2978643032222195,1.3529588473388183,1.2954278885773194,68.45977070450189,0.007259969886365791
2007-04-17,1.3572019338607788,1.359194278717041,1.3529053926467896,1.32536945104599,1.2984548164110192,1.3546343095637685,1.2961045925282113,71.09829071083941,0.00783662748964331
2007-04-18,1.361396312713623,1.3616001605987549,1.3565024137496948,1.3265513014793395,1.2990811934257376,1.3567713960007994,1.2963312069578796,73.43467380269055,0.008533712785433467
2007-04-19,1.362434983253479,1.3629920482635498,1.356704831123352,1.3277199625968934,1.2997116725395814,1.358885404980949,1.296554520212838,73.99529220134727,0.009065468854711378
2007-04-20,1.3588987588882446,1.363754153251648,1.35869562625885,1.3288840460777283,1.3003006849252616,1.3602765325904542,1.2974915595650023,68.68111294938927,0.009096684699172908
2007-04-23,1.3584003448486328,1.3605997562408447,1.3547931909561157,1.3301261758804321,1.300878874723017,1.361168185024615,1.2990841667362494,67.94049209531786,0.00897771611034437
2007-04-24,1.3636053800582886,1.364498496055603,1.3551971912384033,1.331334218978882,1.3015031085518407,1.3627981224857109,1.299870315472053,71.4080268847061,0.009197413430860113
2007-04-25,1.3639029264450073,1.3663069009780884,1.3626019954681396,1.3323324489593507,1.302124090407231,1.364704452642219,1.2999604452764824,71.59714869128089,0.009288463027004257
2007-04-26,1.3588987588882446,1.365392804145813,1.3588987588882446,1.3332402610778809,1.302689091882569,1.3660010573182841,1.3004794648374776,63.93740350797874,0.008854753896640366
2007-04-27,1.3655046224594116,1.36759614944458,1.3588987588882446,1.3342743229866028,1.3033142090125274,1.3677860816520164,1.300762564321189,68.69811180211536,0.00894100789537533
2007-04-30,1.3652063608169556,1.36759614944458,1.359194278717041,1.3352744269371033,1.3039301361626667,1.3694411373930473,1.3011077164811593,68.2599514846508,0.008882901035209612
2007-05-01,1.3601001501083374,1.3672035932540894,1.359397530555725,1.336180362701416,1.304489118007346,1.3705331854923357,1.3018275399104962,61.07775446682035,0.008328813028008364
2007-05-02,1.3588064908981323,1.3610997200012207,1.3562631607055664,1.33707839012146,1.30502966236467,1.3714020106973979,1.3027547695455222,59.3732887104147,0.007696585358554886
2007-05-03,1.3556013107299805,1.3620080947875977,1.3549952507019043,1.33794025182724,1.305532930121899,1.3719079726402812,1.303972531014199,55.258729119067205,0.006857856027380649
2007-05-04,1.3588987588882446,1.3608959913253784,1.353692889213562,1.3387802577018737,1.3060640036798221,1.3727013497370977,1.3048591656666497,58.4489753353319,0.006385623999599854
2007-05-07,1.360007643699646,1.3626948595046997,1.359194278717041,1.3395924019813537,1.3066008266574358,1.3735640482703793,1.305620755692328,59.49494303953354,0.006031329045415035
2007-05-08,1.3540961742401123,1.3623050451278687,1.3521004915237427,1.3402101969718934,1.3070734784965805,1.3740889325012922,1.3063314614424946,51.98240620430515,0.005213444220772745
2007-05-09,1.3527040481567383,1.3565024137496948,1.3523015975952148,1.3408064508438111,1.307527572337885,1.3744899051653119,1.3071229965223103,50.369381628353366,0.004402186004265118
2007-05-10,1.3483085632324219,1.3562999963760376,1.347091555595398,1.3414325714111328,1.3079334049469522,1.3744676163035485,1.308397526518717,45.56208317113151,0.0033657805015940845
2007-05-11,1.3521004915237427,1.3531982898712158,1.3467469215393066,1.3421445894241333,1.3083729337790193,1.3745141409505934,1.3097750378976731,49.99590317502716,0.0028179154215830504
2007-05-14,1.3542977571487427,1.3558034896850586,1.3527954816818237,1.3430566453933717,1.3088299541589987,1.3741229086665294,1.311990382120214,52.414472697644634,0.002531843851242943
2007-05-15,1.3596007823944092,1.3606922626495361,1.3529419898986816,1.3439726305007935,1.309335198876976,1.3742077983281082,1.3137374626734788,57.72852915810938,0.0027018941350893666
2007-05-16,1.3523930311203003,1.3610997200012207,1.3508949279785156,1.3446634316444397,1.3097636873682887,1.374028595237764,1.3152982680511154,49.61796591798133,0.002229356288486528
2007-05-17,1.34969162940979,1.3544079065322876,1.348199486732483,1.3453732919692993,1.3101610283851166,1.3734189031089687,1.31732768082963,46.95528534916275,0.001618232126480823
2007-05-18,1.3512965440750122,1.3523015975952148,1.347091555595398,1.3461673069000244,1.3105703860209483,1.3725056974826433,1.3198289163174055,48.716080292995706,0.0012490171337991018
2007-05-21,1.3466018438339233,1.352594256401062,1.3441040515899658,1.3467235159873963,1.3109289505013244,1.371848894759521,1.3215981372152714,44.10411161705073,0.000571006312507949
2007-05-22,1.3452069759368896,1.3475998640060425,1.3441944122314453,1.3472476506233215,1.3112700654220948,1.3710722157231996,1.3234230855234435,42.807401868050036,-7.797745450632831e-05
2007-05-23,1.3458044528961182,1.350001335144043,1.341795563697815,1.3476936578750611,1.3116137311069382,1.3705179223387645,1.3248693934113578,43.57269144736732,-0.0005378899082171262
2007-05-24,1.3430029153823853,1.346203088760376,1.3421918153762817,1.3479876446723937,1.3119260972389066,1.3701619222897232,1.3258133670550643,40.814880646886124,-0.0011155748527245102
2007-05-25,1.3450080156326294,1.3472005128860474,1.3415075540542603,1.3482516813278198,1.3122553080576451,1.369948780572045,1.3265545820835947,43.56784778584645,-0.0013955128963765162
2007-05-28,1.3452069759368896,1.3460036516189575,1.3448090553283691,1.3485299801826478,1.312583222331992,1.3696894880465746,1.327370472318721,43.846958694964975,-0.0015830628163180371
2007-05-29,1.3445920944213867,1.351807951927185,1.3422999382019043,1.3487899541854858,1.3129017541381018,1.3694127237453078,1.3281671846256637,43.13687657381218,-0.0017610134121948118
2007-05-30,1.3432012796401978,1.3458044528961182,1.3413995504379272,1.34885582447052,1.3132032752860971,1.3693836178915357,1.3283280310495043,41.49976860967869,-0.0019913130534785495
2007-05-31,1.3456052541732788,1.3472005128860474,1.3426964282989502,1.349099841117859,1.3135257183264353,1.3691627510849789,1.329036931150739,45.35976112966045,-0.0019572841708941358
2007-06-01,1.3441944122314453,1.3458044528961182,1.33969247341156,1.3493897533416748,1.3138309125298506,1.3687137044035862,1.3300658022797633,43.54387289185114,-0.00202086392866363
2007-06-04,1.349199891090393,1.349800944328308,1.3437970876693726,1.349709928035736,1.3141828804236007,1.368460385335254,1.3309594707362182,51.033637263295226,-0.0016483498820010212
2007-06-05,1.3520090579986572,1.3549952507019043,1.3489997386932373,1.3500200033187866,1.3145593002801637,1.3683880478859811,1.331651958751592,54.66838953560508,-0.0011136164466971632
2007-06-06,1.3492909669876099,1.3538944721221924,1.34890878200531,1.3503757286071778,1.3149049253477803,1.3679520464124866,1.332799410801869,50.743490889834085,-0.0008988027367653473
2007-06-07,1.3428045511245728,1.3514060974121094,1.3426063060760498,1.3505619525909425,1.315182562468864,1.367597160372158,1.333526744809727,42.839260207164635,-0.0012376935145055334
2007-06-08,1.3360053300857544,1.3430029153823853,1.3329956531524658,1.3505640935897827,1.3153897755444452,1.3675918044159585,1.3335363827636069,36.4328911228836,-0.002031489465808667
2007-06-11,1.335594892501831,1.3363981246948242,1.3337067365646362,1.3505358791351318,1.3155908420025584,1.3676596919112065,1.3334120663590572,36.082111318908375,-0.0026629999532588045
2007-06-12,1.3306012153625488,1.337005615234375,1.330300211906433,1.3504979372024537,1.3157402140427183,1.36779243513797,1.3332034392669374,32.04013881233392,-0.003525781560482777
2007-06-13,1.3310085535049438,1.33159339427948,1.3265942335128784,1.3503701281547547,1.3158921530163652,1.3681474540907024,1.332592802218807,32.70238639115561,-0.004129075998538623
2007-06-14,1.33159339427948,1.332196593284607,1.329097867012024,1.3501379704475402,1.3160483997459969,1.3685878731064296,1.331688067788651,33.70132770699189,-0.004508033619006424
2007-06-15,1.3379000425338745,1.3394949436187744,1.3309022188186646,1.3500920677185058,1.3162658503475637,1.3686540192543613,1.3315301161826503,43.449484938932606,-0.004250469687466785
2007-06-18,1.341597557067871,1.3419036865234375,1.3382043838500977,1.3502139043807984,1.3165179316004065,1.3684623980333195,1.3319654107282772,48.25340159754532,-0.0037052777590473873
2007-06-19,1.3424079418182373,1.343706727027893,1.3387060165405273,1.3501980376243592,1.316775568402365,1.3684727791653046,1.3319232960834138,49.27055180376345,-0.003171261621264687
2007-06-20,1.3396027088165283,1.3439054489135742,1.3396027088165283,1.3501101779937743,1.3170027257414416,1.368548141492601,1.3316722144949475,45.906664868184265,-0.002940512446542476
2007-06-21,1.3394052982330322,1.3406083583831787,1.3375064134597778,1.3499161052703856,1.3172256579109982,1.3685997232200042,1.331232487320767,45.6703589680633,-0.0027419637955543585
2007-06-22,1.347091555595398,1.3472912311553955,1.338401436805725,1.3498159265518188,1.3175228587403973,1.3685054523752869,1.3311264007283508,55.31506740685393,-0.0019420095495423784
2007-06-25,1.3468012809753418,1.347400188446045,1.3443028926849365,1.34969384431839,1.3178142132273067,1.3683807450748748,1.331006943561905,54.918560968809864,-0.0013162894170926087
2007-06-26,1.3448994159698486,1.3477997779846191,1.3437970876693726,1.3494477939605714,1.3180837423717928,1.3680549930923689,1.3308405948287738,52.27461285536461,-0.0009627681238213448
2007-06-27,1.345496654510498,1.3456957340240479,1.3421016931533813,1.3491298007965087,1.3183565323562512,1.367444687568882,1.3308149140241354,53.039191504084116,-0.0006271780745816802
2007-06-28,1.344700574874878,1.3475998640060425,1.3428045511245728,1.3487751126289367,1.3186186856233109,1.3667214718786798,1.3308287533791936,51.84688276226972,-0.0004206089975393734
2007-06-29,1.3536012172698975,1.3551052808761597,1.3433998823165894,1.3486691617965698,1.3189668013985256,1.3664331967075647,1.330905126885575,62.10417484028031,0.00045604889202577326
2007-07-02,1.363493800163269,1.3639960289001465,1.3531067371368408,1.3487710309028627,1.3194098950306683,1.3668189864844724,1.330723075321253,69.80329221579788,0.0019268438922444009
2007-07-03,1.3611923456192017,1.3634008169174194,1.358991026878357,1.3487227702140807,1.3198256769635015,1.3666211027620943,1.3308244376660672,66.42232445761042,0.002873626006937524
2007-07-04,1.3615074157714844,1.3631035089492798,1.3608033657073975,1.3486748600006104,1.3202404563429928,1.3664195033944697,1.3309302166067511,66.66040014705831,0.003607792792626352
2007-07-05,1.3598966598510742,1.3655046224594116,1.3584003448486328,1.348694818019867,1.3206350790689774,1.3664885736081012,1.3309010624316329,64.15597148788925,0.004013386892690152
2007-07-06,1.3629920482635498,1.3639960289001465,1.3574045896530151,1.3486445665359497,1.321056577018647,1.3662578321684504,1.331031300903449,66.74185452260755,0.004532349016610704
2007-07-09,1.3623977899551392,1.3639029264450073,1.3613035678863525,1.3485883951187134,1.3214679667424154,1.3660028687135248,1.331173921523902,65.7609985183054,0.004839887351015815
2007-07-10,1.3760079145431519,1.3779988288879395,1.3601926565170288,1.3489065504074096,1.3220106976835773,1.3677056625505748,1.3301074382642444,74.87000342673198,0.006111388721447897
2007-07-11,1.3754022121429443,1.3780938386917114,1.3733056783676147,1.349238464832306,1.322542000044674,1.369294984913418,1.3291819447511939,73.92738255335617,0.006989615658135273
2007-07-12,1.378796935081482,1.379805088043213,1.3744003772735596,1.349702377319336,1.3231017960301201,1.3713680947858158,1.3280366598528561,75.76872746285956,0.007868835564789123
2007-07-13,1.3784927129745483,1.38089120388031,1.376595139503479,1.350094256401062,1.323652993678781,1.3731059164815362,1.327082596320588,75.25579336552029,0.00844374130004999
2007-07-16,1.377695083618164,1.380395531654358,1.3767088651657104,1.3504480051994323,1.3241907686561964,1.3745973629473387,1.326298647451526,73.84428483085597,0.008734312496681662
2007-07-17,1.379006028175354,1.379805088043213,1.3765003681182861,1.350946202278137,1.3247362370433389,1.3763955311222247,1.3254968734340495,74.68470120651955,0.00896700844166265
2007-07-18,1.3807005882263184,1.3832980394363403,1.3765003681182861,1.3515061330795288,1.3252931396420526,1.3783092618702864,1.3247030042887713,75.76854028610185,0.009182310528643045
2007-07-19,1.379805088043213,1.382991909980774,1.379006028175354,1.3521360635757447,1.3258355889254054,1.3800882972662518,1.3241838298852375,73.9663147933278,0.009174916872455308
2007-07-20,1.3833937644958496,1.3844088315963745,1.3783977031707764,1.3527619290351867,1.3264083508251838,1.3820789401648426,1.3234449179055308,76.38996605247715,0.009350842848900864
2007-07-23,1.3804908990859985,1.3846004009246826,1.379805088043213,1.3532857918739318,1.326946526318807,1.3836328091872125,1.3229387745606511,70.6595930688201,0.009150546668419635
2007-07-24,1.3824948072433472,1.3849073648452759,1.3802051544189453,1.3537436723709106,1.3274992869038522,1.3851518964710878,1.3223354482707335,72.20940843055601,0.009049195648760833
2007-07-25,1.3726081848144531,1.3827050924301147,1.3701069355010986,1.3541479754447936,1.3279481649215672,1.3860025047135884,1.3222934461759988,56.38486489609265,0.008077988409415315
2007-07-26,1.3750051259994507,1.3767088651657104,1.3696941137313843,1.3546542453765869,1.3284164277435644,1.3870202093902726,1.322288281362901,58.7453662433491,0.00741622319209978
2007-07-27,1.3636053800582886,1.3754022121429443,1.3629920482635498,1.3549004220962524,1.328766592006347,1.3873492828734,1.3224515613191048,45.99551782681653,0.00590384936337407
2007-07-30,1.3711966276168823,1.3717986345291138,1.3626019954681396,1.3553923177719116,1.3291888117777082,1.3880725580423772,1.322712077501446,53.26895314461726,0.005257230364193344
2007-07-31,1.3672035932540894,1.3727024793624878,1.3672035932540894,1.3558322501182556,1.3295670952419285,1.3885450570622628,1.3231194431742483,49.492987607614275,0.0043721759243369185
2007-08-01,1.367708444595337,1.3710086345672607,1.3645915985107422,1.35627032995224,1.3299466379087863,1.389021658167701,1.323519001736779,49.975800829554466,0.0036692048784594533
2007-08-02,1.3707079887390137,1.3708019256591797,1.3652995824813843,1.3568244314193725,1.3303522517952833,1.3895970265581215,1.3240518362806235,52.85917548090139,0.003315909661629979
2007-08-03,1.3787018060684204,1.3815971612930298,1.3689066171646118,1.3574983072280884,1.330833375129053,1.3906624790229554,1.3243341354332214,59.550574580584986,0.0036390067042189056
2007-08-06,1.3796910047531128,1.3838915824890137,1.3783977031707764,1.3581879878044127,1.331319553954006,1.3917408326260958,1.3246351429827297,60.301518742678034,0.003929585687314274
2007-08-07,1.374098300933838,1.3815971612930298,1.3737962245941162,1.3587781119346618,1.3317452419569387,1.3923927910884284,1.3251634327808952,54.17749098379321,0.003666324065269455
2007-08-08,1.3803004026412964,1.3824948072433472,1.3727024793624878,1.359520094394684,1.3322284102803188,1.3933683643753294,1.3256718244140384,59.13396821611259,0.003913038041011507
2007-08-09,1.367409110069275,1.3815971612930298,1.366400122642517,1.3599561715126038,1.3325784902337476,1.3936341138374666,1.326278229187741,47.60716594588796,0.0030333742209214254
2007-08-10,1.3689066171646118,1.3705013990402222,1.3647964000701904,1.3604504156112671,1.332939987891825,1.393908839523462,1.3269919916990722,48.854369847686606,0.002429069808559614
2007-08-13,1.3613035678863525,1.3711025714874268,1.3605997562408447,1.3606924891471863,1.3332222309333293,1.3939934466475465,1.327391531646826,43.22793081414422,0.0013214191748700532
2007-08-14,1.3534914255142212,1.3626019954681396,1.3531982898712158,1.3607221364974975,1.3334239274548652,1.3939941668920612,1.3274501061029338,38.34175373190733,-0.00018464802565354432
2007-08-15,1.3428045511245728,1.3534914255142212,1.3421918153762817,1.3605924081802367,1.3335172729473854,1.394096133027048,1.3270886833334254,32.868453582401386,-0.0022150251508714636
2007-08-16,1.3424980640411377,1.344700574874878,1.3382940292358398,1.360586278438568,1.3336066396958384,1.3941033960761824,1.3270691608009537,32.72417821277614,-0.003804983120009986
2007-08-17,1.349400281906128,1.3534914255142212,1.3385984897613525,1.3608541774749756,1.3337638001897154,1.3937782464479769,1.3279301085019743,39.197073443683024,-0.00445671078044696
2007-08-20,1.347490906715393,1.3508037328720093,1.3464930057525635,1.3610920977592469,1.3339003967689131,1.393437990621901,1.3287462048965928,38.104860699352116,-0.005068849723008029
2007-08-21,1.345496654510498,1.3520090579986572,1.3456957340240479,1.3613900065422058,1.3340157894891806,1.3928519785030629,1.3299280345813487,36.946870860301814,-0.005649766737393591
2007-08-22,1.3549952507019043,1.3558034896850586,1.345406174659729,1.361869740486145,1.3342245530124521,1.3921501781082202,1.33158930286407,45.450074157937905,-0.005282793571145916
2007-08-23,1.3556932210922241,1.3588064908981323,1.3540045022964478,1.3623517370223999,1.3344381844321107,1.3914075752791197,1.33329589876568,46.02607376455923,-0.004879397656810891
2007-08-24,1.366698980331421,1.3687005043029785,1.3556013107299805,1.3629277157783508,1.3347592064667513,1.3911345131361021,1.3347209184205995,54.232481326972795,-0.0036297887514920024
2007-08-27,1.3637913465499878,1.3687005043029785,1.3636983633041382,1.3633715915679931,1.3350481004913588,1.3908986554486271,1.3358445276873592,51.98373269136811,-0.0028413333153423093
2007-08-28,1.3598966598510742,1.367895483970642,1.3598966598510742,1.36372136592865,1.3352953642512082,1.390597938226763,1.336844793630537,49.04988900447055,-0.0025019049659606996
2007-08-29,1.367409110069275,1.3681949377059937,1.3565024137496948,1.3642774939537048,1.3356149224522726,1.390252702092195,1.3383022858152145,54.396311154407634,-0.0016081755584012036
2007-08-30,1.3642005920410156,1.367708444595337,1.3596007823944092,1.3647733998298646,1.335899373227838,1.389737535370881,1.3398092642888482,51.89179208716152,-0.001145583579708065
2007-08-31,1.3642005920410156,1.372005581855774,1.3623050451278687,1.365115580558777,1.3361809933255897,1.3895539660330536,1.3406771950845002,51.89179208716152,-0.0007700988832424205
2007-09-03,1.361396312713623,1.3655046224594116,1.3608033657073975,1.3654074811935424,1.3364319060781682,1.3892954577973808,1.341519504589704,49.57797089441466,-0.0006908428550542745
2007-09-04,1.3620080947875977,1.3628062009811401,1.3556013107299805,1.3657496547698975,1.3366864096295397,1.3889179034898151,1.3425814060499799,50.100710787764434,-0.0005720716948172111
2007-09-05,1.365392804145813,1.3672035932540894,1.3572019338607788,1.3661475777626038,1.3369720610768094,1.3885673778848115,1.343727777640396,53.00365523778632,-0.00020249272651384764
2007-09-06,1.3696004152297974,1.3710086345672607,1.3637913465499878,1.3666455745697021,1.3372967389631005,1.3882108134590259,1.3450803356803784,56.399404961390076,0.0004250209416942763
2007-09-07,1.3775053024291992,1.379196286201477,1.3666056394577026,1.3671236562728881,1.3376968457008014,1.3885680876387303,1.345679224907046,61.96039772955729,0.0015424084533002258
2007-09-11,1.384006381034851,1.384696364402771,1.3779988288879395,1.36753390789032,1.3381576616461817,1.3894740207561658,1.345593795024474,65.82130853883615,0.0029188817662253452
2007-09-12,1.390801191329956,1.3914011716842651,1.3827050924301147,1.368126084804535,1.3386815054909649,1.39094816891883,1.3453040006902397,69.32564533376211,0.004506087812528481
2007-09-13,1.3866932392120361,1.3924086093902588,1.3865971565246582,1.368629801273346,1.3391592591320747,1.3919617065370897,1.3452978960096023,64.98741703349808,0.005370574001079875
2007-09-14,1.3878093957901,1.3896995782852173,1.384696364402771,1.3691880559921266,1.3396433651213882,1.392997906054342,1.345378205929911,65.61699105050806,0.006075713004023209
2007-09-17,1.3865010738372803,1.3889081478118896,1.3855020999908447,1.369658236503601,1.340109634844837,1.3938933625531065,1.3454231104540955,64.16064181005946,0.006454565878992735
2007-09-18,1.3979953527450562,1.3989927768707275,1.3833937644958496,1.3703701877593994,1.3406856413263721,1.3957969384045663,1.3449434371142326,70.38047926258297,0.007594754159671924
2007-09-19,1.3969016075134277,1.3987970352172852,1.3940001726150513,1.3707880616188048,1.3412450322389502,1.3972583253127153,1.3443177979248944,69.15067954592013,0.00831426382936562
2007-09-20,1.4078954458236694,1.4098008871078491,1.3969016075134277,1.3714379262924195,1.3419082533769013,1.3998917103857638,1.3429841421990751,74.05761100739252,0.009660234132884415
2007-09-21,1.4092049598693848,1.411791205406189,1.4047904014587402,1.3720460867881774,1.3425779052785085,1.402379632929529,1.3417125406468258,74.5763487075153,0.010709143791620024
2007-09-24,1.407400131225586,1.4129084348678589,1.4072020053863525,1.3726242351531983,1.3432229339566197,1.4045209510685834,1.3407275192378132,72.42679832051319,0.01126492264905421
2007-09-25,1.4152077436447144,1.4152077436447144,1.4066082239151,1.3733744883537293,1.3439392352477797,1.4074484219589571,1.3393005547485015,75.69102370818857,0.012194816218666027
2007-09-26,1.4133076667785645,1.4162099361419678,1.4113928079605103,1.3740605211257935,1.3446295013393754,1.409931111778765,1.338189930472822,73.41327836800764,0.012632819963727115
2007-09-27,1.4152077436447144,1.4185000658035278,1.4126089811325073,1.3747506642341614,1.3453318055901333,1.412425161274137,1.3370761671941858,74.24784133737776,0.012983594614123461
2007-09-28,1.4264928102493286,1.4275925159454346,1.4152077436447144,1.3756844186782837,1.3461394155547224,1.4160858353684402,1.3352830019881272,78.55373772024183,0.014010690099398815
2007-10-01,1.4236091375350952,1.4275925159454346,1.4215044975280762,1.3764887261390686,1.346910294261375,1.4190595424381158,1.3339179098400213,75.09827340509898,0.014425691985594291
2007-10-02,1.4152077436447144,1.423892855644226,1.4143071174621582,1.3771830630302428,1.3475899020337947,1.4211305280931987,1.333235597967287,65.99052171347532,0.013916243899641856
2007-10-03,1.4099997282028198,1.4199906587600708,1.4087086915969849,1.3777331614494324,1.3482109235209914,1.422630313415654,1.3328360094832108,61.04789804199008,0.012943059764005005
2007-10-04,1.4135074615478516,1.4146071672439575,1.4075981378555298,1.3785511469841003,1.3488606695197507,1.424544109857612,1.3325581841105887,63.05500530643184,0.012312913488520039
2007-10-05,1.4133076667785645,1.415608525276184,1.4045929908752441,1.3793171977996825,1.3495019617097965,1.4263336252161767,1.3323007703831884,62.856335910309085,0.011662952994923037
2007-10-08,1.4049086570739746,1.4152077436447144,1.4039028882980347,1.3801432633399964,1.3500532964001912,1.4274832079293283,1.3328033187506645,55.00976589608617,0.010350807070571566
2007-10-09,1.4106959104537964,1.4113928079605103,1.4016989469528198,1.3809332489967345,1.3506567318147658,1.428976877061649,1.33288962093182,58.82397348301563,0.009666475837398103
2007-10-10,1.414107084274292,1.4170929193496704,1.4097015857696533,1.3818713188171388,1.3512881058694857,1.4306467986655311,1.3330958389687464,60.92669728515483,0.009292276049653214
2007-10-11,1.4201923608779907,1.4239943027496338,1.4138071537017822,1.3829209971427918,1.3519737496601407,1.432701048143447,1.3331409461421366,64.41757397384613,0.009378639864682237
2007-10-12,1.4190032482147217,1.4213024377822876,1.4161096811294556,1.383886902332306,1.3526407380764234,1.4345657855306473,1.3332080191339646,63.22880698270697,0.009244566745316485
2007-10-15,1.4203940629959106,1.4242985248565674,1.4163904190063477,1.3847207474708556,1.3533149287659987,1.43641324516836,1.3330282497733512,64.0641244819094,0.009145120702770848
2007-10-16,1.4176956415176392,1.4223941564559937,1.4147073030471802,1.3854808402061463,1.3539555594520574,1.4379827808313541,1.3329788995809384,61.16114071891714,0.008747730543503751
2007-10-17,1.4217066764831543,1.422798991203308,1.4162901639938354,1.3864330077171325,1.3546297276122257,1.439811881884645,1.33305413354962,63.78786894614775,0.008656664341401
2007-10-18,1.4294904470443726,1.4305946826934814,1.4199906587600708,1.3874168086051941,1.3553746406863083,1.4421308463275537,1.3327027708828345,68.27228349539496,0.00910759229801128
2007-10-19,1.4296947717666626,1.4318032264709473,1.4250088930130005,1.3886625218391417,1.3561141742537928,1.4443448904719747,1.3329801532063088,68.38296838537757,0.009373392614535403
2007-10-22,1.4179972410202026,1.4349054098129272,1.4126089811325073,1.3896443343162537,1.3567299507080621,1.4456352066451192,1.333653461987388,56.27840191783622,0.008541685080874828
2007-10-23,1.4258012771606445,1.4274091720581055,1.417293906211853,1.3909342885017395,1.3574172547129615,1.4472311722664342,1.3346374047370448,61.211442413185196,0.008415265422334173
2007-10-24,1.4263097047805786,1.427001714706421,1.4195069074630737,1.3923906540870667,1.358102778513878,1.4485011909796517,1.3362801171944818,61.51608627496202,0.008260876549314622
2007-10-25,1.4326032400131226,1.4335068464279175,1.4250901937484741,1.3941866278648376,1.3588441053157292,1.4495627449163904,1.3388105108132848,65.1634126120748,0.008547823957387513
2007-10-26,1.4393045902252197,1.4399055242538452,1.431905746459961,1.3961227583885192,1.359644737819111,1.4508885256557944,1.341356991121244,68.57830717633897,0.009209809847214423
2007-10-29,1.441794753074646,1.4436055421829224,1.4378972053527832,1.3979706478118896,1.360462181902069,1.4525364665306422,1.343404829093137,69.76437825578151,0.009822150132392293
2007-10-30,1.44400155544281,1.4443979263305664,1.4377937316894531,1.399900860786438,1.3612934506561478,1.4540042041531094,1.3457975174197667,70.8157353926571,0.010366011796788088
2007-10-31,1.4471989870071411,1.4498006105422974,1.442605972290039,1.401934907436371,1.362148263883356,1.4553323635380147,1.3485374513347272,72.31768797880295,0.010929048817651221
2007-11-01,1.442710041999817,1.4475969076156616,1.4407975673675537,1.4036892032623292,1.3629499031140466,1.45655305181699,1.3508253547076683,67.09688239796988,0.010887534644607566
2007-11-02,1.4487924575805664,1.4523905515670776,1.442605972290039,1.4055511879920959,1.3638040890038696,1.4580721453780665,1.3530302306061253,70.2326877627375,0.011216141767386834
2007-11-05,1.4478065967559814,1.4512102603912354,1.4451075792312622,1.407173340320587,1.3646399650011054,1.459806441520796,1.354540239120378,69.08344900658687,0.01126713404261892
2007-11-06,1.4564096927642822,1.4570038318634033,1.4471989870071411,1.409025707244873,1.3655531292295535,1.4619454684520432,1.356105946037703,73.2040780747584,0.011864971728518414
2007-11-07,1.4623944759368896,1.4722987413406372,1.4557099342346191,1.4110756635665893,1.3665167587878015,1.46416825494343,1.3579830721897486,75.63676271308644,0.012675568325502207
2007-11-08,1.4681053161621094,1.4700909852981567,1.4625015258789062,1.413089587688446,1.3675276255875235,1.4670535997225271,1.3591255756543648,77.71574811729582,0.013621765810330366
2007-11-09,1.467502236366272,1.4749915599822998,1.464707851409912,1.4151556205749511,1.3685224323085177,1.4693891154837608,1.3609221256661415,76.96879969921697,0.014159745898087994
2007-11-12,1.4523905515670776,1.466404676437378,1.4523905515670776,1.4169194197654724,1.3693569695904881,1.470115289949402,1.3637235495815427,61.11735292999497,0.013214385117927163
2007-11-13,1.4620951414108276,1.463100552558899,1.4523905515670776,1.4189333963394164,1.3702797688151265,1.4711654396236231,1.3667013530552097,65.96497983178381,0.013097281871799149
2007-11-14,1.46500825881958,1.471995234489441,1.4617104530334473,1.420993399620056,1.3712223725549322,1.4721757507348912,1.369811048505221,67.28355518810257,0.013088662975140108
2007-11-15,1.4620951414108276,1.4700909852981567,1.461091160774231,1.4229274463653565,1.3721266093173017,1.4728264506289581,1.373028442101755,64.58879091729548,0.012700366291587883
2007-11-16,1.4634003639221191,1.467007040977478,1.4588104486465454,1.424803445339203,1.3730348358195668,1.4735591641019992,1.3760477265764066,65.26014419150734,0.012355532038519135
2007-11-19,1.4668993949890137,1.468989610671997,1.4623944759368896,1.4265913271903992,1.3739688420151808,1.4748210918603315,1.3783615625204668,67.06292651390883,0.012223683953405562
2007-11-20,1.4833053350448608,1.4848912954330444,1.4638073444366455,1.4285773062705993,1.3750568024726346,1.4778169496270632,1.3793376629141354,73.9015413444617,0.013289818888858163
2007-11-21,1.4857958555221558,1.4869003295898438,1.4783931970596313,1.4304771995544434,1.376158718847844,1.4810793638607203,1.3798750352481666,74.75833227444406,0.014172332863383375
2007-11-22,1.4855971336364746,1.4874091148376465,1.4824918508529663,1.4324552774429322,1.3772476927881565,1.4837985602865196,1.3811119945993449,74.54803363655714,0.014686400666066524
2007-11-23,1.480100154876709,1.4957072734832764,1.4788086414337158,1.4343010926246642,1.3782711324626955,1.4857289127811082,1.3828732724682202,68.7839899679646,0.014483288523046811
2007-11-27,1.4837895631790161,1.4904906749725342,1.4811961650848389,1.436246862411499,1.3793210996924745,1.4876548101196032,1.3848389147033948,70.43621230752481,0.014453415130004199
2007-11-28,1.4840978384017944,1.4857958555221558,1.4714971780776978,1.4379689121246337,1.3803636863511006,1.4899125900007022,1.3860252342485653,70.57634976397495,0.0142898905221156
2007-11-29,1.4759929180145264,1.4844063520431519,1.4726022481918335,1.4395507383346557,1.3813152499504513,1.491206172314991,1.3878953043543205,62.22504739351312,0.013352378840915113
2007-11-30,1.469594120979309,1.4783931970596313,1.4629936218261719,1.4407847118377686,1.3821936731414155,1.4923012160667923,1.3892682076087448,56.53701387341285,0.011955251932995292
2007-12-03,1.467007040977478,1.4703936576843262,1.4626084566116333,1.4419407534599304,1.3830376124216581,1.4931580960642659,1.390723410855595,54.37292153622919,0.010518017894644238
2007-12-04,1.4766032695770264,1.476908564567566,1.4638073444366455,1.4433248162269592,1.383968641479147,1.4944725033088169,1.3921771291451015,60.42421080993407,0.010037627491972678
2007-12-05,1.4598966836929321,1.477104902267456,1.4597901105880737,1.4442185950279236,1.384724166475778,1.4949207402088027,1.3935164498470445,48.39144089262424,0.008214145225712732
2007-12-06,1.4659103155136108,1.4659103155136108,1.454101324081421,1.4452706480026245,1.385532012237967,1.495535961780141,1.395005334225108,52.08985804260289,0.007171602453218906
2007-12-07,1.4656095504760742,1.4667917490005493,1.460408329963684,1.4462786841392516,1.386328826498114,1.496102830047631,1.3964545382308724,51.88957256885569,0.006249075121880665
2007-12-10,1.4708911180496216,1.473491907119751,1.4641932249069214,1.4471666502952576,1.3871702662082657,1.4971338431791785,1.3971994574113367,55.15073046012987,0.005876404396677692
2007-12-11,1.466490626335144,1.4749915599822998,1.4646005630493164,1.4480242800712586,1.3879595456940341,1.4978128187642294,1.3982357413782878,51.98870981719293,0.00516642196071504
2007-12-12,1.4716053009033203,1.4739913940429688,1.4653087854385376,1.4491522312164307,1.3887918649132016,1.4984592936402596,1.3998451687926017,55.20354395216751,0.004959299539565087
2007-12-13,1.4629936218261719,1.4732965230941772,1.4587039947509766,1.4502121090888977,1.3895302111822898,1.4983484223416343,1.4020757958361612,49.22671822894923,0.00405353635399619
2007-12-14,1.4437098503112793,1.4656095504760742,1.4415037631988525,1.4508161568641662,1.3900693267654738,1.4978171004400498,1.4038152132882826,39.035014290918575,0.0017593921264622558
2007-12-17,1.4412959814071655,1.4451075792312622,1.4336096048355103,1.4513759231567382,1.3905790584791675,1.4972056136807055,1.405546232632771,37.9751463446138,-0.00025062371511275217
2007-12-19,1.4383935928344727,1.4423978328704834,1.4340001344680786,1.4520456218719482,1.3910548377031193,1.4960459240977972,1.4080453196460991,36.68536291311722,-0.0020540959134263126
2007-12-20,1.433301329612732,1.4390974044799805,1.4317007064819336,1.452497730255127,1.391475211927448,1.4952095367374163,1.4097859237728376,34.473095642677606,-0.003849884634484324
2007-12-21,1.438807487487793,1.4409013986587524,1.4331985712051392,1.4529917383193969,1.391946192178999,1.4944439822052265,1.4115394944335673,38.77255094656982,-0.004773730615257099
2007-12-24,1.439698338508606,1.4413999319076538,1.4377937316894531,1.4533818578720092,1.392421350234741,1.4939314899079401,1.4128322258360784,39.46461170668211,-0.005372075041663704
2007-12-25,1.4395946264266968,1.4416077136993408,1.4390974044799805,1.4537936854362488,1.392890748118139,1.4933236367936278,1.4142637340788697,39.40876470837522,-0.005787916510007207
2007-12-26,1.4487924575805664,1.4505999088287354,1.4394081830978394,1.454361653327942,1.3934469981714543,1.4927319299195079,1.415991376736376,46.622950590721565,-0.005314028947175808
2007-12-27,1.4613901376724243,1.4640002250671387,1.4471989870071411,1.4552355432510375,1.394123066323481,1.4921604267698019,1.4183106597322732,54.596577934957445,-0.003877247641935311
2007-12-28,1.4718002080917358,1.4729926586151123,1.4595983028411865,1.4562374138832093,1.394895992463281,1.492153690685132,1.4203211370812865,59.924177675884394,-0.0018769461568937107
2007-12-31,1.4601097106933594,1.4749915599822998,1.4573010206222534,1.456849799156189,1.3955449011879129,1.491939289027445,1.4217603092849331,52.47723588272059,-0.0012209439749577555
2008-01-01,1.4620096683502197,1.4629936218261719,1.4581936597824097,1.45749609708786,1.3962062583053592,1.4917239403363811,1.423268253839339,53.488881206950715,-0.0005415046862846662
2008-01-02,1.4716920852661133,1.4742956161499023,1.4601097106933594,1.4585699939727783,1.3969573792214047,1.4910650586887133,1.4260749292568433,58.354310670331515,0.0007693770709098491
2008-01-03,1.4744912385940552,1.4778908491134644,1.4693998098373413,1.4595437932014466,1.397728878876515,1.4909300192982236,1.4281575671046696,59.66785081994976,0.0020109476353749045
2008-01-04,1.4754921197891235,1.4818108081817627,1.4698964357376099,1.4605274415016174,1.3985026608053406,1.4907225652452396,1.4303323177579952,60.15182507151753,0.003040613698475525
2008-01-07,1.468299388885498,1.47520911693573,1.4667057991027832,1.461241364479065,1.3991971719073735,1.4904122756059524,1.4320704533521775,55.04033063418207,0.0032389021521999073
2008-01-08,1.5570987462997437,1.559283971786499,1.5529879331588745,1.4635972476005554,1.4007683683496335,1.5028285829588215,1.4243659122422894,78.89014563406215,0.010441055211357408
2008-01-09,1.466404676437378,1.4739913940429688,1.4643003940582275,1.46408944606781,1.4014214809630452,1.5028186118207183,1.4253602803149017,49.82117626829727,0.008729926762003126
2008-01-10,1.480100154876709,1.4811961650848389,1.465201497077942,1.464811418056488,1.4022043711663061,1.5033575724194823,1.4262652636934936,52.65802543319958,0.00838232951323059
2008-01-11,1.4790055751800537,1.4815912246704102,1.4766032695770264,1.4654475498199462,1.402968579478513,1.5038569097401318,1.4270381898997606,52.403033138914324,0.007927153464878156
2008-01-14,1.4869003295898438,1.4912018775939941,1.480100154876709,1.4663313555717468,1.4038037399102938,1.5046387468271671,1.4280239643163264,54.128403225907995,0.008109977101110832
2008-01-15,1.4802095890045166,1.4920028448104858,1.4778908491134644,1.4669596982002258,1.4045640139146396,1.5051232457733985,1.428796150627053,52.394947915125634,0.007627059309573525
2008-01-16,1.466404676437378,1.4859061241149902,1.461091160774231,1.4673316597938537,1.4051793573516604,1.5050936852434087,1.4295696343442987,48.91424512139517,0.006060540273131965
2008-01-17,1.4640002250671387,1.4705017805099487,1.4595983028411865,1.467483470439911,1.405764652294389,1.5051271231331336,1.4298398177466882,48.31223789444403,0.004572336471192706
2008-01-18,1.4617959260940552,1.468989610671997,1.4601950645446777,1.4674714994430542,1.4063221893623625,1.5051221376569839,1.4298208612291246,47.73225196512155,0.0031784169194424283
2008-01-21,1.4420026540756226,1.460003137588501,1.4418987035751343,1.4669494462013244,1.4066772263994756,1.5052819045696262,1.4286169878330226,42.76741407992116,0.000471142956692594
2008-01-22,1.4647936820983887,1.4684934616088867,1.4372979402542114,1.4668952751159667,1.4072555117454164,1.505232200069468,1.4285583501624655,49.305958374135564,0.0001627779226596182
2008-01-23,1.4632076025009155,1.4650940895080566,1.451905608177185,1.4671116161346436,1.4078122605526573,1.5052359449514054,1.4289872873178817,48.88737672765223,-0.00020719850121198036
2008-01-24,1.4774104356765747,1.4776068925857544,1.4597901105880737,1.4674179220199586,1.4085047939761561,1.505623754447032,1.4292120895928853,52.7552235482769,0.0006382847077868181
2008-01-25,1.467502236366272,1.4774104356765747,1.466404676437378,1.4674678015708924,1.4090918451783936,1.5056673049536013,1.4292682981881835,49.91732521590872,0.0005030287617899809
2008-01-28,1.4788086414337158,1.479902982711792,1.4665981531143188,1.46780207157135,1.4097855586529602,1.5061020556591995,1.4295020874835005,53.022833372354796,0.0012932619290040304
2008-01-29,1.4771921634674072,1.4788086414337158,1.4742956161499023,1.4680779075622559,1.4104562845490107,1.5064470938489687,1.429708721275543,52.521402115364516,0.0017687026418564677
2008-01-30,1.483107328414917,1.4874091148376465,1.4757968187332153,1.468402066230774,1.4111791948177543,1.5070037715403521,1.4298003609211958,54.22723837091565,0.002592907781449716
2008-01-31,1.4865025281906128,1.49140202999115,1.4813059568405151,1.468466010093689,1.4119286954105674,1.5071789121330914,1.4297531080542867,55.22170489163786,0.003479945889659941
2008-02-01,1.4799906015396118,1.4932059049606323,1.4797059297561646,1.468349905014038,1.4126059414478793,1.50688507977925,1.4298147302488262,52.85001963328084,0.0036157913311734013
2008-02-04,1.4827995300292969,1.4846047163009644,1.4795963764190674,1.4682939529418946,1.4133043985325702,1.5067349222536977,1.4298529836300915,53.77230506427332,0.0039050914132323644
2008-02-05,1.4638073444366455,1.4833053350448608,1.4625015258789062,1.4679680967330933,1.4138069249646108,1.5062765746441331,1.4296596188220534,47.06834111412496,0.0025722024112921904
2008-02-06,1.4617104530334473,1.4667057991027832,1.4595983028411865,1.467526514530182,1.4142835859604406,1.5055988926372028,1.429454136423161,46.38080272197055,0.0013313299199295692
2008-02-07,1.4478904008865356,1.4649009704589844,1.4451910257339478,1.4668023657798768,1.414617988362806,1.5049654923406093,1.4286392392191443,42.02385474323296,-0.0007584897806913737
2008-02-08,1.5570987462997437,1.5570987462997437,1.5540982484817505,1.468424482345581,1.416035733513948,1.5142979585474947,1.4225510061436673,67.78064642552978,0.006324607692305362
2008-02-11,1.450200080871582,1.4577046632766724,1.4486035108566284,1.4680366015434265,1.4163756834806254,1.514196785782086,1.421876417304767,46.16201063005269,0.0032744388669956326
2008-02-12,1.4581936597824097,1.460898995399475,1.450200080871582,1.467860333919525,1.4167917902751352,1.5141037996054372,1.421616868233613,47.51020080148602,0.0014850543287479034
2008-02-13,1.455604076385498,1.4594066143035889,1.4538053274154663,1.4674403500556945,1.4171779890939686,1.5137411144130524,1.4211395856983366,47.09872453618444,-0.00014038527366411202
2008-02-14,1.4644076824188232,1.464707851409912,1.4550957679748535,1.4675305700302124,1.4176479446248864,1.5137888976816225,1.4212722423788022,48.724582161893466,-0.0007099960447054521
2008-02-15,1.4676098823547363,1.4706099033355713,1.4634003639221191,1.467564561367035,1.4181450870616792,1.51382052715082,1.4213085955832498,49.33454148664846,-0.0008927350180729654
2008-02-18,1.46500825881958,1.4690974950790405,1.4617104530334473,1.467552535533905,1.4186113953834174,1.5138108884906643,1.4212941825771457,48.8263508882062,-0.0012332698801476027
2008-02-19,1.4729926586151123,1.4757097959518433,1.4646005630493164,1.4675945663452148,1.419152511792198,1.5138691169392269,1.4213200157512027,50.51121480266665,-0.0008490841629824608
2008-02-20,1.4722987413406372,1.4732965230941772,1.4625015258789062,1.4677107286453248,1.4196813390065741,1.5140031248077714,1.4214183324828782,50.356040385563865,-0.0005937630086032541
2008-02-21,1.4815034866333008,1.4835914373397827,1.4708045721054077,1.4679086923599243,1.4202964951305639,1.5143534726456096,1.421463912074239,52.44309885852601,0.0003473231386426079
2008-02-22,1.4826017618179321,1.4855971336364746,1.479202389717102,1.4683008551597596,1.4209164583864173,1.5149070906907556,1.4216946196287636,52.698619563645586,0.0011682949423681421
2008-02-25,1.4835914373397827,1.4842960834503174,1.4799906015396118,1.4690984869003296,1.4215401003290895,1.515350682123518,1.4228462916771412,52.943974125220336,0.0018771410417040002
2008-02-26,1.4996100664138794,1.5038950443267822,1.4783931970596313,1.470264768600464,1.4223169286282993,1.516596288852698,1.4239332483482299,56.84573990770661,0.003688952230379794
2008-02-27,1.5118072032928467,1.5140045881271362,1.4983967542648315,1.4717330408096314,1.4232073935538838,1.518592083053602,1.4248739985656609,59.593118558328094,0.00603941405538122
2008-02-28,1.5195951461791992,1.5227885246276855,1.5077043771743774,1.4734589171409607,1.4241664910586056,1.520893540498051,1.4260242937838703,61.2878155795045,0.008433379145044162
2008-02-29,1.519202709197998,1.523809552192688,1.5154958963394165,1.4750668215751648,1.4251121400922266,1.5231530858033056,1.426980557347024,61.148642446435595,0.010181580420267844
2008-03-03,1.5200109481811523,1.5269973278045654,1.5163922309875488,1.4766730737686158,1.4260564216906821,1.5252995807815142,1.4280465667557174,61.343339841839295,0.011499699282187414
2008-03-04,1.5210051536560059,1.5245994329452515,1.5177040100097656,1.478301284313202,1.4270011999040852,1.5273106953864146,1.4292918732399893,61.59827265768267,0.012480672624623379
2008-03-05,1.527697205543518,1.5290051698684692,1.515289306640625,1.479879379272461,1.428003165655449,1.5300775303664607,1.4296812281784612,63.3502953444389,0.013640850492206535
2008-03-06,1.5385088920593262,1.5398118495941162,1.5273938179016113,1.481421754360199,1.4291027419047608,1.5339845158674252,1.428858992852973,66.04557696344031,0.015256841187532011
2008-03-07,1.5336012840270996,1.5437101125717163,1.5325905084609985,1.4826577758789063,1.4301425441059146,1.5371675237024858,1.428148028055327,63.753654801631846,0.015957573528164515
2008-03-10,1.534095287322998,1.5386981964111328,1.5323086977005005,1.484137487411499,1.431176915234596,1.5401451432106295,1.4281298316123685,63.88949688268923,0.016364135328296836
2008-03-11,1.5341894626617432,1.5488028526306152,1.528794765472412,1.4855810832977294,1.4322019308887393,1.542964765732899,1.4281974008625598,63.91725957922165,0.016503693343134618
2008-03-12,1.5540015697479248,1.5570987462997437,1.534095287322998,1.4872272729873657,1.4334138853663025,1.5476278592430321,1.4268266867316992,69.26992277542841,0.01800541037766723
2008-03-13,1.5622069835662842,1.5645045042037964,1.5525058507919312,1.4889815878868102,1.4346954273374324,1.5528671341001434,1.425096041673477,71.17698274481111,0.019631342371683846
2008-03-14,1.561792254447937,1.5682092905044556,1.5539048910140991,1.4907075905799865,1.4359600905615157,1.5576935288449316,1.4237216523150413,70.93736197684235,0.02064841790887506
2008-03-17,1.574803113937378,1.5903055667877197,0.07290223985910416,1.4928376650810242,1.4373416328427984,1.5635831062758696,1.4220922238861788,73.90535218139138,0.02224786567752579
2008-03-18,1.565802812576294,1.5828044414520264,1.5616947412490845,1.493011746406555,1.4386198715461853,1.5644421176609742,1.421581375152136,68.68024711567729,0.02252948458225079
2008-03-19,1.5638928413391113,1.577909231185913,1.558700680732727,1.4949615097045899,1.4398663861458538,1.5687119240710443,1.4212110953381354,67.58819232822447,0.022341017533331398
2008-03-20,1.54421067237854,1.5640885829925537,1.5403099060058594,1.4962437200546264,1.4409046520889608,1.5711595538204604,1.4213278862887924,57.45053777632912,0.020368672121701348
2008-03-21,1.5697108507156372,1.5697108507156372,1.5409982204437256,1.498057825565338,1.4421863233308274,1.5756161764923362,1.42049947463834,64.81413232462475,0.020625467895928118
2008-03-24,1.5434956550598145,1.5448071956634521,1.5345896482467651,1.4991897320747376,1.443194390028926,1.577729177018151,1.4206502871313242,54.39262819248715,0.018500372420046762
2008-03-25,1.5612071752548218,1.5657048225402832,1.5417109727859497,1.5008096837997436,1.4443686623361414,1.581073610327525,1.4205457572719622,59.16939388640282,0.018037465924071405
2008-03-26,1.5824036598205566,1.5857913494110107,1.5590895414352417,1.5031296634674072,1.445742163122911,1.5859980894989898,1.4202612374358246,64.0254820234384,0.019160122384900724
2008-03-27,1.5814026594161987,1.5845098495483398,1.5732917785644531,1.5054777121543885,1.4470920365404283,1.5904472330846118,1.4205081912241653,63.64054496733782,0.01974149567796757
2008-03-28,1.5760937929153442,1.583606481552124,1.57500159740448,1.5077636694908143,1.4483756528011615,1.5940758892128786,1.42145144976875,61.52773693017422,0.019548513942518886
2008-03-31,1.5757957696914673,1.589092493057251,1.5751007795333862,1.5104395318031312,1.4496435309868085,1.5967261375942146,1.4241529260120478,61.404494770569364,0.01915076840608876
2008-04-02,1.5677913427352905,1.5699080228805542,1.5541948080062866,1.512499485015869,1.4508191460910833,1.5992547828777794,1.4257441871539587,58.041751671765205,0.01798237224963417
2008-04-03,1.5667105913162231,1.5686028003692627,1.5517107248306274,1.5145695447921752,1.4519723093546573,1.6014634739865006,1.4276756155978498,57.58321959406987,0.016775821048045758
2008-04-04,1.5736879110336304,1.5752992630004883,1.5644066333770752,1.5164950942993165,1.4531834250030964,1.6042903536637891,1.4286998349348439,59.79169453506051,0.016195935257329097
2008-04-07,1.5704996585845947,1.5735888481140137,1.5638928413391113,1.518555042743683,1.4543507651524261,1.6064915300975804,1.4306185553897854,58.29801542479955,0.015302706191661297
2008-04-08,1.5578023195266724,1.5629639625549316,1.555790662765503,1.520134916305542,1.455380146461206,1.6079951431707893,1.4322746894402947,52.65629639929486,0.013415599891242191
2008-04-09,1.5824036598205566,1.5860931873321533,1.5690950155258179,1.522239146232605,1.456644077344432,1.6109371275557351,1.433541164909475,60.6100761176065,0.013746713555198298
2008-04-10,1.57420814037323,1.5903055667877197,1.5727968215942383,1.5240611624717713,1.4578138830611829,1.613219725964361,1.4349025989791815,57.164662439149765,0.013195701757027
2008-04-11,1.5822033882141113,1.5850121974945068,1.5741090774536133,1.5259751796722412,1.4590516042924784,1.6159479646743937,1.4360023946700886,59.57871535199235,0.013251416537709337
2008-04-14,1.5825037956237793,1.5885875225067139,1.56788969039917,1.5280254435539247,1.4602799987619337,1.6183923708158867,1.4376585162919626,59.67068168405748,0.013168018549126748
2008-04-15,1.5786067247390747,1.5873016119003296,1.5762925148010254,1.5299415874481201,1.4614573928380612,1.6204572197793492,1.439425955116891,57.83243996743242,0.012641737905740857
2008-04-16,1.5958125591278076,1.5975971221923828,1.578008770942688,1.5325816917419433,1.462794275585731,1.6229243345342972,1.4422390489495893,63.21981970535889,0.013457889570499981
2008-04-17,1.5902043581008911,1.5975971221923828,1.5858919620513916,1.5351515698432923,1.4640620520795318,1.6245711910689002,1.4457319486176843,60.506304479736066,0.013496580512873502
2008-04-18,1.5733908414840698,1.5954052209854126,1.572104573249817,1.537661578655243,1.4651499130306889,1.6240787510618468,1.4512444062486392,53.14192796453841,0.012031837555124714
2008-04-21,1.5911911725997925,1.5943114757537842,1.579878568649292,1.538343427181244,1.4664040689564983,1.6259168283400702,1.4507700260224177,58.85196197804937,0.012167101394551683
2008-04-22,1.5987977981567383,1.6013065576553345,1.5843089818954468,1.541315381526947,1.4677214340962068,1.626738858715554,1.4558919043383398,61.03698242131932,0.012741217251698966
2008-04-23,1.58740234375,1.5997952222824097,1.5864957571029663,1.5438995552062988,1.4689123019857344,1.626841003870378,1.4609581065422197,56.22054709935719,0.012136784967710312
2008-04-24,1.568406105041504,1.588486671447754,1.5644556283950806,1.5461555957794189,1.4699023008307666,1.6253459999114745,1.4669651916473632,49.244476643147,0.0100095465010277
2008-04-25,1.5636972188949585,1.5706970691680908,1.5560569763183594,1.5481413865089417,1.4708355936355848,1.623868630827209,1.4724141421906745,47.6655721658928,0.00785320012938917
2008-04-28,1.5652881860733032,1.5687997341156006,1.5601110458374023,1.550094952583313,1.4717754304338229,1.6223003901201398,1.4778895150464861,48.26907084321751,0.006201174568920553
2008-04-29,1.556710958480835,1.5660971403121948,1.5553793907165527,1.551929006576538,1.4726205689760077,1.619844168057144,1.4840138450959321,45.24018038409886,0.004151960608824723
2008-04-30,1.5622069835662842,1.5638684034347534,1.5529879331588745,1.5537132930755615,1.4735119853906096,1.6177402345114085,1.4896863516397145,47.51293913209495,0.002937564657060854
2008-05-02,1.5434004068374634,1.5498108863830566,1.537704586982727,1.5551353263854981,1.474207399755421,1.6147909164820067,1.4954797362889896,41.21004332870987,0.00045239857794343585
2008-05-05,1.5498108863830566,1.5518070459365845,1.5432099103927612,1.5565014743804932,1.4749596809507344,1.6122769384714846,1.500726010289502,43.939946187675886,-0.0009884471166221598
2008-05-06,1.553591012954712,1.5591623783111572,1.5460968017578125,1.5579212594032288,1.4757420901893261,1.6094727538701894,1.5063697649362682,45.545692017767614,-0.0018045019130117357
2008-05-07,1.5385088920593262,1.553808331489563,1.5370900630950928,1.5590196084976196,1.4763666417447776,1.6062676877355664,1.5117715292596727,40.554512022740035,-0.0036264291108059066
2008-05-08,1.5464078187942505,1.5576082468032837,1.5451651811599731,1.5599555635452271,1.4770635757991437,1.60415587761225,1.5157552494782043,44.0148545408697,-0.004382424308447819
2008-05-09,1.5489946603775024,1.5489946603775024,1.5396220684051514,1.5606993126869202,1.4777793150195475,1.6027941024836305,1.5186045228902099,45.141101692633484,-0.004718428347726178
2008-05-12,1.5540015697479248,1.5568805932998657,1.5378936529159546,1.5613874411582946,1.478537752795934,1.6018321930792763,1.520942689237313,47.34886842227602,-0.004528496538720006
2008-05-13,1.547700047492981,1.5561779737472534,1.543900728225708,1.5619573879241944,1.4792259414634978,1.6007449634163684,1.5231698124320203,44.8997464286023,-0.004830768303696775
2008-05-14,1.546910047531128,1.5484910011291504,1.5404047966003418,1.5624953699111939,1.4798994215802042,1.5996187478459305,1.5253719919764572,44.58836789495763,-0.005075559360921078
2008-05-15,1.5450935363769531,1.554508924484253,1.5428051948547363,1.5629771375656127,1.4805481253664434,1.5984932268550114,1.527461048276214,43.835589213816334,-0.005354412966647182
2008-05-16,1.5596001148223877,1.5596001148223877,1.5440915822982788,1.5636151957511901,1.4813347196811382,1.59766010498407,1.5295702865183103,50.956546562188734,-0.004354649129712396
2008-05-19,1.5527950525283813,1.5629884004592896,1.5492106676101685,1.5639009189605713,1.482045774351627,1.5973198445822863,1.5304819933388563,47.88917537445382,-0.004064586715342822
2008-05-20,1.5654107332229614,1.5677913427352905,1.5510369539260864,1.5645371079444885,1.4828752840325723,1.5967925628728508,1.5322816530161263,53.47992472556949,-0.0027846306747125738
2008-05-21,1.5788060426712036,1.5799036026000977,1.5639907121658325,1.5654313230514527,1.4838298276059334,1.5967062632541973,1.5341563828487081,58.563318882056066,-0.0006815107361854977
2008-05-22,1.573192834854126,1.580877661705017,1.5698094367980957,1.5662113904953003,1.4847190197459075,1.5962260196514226,1.536196761339178,55.81113597847885,0.0005262220477502133
2008-05-23,1.5785070657730103,1.579304814338684,1.5704996585845947,1.566701500415802,1.4856522424346246,1.5967026549140537,1.5367003459175503,57.83160709059565,0.0018903818572093556
2008-05-26,1.5779341459274292,1.579304814338684,1.5744808912277222,1.567016043663025,1.4865704784159017,1.597154328141244,1.536877759184806,57.526224826726164,0.002891922211899045
2008-05-27,1.5690950155258179,1.5818029642105103,1.5676928758621216,1.5671620988845825,1.4873916252475643,1.5972678185759532,1.5370563791932117,52.88619051080727,0.002938532631975743
2008-05-28,1.5656068325042725,1.5755971670150757,1.5616215467453003,1.5669781732559205,1.4881698927338707,1.5970056208328118,1.5369507256790291,51.13338289998854,0.002663303601747602
2008-05-29,1.5518070459365845,1.5663915872573853,1.5489946603775024,1.5666982579231261,1.4888031036495248,1.5970298232144626,1.5363666926317896,44.80648750728394,0.0013164796085425312
2008-05-30,1.5540982484817505,1.556832194328308,1.5467904806137085,1.566502366065979,1.4894528120800643,1.5970337395509364,1.5359709925810214,46.00115324834234,0.000429047000847671
2008-06-02,1.5546056032180786,1.5572928190231323,1.5498108863830566,1.5667102646827697,1.4901011039893743,1.596759843662219,1.5366606857033205,46.278446854627695,-0.0002306516387600155
2008-06-03,1.5450220108032227,1.5626463890075684,1.542400598526001,1.5662164878845215,1.4906475852060637,1.5968701246495458,1.5355628511194972,41.90136341817571,-0.001509384137201808
2008-06-04,1.5432575941085815,1.5478917360305786,1.5423054695129395,1.566211726665497,1.4911710721797966,1.596879838337237,1.535543614993757,41.130064107772526,-0.0026347903137620143
2008-06-05,1.5588949918746948,1.559989333152771,1.5378936529159546,1.5661654829978944,1.4918449475053026,1.5968713453642291,1.5354596206315596,49.92725812080971,-0.002239064957203052
2008-06-06,1.5785070657730103,1.5786067247390747,1.557705283164978,1.5660875511169434,1.492707264079656,1.5966446170485986,1.5355304851852882,58.336390996690795,-0.00033901139015091175
2008-06-09,1.5643576383590698,1.584208607673645,1.5623047351837158,1.5657466506958009,1.4934202088078377,1.5959849887222626,1.5355083126693392,51.603123616726926,2.476869221279543e-05
2008-06-10,1.5464078187942505,1.5655087232589722,1.544711709022522,1.565152931213379,1.4939474528673922,1.5957259301542157,1.5345799322725422,44.57438255705009,-0.0011223951252623543
2008-06-11,1.555790662765503,1.5581905841827393,1.5458101034164429,1.5647528290748596,1.4945628129957607,1.5952809081008412,1.534224750048878,48.521554690117576,-0.0012598903905318704
2008-06-12,1.5460968017578125,1.5565898418426514,1.5389587879180908,1.56431893825531,1.4950755929683361,1.5952842986759788,1.5333535778346412,44.959170205855514,-0.0021265563295695955
2008-06-13,1.5369009971618652,1.5462881326675415,1.531510829925537,1.563722746372223,1.4954917693303913,1.5956336007595024,1.5318118919849435,41.82233308581036,-0.003514902302799383
2008-06-16,1.5473887920379639,1.5517107248306274,1.5352964401245117,1.5631967639923097,1.4960081615298968,1.5953035601117294,1.53108996787289,46.41432895817415,-0.0037259486757230675
2008-06-17,1.5521925687789917,1.5548955202102661,1.5464794635772705,1.5628306221961976,1.4965672145532791,1.5950149445629487,1.5306462998294466,48.422446990445465,-0.0034656301831372804
2008-06-18,1.553808331489563,1.5540015697479248,1.546910047531128,1.5627507424354554,1.497136782137285,1.595005751588074,1.5304957332828368,49.113203714611885,-0.0030932898353033256
2008-06-19,1.550988793373108,1.5586764812469482,1.546910047531128,1.5621224451065063,1.4976726269863678,1.5940369894159927,1.53020790079702,47.90746650355001,-0.002991239442896587
2008-06-20,1.5627930164337158,1.5651901960372925,1.5494986772537231,1.561894142627716,1.4983205957790098,1.5936185576524962,1.5301697276029358,53.098838160868894,-0.0019355498093340806
2008-06-23,1.5522888898849487,1.5625487565994263,1.5473887920379639,1.561295852661133,1.498857597601875,1.5925822448402185,1.5300094604820473,48.46985516853661,-0.0019243210198709448
2008-06-24,1.5570018291473389,1.5620118379592896,1.549690842628479,1.560785813331604,1.4994361512991219,1.5914870389911704,1.5300845876720375,50.55271294639837,-0.001517632984176398
2008-06-25,1.5673980712890625,1.5686028003692627,1.5541948080062866,1.5605616402626037,1.5001123940878633,1.5908932076967583,1.530230072828449,54.884738038004365,-0.0003523779365384172
2008-06-26,1.5752992630004883,1.576590657234192,1.5642108917236328,1.5601513743400575,1.5008605273710682,1.5890582665747268,1.531244482105388,57.9032828046108,0.001194881373337786
2008-06-27,1.5752992630004883,1.5799036026000977,1.5725990533828735,1.5598532724380494,1.501601216438354,1.587786190023753,1.5319203548523457,57.9032828046108,0.002393504691635906
2008-06-30,1.57500159740448,1.5835061073303223,1.5734899044036865,1.5598854875564576,1.502331573496535,1.5878857655030796,1.5318852096098357,57.73450513169734,0.0032815752246193597
2008-07-02,1.5878056287765503,1.5891934633255005,1.5783077478408813,1.5598177766799928,1.5031820673833989,1.5875238871147141,1.5321116662452714,62.76250274714595,0.004961364324590489
2008-07-03,1.5700066089630127,1.5905078649520874,1.5685044527053833,1.559241952896118,1.5038469926648785,1.5847510411227175,1.5337328646695187,53.27472761595848,0.004801033812951383
2008-07-04,1.5713881254196167,1.5725990533828735,1.5669069290161133,1.5589216685295104,1.5045190482097859,1.5833675841292956,1.5344757529297253,53.85777960104535,0.004730912544667509
2008-07-07,1.5720057487487793,1.5749024152755737,1.561597228050232,1.558993661403656,1.5051905620925325,1.5835744131931215,1.5344129096141903,54.13333246974134,0.004671329793271006
2008-07-08,1.5333895683288574,1.550195336341858,1.5313935279846191,1.558387508392334,1.505471151049684,1.5839692121499742,1.5328058046346937,38.60868457896931,0.0014909205979292128
2008-07-09,1.5735888481140137,1.5749024152755737,1.565386176109314,1.558553521633148,1.5061489434577577,1.5844241133283463,1.5326829299379499,53.54446973983587,0.0021889366175125158
2008-07-10,1.5785070657730103,1.5798038244247437,1.5695877075195312,1.5589894437789917,1.5068689293781516,1.5854608677763549,1.5325180197816286,54.98734859829834,0.0031032065701257494
2008-07-11,1.5948964357376099,1.5948964357376099,1.5767897367477417,1.5596432328224181,1.5077448305088852,1.5879874825535556,1.5312989830912807,59.50144821750885,0.005091564888350497
2008-07-14,1.589092493057251,1.5933208465576172,1.5846102237701416,1.560557074546814,1.5085542650602777,1.5896989249980504,1.5314152240955776,57.30960493969553,0.00612837936957078
2008-07-15,1.5899008512496948,1.6028209924697876,1.58740234375,1.5613588738441466,1.5093636888510835,1.5914833960946724,1.5312343515936209,57.54418148849831,0.00693534374064142
2008-07-16,1.5822033882141113,1.5945911407470703,1.5806028842926025,1.5619311213493348,1.510088466431816,1.5925365691186815,1.531325673579988,54.47461503608041,0.006874502891882184
2008-07-17,1.585590124130249,1.5891934633255005,1.5792548656463623,1.5628727459907532,1.5108397312769664,1.5934339048741706,1.5323115871073358,55.59691052186079,0.007018660614604322
2008-07-18,1.5853890180587769,1.5882091522216797,1.5812026262283325,1.5636523699760436,1.5115815196920537,1.5944867627773736,1.5328179771747137,55.50940233756603,0.007035577313433405
2008-07-21,1.5913937091827393,1.593092441558838,1.5832053422927856,1.5645003509521485,1.5123756755660422,1.5960139853988462,1.5329867165054507,57.652659710265056,0.007447660317408289
2008-07-22,1.5792051553726196,1.594209909439087,1.5767897367477417,1.5650044226646422,1.513040649439509,1.596638671236558,1.5333701740927266,52.1599180122253,0.006713337463106761
2008-07-23,1.5692428350448608,1.5798038244247437,1.5672998428344727,1.56543527841568,1.5135998784350422,1.5966921216092127,1.5341784352221473,48.12415245981362,0.005266793007372872
2008-07-24,1.568873643875122,1.57111656665802,1.5635994672775269,1.5658745503425597,1.514149869333012,1.596682872442645,1.5350662282424745,47.976006908705116,0.004043988876008209
2008-07-25,1.5672998428344727,1.5751007795333862,1.5664896965026855,1.5663186764717103,1.5146787278201712,1.5965388740985929,1.5360984788448278,47.30745017559772,0.002914320725673436
2008-07-28,1.5741338729858398,1.576491355895996,1.5687012672424316,1.5666093516349793,1.5152703246595014,1.596845365902112,1.5363733373678465,50.53117183500398,0.0025412062527205848
2008-07-29,1.5590895414352417,1.5757957696914673,1.555717945098877,1.5667352414131164,1.5157063392148666,1.5967883551010442,1.5366821277251885,44.13047042433721,0.0010198028667101067
2008-07-30,1.5573655366897583,1.5613290071487427,1.5526021718978882,1.5665743374824523,1.5161208608970327,1.5967423238385436,1.536406351126361,43.45123463088615,-0.0003213289723020818
2008-07-31,1.5593082904815674,1.5697108507156372,1.557195782661438,1.5661843824386597,1.5165505889296087,1.596210756206218,1.5361580086711013,44.48812278357437,-0.0012134339115283943
2008-08-08,1.5048909187316895,1.5336012840270996,1.4999924898147583,1.564818344116211,1.51643457167856,1.5994108530292097,1.530225835203212,28.64449959016295,-0.0062395351412654065
2008-08-26,1.4647936820983887,1.4681053161621094,1.457789659500122,1.5625440764427185,1.5159207292092398,1.6070071294208088,1.5180810234646283,22.33315300192737,-0.013304897885838107
2008-08-27,1.4725805521011353,1.4771921634674072,1.4641932249069214,1.5604370045661926,1.515489481362589,1.6114291140880126,1.5094448950443726,25.754401857718875,-0.018067640914719352
2008-08-28,1.4714103937149048,1.4808013439178467,1.4681053161621094,1.5584833121299744,1.515050881156301,1.6152767597179127,1.501689864542036,25.57210387671232,-0.02168658166713522
2008-08-29,1.4670931100845337,1.476385235786438,1.4646005630493164,1.5565130376815797,1.5145736869061253,1.6188613991032519,1.4941646762599075,24.872581097232555,-0.024619192270827872
2008-09-01,1.4574922323226929,1.4703071117401123,1.4564944505691528,1.5546267414093018,1.5140057092897514,1.6229744212802768,1.4862790615383268,23.34331528416665,-0.027402143052206007
2008-09-02,1.4515894651412964,1.4595983028411865,1.4474084377288818,1.5525765657424926,1.513384648947039,1.6268792865670103,1.4782738449179749,22.430201908823605,-0.029741118475993034
2008-09-03,1.4486035108566284,1.4531716108322144,1.4388697147369385,1.5504565238952637,1.5127400572334826,1.6303608062872672,1.4705522415032601,21.96219728828808,-0.03147291473698499
2008-09-04,1.4264928102493286,1.4539955854415894,1.4226977825164795,1.5480859398841857,1.5118818713548243,1.6353430035298524,1.460828876238519,18.829244281364367,-0.034234886047039836
2008-09-05,1.4274905920028687,1.4336917400360107,1.4202932119369507,1.5457705998420714,1.5110421529507074,1.6394573883576482,1.4520838113264947,19.388093977544756,-0.0359290874059508
2008-09-08,1.5050041675567627,1.5050041675567627,1.504008173942566,1.544692783355713,1.5109820731978374,1.6390011977703012,1.4503843689411247,48.85030666006192,-0.03066358572095851
2008-09-09,1.414847493171692,1.4224953651428223,1.405501127243042,1.5414195919036866,1.5100255055432226,1.6420839759680954,1.4407552078392778,33.50972491151258,-0.0333807355116289
2008-09-10,1.3984057903289795,1.4171934127807617,1.3960046768188477,1.5381005549430846,1.5089148562432904,1.6463365560954935,1.4298645537906758,31.563076762486048,-0.03644073816115534
2008-09-11,1.3995996713638306,1.4039028882980347,1.3896995782852173,1.5351643919944764,1.5078271377565782,1.6502301488143298,1.420098635174623,31.872560339814612,-0.038327658693916966
2008-09-12,1.4239943027496338,1.4239943027496338,1.3977998495101929,1.5325284647941588,1.5069929762428795,1.6516331222177731,1.4134238073705445,38.03834084537434,-0.03742322232050177
2008-09-15,1.4268999099731445,1.4474084377288818,1.4100991487503052,1.5301445269584655,1.506196026572244,1.6528576141770772,1.4074314397398537,38.749396661859635,-0.036056356524976074
2008-09-16,1.4135074615478516,1.4276129007339478,1.4089070558547974,1.5276766562461852,1.5052737480110516,1.6547217816329873,1.400631530859383,36.66109221277874,-0.03564289508918894
2008-09-17,1.4329315423965454,1.4380005598068237,1.410636305809021,1.525387511253357,1.5045539217605586,1.655080002073921,1.3956950204327931,41.57881880983553,-0.03336327190126398
2008-09-18,1.4304922819137573,1.4527071714401245,1.4290001392364502,1.5229535055160524,1.503816986666793,1.655136778375727,1.3907702326563778,41.14677085414824,-0.031391618993097836
2008-09-19,1.441794753074646,1.4496954679489136,1.4160094261169434,1.5207132339477538,1.50319984723331,1.6545486180215525,1.3868778498739551,44.047957455497865,-0.028587515807277475
2008-09-22,1.4795963764190674,1.485707402229309,1.4452955722808838,1.519285385608673,1.5029649857794445,1.6533255705062202,1.3852452007111258,52.48446528180852,-0.023049271097951074
2008-09-23,1.4692918062210083,1.48262357711792,1.4628009796142578,1.517415361404419,1.5026299277865522,1.6515869059754396,1.3832438168333985,50.25976584679658,-0.01926953772498563
2008-09-24,1.4633146524429321,1.474013090133667,1.4613046646118164,1.5156358766555786,1.5022387293063242,1.6502788472464847,1.3809929060646726,48.96330175036704,-0.016565422275756747
2008-09-25,1.4641932249069214,1.4764941930770874,1.4584063291549683,1.5137797045707702,1.5018601654345747,1.6486537568974127,1.3789056522441276,49.170850783861994,-0.014187948011846307
2008-09-26,1.4598966836929321,1.4679113626480103,1.456303596496582,1.5116296768188477,1.5014426165628576,1.6464423789735383,1.3768169746641572,48.13982685110588,-0.012506312511472828
2008-09-29,1.4393253326416016,1.4560279846191406,1.4310041666030884,1.50891019821167,1.5008245315128865,1.6439662004735192,1.3738541959498207,43.44295316671521,-0.0126872891974803
2008-09-30,1.409641981124878,1.441794753074646,1.4020919799804688,1.5055970525741578,1.4999172386424389,1.6421252406480178,1.3690688645002977,37.72353852103727,-0.015052398241156562
2008-10-01,1.4016202688217163,1.4170327186584473,1.398699164390564,1.5021294260025024,1.4989391552723519,1.6402604785972221,1.3639983734077827,36.331490279936126,-0.01737377527401951
2008-10-02,1.380795955657959,1.4020919799804688,1.376197338104248,1.4979892325401307,1.4977635962061893,1.6380348922729802,1.3579435728072813,32.93388363952606,-0.020655724993468016
2008-10-03,1.3784927129745483,1.38968026638031,1.372005581855774,1.4941589546203613,1.496576816409938,1.6366201208740518,1.3516977883666708,32.57107660786892,-0.02317539470289809
2008-10-06,1.3504936695098877,1.367409110069275,1.3453155755996704,1.4897410655021668,1.4951232468916873,1.6360746192778015,1.343407511726532,28.465784337715405,-0.02711892976925756
2008-10-07,1.3588064908981323,1.3730039596557617,1.34890878200531,1.4854770803451538,1.4937668558391588,1.6344279121213474,1.3365262485689602,31.236916559611117,-0.029236415311425512
2008-10-08,1.4957072734832764,1.5050041675567627,1.49140202999115,1.4847234344482423,1.4937861635538034,1.633064861431636,1.3363820074648485,59.240531818325714,-0.019641375284264573
2008-10-09,1.3598041534423828,1.3783787488937378,1.3584187030792236,1.4804477405548095,1.4924530040019288,1.630646827310102,1.330248653799517,41.27171575381767,-0.02274133497810693
2008-10-10,1.3398001194000244,1.3635867834091187,1.328303575515747,1.47567360162735,1.4909340639358224,1.6283059146023848,1.323041288652315,39.37836517165858,-0.026506681214802708
2008-10-13,1.3621937036514282,1.367409110069275,1.346166729927063,1.4710195469856262,1.489653060407297,1.6230034943525984,1.319035599618654,42.55537544037279,-0.027368285577175522
2008-10-14,1.3618041276931763,1.3761025667190552,1.3614147901535034,1.4664737796783447,1.4883809268875063,1.617637378133082,1.3153101812236074,42.513633520620594,-0.02776251972012389
2008-10-15,1.3443931341171265,1.3681762218475342,1.3430029153823853,1.4615636253356934,1.4869482071392335,1.612311900876891,1.3108153497944959,40.59704658476798,-0.029143921801490613
2008-10-16,1.3489997386932373,1.3531982898712158,1.3357912302017212,1.456899552345276,1.4855755804478854,1.6068412468459123,1.3069578578446395,41.35041482301257,-0.029526613986786465
2008-10-17,1.3422999382019043,1.3514974117279053,1.3392976522445679,1.452033748626709,1.4841499469074009,1.6007146903910563,1.3033528068623617,40.545031686644634,-0.030024415436263663
2008-10-20,1.3313274383544922,1.352685809135437,1.3292039632797241,1.4469525170326234,1.4826293193776894,1.5943916680004189,1.299513366064828,39.19848822499595,-0.030947571369564608
2008-10-21,1.3061139583587646,1.3352025747299194,1.3052955865859985,1.441246922016144,1.4808729412749546,1.5879491097387288,1.294544734293559,36.221601742354665,-0.03332949454922263
2008-10-22,1.2816734313964844,1.306796669960022,1.2790995836257935,1.435296287536621,1.4788908495033515,1.5832895272564709,1.2873030478167713,33.56094076723288,-0.036765522045384635
2008-10-23,1.2944984436035156,1.2997984886169434,1.2733986377716064,1.4298013997077943,1.4770560926925371,1.5778973844232462,1.2817054149923424,36.20891516290444,-0.038015508174917834
2008-10-24,1.2629930973052979,1.294113039970398,1.250500202178955,1.4236837887763978,1.4749261051642475,1.5735911930987236,1.273776384454072,32.75523453625675,-0.041074863870849576
2008-10-27,1.2464631795883179,1.2662074565887451,1.2352999448776245,1.4172670555114746,1.4726528343250676,1.5695309687093852,1.265003142313564,31.080207987090674,-0.04432233126963392
2008-10-28,1.2809016704559326,1.2830052375793457,1.2342935800552368,1.4114024114608765,1.4707448559822611,1.5615795268371306,1.2612252960846224,38.17387960880268,-0.04361431550124051
2008-10-29,1.2959243059158325,1.2977573871612549,1.2635995149612427,1.4061391067504883,1.4690053420974045,1.5536116552758612,1.2586665582251153,41.0254146853404,-0.04136418618160986
2008-10-30,1.2868025302886963,1.3265942335128784,1.2819033861160278,1.400727846622467,1.4671923726831066,1.5453801581373268,1.2560755351076074,39.82433131118007,-0.03985754062586899
2008-10-31,1.2701960802078247,1.2879958152770996,1.268005609512329,1.3949456024169922,1.4652322040256616,1.5368111999184453,1.253080004915539,37.662548864502405,-0.03954763439205755
2008-11-03,1.2617977857589722,1.2894407510757446,1.2581939697265625,1.3900837397575379,1.4632079742684598,1.533226345422339,1.2469411340927368,36.581067972830205,-0.039524094485224426
2008-11-04,1.2983977794647217,1.3045973777770996,1.2530229091644287,1.3867558217048646,1.4615680664668027,1.5305445289249278,1.2429671144848013,44.11281881355454,-0.036135576889551935
2008-11-05,1.2918059825897217,1.3103067874908447,1.280983805656433,1.3831403303146361,1.459878886030827,1.5272114875266385,1.2390691731026338,43.1195680426616,-0.03359479531158005
2008-11-06,1.2695027589797974,1.2927078008651733,1.268005609512329,1.3791021776199341,1.457984590133996,1.5243882892465503,1.233816065993318,39.85013530669842,-0.03300048233690567
2008-11-07,1.2714072465896606,1.2847360372543335,1.265806794166565,1.3751884603500366,1.4561280932585035,1.5213400727583724,1.2290368479417009,40.266630710918484,-0.03200685370311862
2008-11-10,1.2747948169708252,1.2926075458526611,1.2726045846939087,1.3715345120429994,1.4543237763794044,1.5184208362714733,1.2246481878145254,41.04855529953645,-0.030593385726547462
2008-11-11,1.2515957355499268,1.279737949371338,1.248704433441162,1.3675346374511719,1.4523065756648872,1.516401807324357,1.2186674675779867,37.434558836998214,-0.0309879641975499
2008-11-12,1.2459040880203247,1.2629930973052979,1.2442762851715088,1.3634806489944458,1.4502528132403265,1.5143631298098523,1.2125981681790392,36.583562419580666,-0.03139800224189271
2008-11-13,1.2788705825805664,1.283400535583496,1.240094780921936,1.3605282044410705,1.4485475122103293,1.5121534517568915,1.2089029571252494,44.45921391700529,-0.028731639294713007
2008-11-14,1.2596997022628784,1.2798033952713013,1.2590018510818481,1.3571723866462708,1.4466684238485992,1.5101695164683104,1.2041752568242312,41.250932961881524,-0.02784448340081558
2008-11-17,1.2643983364105225,1.2738529443740845,1.251799464225769,1.352360270023346,1.4448547857142833,1.501464933132013,1.203255606914679,42.34900709969025,-0.02645728237358158
2008-11-18,1.2636953592300415,1.2690999507904053,1.2571974992752075,1.349337227344513,1.443052199019426,1.4993968973445768,1.1992775573444492,42.221855366963624,-0.025125014422213487
2008-11-19,1.2505314350128174,1.2798198461532593,1.2480031251907349,1.3463797402381896,1.4411365639117555,1.4983093305611077,1.1944501499152715,39.811315031513466,-0.024845003407305333
2008-11-20,1.243904948234558,1.2583998441696167,1.2433944940567017,1.3432658457756042,1.4391740545779506,1.4971133080213035,1.1894183835299048,38.61614778522456,-0.024871096247938596
2008-11-21,1.2590969800949097,1.2635835409164429,1.2437037229537964,1.3399678993225097,1.437382237743418,1.4938215938660018,1.1861142047790176,42.851996423446224,-0.023396208082960168
2008-11-24,1.291772723197937,1.2956053018569946,1.2571816444396973,1.3372653555870055,1.4359333827310807,1.4896262764754409,1.1849044346985702,50.72760713414749,-0.019367433483000962
2008-11-25,1.303407073020935,1.307411789894104,1.2811970710754395,1.3350633478164673,1.434614709269015,1.4861034824440937,1.1840232131888409,53.20061042667062,-0.015062178371990198
2008-11-26,1.289923071861267,1.303407073020935,1.282495141029358,1.3322031784057617,1.4331749874695996,1.481079563325275,1.1833267934862486,50.0643578083531,-0.012593113310607862
2008-11-27,1.289507269859314,1.295706033706665,1.2865046262741089,1.329383478164673,1.431745453994943,1.4759846552078175,1.1827823011215284,49.96653814571686,-0.010548318754858954
2008-11-28,1.269792914390564,1.2951018810272217,1.2654223442077637,1.3259434413909912,1.4301339815350067,1.4698251630866046,1.1820617196953778,45.43383195780325,-0.01039871811461568
2008-12-01,1.2599060535430908,1.270163893699646,1.258605718612671,1.3215496349334717,1.4284401667230795,1.459578120874947,1.1835211489919963,43.31183194065567,-0.010951701177874584
2008-12-02,1.2713264226913452,1.2761287689208984,1.257023572921753,1.3175903272628784,1.4268768416989626,1.4495445979187687,1.1856360566069881,46.42453957924851,-0.010349117706460298
2008-12-03,1.2707933187484741,1.2739989757537842,1.2610976696014404,1.3137399005889892,1.4253237676997375,1.4394247116454597,1.1880550895325186,46.29674489132254,-0.00980159629602051
2008-12-04,1.277400255203247,1.2842081785202026,1.25629723072052,1.3100040411949159,1.423851888088573,1.4283241754050804,1.1916839069847514,48.199876871242935,-0.008733878364998615
2008-12-05,1.2716983556747437,1.2791976928710938,1.2638070583343506,1.306240074634552,1.4223379186560228,1.4168181152300536,1.1956620340390502,46.66297947001543,-0.008252668229121296
2008-12-08,1.4918025732040405,1.4964011907577515,1.4818108081817627,1.3072896194458008,1.4230291110275668,1.423857403096722,1.1907218357948797,77.0646607922842,0.009776566959206479
2008-12-09,1.2926075458526611,1.299595832824707,1.2809016704559326,1.3049489307403563,1.4217313807039718,1.4177678054214213,1.1921300560592913,49.54253860628973,0.007900420643293993
2008-12-10,1.3014055490493774,1.305193305015564,1.2908055782318115,1.3029446363449098,1.4205341057266225,1.4122599655083579,1.1936293071814617,50.38534329753591,0.007042307167678397
2008-12-11,1.3329956531524658,1.3394949436187744,1.3008638620376587,1.3019886302947998,1.4196630741721286,1.4093435035310988,1.1946337570585008,53.39544740170297,0.008809750131842264
2008-12-12,1.33539879322052,1.340985894203186,1.3255391120910645,1.3011267518997192,1.4188246215419629,1.4066510272747792,1.1956024765246591,53.62594125265573,0.01028580636125298
2008-12-15,1.3696004152297974,1.3721938133239746,1.3435983657836914,1.3015088868141174,1.4183348272451552,1.4078976863455885,1.1951200872826462,56.89351860378466,0.014053378024793561
2008-12-16,1.4061928987503052,1.4133076667785645,1.3636983633041382,1.302456614971161,1.4182140117433992,1.4117337879870466,1.1931794419552753,60.130370548404244,0.019764085244020402
2008-12-17,1.440839171409607,1.4428139925003052,1.402288556098938,1.3013592529296876,1.4184391382504953,1.4035903182918574,1.1991281875675177,62.96588307406377,0.02677685954251552
2008-12-18,1.4293065071105957,1.4679975509643555,1.4211004972457886,1.3027493000030517,1.4185472715308993,1.4099912230785738,1.1955073769275295,61.400505413550945,0.03104606436742663
2008-12-19,1.392602562904358,1.430696964263916,1.382991909980774,1.3038053488731385,1.4182891146188898,1.413547254611824,1.194063443134453,56.57946841036705,0.03110913169394003
2008-12-22,1.3959071636199951,1.4113928079605103,1.3915947675704956,1.3044796180725098,1.4180664081201368,1.4160842644277578,1.1928749717172618,56.907534094596954,0.031067638269590248
2008-12-23,1.3937865495681763,1.4019936323165894,1.3919047117233276,1.3051192665100098,1.4178248169307321,1.4184186659474085,1.191819867072611,56.61193642545548,0.030511916223364022
2008-12-24,1.4008938074111938,1.4017970561981201,1.3939030170440674,1.3062492799758911,1.4176563487897398,1.4222424940346452,1.190256065917137,57.41040868148239,0.03029576805242029
2008-12-25,1.4015023708343506,1.4140071868896484,1.3984057903289795,1.3072993326187134,1.4174956123274034,1.4257957405515231,1.1888029246859038,57.48256014204148,0.02982971664680556
2008-12-26,1.4027016162872314,1.4112931489944458,1.3994821310043335,1.3085073661804199,1.4173484080573215,1.4296619208962054,1.1873528114646343,57.634873180797456,0.029220303169738227
2008-12-29,1.4039028882980347,1.4359976053237915,1.3925055265426636,1.3099588751792908,1.4172146214946784,1.4339354780081395,1.185982272350442,57.79796094274077,0.028505675527088714
2008-12-30,1.4140071868896484,1.422009825706482,1.400207281112671,1.3121167397499085,1.4171827066524907,1.4395284538524444,1.1847050256473726,59.21999384744164,0.028426971985003657
2008-12-31,1.3979953527450562,1.4145071506500244,1.3855020999908447,1.31444317817688,1.4169917872935633,1.4438187902583857,1.1850675660953742,55.999798138935404,0.026764058258331502
2009-01-01,1.3998936414718628,1.405402421951294,1.3954981565475464,1.3165510821342468,1.4168216561236096,1.448017823968217,1.1850843403002764,56.303166125137984,0.025307632550304104
2009-01-02,1.3922922611236572,1.4023081064224243,1.384293794631958,1.319137065410614,1.416577582022017,1.4513881653354788,1.1868859654857493,54.67747364024304,0.023271774289168823
2009-01-05,1.3645915985107422,1.3957902193069458,1.3556013107299805,1.3214996337890625,1.4160603074641969,1.4526678118505298,1.1903314557275952,49.112305618550536,0.01920178377027848
2009-01-06,1.3510043621063232,1.3631778955459595,1.3318061828613281,1.3229016876220703,1.41541298327429,1.4537970066273538,1.1920063686167868,46.606529513507446,0.014710338906746667
2009-01-07,1.3610997200012207,1.374192714691162,1.3437248468399048,1.3242051959037782,1.414872551677667,1.455301908746082,1.1931084830614744,48.70082331414719,0.011829089128851944
2009-01-08,1.3699005842208862,1.378435730934143,1.3538029193878174,1.3258671569824219,1.4144250684993092,1.457135309960908,1.1945990040039358,50.5228001615238,0.01013895850980373
2009-01-09,1.345496654510498,1.37247633934021,1.3419036865234375,1.3273731684684753,1.413739212245124,1.4577592240291892,1.1969871129077614,45.67817348181822,0.0067524861845380535
2009-01-12,1.3360053300857544,1.3443931341171265,1.3304948806762695,1.328857319355011,1.4129657392304147,1.4578789631306126,1.1998356755794095,43.914443788720334,0.0032651730276176405
2009-01-13,1.3202017545700073,1.3360053300857544,1.3157029151916504,1.3292933988571167,1.412042712675617,1.4580419396790123,1.2005448580352212,41.0708337595508,-0.0007649464159849018
2009-01-14,1.3217023611068726,1.3326935768127441,1.3102039098739624,1.3298913264274597,1.4111438019385851,1.4582062227147436,1.2015764301401757,41.45846867704048,-0.0037940235621232166
2009-01-15,1.3158068656921387,1.3229963779449463,1.3043080568313599,1.3308174085617066,1.410195173861939,1.458016895472736,1.2036179216506773,40.335875904924436,-0.006594291347171932
2009-01-16,1.3292039632797241,1.3333866596221924,1.3149935007095337,1.3319733428955078,1.4093892896175146,1.4580143688253369,1.2059323169656788,44.043811705149345,-0.007644370387192678
2009-01-19,1.3093974590301514,1.3376315832138062,1.306165099143982,1.3326653957366943,1.4083943441324673,1.4578017320026522,1.2075290594707364,40.07821037685518,-0.009959972590739774
2009-01-20,1.2884937524795532,1.3099292516708374,1.285413146018982,1.333403356075287,1.4072013011673024,1.4570142077567951,1.2097925043937787,36.35755865140923,-0.013328219026720323
2009-01-21,1.3005084991455078,1.3070528507232666,1.2850992679595947,1.3344954442977905,1.4061396792625218,1.4558960929772533,1.2130947956183278,39.81590461882913,-0.0148568286766948
2009-01-22,1.3006776571273804,1.3072919845581055,1.2920063734054565,1.3349315857887267,1.4050903039661817,1.4556714633432404,1.214191708234213,39.86545057658292,-0.015871654646905098
2009-01-23,1.2964956760406494,1.3015241622924805,1.2775959968566895,1.3356675052642821,1.4040097584251896,1.4549758349856674,1.2163591755428969,39.01042053203364,-0.016819477990633436
2009-01-26,1.319191575050354,1.3233989477157593,1.2866039276123047,1.336763370037079,1.4031657948708147,1.4543945701685044,1.2191321699056534,45.80404562019005,-0.015559900598300258
2009-01-27,1.3215975761413574,1.3315047025680542,1.313094139099121,1.337921414375305,1.4023541693464112,1.4537426980667272,1.222100130683883,46.4845922525129,-0.014203799698491393
2009-01-28,1.3153221607208252,1.3312033414840698,1.3108049631118774,1.3392172288894653,1.401488177671237,1.4524690669229838,1.2259653908559467,44.90087668640325,-0.013480063759840455
2009-01-29,1.2937949895858765,1.3168810606002808,1.2922067642211914,1.3402150297164916,1.400416601774301,1.450889108747738,1.2295409506852453,39.88130473671411,-0.014476682431094456
2009-01-30,1.2836971282958984,1.2938953638076782,1.2782002687454224,1.3407070326805115,1.399255211954614,1.4501207732033083,1.2312932921577147,37.7494871548541,-0.01589805998377214
2009-02-02,1.2814927101135254,1.289307713508606,1.2710033655166626,1.3405014324188231,1.3980834437454905,1.4503283451516624,1.2306745196859838,37.28097889066647,-0.017006351425816968
2009-02-03,1.3012869358062744,1.3051081895828247,1.280524492263794,1.34045902967453,1.3971202927675739,1.4503460188065103,1.2305720405425498,44.00162242978846,-0.016101839806050844
2009-02-04,1.2855618000030518,1.3067283630371094,1.2822978496551514,1.3403718042373658,1.3960102561364764,1.450429315934078,1.2303142925406536,40.306512347954325,-0.016464106893886665
2009-02-05,1.2791157960891724,1.2898067235946655,1.2774981260299683,1.340163974761963,1.394847125233343,1.4506519360834162,1.2296760134405096,38.8657044569,-0.017074520372997615
2009-02-06,1.2927078008651733,1.29878568649292,1.2757054567337036,1.3406222724914552,1.393830811863398,1.4501043455838967,1.2311401993990136,43.45555398280108,-0.0162739206337823
2009-02-09,1.2959076166152954,1.3084039688110352,1.2885932922363281,1.341342303752899,1.3928564501125982,1.4491178995000524,1.2335667080057457,44.51174087149003,-0.015205956383575137
2009-02-10,1.2914056777954102,1.3050060272216797,1.281295657157898,1.3417438888549804,1.3918469880513336,1.4486003528348679,1.234887424875093,43.28666154464861,-0.014555074026354253
2009-02-11,1.2868025302886963,1.299072504043579,1.2838783264160156,1.342064073085785,1.390801767884733,1.4481459306935618,1.235982215478008,42.01340050058832,-0.014246456322214218
2009-02-12,1.28909170627594,1.2937781810760498,1.2731068134307861,1.3422979021072388,1.3897897258588865,1.4478481976113469,1.2367476066031307,42.91271525683773,-0.013659696716601166
2009-02-13,1.2866039276123047,1.2941968441009521,1.2825939655303955,1.34259601354599,1.3887629998792796,1.447414096621102,1.237777930470878,42.147691172041654,-0.013242773993443757
2009-02-16,1.2799016237258911,1.2820019721984863,1.2732040882110596,1.338357994556427,1.3876798004156121,1.4353993797659774,1.2413166093468766,40.07488606920403,-0.013299867053208736
2009-02-17,1.2581939697265625,1.279361367225647,1.2565971612930298,1.337669723033905,1.3863913821984974,1.4365070886722013,1.2388323573956086,34.207098565212306,-0.014924697352934668
2009-02-18,1.256897211074829,1.2634079456329346,1.2521756887435913,1.336779556274414,1.385102881011671,1.437729167021685,1.235829945527143,33.88788780022344,-0.016131075658522676
2009-02-19,1.2659028768539429,1.2754939794540405,1.2561078071594238,1.3354377007484437,1.3839168095216907,1.4383570271293307,1.2325183743675567,38.20093813680836,-0.016174013235694895
2009-02-20,1.2932929992675781,1.2932929992675781,1.256407618522644,1.3345955848693847,1.3830150787139193,1.4382029544912167,1.2309882152475526,49.08130605182185,-0.01383836751830958
2009-02-23,1.267812728881836,1.2984988689422607,1.2694865465164185,1.3325598311424256,1.3818687849735702,1.4373530632353502,1.227766599049501,41.72222045234975,-0.013883357627844095
2009-02-24,1.2873989343643188,1.287697434425354,1.266897201538086,1.3301839518547058,1.3809287850780572,1.4335400042197162,1.2268278994896955,48.1569361209015,-0.012197959041237327
2009-02-25,1.2724264860153198,1.289607048034668,1.269599437713623,1.32681569814682,1.379849158640288,1.426359306356745,1.227272089936895,44.14431336542923,-0.011932865326964581
2009-02-26,1.2720541954040527,1.2806065082550049,1.2695027589797974,1.3236706519126893,1.3787765703957255,1.4198780308902137,1.2274632729351649,44.0460367335442,-0.011618882148567433
2009-02-27,1.2678931951522827,1.2748922109603882,1.2613998651504517,1.3211764645576478,1.3776732516549652,1.4165523054128386,1.225800623702457,42.89656484473676,-0.011572406662516244
2009-03-02,1.256407618522644,1.2625943422317505,1.2545949220657349,1.3183864736557007,1.3764666267352974,1.4129979772723704,1.223774970039031,39.80836363407824,-0.012320343301592596
2009-03-03,1.253179907798767,1.2672183513641357,1.253007173538208,1.3155743408203124,1.3752398914979553,1.4093936172793933,1.2217550643612316,38.959528684422935,-0.013023411970561671
2009-03-04,1.2638070583343506,1.26639986038208,1.2468984127044678,1.3128326058387756,1.3741311055531624,1.4044617511902997,1.2212034604872515,43.25015339504493,-0.012578084395313383
2009-03-05,1.2546736001968384,1.2638070583343506,1.2485017776489258,1.3098960304260254,1.372942472029685,1.3993107931019595,1.2204812677500914,40.60823237445388,-0.012814435982424044
2009-03-06,1.2638070583343506,1.2740962505340576,1.2545949220657349,1.3071181392669677,1.3718565460415226,1.3933377118238492,1.2208985667100862,44.274077621142965,-0.012124983317681526
2009-03-09,1.2622755765914917,1.272394061088562,1.2559974193572998,1.304285593032837,1.370766186671474,1.3867509880508253,1.2218201980148486,43.78604943660609,-0.011568806886699035
2009-03-10,1.2716660499572754,1.2818048000335693,1.2621959447860718,1.3014387702941894,1.3697801143476291,1.378064879925604,1.224812660662775,47.6000978600253,-0.010252120276132315
2009-03-11,1.2806720733642578,1.2863060235977173,1.2632005214691162,1.2990923047065734,1.3688934660059013,1.3706689542711208,1.227515655142026,51.03162957025989,-0.008385265705175282
2009-03-12,1.289889931678772,1.2941968441009521,1.2735933065414429,1.2968922305107116,1.3681073601616838,1.3623209037468538,1.2314635572745694,54.32837664461273,-0.006091744045231717
2009-03-13,1.2929919958114624,1.2954374551773071,1.2871006727218628,1.2949062252044679,1.3673599426360878,1.3542619486419232,1.2355505017670125,55.416185593069976,-0.003977945673776517
2009-03-16,1.2976058721542358,1.3066941499710083,1.2872000932693481,1.2935665106773377,1.3666658713959219,1.3494231006809654,1.23770992067371,57.05459612789405,-0.001908444612685578
2009-03-17,1.3033220767974854,1.3040019273757935,1.2935941219329834,1.2926128649711608,1.3660355840849319,1.346042265813164,1.2391834641291575,59.061840832271294,0.00019070154190625743
2009-03-18,1.3483994007110596,1.3529969453811646,1.299291968345642,1.2923588585853576,1.3658600994534007,1.3445660971219928,1.2401516200487224,70.6942852886293,0.00542907036220619
2009-03-19,1.3661948442459106,1.373192548751831,1.3424079418182373,1.2922847437858582,1.3658634302514874,1.3440513368430023,1.2405181507287142,73.85293196562222,0.010890915271349888
2009-03-20,1.3581973314285278,1.372099757194519,1.3531067371368408,1.2925387573242189,1.3657871505675367,1.345482348825575,1.2395951658228628,70.19139505215283,0.014408047265772606
2009-03-23,1.3620452880859375,1.3728909492492676,1.350621223449707,1.2930595564842224,1.365749918059766,1.3482144743552504,1.2379046386131944,70.93798360857213,0.017306400245290288
2009-03-24,1.348126769065857,1.3678767681121826,1.3441402912139893,1.2936180567741393,1.3655745631323346,1.3504352708094887,1.23680084273879,64.63223846633639,0.01826965647270873
2009-03-25,1.3576995134353638,1.3615074157714844,1.3428946733474731,1.2943379998207092,1.3654962043355006,1.3534727043795862,1.2352032952618321,66.81698724927813,0.019579780914291245
2009-03-26,1.3530701398849487,1.363493800163269,1.3508037328720093,1.2950832653045654,1.3653725617572756,1.356227436694081,1.2339390939150499,64.73441718006481,0.020013805525021855
2009-03-27,1.3292039632797241,1.358991026878357,1.3268934488296509,1.2950832653045654,1.3650126747848685,1.356227436694081,1.2339390939150499,55.18495837672962,0.018221921197114632
2009-03-30,1.318617582321167,1.3284975290298462,1.312404751777649,1.2952676677703858,1.3645510315398972,1.356643217302558,1.2338921182382137,51.552172184437545,0.01576586837146632
2009-03-31,1.3246963024139404,1.3337067365646362,1.3182003498077393,1.2959917187690735,1.364154466616919,1.3578930112291476,1.2340904263089993,53.44719433253636,0.01414685458815712
2009-04-01,1.3240998983383179,1.3278977870941162,1.3175925016403198,1.2964635467529297,1.3637559132469246,1.3588629972817763,1.2340640962240832,53.227212486100605,0.012669602386219614
2009-04-02,1.346692442893982,1.350694179534912,1.323994755744934,1.2973838424682618,1.3635861272817145,1.361373992248069,1.2333936926884546,59.95164767297242,0.013170082393287652
2009-04-03,1.34890878200531,1.349400281906128,1.337595820426941,1.2984321045875549,1.363440083882857,1.3640591547126382,1.2328050544624716,60.55082616754889,0.01358891193028966
2009-04-06,1.340572476387024,1.3577916622161865,1.3363981246948242,1.2988597226142884,1.3632125452495,1.3653123182007232,1.2324071270278536,57.09094714621874,0.01309719089793182
2009-04-07,1.3277391195297241,1.3406982421875,1.323591709136963,1.2989825534820556,1.3628595754549166,1.3656291153752287,1.2323359915888825,52.15066225125816,0.011538940073161141
2009-04-08,1.3251352310180664,1.3307960033416748,1.3159279823303223,1.2991788148880006,1.3624842084388422,1.3660790851353568,1.2322785446406443,51.18288303830273,0.00997887279273102
2009-04-09,1.3159972429275513,1.3332977294921875,1.313905119895935,1.299622859954834,1.3620216510742653,1.3666718402819464,1.2325738796277217,47.828475065197765,0.007913922194942913
2009-04-10,1.3175925016403198,1.3198009729385376,1.3101695775985718,1.3003007674217224,1.3615795695181083,1.3673779278415483,1.2332236070018965,48.463471834418506,0.006333153365273514
2009-04-13,1.3363981246948242,1.3392080068588257,1.3138360977172852,1.3013988757133483,1.3613290076158773,1.3690148174719023,1.2337829339547943,55.361003355485266,0.006522650242498207
2009-04-14,1.327404260635376,1.3377926349639893,1.3239071369171143,1.3019212222099303,1.3609914475947074,1.3699359811574863,1.2339064632623744,51.79094245049983,0.0058793250191429
2009-04-15,1.3225939273834229,1.3289920091629028,1.3157029151916504,1.3026618647575379,1.3606093823250909,1.370755973436201,1.2345677560788748,49.93612966618758,0.004924564142920751
2009-04-16,1.3180439472198486,1.326664686203003,1.313508152961731,1.3034404277801515,1.3601858452272688,1.3713255508188327,1.2355553047414702,48.17853440413601,0.0037574503477273424
2009-04-17,1.3044953346252441,1.3198009729385376,1.302405595779419,1.3036761784553528,1.359631710236285,1.3714910051233506,1.235861351787355,43.292195248994446,0.0017194240009523742
2009-04-20,1.2928917407989502,1.3048186302185059,1.290106177330017,1.3036158609390258,1.3589676302773717,1.371464247082883,1.2357674747951686,39.588919520807245,-0.0008225576756946129
2009-04-21,1.2934937477111816,1.298701286315918,1.2901227474212646,1.3036576223373413,1.358316148216766,1.371477897619235,1.2358373470554476,39.87627268230352,-0.002756741541315
2009-04-22,1.300576090812683,1.3033052682876587,1.2900896072387695,1.303933093547821,1.3577416197218322,1.3715856161915567,1.2362805709040854,43.29363742454955,-0.0036757386639310052
2009-04-23,1.3140950202941895,1.315598964691162,1.2984988689422607,1.304433159828186,1.3573073247806409,1.3720075037463013,1.2368588159100706,49.22611196124337,-0.0032754287738501198
2009-04-24,1.3258028030395508,1.3298933506011963,1.3119055032730103,1.305217137336731,1.3569938466525686,1.3728567136961096,1.2375775609773523,53.73977248574226,-0.0019905146663350415
2009-04-27,1.3018969297409058,1.3232064247131348,1.3007283210754395,1.3056570434570312,1.3564456181045017,1.3729095971497174,1.238404489764345,44.952451437709875,-0.0028681528832297243
2009-04-28,1.313094139099121,1.316534399986267,1.2972356081008911,1.3067550468444824,1.3560142597000766,1.3726231182553554,1.2408869754336094,49.14683842388196,-0.002629850991728633
2009-04-29,1.3265942335128784,1.3337956666946411,1.312508225440979,1.3081489872932435,1.3557215228494075,1.3726461131433318,1.243651861443155,53.72497617229336,-0.001336246810204722
2009-04-30,1.323521614074707,1.3382043838500977,1.3199926614761353,1.3093013620376588,1.3554011254527665,1.3727683427860509,1.2458343812892667,52.565064940649016,-0.000552620619631794
2009-05-01,1.3268054723739624,1.3326935768127441,1.323293924331665,1.3099716114997864,1.355116591332436,1.3734563810942386,1.246486841905334,53.71519583959787,0.00032958940106708745
2009-05-04,1.3418675661087036,1.3439956903457642,1.3214927911758423,1.3114527082443237,1.3549847601169447,1.3743758351673052,1.2485295813213422,58.665656622497195,0.002218558126596104
2009-05-05,1.33159339427948,1.3436886072158813,1.3289920091629028,1.3123365974426269,1.3547520100005668,1.375122055909183,1.2495511389760707,54.39210255295227,0.0028536446103448743
2009-05-06,1.3312920331954956,1.3372023105621338,1.3248015642166138,1.3135139083862304,1.3545185771894561,1.375446628619331,1.2515811881531298,54.267229725027796,0.003294659123843191
2009-05-07,1.3392080068588257,1.347091555595398,1.3255040645599365,1.314856984615326,1.354366233072909,1.376027835144671,1.2536861340859808,57.056142958942694,0.004234111024953968
2009-05-08,1.3639029264450073,1.3652063608169556,1.3345433473587036,1.3167771792411804,1.3544611256263897,1.377958404326883,1.2555959541554778,64.35833759651403,0.00689186195691649
2009-05-11,1.358991026878357,1.3667924404144287,1.356208086013794,1.3188288474082948,1.354506199309305,1.3786111403086443,1.2590465545079452,62.09657735774737,0.00850377326915508
2009-05-12,1.364498496055603,1.3708019256591797,1.3567968606948853,1.3210552191734315,1.3546056252319127,1.3791253021963719,1.2629851361504911,63.639550175407045,0.010109099920869946
2009-05-13,1.3588618040084839,1.372099757194519,1.357496738433838,1.322956314086914,1.3546479753050555,1.3795824968151098,1.2663301313587183,60.90678425001716,0.010801980411521805
2009-05-14,1.3636053800582886,1.366474986076355,1.3531982898712158,1.3251349496841431,1.3547371037846645,1.3793698288008687,1.2709000705674176,62.371192057330624,0.011600140931971037
2009-05-15,1.350201964378357,1.3647964000701904,1.3464930057525635,1.3268628478050233,1.354691977982282,1.378568754193517,1.2751569414165296,55.98916115977079,0.011024066687975509
2009-05-18,1.3558034896850586,1.3563920259475708,1.3428045511245728,1.3287334060668945,1.3547030378092335,1.3775909499193821,1.2798758622144069,57.92672779458454,0.01089394140232569
2009-05-19,1.3632335662841797,1.3667924404144287,1.3534914255142212,1.3305647563934326,1.3547879187580683,1.3775188075013045,1.2836107052855608,60.41608607391942,0.011260556575010794
2009-05-20,1.3772966861724854,1.382991909980774,1.3584926128387451,1.3324972486495972,1.3550118867719503,1.3790215305161364,1.285972966783058,64.67620342938748,0.01254130957518429
2009-05-21,1.3906078338623047,1.3925249576568604,1.3733999729156494,1.3345116066932678,1.355366075580334,1.3822128945525531,1.2868103188339826,68.16826321679343,0.014463685563964823
2009-05-22,1.4003052711486816,1.4050073623657227,1.390356421470642,1.3366578722000122,1.3558132321052727,1.3863495033194033,1.286966241080621,70.45944284316398,0.01657857701318788
2009-05-25,1.4006974697113037,1.4034693241119385,1.3965895175933838,1.3387197041511536,1.3562598417809073,1.3903161498305026,1.2871232584718046,70.55176199793604,0.018077900090786247
2009-05-26,1.3994038105010986,1.4023081064224243,1.3861935138702393,1.3406413388252258,1.3566891353314898,1.3939841282756242,1.2872985493748275,69.77714873778704,0.01894336957252607
2009-05-27,1.3833937644958496,1.400207281112671,1.3823992013931274,1.3413412261009217,1.3569548532365292,1.396001506646619,1.2866809455552244,60.870017206715495,0.018128410430193753
2009-05-28,1.3931069374084473,1.3980929851531982,1.3795957565307617,1.3418794679641723,1.3573145757377185,1.3980478686356914,1.2857110672926533,63.88231418241791,0.01805815811022371
2009-05-29,1.4157087802886963,1.4165109395980835,1.3927963972091675,1.3430296969413758,1.3578956130316928,1.4028018742596344,1.283257519623117,69.72305117515943,0.019600322156418493
2009-06-01,1.4163904190063477,1.4245014190673828,1.410258173942566,1.344116599559784,1.35847765133129,1.4071856394381534,1.2810475596814144,69.88124148753272,0.020639580584259187
2009-06-02,1.4308607578277588,1.4332396984100342,1.410636305809021,1.345771279335022,1.3591978817725003,1.4134430204713488,1.2780995381986953,73.09497796155765,0.022372934522489007
2009-06-03,1.4149675369262695,1.4336917400360107,1.411193609237671,1.34691663980484,1.359752804115433,1.4172967665706557,1.2765365130390243,64.90355110678877,0.022208177854915245
2009-06-04,1.4177961349487305,1.4236091375350952,1.407400131225586,1.3482111597061157,1.3603303501091666,1.4213790882572246,1.2750432311550068,65.64153979914805,0.0220516534948767
2009-06-05,1.3971943855285645,1.4267982244491577,1.3935922384262085,1.3495709681510926,1.3606971566916295,1.423816322357027,1.275325613945158,56.34797383040356,0.02003427515654388
2009-06-08,1.3902984857559204,1.3999720811843872,1.3810819387435913,1.3510045862197877,1.3609916974859393,1.42557788678022,1.2764312856593554,53.61184883282408,0.01767529698759307
2009-06-09,1.4063313007354736,1.4099003076553345,1.3855020999908447,1.3526372861862184,1.3614428381300838,1.4284243424555323,1.2768502299169044,58.640344351153544,0.016904637828093483
2009-06-10,1.3983862400054932,1.4142670631408691,1.3918077945709229,1.3541230130195618,1.3618104344213893,1.4305366400280843,1.2777093860110393,55.43351712700467,0.01547440557563129
2009-06-11,1.4110939502716064,1.4174946546554565,1.3954007625579834,1.3554110431671142,1.3623008179974927,1.4334669062319498,1.2773551801022787,59.27012080253889,0.015191227215863634
2009-06-12,1.4001091718673706,1.4130080938339233,1.3942917585372925,1.3564350509643555,1.3626770207771008,1.4354798619473608,1.2773902399813502,54.872647880757306,0.013919965810968549
2009-06-15,1.3784927129745483,1.4001485109329224,1.3761215209960938,1.357193455696106,1.3628343909537206,1.4363446499708408,1.2780422614213713,47.41708929692594,0.011040941313563923
2009-06-16,1.382991909980774,1.3929904699325562,1.3751943111419678,1.358298511505127,1.363034963414846,1.4373139382900812,1.2792830847201726,48.9711750511794,0.00901838294927293
2009-06-17,1.393805980682373,1.3979953527450562,1.38119637966156,1.3596719264984132,1.363341142891389,1.4387217817126885,1.2806220712841379,52.59752919430383,0.008193644765989605
2009-06-18,1.3914979696273804,1.399991512298584,1.387597680091858,1.3611819410324097,1.3636213105030117,1.4397092985721907,1.2826545834926288,51.75221731619809,0.0072699926605575005
2009-06-19,1.3947001695632935,1.400207281112671,1.3885996341705322,1.3627240943908692,1.3639305530799688,1.4407846191162874,1.284663569665451,52.88362402628484,0.006718930833120362
2009-06-22,1.386520266532898,1.3939224481582642,1.3830111026763916,1.3637265372276306,1.36415532649082,1.4416944344261626,1.2857586400290986,49.678850646384156,0.005558090346713396
2009-06-23,1.4072020053863525,1.4108153581619263,1.3832024335861206,1.36532249212265,1.364583651923111,1.4435221941548344,1.2871227900904658,56.80610223823732,0.006235085197847434
2009-06-24,1.3940973281860352,1.4138071537017822,1.3892362117767334,1.3667525601387025,1.3648773205263371,1.4443759972389163,1.2891291230384887,51.79973150084553,0.005649051812267825
2009-06-25,1.3985623121261597,1.4011685848236084,1.389294147491455,1.3683629274368285,1.365212494778553,1.4451987144597847,1.2915271404138724,53.30958229686417,0.0054817132425812876
2009-06-26,1.4053035974502563,1.4116119146347046,1.3985623121261597,1.3703790926933288,1.3656114114663107,1.4456489962234278,1.2951091891632298,55.572376952855606,0.005825904209648458
2009-06-29,1.408609390258789,1.4101985692977905,1.3985036611557007,1.3726934456825257,1.3660392523096159,1.4453079124392392,1.3000789789258123,56.6810734522292,0.006292887394103719
2009-06-30,1.4038830995559692,1.4151077270507812,1.4005799293518066,1.3749012327194214,1.36641580822869,1.4443298222278913,1.3054726432109516,54.5838102833639,0.006210017554986402
2009-07-01,1.414087176322937,1.4199906587600708,1.400403380393982,1.3771714544296265,1.3668901504804865,1.444057069172872,1.310285839686381,58.18148153844623,0.006888322037886363
2009-07-02,1.3957513570785522,1.4148874282836914,1.3935534954071045,1.3788045811653138,1.3671773268337981,1.4433506368454587,1.3142585254851689,50.44813948021596,0.005878571342168959
2009-07-03,1.3960046768188477,1.4027409553527832,1.3946417570114136,1.3802086186408997,1.3674641663035185,1.4430813158830702,1.3173359213987292,50.545939242848014,0.005040671701249666
2009-07-06,1.3977022171020508,1.399795651435852,1.3883682489395142,1.3821247243881225,1.3677650426036594,1.4409663929667733,1.3232830558094717,51.24044098993976,0.004462170390343134
2009-07-07,1.3915947675704956,1.4050073623657227,1.390588402748108,1.38369473695755,1.3680021544296892,1.4391077701720205,1.3282817037430796,48.59621649550057,0.0034708737266846423
2009-07-08,1.3879058361053467,1.3938642740249634,1.383508563041687,1.3849209690093993,1.368200201125012,1.4378336700601784,1.3320082679586203,47.01797038919249,0.002360388944812719
2009-07-09,1.4027999639511108,1.4068654775619507,1.386001467704773,1.3865065360069275,1.3685444775639113,1.4365848927410179,1.3364281792728372,53.57389157187293,0.0026515875456314397
2009-07-10,1.3933980464935303,1.4027016162872314,1.3882912397384644,1.3878383874893188,1.3687917768936952,1.4348864711960798,1.3407903037825577,49.41701012676989,0.0020995065662308132
2009-07-13,1.3990123271942139,1.4000699520111084,1.3903371095657349,1.388981282711029,1.369092479051005,1.4342125494356914,1.3437500159863667,51.82101035324219,0.0020909013355159267
2009-07-14,1.3971552848815918,1.4015417098999023,1.3914397954940796,1.3902925205230714,1.36937171110084,1.4324286982886243,1.3481563427575185,50.958315061656414,0.0019121912826896015
2009-07-15,1.4101985692977905,1.413207769393921,1.3965115547180176,1.391870651245117,1.3697779487133628,1.4307740087767242,1.35296729371351,56.44308608834026,0.002790874855326253
2009-07-16,1.414107084274292,1.4161096811294556,1.4058963060379028,1.3933686327934265,1.3702190348731804,1.4296767585357142,1.3570605070511388,57.960351961283976,0.003759287682664869
2009-07-17,1.4104969501495361,1.4146673679351807,1.4068259000778198,1.394300513267517,1.370619810359916,1.4299068200714955,1.3586942064635386,56.01929419236835,0.0041871868886314
2009-07-20,1.421181321144104,1.4229000806808472,1.421181321144104,1.395544319152832,1.371122910231142,1.4304542635061368,1.3606343747995273,60.26094831303234,0.005327032820067856
2009-07-21,1.4198495149612427,1.4218480587005615,1.4198495149612427,1.3966513395309448,1.371607752318691,1.431049668081131,1.3622530109807585,59.49075579757748,0.0060531266284571394
2009-07-22,1.4205957651138306,1.4211409091949463,1.4200712442398071,1.3978860187530517,1.3720951954803569,1.431161389578488,1.3646106479276154,59.80078952747934,0.006612551970524461
2009-07-23,1.416330337524414,1.4169925451278687,1.4161096811294556,1.3989405179023742,1.372535346369424,1.431104953201108,1.3667760826036404,57.11029547728663,0.006635229431159351
2009-07-24,1.4212015867233276,1.4212015867233276,1.4212015867233276,1.4003605103492738,1.373019587808742,1.4299047188836231,1.3708163018149244,59.35909600628635,0.006965971201870147
2009-07-27,1.4247043132781982,1.4247246980667114,1.4231431484222412,1.4017385268211364,1.373533863938267,1.4291505520987007,1.3743265015435722,60.94481823674037,0.007425134864760263
2009-07-28,1.4146071672439575,1.416892170906067,1.4142670631408691,1.402765998840332,1.373942553723404,1.428056263682089,1.377475733998575,54.36031783659433,0.006894791214836937
2009-07-29,1.4014631509780884,1.4035087823867798,1.4012471437454224,1.403249328136444,1.3742163906446854,1.4274532247488452,1.3790454315240428,47.20987374910255,0.00535218117485825
2009-07-30,1.4084903001785278,1.4089070558547974,1.4072020053863525,1.4036069774627686,1.3745574247339867,1.4275757756258283,1.379638179299709,50.926380205700724,0.004643160354113718
2009-07-31,1.4260046482086182,1.4260046482086182,1.4260046482086182,1.4041209650039672,1.3750693376484933,1.428889626039932,1.3793523039680025,58.72577044182097,0.00543190217098366
2009-08-03,1.4411921501159668,1.4421898126602173,1.4411921501159668,1.4049308586120606,1.375727276390364,1.4318016249733405,1.3780600922507806,64.05995701947337,0.00719949887856508
2009-08-04,1.4419610500335693,1.4422314167022705,1.4400092363357544,1.40578200340271,1.3763863192209713,1.4345661132232634,1.3769978935821565,64.31142723814438,0.008563659268204793
2009-08-05,1.4411712884902954,1.442148208618164,1.44110906124115,1.4069375538825988,1.3770309460779626,1.4366763273013867,1.3771987804638108,63.817504932709156,0.009471853418821174
2009-08-06,1.4372979402542114,1.4372979402542114,1.4357914924621582,1.4078213739395142,1.3776306179354345,1.4384944288015684,1.37714831907746,61.32969861005783,0.009766475148547338
2009-08-07,1.419103980064392,1.419103980064392,1.419103980064392,1.407889277935028,1.3780432883918012,1.438648514255411,1.377130041614645,51.2277062386433,0.008434635233349752
2009-08-10,1.413107991218567,1.4137673377990723,1.4127686023712158,1.4078236293792725,1.3783921910635413,1.4385227620733818,1.3771244966851632,48.398366069808596,0.006816737212563595
2009-08-11,1.4150075912475586,1.4157087802886963,1.414907455444336,1.4075065660476684,1.3787565235650114,1.437555130451218,1.377458001644119,49.35274793127758,0.005623004723234182
2009-08-12,1.4217066764831543,1.4220906496047974,1.4203335046768188,1.4076413488388062,1.3791838884580239,1.4378863247523583,1.377396372925254,52.67682165925852,0.0051580643618043265
2009-08-13,1.4275925159454346,1.4287142753601074,1.4275925159454346,1.4078372764587401,1.3796655665525397,1.4384751248199494,1.3771994280975308,55.443768435666136,0.005204539142725784
2009-08-14,1.42069673538208,1.42069673538208,1.42069673538208,1.4083073234558106,1.3800738370645957,1.4389998071624137,1.3776148397492074,51.634622510964796,0.004631549263547807
2009-08-17,1.4105963706970215,1.4105963706970215,1.4081928730010986,1.4087132811546326,1.38037754399612,1.4389673498387308,1.3784592124705344,46.586045125694696,0.003324117283463046
2009-08-18,1.4165109395980835,1.416731595993042,1.413107991218567,1.4089168739318847,1.3807370804222086,1.4392424385184852,1.3785913093452842,49.68823441128788,0.0027337117722738835
2009-08-19,1.4253947734832764,1.4254964590072632,1.4226572513580322,1.4094570446014405,1.3811814357623518,1.4399785339624158,1.3789355552404652,54.008888346087666,0.0029486718466877893
2009-08-20,1.4260046482086182,1.4268999099731445,1.4254964590072632,1.4097552585601807,1.3816274380603877,1.4406313416741663,1.378879175446195,54.29904337690151,0.0031321357366780322
2009-08-21,1.4320902824401855,1.4320902824401855,1.4320902824401855,1.4103948807716369,1.3821295561201619,1.441776239729766,1.3790135218135078,57.200679604147304,0.003725645096463115
2009-08-24,1.4293065071105957,1.4298174381256104,1.4285918474197388,1.411411156654358,1.3825989787080515,1.4418527154794751,1.3809695978292407,55.46585177766361,0.003926120265484334
2009-08-25,1.4284082651138306,1.430308222770691,1.4283673763275146,1.412319483757019,1.383054792685766,1.4420006870146849,1.3826382804993531,54.88739400586409,0.003966790962092848
2009-08-26,1.4236294031143188,1.4253947734832764,1.4236091375350952,1.412915952205658,1.3834585203128693,1.442275517803071,1.383556386608245,51.79261508720753,0.003572230112328212
2009-08-27,1.4372979402542114,1.4376904964447021,1.4350907802581787,1.4138319516181945,1.3839942361445723,1.4433216298472205,1.3843422733891686,58.926148196186915,0.00431275970145184
2009-08-28,1.4359976053237915,1.4359976053237915,1.430206060409546,1.4146579003334045,1.384511682805266,1.4442735130122726,1.3850422876545365,58.046148760060625,0.0047400680209714885
2009-08-31,1.434267520904541,1.4344321489334106,1.433794617652893,1.4156128454208374,1.3850067659620158,1.4445977113913495,1.3866279794503253,56.83010405568518,0.0048828234399032056
2009-09-01,1.4212015867233276,1.4223941564559937,1.4203133583068848,1.415892837047577,1.385366913569541,1.4448164833464636,1.3869691907486903,48.55671768339634,0.003896727398229771
2009-09-02,1.4274091720581055,1.4280002117156982,1.4272258281707764,1.4165590739250182,1.385785244657628,1.4449635293073309,1.3881546185427056,52.122869931600555,0.003574929872077748
2009-09-03,1.4256386756896973,1.4263097047805786,1.4253947734832764,1.417100601196289,1.3861817963583312,1.4451346234445772,1.3890665789480008,51.03617815747984,0.0031408331840563353
2009-09-04,1.4294085502624512,1.4294085502624512,1.4294085502624512,1.417582700252533,1.386611913471687,1.4456177348644135,1.3895476656406525,53.27020545286968,0.0030656667056945253
2009-09-07,1.4331985712051392,1.434144139289856,1.4331985712051392,1.41807448387146,1.3870754624746011,1.4463288551881857,1.3898201125547345,55.46991858348456,0.003274177070432316
2009-09-08,1.4504104852676392,1.4512102603912354,1.4503893852233887,1.4190050315856935,1.387705661934847,1.448393654959647,1.38961640821174,63.80317735472599,0.004773257514224749
2009-09-09,1.4547992944717407,1.4558159112930298,1.4546935558319092,1.4198192739486695,1.388373260508172,1.4508611961298876,1.3887773517674513,65.57235293599932,0.0062434590803241985
2009-09-10,1.4581297636032104,1.458491325378418,1.4577046632766724,1.4210668420791626,1.3890673553129878,1.4531569182471535,1.3889767659111716,66.89468815440837,0.007589854322595402
2009-09-11,1.4580022096633911,1.4580022096633911,1.4580022096633911,1.4223067927360535,1.3897532745030734,1.4552246924362036,1.3893888930359035,66.78888185051628,0.008548053080485118
2009-09-14,1.4643217325210571,1.4643217325210571,1.4625656604766846,1.4236391830444335,1.39049524946817,1.457859431620579,1.389418934468288,69.37347795839065,0.009705486374252503
2009-09-15,1.4670931100845337,1.4674590826034546,1.466060757637024,1.4251491498947144,1.391257417498339,1.460249542964441,1.3900487568249877,70.45922140580724,0.010722782049655155
2009-09-16,1.4711940288543701,1.4719085693359375,1.4706099033355713,1.4268149137496948,1.3920528069376301,1.4625997452387456,1.391030082260644,72.03884907854315,0.011724750448779186
2009-09-17,1.4732965230941772,1.4744043350219727,1.473101258277893,1.428224844932556,1.3928612023965312,1.4656645547408422,1.39078513512427,72.84069294562437,0.012543873373789483
2009-09-18,1.4716053009033203,1.4716053009033203,1.4716053009033203,1.4297889900207519,1.3936447260269789,1.467819961278988,1.3917580187625158,71.07505160389606,0.012907773913785725
2009-09-21,1.468407154083252,1.4695078134536743,1.4682347774505615,1.4311768865585328,1.3943886310302422,1.4696855050189466,1.392668268098119,67.73154771699708,0.012790661212594534
2009-09-22,1.4811961650848389,1.4837455749511719,1.4797276258468628,1.4328577041625976,1.395252387871348,1.4726211826633833,1.393094225661812,73.16743128435405,0.01357334973215707
2009-09-23,1.4726022481918335,1.4729058742523193,1.4706963300704956,1.4341057777404784,1.396022038472761,1.4748711113823094,1.3933404440986474,65.2169834984127,0.013346330561065711
2009-09-24,1.4650940895080566,1.4661037921905518,1.4628009796142578,1.4351255178451539,1.3967093227836582,1.476396683311047,1.3938543523792608,59.16793368753551,0.012417430169498367
2009-09-25,1.4684934616088867,1.4684934616088867,1.4684934616088867,1.4362854480743408,1.3974235930491057,1.477989084561537,1.3945818115871444,60.93465506099859,0.011819325014125859
2009-09-28,1.462159276008606,1.4635074138641357,1.462159276008606,1.437105007171631,1.3980677294009747,1.4792058136451594,1.3950042006981025,56.06668038470194,0.010710739787368695
2009-09-29,1.4591723680496216,1.459704875946045,1.458299994468689,1.4378914642333984,1.3986757359454118,1.4801454533113876,1.3956374751554093,53.88076452280674,0.009481858535632881
2009-09-30,1.465502142906189,1.4656953811645508,1.4641073942184448,1.4387895917892457,1.399340675523581,1.4814501138328893,1.3961290697456021,57.64904254831127,0.008915943771000467
2009-10-01,1.4515894651412964,1.4543339014053345,1.4513788223266602,1.4394947743415833,1.3998605641365038,1.4818042042373498,1.3971853444458169,48.306347263210554,0.0072611138200746606
2009-10-02,1.4590020179748535,1.4590020179748535,1.4580022096633911,1.4402507829666138,1.4004490364922015,1.4825769129291413,1.3979246530040863,52.704234627576895,0.006473161647865933
2009-10-05,1.465996265411377,1.466275691986084,1.464986801147461,1.4410766220092774,1.401101247920766,1.483774351520179,1.398378892498376,56.46760782968261,0.006339997642947903
2009-10-06,1.4721685647964478,1.473708987236023,1.4717570543289185,1.4422278499603272,1.4018083856120118,1.4851161604098915,1.3993395395107628,59.528152576794945,0.006655793343397276
2009-10-07,1.4711507558822632,1.4718002080917358,1.4689680337905884,1.4436216020584107,1.4024983596483098,1.485622947450112,1.4016202566667095,58.794105458580084,0.006746169396539159
2009-10-08,1.4781310558319092,1.4783931970596313,1.4764506816864014,1.4450144171714783,1.4032509240083963,1.4868791963493477,1.4031496379936088,62.233636406956144,0.007296930466675899
2009-10-09,1.473405122756958,1.473405122756958,1.473405122756958,1.4459624266624451,1.403948975938313,1.488215122757189,1.4037097305677013,58.663335711464626,0.007268285014602638
2009-10-12,1.4792898893356323,1.4799906015396118,1.4783495664596558,1.4467243814468385,1.4046986369819294,1.4899879231365618,1.403460839757115,61.61626600038184,0.007632452606694651
2009-10-13,1.4846047163009644,1.485398530960083,1.4840757846832275,1.4475772547721864,1.4054937225727788,1.492119922032296,1.4030345875120767,64.10992306688016,0.008254764379993285
2009-10-14,1.4932059049606323,1.4938973188400269,1.4929383993148804,1.448617947101593,1.4063664808504583,1.494945430961071,1.402290463242115,67.7602759505985,0.009334393903092542
2009-10-15,1.4955954551696777,1.495796799659729,1.4934512376785278,1.4497838973999024,1.4072543315869157,1.4978503138429575,1.4017174809568473,68.7123607394685,0.010264502020167265
2009-10-16,1.4908016920089722,1.4908016920089722,1.4908016920089722,1.451217851638794,1.4080856488338243,1.4998233444689484,1.4026123588086394,64.59134979685344,0.010493836366648912
2009-10-19,1.496490716934204,1.4977010488510132,1.496199607849121,1.4528855061531067,1.408965301491363,1.5018742745237708,1.4038967377824427,67.11221416638122,0.011007751744775529
2009-10-20,1.4934512376785278,1.4936072826385498,1.4924482107162476,1.4544543790817261,1.4098059577986088,1.503516224265798,1.4053925338976543,64.47131004718972,0.011042481952316052
2009-10-21,1.500690221786499,1.502200722694397,1.500690221786499,1.456034049987793,1.4107102790737778,1.5058722495115406,1.4061958504640455,67.7284336155814,0.011521320796440193
2009-10-22,1.504189133644104,1.5043928623199463,1.502990961074829,1.4575659823417664,1.4116404171750665,1.50853196980005,1.4065999948834826,69.19827393847024,0.012044297807725979
2009-10-23,1.5010056495666504,1.5010056495666504,1.5010056495666504,1.4591721606254577,1.4125296236992828,1.5104564330953292,1.4078878881555863,66.24204407114772,0.012062827530529452
2009-10-26,1.4861712455749512,1.5059107542037964,1.4846928119659424,1.4606836581230163,1.4132623763448415,1.5105598725437412,1.4108074437022913,54.54779716245565,0.010756505741017497
2009-10-27,1.4817010164260864,1.4926042556762695,1.4774104356765747,1.4619874596595763,1.4139433580121636,1.5105412848195174,1.4134336344996352,51.59206026906889,0.00925385351523933
2009-10-28,1.4718002080917358,1.4840097427368164,1.4695078134536743,1.4629155683517456,1.4145190482083199,1.510376187300153,1.4154549494033382,45.68721175598682,0.007181296792983627
2009-10-29,1.4840097427368164,1.4859503507614136,1.468709111213684,1.4640756702423097,1.4152104980782736,1.5106817118465372,1.4174696286380821,52.853417151783226,0.0064496406228125025
2009-10-30,1.4732965230941772,1.4859061241149902,1.4705017805099487,1.4648997950553895,1.415788468619737,1.5106466657241167,1.4191529243866623,46.994231181091436,0.004948289741666834
2009-11-02,1.4774104356765747,1.4842300415039062,1.4711940288543701,1.465861873626709,1.4164016226713056,1.5105648501782307,1.4211588970751874,49.3177174526544,0.004043802280200737
2009-11-03,1.473101258277893,1.4806040525436401,1.4629079103469849,1.4667557334899903,1.4169657982870834,1.5101707210325381,1.4233407459474425,46.99399967839658,0.0029453229976164064
2009-11-04,1.4869003295898438,1.4900908470153809,1.4704583883285522,1.4680211520195008,1.4176616644376214,1.5099690392064768,1.4260732648325247,54.402959451496514,0.003151906764093493
2009-11-05,1.4878073930740356,1.4916023015975952,1.4813936948776245,1.4690313410758973,1.4183596320530003,1.5103878939270436,1.427674788224751,54.84971016280368,0.0033501993176041633
2009-11-06,1.4848912954330444,1.491290807723999,1.4813936948776245,1.4700092148780823,1.4190216388099222,1.5104803820160702,1.4295380477400945,53.05015840210351,0.003234754648080651
2009-11-09,1.5008028745651245,1.5019299983978271,1.4855530261993408,1.471339921951294,1.4198353826392784,1.511387551756669,1.4312922921459188,60.638656420433456,0.004376743004168793
2009-11-10,1.4989807605743408,1.5019526481628418,1.4942991733551025,1.4728955054283142,1.4206228990196847,1.510988706173867,1.4348023046827614,59.45357922239504,0.005076231990395863
2009-11-11,1.4983967542648315,1.5048003196716309,1.4956402778625488,1.4743152570724487,1.4213967684032167,1.5107439951498907,1.4378865189950067,59.05521346953437,0.005519828476391764
2009-11-12,1.4856854677200317,1.5016368627548218,1.4825797080993652,1.4755161929130554,1.422036457098579,1.5092548747701968,1.441777511055914,51.03910327016755,0.004790465788325982
2009-11-13,1.490890622138977,1.4934957027435303,1.4833053350448608,1.476745834350586,1.422721573322328,1.5080168889262204,1.4454747797749514,53.80435854615763,0.004579661575673688
2009-11-16,1.498374342918396,1.5015466213226318,1.4886490106582642,1.478049349784851,1.4234743373660963,1.5072781957490364,1.4488205038206656,57.51925435807946,0.004959303675507565
2009-11-17,1.4876967668533325,1.4997899532318115,1.4811961650848389,1.4787950754165649,1.4241133666557406,1.5070314639875735,1.4505586868455562,51.19365663817019,0.004348455336278034
2009-11-18,1.495394229888916,1.4990030527114868,1.4870109558105469,1.4796069741249085,1.424822629130878,1.5073574990836403,1.4518564491661767,55.03287704230783,0.004434358043865494
2009-11-19,1.4916245937347412,1.495796799659729,1.4846047163009644,1.480276870727539,1.425487325439358,1.507523794644653,1.4530299468104253,52.84071833707991,0.004150415024190668
2009-11-20,1.4863920211791992,1.4936072826385498,1.48069167137146,1.4808446669578552,1.4260933424417115,1.5073706680374919,1.4543186658782186,49.871109071508215,0.0034632411721606804
2009-11-23,1.496199607849121,1.4997899532318115,1.4872100353240967,1.4814822244644166,1.4267909173692614,1.5079195123726579,1.4550449365561753,54.978320822197595,0.003667761550396831
2009-11-24,1.496669888496399,1.498711109161377,1.4890037775039673,1.482073760032654,1.4274862306602425,1.5085204992105212,1.4556270208547866,55.21394411558515,0.003823715726856136
2009-11-25,1.5127906799316406,1.5145319700241089,1.496199607849121,1.4829056930541993,1.4283350313262806,1.5105456119101353,1.4552657741982633,62.46563861222103,0.005188315999806736
2009-11-26,1.4972974061965942,1.5136377811431885,1.4955060482025146,1.4833857107162476,1.4290212242517473,1.5111777034890927,1.4555937179434024,53.49980987677565,0.004962390491205282
2009-11-27,1.4990930557250977,1.4997899532318115,1.4833933115005493,1.483935465812683,1.4297184565472396,1.5118634609277681,1.456007470697598,54.31819101821305,0.0048720745651877895
2009-11-30,1.5038950443267822,1.5084093809127808,1.4974992275238037,1.4846452236175538,1.4304565321958618,1.5127655723595215,1.4565248748755861,56.52190691684672,0.005128856624821765
2009-12-01,1.5090012550354004,1.5118072032928467,1.497588872909546,1.485201325416565,1.4312380718821038,1.514131352843632,1.456271297989498,58.79801430749232,0.005678923689612203
2009-12-02,1.5069773197174072,1.5110077857971191,1.5033977031707764,1.4858888268470765,1.431991696387128,1.5152276897480288,1.4565499639461241,57.51281794293185,0.005883717305438685
2009-12-03,1.506545901298523,1.51377534866333,1.504098653793335,1.4867178630828857,1.4327335294164958,1.5160009254085405,1.4574348007572309,57.22568398443129,0.005942702090059093
2009-12-04,1.485707402229309,1.509297251701355,1.4824038743972778,1.4870621418952943,1.4332606327303399,1.5158715977293657,1.4582526860612228,45.428017148093716,0.0042588617295815645
2009-12-07,1.4841198921203613,1.4904017448425293,1.476581335067749,1.4875013542175293,1.4337666951095691,1.5154169293639366,1.459585779071122,44.67243872882934,0.002764440564053894
2009-12-08,1.4697020053863525,1.48659086227417,1.4677391052246094,1.487711946964264,1.4341242604536288,1.5149047427678028,1.460519151160725,38.42206160962562,0.00041194936368782464
2009-12-09,1.4737958908081055,1.477803349494934,1.4678038358688354,1.4878778219223023,1.4345190031181874,1.5146150088315824,1.4611406350130223,40.94854205810877,-0.0011092873478404375
2009-12-10,1.4729492664337158,1.4759929180145264,1.4689033031463623,1.4883050179481507,1.434901393868883,1.5133015685113247,1.4633084673849768,40.57776006530809,-0.0023560350081306414
2009-12-11,1.4619027376174927,1.4776942729949951,1.4591084718704224,1.4883630323410033,1.4351700640052802,1.513094048447672,1.4636320162343346,35.99766710741504,-0.004187186784203378
2009-12-14,1.4656953811645508,1.4684934616088867,1.461091160774231,1.488357014656067,1.435473798559609,1.5131103809788287,1.4636036483333053,38.56171531114573,-0.00527158556473184
2009-12-15,1.4542070627212524,1.4659103155136108,1.450810194015503,1.487997784614563,1.4356601992315916,1.5141895936082626,1.4618059756208632,34.104703538453464,-0.006977557755041719
2009-12-16,1.452601671218872,1.4588104486465454,1.4508944749832153,1.4876268029212951,1.435828771122208,1.5152774132928535,1.4599761925497368,33.521632096853025,-0.008362694744733279
2009-12-17,1.4346996545791626,1.4534038305282593,1.430922269821167,1.4867581748962402,1.4358175361297474,1.5181076887056597,1.4554086610868207,27.811593489325432,-0.010780695767804716
2009-12-18,1.4349054098129272,1.4407975673675537,1.4264724254608154,1.4859881806373596,1.4358084602444123,1.5204164116783336,1.4515599495963856,27.963473378530423,-0.012535870559052587
2009-12-21,1.428673505783081,1.43709135055542,1.4267982244491577,1.4849758529663086,1.4357374656603776,1.5229971438504597,1.4469545620821576,26.167694627760113,-0.014265280525413315
2009-12-22,1.4254355430603027,1.4331985712051392,1.422191858291626,1.4837924695014955,1.435634958950285,1.5253771196386678,1.442207819364323,25.260018024405724,-0.01571596307494416
2009-12-23,1.4336096048355103,1.4365959167480469,1.423933506011963,1.4826005434989928,1.4356148061696068,1.5264392004362812,1.4387618865617045,31.700711243331895,-0.016021376519717467
2009-12-24,1.4384970664978027,1.441794753074646,1.433301329612732,1.4814585757255554,1.4356434853816666,1.526862374451632,1.4360547769994787,35.29135298719389,-0.015688197786639435
2009-12-25,1.4399055242538452,1.4437931776046753,1.4363069534301758,1.480440652370453,1.4356858937357013,1.5272498520302342,1.4336314527106717,36.33015982449916,-0.015136021832473645
2009-12-28,1.437504529953003,1.4415037631988525,1.43562650680542,1.479260928630829,1.435703989621438,1.5273741522340725,1.4311477050275854,35.29010224421522,-0.014722447375772996
2009-12-29,1.434308648109436,1.4456089735031128,1.4338973760604858,1.478078076839447,1.435690105624032,1.5276531641745834,1.4285029895043106,33.89899329381245,-0.014485586767579495
2009-12-30,1.4342057704925537,1.4362038373947144,1.4277962446212769,1.476748387813568,1.4356753361178545,1.5274026865431058,1.4260940890840303,33.852732102015,-0.01414314106657999
2009-12-31,1.4327058792114258,1.4438974857330322,1.4310450553894043,1.4753187227249145,1.4356457892782466,1.526839521910049,1.42379792353978,33.14259837651686,-0.013833317202849083
2010-01-01,1.4389938116073608,1.4401957988739014,1.4327058792114258,1.4740784859657288,1.4356791029385292,1.5260589240189055,1.422098047912552,38.92663494925519,-0.012931331623294628
2010-01-04,1.4423978328704834,1.4451910257339478,1.4262080192565918,1.4732030177116393,1.4357459559831411,1.5258227078881492,1.4205833275351294,41.859096950165004,-0.011805736306377046
2010-01-05,1.4365959167480469,1.4483097791671753,1.4351937770843506,1.4723009157180786,1.4357544133054954,1.5258640495050935,1.4187377819310638,38.468690170225074,-0.011252152243842684
2010-01-06,1.4404033422470093,1.4434596300125122,1.4291226863861084,1.4716729784011842,1.4358006713120102,1.525990903551526,1.4173550532508423,41.8001056602575,-0.010386476630898756
2010-01-07,1.4318032264709473,1.444481372833252,1.430206060409546,1.4706288480758667,1.4357608957354109,1.525976170056477,1.4152815260952565,36.93563312707548,-0.01027592546749867
2010-01-08,1.44110906124115,1.4436055421829224,1.4271035194396973,1.4699850988388061,1.435814111320585,1.5259510686655684,1.4140191290120439,44.466563736114026,-0.009329860950773039
2010-01-11,1.4511260986328125,1.4554345607757568,1.4464871883392334,1.469459412097931,1.4359664694259766,1.5256340913546937,1.4132847328411682,51.21932030990331,-0.0076832392047070375
2010-01-12,1.447659969329834,1.454376220703125,1.4459643363952637,1.4689505863189698,1.436082822676001,1.5254505709318167,1.412450601706123,48.99905731690789,-0.006582093003842049
2010-01-13,1.4523905515670776,1.4577046632766724,1.4458597898483276,1.4682603907585143,1.4362450886587959,1.5247084988935093,1.4118122826235193,52.05383100515327,-0.005266993630918648
2010-01-14,1.4499897956848145,1.4552016258239746,1.4462571144104004,1.4675040388107299,1.4363818519325455,1.5238965336823607,1.411111543939099,50.40383641834836,-0.00436813568968164
2010-01-15,1.4390974044799805,1.4504104852676392,1.434576153755188,1.4665881609916687,1.436408872359768,1.5233145495353473,1.40986177244799,43.6442952252193,-0.004483031635939438
2010-01-18,1.4406731128692627,1.4406731128692627,1.4336917400360107,1.4653855657577515,1.4364513026196029,1.5216993368688623,1.4090717946466407,44.79761247309496,-0.004396263612512774
2010-01-19,1.4281021356582642,1.4413999319076538,1.4256997108459473,1.4639679932594298,1.4363682263197823,1.5203982944705754,1.4075376920482843,38.09877043988677,-0.005280996094038537
2010-01-20,1.4110342264175415,1.4290001392364502,1.4087086915969849,1.462220742702484,1.4361161466837729,1.5197002093633598,1.4047412760416083,31.263206416286195,-0.007275522893992026
2010-01-21,1.4097015857696533,1.414027214050293,1.4030951261520386,1.4607010650634766,1.4358533151957695,1.5196474875315011,1.4017546425954521,30.798571984375783,-0.00886158191550801
2010-01-22,1.414107084274292,1.4181982278823853,1.4089070558547974,1.4591653943061829,1.4356369347591489,1.5188971171857097,1.399433671426656,34.27607906033283,-0.009651798283385471
2010-01-25,1.4150075912475586,1.4194263219833374,1.413107991218567,1.4574980592727662,1.4354316676318792,1.5174164281720015,1.397579690373531,34.995156049547276,-0.010089086353987309
2010-01-26,1.4082324504852295,1.4178967475891113,1.404415488243103,1.455908772945404,1.4351610286192005,1.516765869276424,1.3950516766143841,32.1455265583149,-0.010857182694000933
2010-01-27,1.4030951261520386,1.4097412824630737,1.4001679420471191,1.4540627908706665,1.434841964870929,1.5156265809942358,1.3924990007470972,30.14130443708933,-0.011745054044590919
2010-01-28,1.3968042135238647,1.404968023300171,1.3949919939041138,1.4521663832664489,1.434463479733419,1.5148392076160462,1.3894935589168516,27.85132043078457,-0.012808672160895096
2010-01-29,1.3866932392120361,1.398699164390564,1.386481761932373,1.4501724076271056,1.4339881538955659,1.5147167173753677,1.3856280978788436,24.614454852620952,-0.014302596873349005
2010-02-01,1.3926994800567627,1.3937088251113892,1.385578989982605,1.4481024050712585,1.4335773212674108,1.513257476448073,1.382947333694444,29.831398153655627,-0.014830927827135465
2010-02-02,1.3976240158081055,1.3976240158081055,1.3889081478118896,1.4461214876174926,1.4332195768890965,1.5112722148259028,1.3809707604090824,33.87212803346627,-0.014683008453759694
2010-02-03,1.3901052474975586,1.4024064540863037,1.3886189460754395,1.443667778968811,1.4327905785328092,1.5078032001286807,1.3795323578089413,30.942339752407648,-0.014999577260602859
2010-02-04,1.3744947910308838,1.3906078338623047,1.372005581855774,1.441211726665497,1.432210520873593,1.5063619272089406,1.3760615261220532,25.92797484464154,-0.01632194447970936
2010-02-05,1.368007779121399,1.3746082782745361,1.3588064908981323,1.4385900211334228,1.4315716875436761,1.5047750576169008,1.3724049846499449,24.174746475463024,-0.017689464538971578
2010-02-08,1.3654673099517822,1.3714035749435425,1.3625277280807495,1.4358214664459228,1.4309139324625868,1.5024361449158878,1.3692067879759577,23.50443954496656,-0.01876195255860269
2010-02-09,1.378207802772522,1.3839489221572876,1.365094542503357,1.4332055974006652,1.4303894932979044,1.4983468741606745,1.368064320640656,33.46769634871022,-0.018372073915250642
2010-02-10,1.3753266334533691,1.3811010122299194,1.3681387901306152,1.4305725836753844,1.429841604079762,1.4941673127149087,1.3669778546358602,32.43874147760134,-0.01808708194474762
2010-02-11,1.3681762218475342,1.3799575567245483,1.360007643699646,1.4278051900863646,1.4292280181143233,1.4899314504280907,1.3656789297446386,29.975621073984072,-0.01822808025043421
2010-02-12,1.363493800163269,1.3689440488815308,1.3533082008361816,1.425360918045044,1.428573946217315,1.4878047214544063,1.3629171146356815,28.452061144267162,-0.01850434811431323
2010-02-15,1.3603036403656006,1.3631964921951294,1.3583080768585205,1.4228845930099487,1.427894639612664,1.4856369558193454,1.360132230200552,27.429167279498174,-0.018764407215293932
2010-02-16,1.3767088651657104,1.377771019935608,1.359194278717041,1.4210247302055359,1.4273853283656714,1.4836256016053828,1.358423858805689,39.47891552760592,-0.017445638923286433
2010-02-17,1.3606922626495361,1.3788729906082153,1.3592311143875122,1.4187626576423644,1.4267217156960608,1.481753106617925,1.3557722086668038,33.61115709792038,-0.01749128289610047
2010-02-18,1.3461486101150513,1.3653181791305542,1.3450260162353516,1.4162266445159912,1.4259199931622588,1.480509534808493,1.3519437542234896,29.345925669200085,-0.01848789039440546
2010-02-19,1.3615074157714844,1.3620080947875977,1.3456957340240479,1.414218738079071,1.4252790719227924,1.4789485415851988,1.349488934572943,38.256738865699226,-0.017832816155306075
2010-02-22,1.3605626821517944,1.3652995824813843,1.3577179908752441,1.4121160840988158,1.4246351276749445,1.476850975977437,1.3473811922201946,37.93977374531084,-0.017191721742137345
2010-02-23,1.3527040481567383,1.3692628145217896,1.3497827053070068,1.4100860238075257,1.4239193954622809,1.475792239814624,1.3443798078004274,35.31841135960721,-0.017120422315560546
2010-02-24,1.354316234588623,1.3621937036514282,1.3502929210662842,1.4081203150749206,1.4232268266224966,1.4745121618467874,1.341728468303054,36.29090472497354,-0.016740848948997522
2010-02-25,1.3536012172698975,1.356999397277832,1.3452069759368896,1.4064983463287353,1.4225340344154835,1.4741896195426045,1.338807073114866,36.032153644187,-0.01630972192142921
2010-02-26,1.3631035089492798,1.3678580522537231,1.3536012172698975,1.4050623083114624,1.4219426858407185,1.4733377822269127,1.336786834396012,41.95518817255022,-0.015028060988979908
2010-03-01,1.356208086013794,1.365392804145813,1.3462574481964111,1.4036129999160767,1.4212886101519289,1.4729115794545808,1.3343144203775725,39.12415632013927,-0.014402712959960429
2010-03-02,1.3620638847351074,1.3623050451278687,1.3445197343826294,1.4023455667495728,1.4206993093403026,1.472329749823032,1.3323613836761135,42.662559369883624,-0.013281505199228327
2010-03-03,1.3701633214950562,1.3733999729156494,1.359841227531433,1.4010766410827638,1.4201964636383906,1.471047845218446,1.3311054369470816,47.231257020199145,-0.011605600970519436
2010-03-04,1.3584003448486328,1.3711966276168823,1.3557482957839966,1.3994747066497804,1.4195815768216604,1.4696164253347859,1.3293329879647748,41.99738109372155,-0.011098670142379197
2010-03-05,1.3628991842269897,1.3628991842269897,1.3536561727523804,1.397934579849243,1.4190175728583945,1.4678341065045786,1.3280350531939076,44.5291645757575,-0.010216139769438914
2010-03-08,1.3616927862167358,1.370369791984558,1.36104416847229,1.3964183449745178,1.4184471769144893,1.46610308702892,1.3267336029201156,43.974847687101025,-0.009504512227133333
2010-03-09,1.3606922626495361,1.3635867834091187,1.3538578748703003,1.3949460172653199,1.417872501093879,1.464473777431729,1.3254182570989108,43.49130216223137,-0.008918469597045009
2010-03-10,1.3643310070037842,1.367671012878418,1.354866623878479,1.3935485219955444,1.4173397498567892,1.4626631216180113,1.3244339223730774,45.824465452894486,-0.008067414202226342
2010-03-11,1.3685319423675537,1.3687942028045654,1.3623050451278687,1.392265043258667,1.416854099983992,1.4607925924875784,1.3237374940297555,48.46974320865058,-0.006973579214848646
2010-03-12,1.376993179321289,1.3794054985046387,1.367353081703186,1.3910250306129455,1.4164574738697164,1.4583342935587942,1.3237157676670968,53.4046935668382,-0.005362144533672453
2010-03-15,1.3677457571029663,1.3773914575576782,1.3645915985107422,1.3895319890975952,1.4159727801245334,1.455488299853429,1.3235756783417614,47.994828435674826,-0.004776203526991152
2010-03-16,1.3768794536590576,1.3782837390899658,1.3661015033721924,1.3883376598358155,1.415583791764935,1.4529647724391759,1.323710547232455,53.05333515334076,-0.0035340892976010174
2010-03-17,1.3738338947296143,1.3816543817520142,1.3730982542037964,1.3870062708854676,1.4151683698652322,1.4499769632668837,1.3240355785040514,51.26279848206502,-0.0027635989265235583
2010-03-18,1.361396312713623,1.3740037679672241,1.3591018915176392,1.385598132610321,1.4146333244711498,1.4476218175336106,1.3235744476870315,44.637253218068494,-0.003120616159273615
2010-03-19,1.353692889213562,1.3628062009811401,1.3504936695098877,1.3838498091697693,1.4140269519257191,1.4443974014382759,1.3233022169012627,41.09454045121815,-0.003979286052068209
2010-03-22,1.356704831123352,1.3569073677062988,1.3468738794326782,1.3819613838195801,1.4134565825129974,1.4397725310255785,1.3241502366135818,42.99941039375995,-0.004366416259578676
2010-03-23,1.3468012809753418,1.3569073677062988,1.3464930057525635,1.3799442100524901,1.412793345622483,1.4353886527538873,1.324499767351093,38.58149102940928,-0.005409990465194969
2010-03-24,1.3331022262573242,1.3485448360443115,1.3307960033416748,1.377558443546295,1.4120003990909535,1.430487862263364,1.324629024829226,33.460315162281844,-0.0072587553563294716
2010-03-25,1.3307074308395386,1.3370592594146729,1.3269991874694824,1.3751727962493896,1.4111915137638373,1.4254640396125677,1.3248815528862115,32.644552353029056,-0.008815534830217464
2010-03-26,1.3410038948059082,1.3424079418182373,1.3302825689315796,1.3732109260559082,1.4104931294350083,1.4209102596871093,1.3255115924247072,39.47675088908834,-0.009113401567938162
2010-03-29,1.3481086492538452,1.350511908531189,1.3421378135681152,1.3713596367835998,1.4098723882853597,1.4154181672472606,1.3273011063199391,43.71899129072719,-0.008676155476938785
2010-03-30,1.3424079418182373,1.3534914255142212,1.3400514125823975,1.3696457529067994,1.4092011002037244,1.4112961515101108,1.327995354303488,41.22227409748248,-0.008689467474843227
2010-03-31,1.3508037328720093,1.3545913696289062,1.33879554271698,1.3684411430358887,1.4086200318231428,1.4086652287274728,1.3282170573443046,46.1039991127277,-0.007931122118771006
2010-04-01,1.3584003448486328,1.3591203689575195,1.3462755680084229,1.3674151182174683,1.4081203334036336,1.405924037143431,1.3289061992915057,50.13917954518178,-0.006640596202131865
2010-04-02,1.3504936695098877,1.359194278717041,1.3477997779846191,1.3661428499221802,1.4075469337155786,1.4024985065325204,1.32978719331184,46.257272886859724,-0.006184556024355636
2010-04-05,1.34890878200531,1.3538944721221924,1.3462755680084229,1.3648208737373353,1.4069634694717839,1.3986428660430577,1.330998881431613,45.49687887432299,-0.005883210090288138
2010-04-06,1.3401951789855957,1.3497827053070068,1.3358268737792969,1.3634601283073424,1.4062991083186764,1.3955853757924241,1.3313348808222607,41.461471469342754,-0.006275169954454096
2010-04-07,1.3348461389541626,1.3410038948059082,1.3329956531524658,1.362095148563385,1.4055881334421882,1.3931277910754654,1.3310625060513046,39.164971929095366,-0.006937453155901219
2010-04-08,1.336112380027771,1.3367018699645996,1.3285682201385498,1.360881311893463,1.4048968323583748,1.391110059041202,1.3306525647457241,40.01202589287227,-0.007276266026879474
2010-04-09,1.3500925302505493,1.3500925302505493,1.3344007730484009,1.3601492977142333,1.4043515158766822,1.389589129287486,1.3307094661409806,48.53261451458991,-0.006343571637061007
2010-04-12,1.3596007823944092,1.3687942028045654,1.356999397277832,1.3594873237609864,1.4039062349119025,1.3873880166648078,1.3315866308571649,53.38246392041001,-0.004782043706073935
2010-04-13,1.3608589172363281,1.3621937036514282,1.354958415031433,1.3587520217895508,1.4034779033597833,1.3843970661518117,1.33310697742729,54.00014428935075,-0.003403764129380482
2010-04-14,1.3655978441238403,1.3678019046783447,1.3602850437164307,1.3582618737220764,1.403100987318771,1.382350595689728,1.3341731517544249,56.34638311949061,-0.001907092069669325
2010-04-15,1.3574045896530151,1.3667924404144287,1.3525028228759766,1.357920069694519,1.402646296760439,1.3815492643242075,1.3342908750648306,51.459392328392006,-0.0013663454613612735
2010-04-16,1.3504024744033813,1.357496738433838,1.3479633331298828,1.3575679636001587,1.4021264576931922,1.381108123290079,1.3340278039102385,47.655355727407155,-0.0014856859965739488
2010-04-19,1.348726749420166,1.3493273258209229,1.3419936895370483,1.3572331523895265,1.4015951172730836,1.3807909262116846,1.3336753785673683,46.76440513479084,-0.0016959315883893211
2010-04-20,1.343508243560791,1.3521919250488281,1.3430029153823853,1.3565391612052917,1.40101713838787,1.379614411029157,1.3334639113814264,44.00525960952819,-0.002257618128155947
2010-04-21,1.3389928340911865,1.3448090553283691,1.3363981246948242,1.3558124852180482,1.4003999810864631,1.3787609176024005,1.332864052833696,41.711986826585914,-0.0030321616924642303
2010-04-22,1.3269991874694824,1.3419936895370483,1.3268054723739624,1.354988944530487,1.3996696248786704,1.3790545986144942,1.3309232904464798,36.30065264256997,-0.004561201404209569
2010-04-23,1.338401436805725,1.3399975299835205,1.320916771888733,1.3544870972633363,1.3990599911231982,1.378873238716994,1.3301009558096786,43.76928455533519,-0.00479760634352111
2010-04-26,1.3401232957839966,1.3413995504379272,1.3295927047729492,1.354083490371704,1.3984735563024626,1.3787431648102784,1.3294238159331297,44.82141208580432,-0.004790794040230306
2010-04-27,1.3170719146728516,1.3413276672363281,1.3148033618927002,1.3528907513618469,1.3976635896626894,1.3788200701085942,1.3269614326150996,35.299099102839236,-0.00656971743494883
2010-04-28,1.321283221244812,1.3265942335128784,1.3119055032730103,1.3521025705337524,1.396903585944451,1.3794225164080693,1.3247826246594354,37.89499980023077,-0.007552647576808846
2010-04-29,1.3262951374053955,1.3276686668395996,1.3185480833053589,1.3517055010795593,1.3962010142692485,1.3799404322948736,1.323470569864245,40.93237790355471,-0.007836868506176264
2010-04-30,1.3298048973083496,1.3342050313949585,1.3228038549423218,1.3510714507102966,1.3955403563444013,1.3798269958285876,1.3223159055920055,43.033494548166644,-0.007690258831727803
2010-05-03,1.3199926614761353,1.3326935768127441,1.3159972429275513,1.3502600502967834,1.3947886379372167,1.3801881082245926,1.3203319923689742,38.87058473475458,-0.008270497884439454
2010-05-04,1.2963947057724,1.32144033908844,1.2963947057724,1.3491338634490966,1.3938095937712327,1.3827028887164983,1.315564838181695,31.082976795454925,-0.010513308447580583
2010-05-05,1.2814927101135254,1.2994945049285889,1.27962327003479,1.3476773929595947,1.3926920127660347,1.3862717530136615,1.3090830329055279,27.355745874393293,-0.013339449614309773
2010-05-06,1.263296127319336,1.2854626178741455,1.2540442943572998,1.3458712911605835,1.3914044914342254,1.3911988363328518,1.3005437459883151,23.6296718741647,-0.01685322551354229
2010-05-07,1.2756078243255615,1.2795906066894531,1.2592238187789917,1.3441213774681091,1.390252285717298,1.393323649150498,1.2949191057857203,30.52484541743314,-0.018431994613429703
2010-05-10,1.2779226303100586,1.3091918230056763,1.2763731479644775,1.3425556683540345,1.389134577632173,1.3950596559184405,1.2900516807896285,31.77212482423367,-0.01927421386257322
2010-05-11,1.2629930973052979,1.28009831905365,1.2618932723999023,1.3405742526054383,1.3878794384453699,1.397375031190628,1.2837734740202487,28.249536675545684,-0.02090538298564315
2010-05-12,1.2639029026031494,1.273836612701416,1.2608431577682495,1.3384490442276,1.3866458409968627,1.3985847281347634,1.2783133603204366,28.76783366181529,-0.02187254944878214
2010-05-13,1.2541072368621826,1.26850426197052,1.251830816268921,1.3363631820678712,1.3853270488344824,1.4007584068200079,1.2719679573157345,26.544528064792715,-0.023162461757372244
2010-05-14,1.2360023260116577,1.257703423500061,1.2358037233352661,1.3338252449035644,1.3838412306061025,1.4037194574802494,1.2639310323268793,23.005593299877674,-0.025353383528447626
2010-05-17,1.2392956018447876,1.2410643100738525,1.2246047258377075,1.3313773012161254,1.3824029655562464,1.4057197761254543,1.2570348263067965,24.965234133235498,-0.026518278769485537
2010-05-18,1.217893362045288,1.2441680431365967,1.2167818546295166,1.3285213232040405,1.38076605398043,1.4089866793023063,1.2480559671057747,21.190588960724057,-0.028836044554652274
2010-05-19,1.2393416166305542,1.2433016300201416,1.2145946025848389,1.3260215353965759,1.3793588455650998,1.4096499606118476,1.2423931101813042,32.24639281375515,-0.028612370150990607
2010-05-20,1.2478941679000854,1.25979483127594,1.229906439781189,1.3236087799072265,1.3780507392428383,1.4091699153827788,1.2380476444316741,36.09610269751932,-0.027428804973902876
2010-05-21,1.2567076683044434,1.2672022581100464,1.2477073669433594,1.3212030696868897,1.3768433454319406,1.4073994114682695,1.23500672790551,39.886666555705155,-0.025485860088100054
2010-05-24,1.234994888305664,1.2545005083084106,1.2333954572677612,1.3185480523109436,1.3754319179165824,1.4070403382857624,1.230055766336125,34.463126706018514,-0.025405246287580674
2010-05-25,1.2345983982086182,1.2386049032211304,1.2181010246276855,1.3157024312019348,1.3740305892823925,1.4056767819051577,1.2257280804987118,34.371219063845615,-0.0250841976904983
2010-05-26,1.217300295829773,1.2358037233352661,1.215569019317627,1.312571759223938,1.3724710837868899,1.4051458814078337,1.2199976370400425,30.54407565157277,-0.02592670968949551
2010-05-27,1.2347966432571411,1.2394952774047852,1.216604232788086,1.3100397658348084,1.371101188779702,1.4040769670344933,1.2160025646351236,38.05694807558939,-0.024895616336219062
2010-05-28,1.227400541305542,1.2447254657745361,1.226798176765442,1.307513918876648,1.3696713315118052,1.403528944241318,1.2114988935119781,36.27089183009782,-0.024394071370831272
2010-05-31,1.2287880182266235,1.2334866523742676,1.2270991802215576,1.3049555826187134,1.3682695074222406,1.4024265033637502,1.2074846618736765,36.86945265660789,-0.023612446001158194
2010-06-01,1.2233014106750488,1.2338976860046387,1.2115044593811035,1.3024855852127075,1.3668270387196737,1.4018687467454225,1.2031024236799925,35.45148070270474,-0.023168651843834542
2010-06-02,1.223900318145752,1.2272950410842896,1.2181158065795898,1.3003015470504762,1.3654048822197047,1.4017173092639197,1.1988857848370327,35.741995795830334,-0.022509143553751887
2010-06-03,1.216944694519043,1.2324985265731812,1.2154951095581055,1.2980262923240662,1.3639276663431736,1.4017363193920007,1.1943162652561317,33.837243857855555,-0.022290784885831805
2010-06-04,1.1971030235290527,1.221672534942627,1.1958003044128418,1.295148274898529,1.3622677195611568,1.401931466137098,1.18836508365996,29.076935261909625,-0.02344849147984429
2010-06-07,1.1922929286956787,1.1988970041275024,1.1881988048553467,1.2920319604873658,1.3605764280216461,1.4015657822591125,1.182498138715619,28.046824552511254,-0.02447201855325898
2010-06-08,1.197203278541565,1.200898289680481,1.190504550933838,1.2891278672218323,1.3589508244603845,1.4008872163393555,1.177368518104309,30.744161159571036,-0.024603335007080007
2010-06-09,1.1991989612579346,1.2073066234588623,1.1925773620605469,1.2860957717895507,1.357361253601077,1.3992429502782762,1.1729485933008252,31.862149703754397,-0.024266638621650127
2010-06-10,1.2109030485153198,1.2141520977020264,1.1958575248718262,1.2831458258628845,1.355903957954406,1.3962897162979677,1.1700019354278013,38.16643665242994,-0.022792642884651215
2010-06-11,1.2114017009735107,1.2151997089385986,1.2053711414337158,1.280363986492157,1.35446612447964,1.3935888558296907,1.1671391171546233,38.42781955415538,-0.0213382791580341
2010-06-14,1.2218068838119507,1.2298005819320679,1.2147272825241089,1.2778219485282898,1.3531461319697704,1.3904712572044904,1.1651726398520892,43.76931328002384,-0.019125606049976485
2010-06-15,1.2319064140319824,1.235101580619812,1.2171964645385742,1.2756561732292175,1.3519397665579664,1.3875723791017691,1.163739967356666,48.444404973343005,-0.01636841409819123
2010-06-16,1.2311935424804688,1.234903335571289,1.226301670074463,1.2735831212997437,1.3507383115336598,1.3848624173562107,1.1623038252432767,48.140163022970896,-0.014078553586250209
2010-06-17,1.238206148147583,1.2410026788711548,1.2246947288513184,1.2716249966621398,1.3496185884610425,1.3818539460172248,1.1613960473070548,51.37524796448821,-0.011564653831811489
2010-06-18,1.2392956018447876,1.2414957284927368,1.235696792602539,1.2694090580940247,1.348520847248414,1.3776360219473056,1.1611820942407438,51.877494344522795,-0.00937637533802338
2010-06-21,1.2316029071807861,1.2468050718307495,1.2306026220321655,1.2668491005897522,1.3473574846058352,1.3723903745273058,1.1613078266521986,48.09955585249029,-0.008168721102833176
2010-06-22,1.2275059223175049,1.234750747680664,1.225805640220642,1.2641820406913757,1.346164931691587,1.3667238771723822,1.1616402042103693,46.17107033573892,-0.007456287419309593
2010-06-23,1.2319064140319824,1.2340651750564575,1.2210757732391357,1.2615082120895387,1.3450280309658247,1.3601544481855088,1.1628619759935686,48.556818858791594,-0.006462104568450311
2010-06-24,1.2337453365325928,1.2386661767959595,1.226602554321289,1.2590350270271302,1.3439207404232965,1.353999922167944,1.1640701318863165,49.56283849848002,-0.005462849490737387
2010-06-25,1.2373021841049194,1.2394031286239624,1.225895881652832,1.256773021221161,1.3428598592178504,1.3481761565421284,1.1653698859001935,51.53696841921159,-0.00433396551250631
2010-06-28,1.2277017831802368,1.2398948669433594,1.226798176765442,1.2543525218963623,1.3417140076636074,1.3421555198216253,1.1665495239710992,46.27247461611983,-0.004165966281245659
2010-06-29,1.2186353206634521,1.2289994955062866,1.2154361009597778,1.2518550634384156,1.340489344056998,1.336348681005893,1.167361445870938,41.91767550536393,-0.004710118123833373
2010-06-30,1.223002314567566,1.230027437210083,1.2167818546295166,1.249535253047943,1.3393203188365668,1.3305619625766025,1.1685085435192837,44.62112895744994,-0.004734407169135757
2010-07-01,1.2507504224777222,1.224259853363037,1.2198989391326904,1.248010277748108,1.3384390262971337,1.3258954898920634,1.1701250656041524,57.99860296804524,-0.00248595941214802
2010-07-02,1.257102608680725,1.2610021829605103,1.2483927011489868,1.246384301185608,1.337629708674043,1.3198355042977468,1.1729330980734691,60.35932876855768,-0.00018929791783373062
2010-07-05,1.2536983489990234,1.2557923793792725,1.2511730194091797,1.2446558022499083,1.3367945707312068,1.3129928011816239,1.1763188033181928,58.46285865854454,0.0013406731121381465
2010-07-06,1.262403130531311,1.2660791873931885,1.2483770847320557,1.2435624265670777,1.3360543573646253,1.3088516932632719,1.1782731598708835,61.77051181307895,0.003218488564268762
2010-07-07,1.2633121013641357,1.2660951614379883,1.2561078071594238,1.242403004169464,1.3353305537920699,1.3040141924918613,1.1807918158470667,62.109814148476566,0.004725544058279851
2010-07-08,1.2694060802459717,1.2710840702056885,1.262403130531311,1.2412652230262757,1.3346745888540108,1.2984985769037796,1.184031869148772,64.39160801164022,0.006338562557742344
2010-07-09,1.2643983364105225,1.2721028327941895,1.2613998651504517,1.2399570918083191,1.3339753226318862,1.2916525125193679,1.1882616710972704,61.13357621958814,0.007130611018507649
2010-07-12,1.2590018510818481,1.2647020816802979,1.2553982734680176,1.2387372756004333,1.3332293179095778,1.2853531310665067,1.19212142013436,57.74295975011926,0.00723941242430115
2010-07-13,1.2720866203308105,1.2738852500915527,1.252536416053772,1.2382511138916015,1.332620932834604,1.2828771766935738,1.1936250510896291,63.08859360737045,0.008285954520788286
2010-07-14,1.274047613143921,1.277563452720642,1.2686008214950562,1.2381022119522094,1.332038113710025,1.282185752561794,1.1940186713426248,63.82713969558775,0.009167900552748076
2010-07-15,1.2928582429885864,1.2956053018569946,1.2712457180023193,1.2386934542655945,1.33164826423476,1.284898104142001,1.1924888043891881,70.02318418672444,0.011254969476476084
2010-07-16,1.2931926250457764,1.3004070520401,1.28940749168396,1.2390451502799988,1.3312656210438336,1.286643347685793,1.1914469528742047,70.12116018958686,0.012788550028386858
2010-07-19,1.2939456701278687,1.2990050315856934,1.2874983549118042,1.239365611076355,1.3308942782343178,1.2882310504090486,1.1905001717436612,70.35614059971175,0.013904406763317168
2010-07-20,1.289307713508606,1.302677035331726,1.284406065940857,1.2398919034004212,1.3304804815545688,1.2903372976269905,1.189446509173852,66.8681323008854,0.014250219269622333
2010-07-21,1.276796817779541,1.291205644607544,1.2735933065414429,1.240149781703949,1.3299463157256541,1.2912240833976794,1.1890754800102188,58.45015798243337,0.013360739160624302
2010-07-22,1.2903059720993042,1.2925074100494385,1.2739015817642212,1.2408737564086914,1.3295518844310168,1.2937500336459131,1.1879974791714696,63.75594300816682,0.01358924723565691
2010-07-23,1.291305661201477,1.2964283227920532,1.2799999713897705,1.241979823112488,1.3291713249817851,1.2967209657313892,1.1872386804935866,64.12106774864988,0.013693161841218604
2010-07-26,1.299899935722351,1.3004916906356812,1.2886930704116821,1.243191909790039,1.3288800673665209,1.3003221492624977,1.1860616703175804,67.18194712101096,0.014304112142498049
2010-07-27,1.2990893125534058,1.3045804500579834,1.2956053018569946,1.2448158288002014,1.3285836419347206,1.3036028776875541,1.1860287799128486,66.60477342069949,0.014555101987373753
2010-07-28,1.2992243766784668,1.3040019273757935,1.296764612197876,1.2460134840011596,1.3282915099316084,1.3067528662873034,1.185274101715016,66.65617483250092,0.01459665069077265
2010-07-29,1.307805061340332,1.310701847076416,1.2981956005096436,1.2472117018699647,1.3280876646647313,1.310416238403887,1.1840071653360422,69.83297404202989,0.015147358557450197
2010-07-30,1.3039000034332275,1.3093974590301514,1.2982797622680664,1.2481555485725402,1.3278469914101574,1.3133180220895269,1.1829930750555535,66.71763574863904,0.015094690773141517
2010-08-02,1.3175925016403198,1.319400429725647,1.3057729005813599,1.2498075008392333,1.3277449566825161,1.3177373281402525,1.1818776735382142,71.51592754420197,0.015973686630751605
2010-08-03,1.3225064277648926,1.3261016607284546,1.3149935007095337,1.251565661430359,1.327692832014867,1.3223780974102044,1.1807532254505135,73.01926630367578,0.016872316390887487
2010-08-04,1.3225064277648926,1.3239772319793701,1.3136979341506958,1.2536697840690614,1.327641226000663,1.3265485056855744,1.1807910624525484,73.01926630367578,0.01738409393639695
2010-08-05,1.3158068656921387,1.323556661605835,1.3122326135635376,1.2552899885177613,1.3275234711677317,1.3300342284216087,1.180545748613914,67.39495537295028,0.01705251191711632
2010-08-06,1.3181308507919312,1.3329956531524658,1.3159972429275513,1.257104594707489,1.327430012255384,1.3334729849306888,1.1807362044842893,68.30689942120615,0.016783783939405605
2010-08-09,1.3285682201385498,1.3304240703582764,1.323118805885315,1.2591001987457275,1.327441337707334,1.3376325030526492,1.1805678944388058,72.0833904929955,0.017214584543614242
2010-08-10,1.3229963779449463,1.323101282119751,1.3081471920013428,1.2610940980911254,1.3273971092505321,1.3409675139137849,1.1812206822684659,67.46197292998517,0.016911451342936257
2010-08-11,1.3184958696365356,1.3185653686523438,1.287166953086853,1.262986009120941,1.3273085396992503,1.343739961974789,1.1822320562670932,63.89846388139233,0.016122215821017027
2010-08-12,1.284406065940857,1.2931926250457764,1.2787070274353027,1.2643352365493774,1.3268816493993354,1.3441987458764089,1.184471727222346,44.65644641556225,0.012600725407082791
2010-08-13,1.2829889059066772,1.2903891801834106,1.2753475904464722,1.2660529541969299,1.3264449056690513,1.3436773600538818,1.188428548339978,44.0624174981924,0.009585075132389598
2010-08-16,1.277090311050415,1.2869846820831299,1.2735933065414429,1.2677489018440247,1.3259538151598156,1.3424458065009168,1.1930519971871325,41.582978784321206,0.006642611365878182
2010-08-17,1.2811970710754395,1.2912222146987915,1.2805408239364624,1.2694287776947022,1.3255084744087253,1.3413774594174128,1.1974800959719916,43.94787758061995,0.004589167774557978
2010-08-18,1.2879958152770996,1.2919062376022339,1.282495141029358,1.2712047147750853,1.3251352141072974,1.340409124780966,1.2020003047692047,47.721110097368154,0.003470396204572568
2010-08-19,1.28564453125,1.2900062799453735,1.2780042886734009,1.272699544429779,1.3247422719772646,1.3397839010256216,1.2056151878339365,46.55392722632459,0.0023667502805753138
2010-08-20,1.2808033227920532,1.2833017110824585,1.2665603160858154,1.27408757686615,1.3243050684895115,1.3388261232064602,1.2093490305258396,44.15905937100663,0.0010889056451222068
2010-08-23,1.2710033655166626,1.2728638648986816,1.2649260759353638,1.275071506500244,1.3237747032698601,1.3380380075064533,1.2121050054940348,39.70620313475972,-0.0007064268364762594
2010-08-24,1.2635036706924438,1.271795392036438,1.2591921091079712,1.2757034516334533,1.3231749914850741,1.3375255663839467,1.21388133688296,36.659633744849515,-0.0027032421646009386
2010-08-25,1.263296127319336,1.271876335144043,1.261304497718811,1.2763455033302307,1.3225791818738313,1.3369353779470452,1.2157556287134161,36.57599666793355,-0.004253448606261756
2010-08-26,1.26639986038208,1.276356816291809,1.2651981115341187,1.2769093775749207,1.322020183633727,1.336568125357936,1.2172506297919055,38.823775466338475,-0.005171934222429453
2010-08-27,1.2706480026245117,1.2780042886734009,1.2682629823684692,1.277536425590515,1.321509017638774,1.336232832338033,1.218840018842997,41.860933194257655,-0.005493722896982911
2010-08-30,1.2753963470458984,1.2757054567337036,1.2673307657241821,1.2784122943878173,1.3210501850824425,1.3355986132435376,1.221225975532097,45.13941627018054,-0.0053044446921834965
2010-08-31,1.266592264175415,1.2741937637329102,1.2628016471862793,1.2791940212249755,1.3205083152073323,1.3345802857063789,1.2238077567435721,40.57117467476503,-0.005798020291286177
2010-09-01,1.268729567527771,1.285000205039978,1.266784906387329,1.2799304842948913,1.319993103773196,1.333706161367241,1.2261548072225417,42.10302291758067,-0.0059481533816625465
2010-09-02,1.2802950143814087,1.2848845720291138,1.2779062986373901,1.2808614778518677,1.319598097897641,1.3329591606350937,1.2287637950686416,49.66400468609033,-0.00507539404954005
2010-09-03,1.2825939655303955,1.2884937524795532,1.28127920627594,1.281767313480377,1.319229897565464,1.332325929522333,1.231208697438421,51.032925936567366,-0.004150376885142526
2010-09-06,1.28940749168396,1.2916392087936401,1.2869019508361816,1.2830014276504516,1.3189331572003635,1.331127339169251,1.234875516131652,54.94386133501706,-0.002834821443405522
2010-09-07,1.2868356704711914,1.2868025302886963,1.270405888557434,1.2843654346466065,1.3186137792143588,1.3287670765441129,1.2399637927491,53.2161411868624,-0.001976969482454738
2010-09-08,1.2677966356277466,1.2761938571929932,1.2664159536361694,1.28526132106781,1.3181081359811118,1.3262888459850635,1.2442337961505567,42.549306894733085,-0.00280111708480546
2010-09-09,1.2732040882110596,1.2763731479644775,1.2668811082839966,1.2857103943824768,1.317661329523846,1.3256738465232112,1.2457469422417424,45.868083690889975,-0.0029835314721973205
2010-09-10,1.269309401512146,1.2744373083114624,1.2647020816802979,1.2859545302391053,1.3171802157997148,1.325349760976412,1.2465592995017987,43.90100503495831,-0.003403135626651732
2010-09-13,1.2716983556747437,1.2887927293777466,1.2716983556747437,1.2863145303726196,1.3167276599658677,1.3248257042502647,1.2478033564949744,45.4464519922393,-0.003502531305898726
2010-09-14,1.2872000932693481,1.3017951250076294,1.283285140991211,1.2868104696273803,1.3164338533245459,1.3246984195523912,1.2489225197023694,54.25322416791708,-0.0023038846788911993
2010-09-15,1.2991737127304077,1.3035939931869507,1.2959243059158325,1.2875277018547058,1.3162621106277117,1.3249549543366088,1.2501004493728027,59.669020061971935,-0.00038335845082193565
2010-09-16,1.3015071153640747,1.3113033771514893,1.2978922128677368,1.2881697225570679,1.3161152947507557,1.3254291132105998,1.250910331903536,60.64677724916353,0.0013118364787079173
2010-09-17,1.3075997829437256,1.3157029151916504,1.302592158317566,1.289033751487732,1.3160305632878833,1.3260459756108212,1.2520215273646427,63.158285224561006,0.0031110557149931495
2010-09-20,1.3043931722640991,1.3119227886199951,1.3031013011932373,1.289941577911377,1.3159147683494736,1.3261655099283218,1.2537176458944321,60.953450755199576,0.004229448786471579
2010-09-21,1.3066941499710083,1.3148897886276245,1.305943250656128,1.290633728504181,1.3158230209006865,1.326787614862205,1.2544798421461567,61.97914610290092,0.005241037605002052
2010-09-22,1.3256973028182983,1.343706727027893,1.3252054452896118,1.2916667222976685,1.3159212724644256,1.3288238833590504,1.2545095612362867,69.17976205035907,0.00748978704773684
2010-09-23,1.3391003608703613,1.3412017822265625,1.3313274383544922,1.292591564655304,1.316151910165515,1.3320974750884376,1.2530856542221702,73.0557061772673,0.01023546389679364
2010-09-24,1.331912636756897,1.349199891090393,1.3288507461547852,1.2933659648895264,1.3163087333193861,1.334408087006245,1.2523238427728078,68.10897777134646,0.011696612052709332
2010-09-27,1.3479087352752686,1.3503658771514893,1.3431833982467651,1.2944452261924744,1.3166231612069046,1.3382918241767836,1.2505986282081651,72.56172535605106,0.013984133571741886
2010-09-28,1.3439054489135742,1.3580129146575928,1.338401436805725,1.2955371809005738,1.3168946267625161,1.3415285041612985,1.249545857639849,69.93017595293767,0.015297637461541003
2010-09-29,1.3570915460586548,1.364237904548645,1.3567785024642944,1.297143075466156,1.3172945961179237,1.3459826847087768,1.248303466223535,73.35755615177644,0.017204286293196036
2010-09-30,1.3628062009811401,1.367708444595337,1.3565207719802856,1.2985930800437928,1.317747447917895,1.3507934713439096,1.246392688743676,74.70327436466691,0.018957909146078977
2010-10-01,1.3622123003005981,1.377581238746643,1.3620823621749878,1.3000112128257753,1.3181898842699624,1.3551722269489423,1.2448501987026082,74.2833413717415,0.02006840894352413
2010-10-04,1.377695083618164,1.378435730934143,1.3669419288635254,1.3015671157836914,1.3187819758189496,1.360942960399399,1.242191271167984,77.788712386943,0.021944852651259783
2010-10-05,1.367409110069275,1.3847538232803345,1.3639029264450073,1.3029335117340088,1.3192658279117093,1.3651529657590629,1.2407140577089548,70.87670749716014,0.02234438356195323
2010-10-06,1.3833937644958496,1.3928158283233643,1.3804336786270142,1.3046168994903564,1.3199039168468718,1.3708516985933568,1.238382100387356,74.64688133112327,0.023677898633568617
2010-10-07,1.3920016288757324,1.4023081064224243,1.389970064163208,1.3063008308410644,1.3206213070318154,1.3769973601059358,1.235604301576193,76.41735800223378,0.025139509040396746
2010-10-08,1.3927963972091675,1.397506833076477,1.3850990533828735,1.3080787587165832,1.3213394671484469,1.382880896886547,1.2332766205466195,76.57997873988154,0.02606155559040335
2010-10-11,1.3977607488632202,1.4006190299987793,1.3886960744857788,1.3096821236610412,1.3220998779278845,1.3886380491401757,1.2307261981819066,77.61818909644536,0.026882975605228454
2010-10-12,1.3880213499069214,1.3881947994232178,1.3780179023742676,1.3109924221038818,1.3227558129862074,1.3929350078046956,1.229049836403068,70.97106626625978,0.02644324748807647
2010-10-13,1.3916915655136108,1.3999327421188354,1.3912075757980347,1.3123761248588561,1.3234417408862933,1.3973912461111306,1.2273610036065816,71.94607375981093,0.02609016433941025
2010-10-14,1.3967260122299194,1.4118908643722534,1.3967065811157227,1.3139945077896118,1.3241709376310695,1.4022935905315923,1.2256954250476313,73.27220019882577,0.02591781671780291
2010-10-15,1.4072020053863525,1.4148073196411133,1.3993059396743774,1.3157759308815002,1.3249971174265425,1.4079256639686342,1.2236261977943663,75.83228853464722,0.02632311855702474
2010-10-18,1.3964334726333618,1.397409200668335,1.3837957382202148,1.3171332359313965,1.3257079269454095,1.4120108824032482,1.2222555894595448,68.56246036814126,0.02548165592019913
2010-10-19,1.3935922384262085,1.3994038105010986,1.377353549003601,1.3185451531410217,1.3263833927447621,1.415849045996155,1.2212412602858884,66.74435231337858,0.024305349918466446
2010-10-20,1.3739094734191895,1.3983080387115479,1.3704450130462646,1.3196534252166747,1.3268562890792204,1.418209272784278,1.2210975776490713,55.720951961209245,0.021536623507221853
2010-10-21,1.3963165283203125,1.4051061868667603,1.3879058361053467,1.321891634464264,1.3275474357518495,1.4222468203564909,1.221536448572037,63.17692693168894,0.02090941917705158
2010-10-22,1.3916915655136108,1.3968042135238647,1.3866932392120361,1.3240656876564025,1.3281856858115857,1.4256828297024107,1.2224485456103944,60.89756018035864,0.019810792891887363
2010-10-25,1.3944084644317627,1.4076972007751465,1.3936116695404053,1.3264120507240296,1.3288446189448133,1.4290149837431403,1.2238091177049188,61.770146235944125,0.01894101445804286
2010-10-26,1.3948947191238403,1.3981907367706299,1.3839681148529053,1.3286860036849975,1.3295018338844384,1.4322341276517325,1.2251378797182624,61.93387241197625,0.01808250164960623
2010-10-27,1.3854252099990845,1.387694001197815,1.3760079145431519,1.3306345915794373,1.3300582853985201,1.4347228263553926,1.226546356803482,56.829550586691006,0.016448406822222594
2010-10-28,1.377808928489685,1.3939614295959473,1.3775053024291992,1.332477879524231,1.3305334161843838,1.436578437107513,1.2283773219409488,53.04304611238632,0.01437312024933779
2010-10-29,1.377808928489685,1.3941168785095215,1.38089120388031,1.3344179916381835,1.3310038193005613,1.4382030076728798,1.2306329756034873,53.04304611238632,0.012583387233552346
2010-11-01,1.397506833076477,1.4011685848236084,1.3866163492202759,1.3369480609893798,1.3316655408427336,1.4405908980830069,1.2333052238957527,60.864410822273406,0.01260911714852364
2010-11-02,1.3910914659500122,1.4047904014587402,1.3883682489395142,1.3394998168945313,1.332256843590792,1.4420387566416466,1.236960877147416,57.50491755838468,0.01197381509291695
2010-11-03,1.4036072492599487,1.4059555530548096,1.399364709854126,1.3423060393333435,1.3329667978887443,1.4440092429332683,1.2406028357334187,61.92081703172928,0.012338027648514327
2010-11-04,1.4127286672592163,1.4282041788101196,1.4105168581008911,1.3452326154708862,1.3337604483442829,1.446440722350353,1.2440245085914194,64.79230561560209,0.013210409546448032
2010-11-05,1.422798991203308,1.4230014085769653,1.403311848640442,1.348275635242462,1.3346464040101398,1.4494799832600302,1.247071287224894,67.68920176331723,0.014546684344683314
2010-11-08,1.407578468322754,1.4081135988235474,1.3893907070159912,1.3509192776679992,1.3353720962049396,1.451255208850205,1.2505833464857934,59.69452911623392,0.01421367634320303
2010-11-09,1.3869625329971313,1.3971943855285645,1.3828389644622803,1.3533266830444335,1.3358854338932775,1.451148972906087,1.25550439318278,50.92165397000955,0.01214621738338173
2010-11-10,1.377201795578003,1.3820935487747192,1.3675026893615723,1.3554961276054383,1.3362965419767308,1.4504292853505483,1.2605629698603282,47.371943812680875,0.009609360599279082
2010-11-11,1.3775622844696045,1.3819025754928589,1.3661761283874512,1.3574414730072022,1.336707146386555,1.4500425347525026,1.2648404112619018,47.51745594710543,0.007541043308508577
2010-11-12,1.3621008396148682,1.377201795578003,1.357994556427002,1.3590316104888915,1.336959819955226,1.4490820962184263,1.2689811247593568,42.13623876324182,0.004601237370820188
2010-11-15,1.3693190813064575,1.3747026920318604,1.359194278717041,1.3606298422813417,1.3372818026605495,1.4484454883001683,1.272814196262515,45.253340598265005,0.002821349009045182
2010-11-16,1.357478380203247,1.3653181791305542,1.3542062044143677,1.3620426964759826,1.3374827636344055,1.4472466502125438,1.2768387427394214,41.32104374481969,0.00045014010188215714
2010-11-17,1.3490543365478516,1.3553073406219482,1.3465473651885986,1.3636678504943847,1.3375979036652568,1.4445233852841626,1.2828123157046067,38.74173911537681,-0.0020847779386545806
2010-11-18,1.355399250984192,1.3667924404144287,1.3545180559158325,1.3653117537498474,1.3377750315021115,1.4418892433852124,1.2887342641144823,41.69386875343287,-0.003540919662801345
2010-11-19,1.365728497505188,1.3730982542037964,1.360970139503479,1.3672401356697081,1.3380531754468492,1.438630502712517,1.2958497686268993,46.23629136225044,-0.003817433602691045
2010-11-22,1.3744381666183472,1.3786447048187256,1.3610072135925293,1.3692949318885803,1.3384152151656794,1.4351616065967299,1.3034282571804308,49.7884674387396,-0.0032957836422649045
2010-11-23,1.3601926565170288,1.3613591194152832,1.3400874137878418,1.3707547831535338,1.3386319061277656,1.4322878247887663,1.3092217415183014,44.5982653774455,-0.003985918711070235
2010-11-24,1.3386342525482178,1.3418855667114258,1.3289920091629028,1.3715439939498901,1.3386319294752331,1.4302783301281685,1.3128096577716117,38.12161973017144,-0.006200957970910359
2010-11-25,1.3357912302017212,1.3375064134597778,1.3289036750793457,1.372229676246643,1.3386036638103895,1.4283699417340419,1.3160894107592442,37.35127354828662,-0.008092515208159012
2010-11-26,1.3339736461639404,1.3350600004196167,1.3204457759857178,1.3727571535110474,1.3385575939823673,1.426878162579212,1.318636144442883,36.838744691422896,-0.009627274559921517
2010-11-29,1.3238019943237305,1.3297518491744995,1.306796669960022,1.37314532995224,1.3384107720930252,1.425515062609656,1.320775597294824,34.02495198834741,-0.011531422636903876
2010-11-30,1.3103927373886108,1.315028190612793,1.2972524166107178,1.373219301700592,1.338131985673936,1.4252150385505975,1.3212235648505866,30.69628047173356,-0.013961548633501852
2010-12-01,1.2992074489593506,1.313456416130066,1.297706961631775,1.372689504623413,1.3377446768452388,1.427143341047408,1.3182356681994183,28.216549945102685,-0.016598661256150615
2010-12-02,1.3124909400939941,1.3211959600448608,1.3065063953399658,1.3721573162078857,1.3374933958789,1.4284404372929458,1.3158741951228257,34.93846143130807,-0.017415964887016244
2010-12-03,1.3215975761413574,1.337667465209961,1.3195048570632935,1.371951014995575,1.3373352285160591,1.4289078186354316,1.3149942113557183,39.145636818353545,-0.017131374657995524
2010-12-06,1.341597557067871,1.3419756889343262,1.3250473737716675,1.371824791431427,1.3373776397460326,1.429026513765465,1.314623069097389,47.218124494443316,-0.015117735690602485
2010-12-07,1.328691840171814,1.3398001194000244,1.3283741474151611,1.3715205192565918,1.3372912138784074,1.4294851717051635,1.31355586680802,43.23277832343638,-0.014397332312523048
2010-12-08,1.3244681358337402,1.3280036449432373,1.3186001777648926,1.3708680510520934,1.3371636210602669,1.4302136196093853,1.3115224824948015,41.98385523984838,-0.014005775227748485
2010-12-09,1.3250824213027954,1.3323030471801758,1.317401647567749,1.3701135754585265,1.3370434101157502,1.4308210379385917,1.3094061129784613,42.24517499030119,-0.013490386930433473
2010-12-10,1.3242051601409912,1.3281975984573364,1.3183915615081787,1.3693534326553345,1.3369156663331643,1.4314017105035919,1.307305154807077,41.95454147718001,-0.013002837024584935
2010-12-13,1.319713830947876,1.338258147239685,1.3183915615081787,1.3681938076019287,1.3367445037897057,1.431754566261471,1.3046330489423863,40.421303522252316,-0.012830955671879973
2010-12-14,1.3395488262176514,1.3494184017181396,1.3367018699645996,1.3676366019248962,1.3367724074958294,1.4317118308657473,1.3035613729840452,49.24328230298555,-0.010967790252406573
2010-12-15,1.336094617843628,1.3377926349639893,1.328691840171814,1.3666906189918517,1.3367656633200962,1.4312113909730375,1.302169847010666,47.91274462832167,-0.009658605588896085
2010-12-16,1.3224014043807983,1.3261016607284546,1.3184610605239868,1.3652986145019532,1.3366227353685782,1.4305891089773843,1.300008120026522,42.95754489188774,-0.00961515764627019
2010-12-17,1.323994755744934,1.3360053300857544,1.3143022060394287,1.3639225816726686,1.336497083828404,1.4297455375159902,1.298099625829347,43.6873500715231,-0.009344437837144781
2010-12-20,1.3164995908737183,1.3182003498077393,1.3098949193954468,1.3622973585128784,1.3362981037964479,1.42872021820708,1.2958744988186768,41.02818467289345,-0.00962375099251811
2010-12-21,1.3118022680282593,1.3199926614761353,1.3119055032730103,1.3607729768753052,1.3360543641339628,1.4282758403144435,1.2932701134361668,39.409205610976315,-0.010107628922519263
2010-12-22,1.3090033531188965,1.3179919719696045,1.3079931735992432,1.359119212627411,1.3357851998418662,1.4275751785271618,1.2906632467276602,38.43596398196229,-0.010594824171870965
2010-12-23,1.3115441799163818,1.3152011632919312,1.3058068752288818,1.3574155759811402,1.335543995660496,1.4262900133433472,1.2885411386189332,39.88727163447541,-0.010653104076585151
2010-12-24,1.31271493434906,1.3146650791168213,1.309963583946228,1.3555258345603942,1.3353168408187723,1.4240085642000795,1.287043104920709,40.5823334442965,-0.010483968559134915
2010-12-27,1.3079760074615479,1.3169851303100586,1.3081984519958496,1.353756685256958,1.3350447927223412,1.4224958485071253,1.2850175220067908,38.6350151034254,-0.01061001360561642
2010-12-28,1.3189654350280762,1.327439546585083,1.314198613166809,1.3522641491889953,1.3348847991115074,1.4207130370251388,1.2838152613528517,45.20170801619823,-0.009711205518713628
2010-12-29,1.3086265325546265,1.3156336545944214,1.3086949586868286,1.350958490371704,1.3346235228242296,1.4202079947776225,1.2817089859657855,40.7803004701013,-0.009721097892740671
2010-12-30,1.3224539756774902,1.33109712600708,1.3221042156219482,1.3494812393188476,1.3345024328014328,1.417928055859627,1.2810344227780681,48.093088968162206,-0.008515022690023466
2010-12-31,1.3301233053207397,1.342371940612793,1.3289920091629028,1.3482498741149902,1.334458859393153,1.415806681331865,1.2806930668981154,51.65871056349549,-0.006861256303931418
2011-01-03,1.3357912302017212,1.3365052938461304,1.3252933025360107,1.3470775294303894,1.334472116814288,1.4133878264185373,1.2807672324422414,54.164603014423385,-0.0050352372781237165
2011-01-04,1.3356841802597046,1.3430931568145752,1.3318239450454712,1.3458933186531068,1.334484177147217,1.410818479166018,1.2809681581401955,54.10755387048734,-0.0035557535663484074
2011-01-05,1.3321077823638916,1.3323917388916016,1.3129045963287354,1.3448269701004028,1.3344605314277105,1.4088470896063339,1.2808068505944716,52.132030000239986,-0.002641389196203603
2011-01-06,1.3156856298446655,1.3170371055603027,1.303373098373413,1.3435845041275025,1.334273716484478,1.4074029803671866,1.2797660278878185,44.159168773242094,-0.003204934814333704
2011-01-07,1.2979933023452759,1.3021341562271118,1.2938953638076782,1.3419881916046144,1.3339127173347824,1.406303492837657,1.2776728903715717,37.504420921751965,-0.005021289445990007
2011-01-10,1.289507269859314,1.2948336601257324,1.287713885307312,1.339828200340271,1.3334708720813844,1.4037862603539837,1.2758701403265584,34.79583636444637,-0.007064085102766127
2011-01-11,1.2964956760406494,1.2986000776290894,1.2910054922103882,1.3379362845420837,1.3331029596789414,1.4012985907518016,1.2745739783323657,38.72076191461161,-0.008026583940729193
2011-01-12,1.2983977794647217,1.3063186407089233,1.2966636419296265,1.3358320951461793,1.3327576344989376,1.397250908169557,1.2744132821228016,39.783225983168414,-0.008537472683757263
2011-01-13,1.3128355741500854,1.3352917432785034,1.3091918230056763,1.3338342332839965,1.332559405040603,1.3914228513068831,1.27624561526111,47.25816340438569,-0.007688715596599227
2011-01-14,1.335327386856079,1.3448994159698486,1.3326047658920288,1.332084801197052,1.3325869471485123,1.3836409723199725,1.2805286300741316,56.348804266954666,-0.005141895604796831
2011-01-17,1.3380253314971924,1.3376137018203735,1.3252933025360107,1.3306937384605408,1.3326410604261827,1.3774673734663545,1.2839201034547272,57.29955123761427,-0.002872706060306651
2011-01-18,1.3283917903900146,1.3461124897003174,1.3255919218063354,1.3295223236083984,1.33259877913185,1.3733873573343829,1.285657289882414,52.8713550775707,-0.0018306012227709
2011-01-19,1.3378105163574219,1.3536745309829712,1.3381685018539429,1.3287344980239868,1.3326506372142313,1.3704674274540687,1.287001568593905,56.41766747512586,-0.00024192440709902563
2011-01-20,1.3452069759368896,1.351807951927185,1.3403029441833496,1.3280873918533325,1.3327755759092643,1.3676784757961058,1.2884963079105591,59.025174913131416,0.0015955533426537105
2011-01-21,1.3468012809753418,1.3588987588882446,1.3450984954833984,1.327781400680542,1.3329151351650634,1.3665269590594655,1.2890358423016184,59.58644813295721,0.0031441707468931046
2011-01-24,1.361952543258667,1.368007779121399,1.3547013998031616,1.327634069919586,1.3332040646017214,1.3657864249257403,1.2894817149134319,64.55544599537983,0.005530291678834454
2011-01-25,1.3644053936004639,1.3684009313583374,1.3575890064239502,1.3277726101875305,1.3335145255898588,1.3664144660783992,1.2891307542966617,65.29929872022842,0.0075324053515946066
2011-01-26,1.3686069250106812,1.3717608451843262,1.3650199174880981,1.3281636619567871,1.333863703696973,1.3680599539361427,1.2882673699774316,66.59260475625882,0.009350338451562745
2011-01-27,1.3710086345672607,1.3756294250488281,1.3642936944961548,1.3284758496284486,1.3342333050027535,1.3694711596678786,1.2874805395890185,67.34189754825303,0.01085967781415298
2011-01-28,1.3723068237304688,1.3747026920318604,1.3616001605987549,1.3286074161529542,1.3346121459887605,1.3701295452256523,1.287085287080256,67.76278753889777,0.012022010891148849
2011-01-31,1.3572757244110107,1.3737962245941162,1.3572940826416016,1.3282641673088074,1.3348376542339142,1.3685038486634384,1.2880244859541763,58.38098073709464,0.011596605682215655
2011-02-01,1.3713847398757935,1.3793293237686157,1.3704825639724731,1.3284880089759827,1.3352013068307922,1.3695683598636745,1.287407658088291,63.49062090969687,0.012256661459504548
2011-02-02,1.382991909980774,1.386001467704773,1.3781508207321167,1.3293751621246337,1.3356768352247805,1.3731756546077372,1.2855746696415302,67.07220719964027,0.01356005022262674
2011-02-03,1.3817880153656006,1.382456660270691,1.3618968725204468,1.3302950978279113,1.336135652941862,1.3765111350276387,1.284079060628184,66.34521891963007,0.014330656090840943
2011-02-04,1.362453579902649,1.3647592067718506,1.3545913696289062,1.3308646965026856,1.3363975228642644,1.377959442321627,1.283769950683744,55.87146070063865,0.013228746678969117
2011-02-07,1.357496738433838,1.36263906955719,1.3510043621063232,1.3315385913848876,1.3366074653096434,1.3791819406697199,1.2838952421000553,53.53793418976195,0.01181925483820745
2011-02-08,1.359194278717041,1.3674652576446533,1.3574045896530151,1.3325146222114563,1.3368322097236716,1.380388772748002,1.2846404716749107,54.24276076388687,0.010715676070023328
2011-02-09,1.3626948595046997,1.3718926906585693,1.3612109422683716,1.3337843704223633,1.3370895495247712,1.3814199436112162,1.2861487972335104,55.734037906652965,0.010008181473224909
2011-02-10,1.372099757194519,1.3728156089782715,1.3581420183181763,1.3349765467643737,1.3374379098031528,1.3834138872443347,1.2865392062844128,59.54848819341018,0.010090071488331631
2011-02-11,1.3601926565170288,1.3621565103530884,1.3509862422943115,1.335748448371887,1.3376643251953102,1.3845443324012159,1.2869525643425583,53.287743227970054,0.009089389577309648
2011-02-14,1.3510043621063232,1.3558955192565918,1.3431652784347534,1.3359365844726563,1.3377970618821349,1.3848967767364426,1.28697639220887,49.00602294831144,0.007468827391155619
2011-02-15,1.3481086492538452,1.3547013998031616,1.346203088760376,1.3363249206542969,1.3378996647424295,1.38535853079853,1.2872913105100636,47.705072372484146,0.005883044283957917
2011-02-16,1.3498555421829224,1.3567968606948853,1.3465473651885986,1.3368326687812806,1.3380186286980653,1.3858909155289165,1.2877744220336447,48.59169758749015,0.004712931664011988
2011-02-17,1.357533574104309,1.36106276512146,1.3538944721221924,1.3374816918373107,1.338212807260944,1.3867635669672334,1.288199816707388,52.41076679741286,0.004354960714318734
2011-02-18,1.3626019954681396,1.364517092704773,1.3547931909561157,1.3382496285438537,1.3384554857525757,1.3878824776244856,1.2886167794632217,54.79797156341217,0.004429188475470802
2011-02-21,1.3713470697402954,1.3713659048080444,1.3650014400482178,1.3392822933197022,1.3387827651979205,1.3894863149616543,1.28907827167775,58.65196778481691,0.005134481808904523
2011-02-22,1.3682323694229126,1.3700506687164307,1.3527954816818237,1.3398559641838075,1.3390757960881077,1.3907235532948603,1.2889883750727547,56.79460022741815,0.0053800833205055465
2011-02-23,1.3673717975616455,1.3783977031707764,1.367409110069275,1.3404815077781678,1.3393573483438366,1.3919262873589464,1.2890367281973891,56.26444280238788,0.005442545059231474
2011-02-24,1.3764055967330933,1.3816925287246704,1.3708019256591797,1.3415615916252137,1.3397259876342225,1.393719707954085,1.2894034752963424,60.43919667791181,0.006150103961548359
2011-02-25,1.381998062133789,1.3837957382202148,1.37247633934021,1.3427216577529908,1.340146605294245,1.3958560451085824,1.2895872703973992,62.80612546704844,0.007080495168130918
2011-02-28,1.373437762260437,1.3853293657302856,1.371309518814087,1.343860421180725,1.340477860590022,1.3971413603717764,1.2905794819896736,57.16789708603818,0.007045871819651772
2011-03-01,1.3821508884429932,1.3852909803390503,1.378834843635559,1.3452673935890198,1.340892517586783,1.3988077445937677,1.291727042584272,61.00512746633165,0.007633514625922988
2011-03-02,1.3771828413009644,1.3890045881271362,1.3744571208953857,1.346630983352661,1.3412536153379406,1.3998736077104847,1.2933883589948374,57.824194919050285,0.007610615461376202
2011-03-03,1.3866548538208008,1.397506833076477,1.3834511041641235,1.3481331968307495,1.3417053689581018,1.4015732360961435,1.2946931575653555,61.90289129178342,0.008261545998297981
2011-03-04,1.3958877325057983,1.4006974697113037,1.3947001695632935,1.3497966527938843,1.3422444969576375,1.4039104415098607,1.295682864077908,65.4139530680476,0.009413911573341371
2011-03-07,1.3990709781646729,1.4036072492599487,1.3958877325057983,1.3516185522079467,1.3428099345857791,1.4061179272080346,1.2971191772078587,66.55828675246599,0.010463415178161961
2011-03-08,1.3963944911956787,1.3989927768707275,1.3868086338043213,1.353167133331299,1.343343114257452,1.408276287687361,1.298057978975237,64.62225045737691,0.010952925706598338
2011-03-09,1.3897961378097534,1.3940778970718384,1.385905385017395,1.3547905254364014,1.343805333400634,1.409323443938774,1.3002576069340288,59.98947211167629,0.010685261312546324
2011-03-10,1.3902212381362915,1.3925055265426636,1.3795006275177002,1.3561458706855773,1.3442671832023207,1.4107669140398744,1.3015248273312803,60.18749686384313,0.010387694519180313
2011-03-11,1.3801289796829224,1.3842363357543945,1.375421166419983,1.357145984172821,1.344624017000689,1.4116533282795802,1.302638640066062,53.426875930441454,0.009231099411070254
2011-03-14,1.3934563398361206,1.3979365825653076,1.390665888786316,1.358299286365509,1.3451099107636715,1.4133994034016537,1.3031991693293643,59.84184426759333,0.009282888675785417
2011-03-15,1.3992079496383667,1.4000111818313599,1.385809302330017,1.3595697617530822,1.3456481997114558,1.415465182188461,1.3036743413177034,62.2579429971435,0.009676494281358972
2011-03-16,1.3986209630966187,1.4000699520111084,1.3914979696273804,1.3609000253677368,1.3461752918880852,1.417291518983289,1.3045085317521845,61.848967972872124,0.009827776165229007
2011-03-17,1.3884838819503784,1.4046916961669922,1.388406753540039,1.362355990409851,1.3465962728866103,1.4177326543490103,1.3069793264706917,55.115411096578015,0.009025648362689376
2011-03-18,1.4032920598983765,1.4145472049713135,1.3983275890350342,1.3644619655609131,1.3471604100746286,1.4178202021066382,1.3111037290151881,61.67875383798973,0.009475623415096113
2011-03-21,1.4170527458190918,1.4201923608779907,1.414587140083313,1.3670128750801087,1.3478558562061034,1.41788223078124,1.3161435193789774,66.57066646514733,0.010817902194388385
2011-03-22,1.4217066764831543,1.4248058795928955,1.4180777072906494,1.3695170950889588,1.3485906902435902,1.4185105554519373,1.3205236347259803,68.05589832714023,0.012117517904136399
2011-03-23,1.4168118238449097,1.421403408050537,1.4110939502716064,1.3718853759765626,1.3492695074978172,1.4182229098303818,1.3255478421227433,64.7951774868454,0.01260717139329115
2011-03-24,1.4105963706970215,1.4210197925567627,1.40559983253479,1.3738405919075012,1.3498797250460595,1.4182168264319153,1.329464357383087,60.81092100375363,0.012351311951136035
2011-03-25,1.4171934127807617,1.4193657636642456,1.4113727807998657,1.3754779124259948,1.3505495129880343,1.4200946238780525,1.3308612009739371,63.384462408463,0.012536356349846844
2011-03-28,1.402603268623352,1.4114325046539307,1.4024064540863037,1.376769471168518,1.3510674608086053,1.420694413602675,1.3328445287343613,54.81146786413574,0.011374583551666095
2011-03-29,1.4079747200012207,1.4150075912475586,1.4051061868667603,1.378361129760742,1.351633702197183,1.4208758145318945,1.3358464449895897,57.11136649453241,0.010763229662418272
2011-03-30,1.411113977432251,1.4129084348678589,1.405402421951294,1.3798271989822388,1.3522255457355612,1.4216848630401149,1.3379695349243628,58.442583826298005,0.010412015901381189
2011-03-31,1.4121301174163818,1.4233052730560303,1.4118908643722534,1.3811656618118286,1.3528216111291105,1.4227840732134396,1.3395472504102177,58.88741258503037,0.010099252572791428
2011-04-01,1.415869116783142,1.4215044975280762,1.406469702720642,1.3825470185279847,1.3534489494976722,1.424094769124854,1.3409992679311153,60.56029165852593,0.010037386637224088
2011-04-04,1.4223334789276123,1.4268592596054077,1.4194867610931396,1.3837546372413636,1.3541343677051147,1.4263558288721996,1.3411534456105276,63.337846722936334,0.010390205615045334
2011-04-05,1.422009825706482,1.423284888267517,1.415608525276184,1.384906725883484,1.3548097454007282,1.4284767535195666,1.3413366982474013,63.09824760248409,0.01052240534794846
2011-04-06,1.4219088554382324,1.4346996545791626,1.422009825706482,1.385972764492035,1.3554773982408936,1.4305125029450372,1.3414330260390328,63.01815620401857,0.010498012577708105
2011-04-07,1.4335273504257202,1.4336096048355103,1.4248058795928955,1.387223138809204,1.3562540146851172,1.4335236200119528,1.3409226576064552,68.04453054122105,0.01128609747093523
2011-04-08,1.430206060409546,1.4443144798278809,1.4293065071105957,1.3883811235427856,1.3569898559403968,1.4360352661485742,1.340726980936997,65.311783569248,0.011509980192589975
2011-04-11,1.446215271949768,1.4483307600021362,1.442168951034546,1.3901599144935608,1.357877671030192,1.4396782269349468,1.3406416020521748,71.29587635054307,0.012831307117977087
2011-04-12,1.4437931776046753,1.4516948461532593,1.4380420446395874,1.3916080832481383,1.3587325516975104,1.4430818214415955,1.3401343450546812,69.34671392663259,0.013527093540617985
2011-04-13,1.447638988494873,1.4519267082214355,1.445776104927063,1.3929010248184204,1.3596171928646787,1.446687127355431,1.3391149222814098,70.715702976953,0.014224858774205762
2011-04-14,1.444210171699524,1.451505184173584,1.4368435144424438,1.394149467945099,1.3604589140518302,1.4497499180846165,1.3385490178055814,67.80803293655164,0.014335910437653254
2011-04-15,1.4432096481323242,1.450494647026062,1.4394289255142212,1.3957645893096924,1.3612823044452576,1.4522909886272286,1.3392381899921562,66.94305995129241,0.014179730682142733
2011-04-18,1.4412959814071655,1.4420026540756226,1.4165911674499512,1.397440574169159,1.3620784604393,1.454304067917722,1.3405770804205959,65.22915468098242,0.013743118078728633
2011-04-19,1.4223941564559937,1.432808518409729,1.4207572937011719,1.398704571723938,1.3626786166218332,1.4549038272553918,1.342505316192484,51.267282274417816,0.01173658805910871
2011-04-20,1.433794617652893,1.4539532661437988,1.4336096048355103,1.4001265668869018,1.3633862385264484,1.4562047727630745,1.3440483610107292,57.2155587490894,0.010940208588684941
2011-04-21,1.4513999223709106,1.4647936820983887,1.4508734941482544,1.4017125701904296,1.3642619965793186,1.459027352970053,1.3443977874108062,64.43493850669799,0.011596001589776694
2011-04-22,1.455498218536377,1.4588955640792847,1.4536997079849243,1.4036186814308167,1.3651698196881583,1.4616323235391013,1.345605039322532,65.87834478429048,0.012304580967480883
2011-04-25,1.4557099342346191,1.4625656604766846,1.4530448913574219,1.4057127928733826,1.3660707163550176,1.4635333136284059,1.3478922721183593,65.95521357426679,0.012736401607222891
2011-04-26,1.4578959941864014,1.4649009704589844,1.4499688148498535,1.4079085397720337,1.366984400716274,1.4651357193533312,1.3506813601907361,66.78720540933614,0.01310396499226596
2011-04-27,1.4687954187393188,1.4709992408752441,1.4638073444366455,1.4102873373031617,1.3679974456769135,1.4675531094866943,1.3530215651196291,70.63980261988411,0.014112078833860009
2011-04-28,1.4779999256134033,1.4882060289382935,1.4778470993041992,1.4126966643333434,1.3690919977216305,1.4710300190781678,1.354363309588519,73.44157087589898,0.015475352861145764
2011-04-29,1.4844063520431519,1.4878959655761719,1.4804943799972534,1.4151327514648437,1.3702394042380506,1.4750783974679802,1.3551871054617073,75.21442209029566,0.016878141710410466
2011-05-02,1.4793994426727295,1.4902464151382446,1.4771267175674438,1.4172937989234924,1.3713255737801107,1.4785724539843204,1.3560151438626644,71.21340656053246,0.017385437734154907
2011-05-03,1.4823819398880005,1.48873770236969,1.4757968187332153,1.4195767903327943,1.3724306122542815,1.481891653056992,1.3572619276085964,72.16331475211642,0.01782268724304581
2011-05-04,1.4833273887634277,1.4938081502914429,1.4778908491134644,1.4218959021568298,1.3735340627721841,1.484907630558169,1.3588841737554906,72.47340389129056,0.018037574520780364
2011-05-05,1.4829754829406738,1.489735722541809,1.4581297636032104,1.4240272998809815,1.374623032132345,1.4879612957949948,1.3600933039669683,72.15123330884938,0.017972304834902086
2011-05-06,1.454439640045166,1.4587039947509766,1.4466965198516846,1.425476131439209,1.3754172272397462,1.4888029848368236,1.3621492780415945,51.97464641703837,0.015439991490086236
2011-05-09,1.4352967739105225,1.4440432786941528,1.4258012771606445,1.4267133116722106,1.3760130436273459,1.4882832349753505,1.3651433883690707,43.239243014142204,0.011752964744916161
2011-05-10,1.4376078844070435,1.4394081830978394,1.4274905920028687,1.4278224515914917,1.3766259276180715,1.4881002790468436,1.3675446241361398,44.45305119783275,0.00891469374776821
2011-05-11,1.44110906124115,1.4422314167022705,1.4265742301940918,1.4291009759902955,1.377267550841174,1.4876827064761031,1.370519245504488,46.325658143918,0.006868681360726159
2011-05-12,1.4211004972457886,1.4255776405334473,1.4126089811325073,1.4297898888587952,1.3777036995636185,1.4871312504117267,1.3724485273058638,38.36561921475884,0.003591279868562225
2011-05-13,1.423791527748108,1.4340001344680786,1.414207100868225,1.4303479647636415,1.3781622849207704,1.4868800149601968,1.373815914567086,39.86229531921645,0.0011972580003161148
2011-05-16,1.4077963829040527,1.4246028661727905,1.4050863981246948,1.430522472858429,1.3784571515686959,1.486713286159339,1.3743316595575188,34.49970724927742,-0.0019680100948478163
2011-05-17,1.415808916091919,1.422292947769165,1.4125491380691528,1.4309107613563539,1.37882881091884,1.4864029730476773,1.3754185496650304,38.931655015555485,-0.003786317093509961
2011-05-18,1.4268999099731445,1.4286531209945679,1.4196277856826782,1.4316528367996215,1.3793071303145228,1.4858788294762262,1.3774268441230169,44.52690034544632,-0.004283016032494924
2011-05-19,1.4255167245864868,1.4305946826934814,1.4211004972457886,1.4323587465286254,1.3797669272744588,1.4852867091467679,1.379430783910483,43.9856371710809,-0.004733697898356315
2011-05-20,1.4316186904907227,1.434390902519226,1.4145071506500244,1.4333885407447815,1.380282865219138,1.484127044709774,1.382650036779789,47.04390846851823,-0.004546084440236076
2011-05-23,1.4105764627456665,1.413467526435852,1.3976044654846191,1.4337309432029723,1.3805842940515365,1.4835930359760645,1.3838688504298802,39.11328205820996,-0.006025868879317331
2011-05-24,1.403666377067566,1.4133076667785645,1.4004229307174683,1.4338201117515563,1.38081396652033,1.483445599050432,1.3841946244526806,36.91261038555576,-0.007667805187627774
2011-05-25,1.4099003076553345,1.411671757698059,1.4017970561981201,1.4340456986427308,1.381103382851245,1.4831175515108643,1.3849738457745973,40.182424136189525,-0.008369546519756854
2011-05-26,1.4084903001785278,1.420494794845581,1.4070239067077637,1.4344458270072937,1.3813758894924482,1.4823127912258394,1.386578862788748,39.68145361919712,-0.008936443641144542
2011-05-27,1.4135074615478516,1.430308222770691,1.4128285646438599,1.4346501350402832,1.3816956066286412,1.48205937170365,1.3872408983769162,42.43175545160208,-0.008878524596916515
2011-05-30,1.4297356605529785,1.4305537939071655,1.425984263420105,1.4349037933349609,1.382173617117395,1.4820637940341437,1.387743792635778,50.32200108267843,-0.007437409475281376
2011-05-31,1.4322338104248047,1.4422937631607056,1.4324184656143188,1.435114336013794,1.382671728495594,1.482127623681639,1.3881010483459488,51.42569085360169,-0.006024291262284542
2011-06-01,1.4427932500839233,1.445776104927063,1.438807487487793,1.4356339645385743,1.3832699525933854,1.4823952218249878,1.3888727072521607,55.88694650451932,-0.004006146008499467
2011-06-02,1.434493899345398,1.4483938217163086,1.4329932928085327,1.4361119151115418,1.383779643607855,1.4823138081707217,1.389910022052362,51.85573829568282,-0.003041380458225218
2011-06-03,1.4486035108566284,1.460493564605713,1.445985198020935,1.4367401170730592,1.3844246572148415,1.482745823148774,1.3907344109973443,57.47209243267709,-0.0011252973514652709
2011-06-06,1.465502142906189,1.4657169580459595,1.4595344066619873,1.4379980945587159,1.385231398369121,1.4836321630051312,1.3923640261123005,63.03410933883167,0.0017367702871460278
2011-06-07,1.458299994468689,1.4691839218139648,1.4567067623138428,1.4390046000480652,1.3859584490793646,1.4841531954713676,1.3938560046247628,59.464573092880805,0.0033848083589964606
2011-06-08,1.4686013460159302,1.4690111875534058,1.4572373628616333,1.4401543474197387,1.386780766464937,1.485331849074013,1.3949768457654643,62.71669903567786,0.005459193201291734
2011-06-09,1.4601950645446777,1.4645577669143677,1.4482049942016602,1.4411156463623047,1.3875112569958368,1.4859030349164235,1.396328257808186,58.58602397761729,0.0063516239067928915
2011-06-10,1.451568365097046,1.4547992944717407,1.435708999633789,1.4418296313285828,1.3881486411584174,1.4861096152637405,1.397549647393425,54.610968944131535,0.006290268818052169
2011-06-13,1.4332603216171265,1.4403409957885742,1.4326032400131226,1.4420481681823731,1.3885975136024449,1.486042349768508,1.3980539865962383,47.2793107702229,0.004710043911745343
2011-06-14,1.4416908025741577,1.4486035108566284,1.4381040334701538,1.4424417877197266,1.3891258050369244,1.4860547177333312,1.398828857706122,50.57015037666168,0.004090817250536283
2011-06-15,1.4450031518936157,1.444961428642273,1.4209591150283813,1.4429036736488343,1.389681798539992,1.486116357195362,1.3996909901023067,51.842076398468365,0.0038232821511348103
2011-06-16,1.4181982278823853,1.420030951499939,1.4077963829040527,1.4425970911979675,1.3899655441066017,1.4862960709737638,1.3988981114221712,42.345930539457456,0.0014318201760510352
2011-06-17,1.419909954071045,1.4338356256484985,1.4129482507705688,1.4423911690711975,1.3902634984356597,1.4864242350887575,1.3983581030536374,43.063167546615546,-0.00032160144950377223
2011-06-20,1.4285101890563965,1.4325006008148193,1.4194263219833374,1.44203706741333,1.3906440625227705,1.4862290853505913,1.3978450494760688,46.65400114290884,-0.0010056412262549053
2011-06-21,1.4325416088104248,1.4404033422470093,1.4310245513916016,1.4418120360374451,1.3910609535320528,1.4860820746085501,1.3975419974663401,48.299983016707614,-0.0012085147891860437
2011-06-22,1.4381660223007202,1.4437931776046753,1.4349054098129272,1.441622576713562,1.3915296606855885,1.485871907536842,1.397373245890282,50.59052038792609,-0.0009050179029210792
2011-06-23,1.4314342737197876,1.4334040880203247,1.4131278991699219,1.4413670587539673,1.3919267215131483,1.485702865960454,1.3970312515474805,47.857564516794106,-0.0011939274326409066
2011-06-24,1.427001714706421,1.4305946826934814,1.4161096811294556,1.4410429000854492,1.392275726421718,1.4855603542087434,1.396525445962155,46.09193439300699,-0.0017602694933718244
2011-06-27,1.4171332120895386,1.4294085502624512,1.4107954502105713,1.4405596446990967,1.3925230645883908,1.4855875525362345,1.3955317368619589,42.3461364521073,-0.002971155709896811
2011-06-28,1.4316802024841309,1.4395946264266968,1.4244202375411987,1.4407453656196594,1.3929126878523197,1.4855434731318433,1.3959472581074754,48.9341777854737,-0.002725552734558434
2011-06-29,1.4357914924621582,1.4447944164276123,1.4334040880203247,1.4407853031158446,1.3933393426259497,1.4855616735797488,1.3960089326519405,50.65050562730487,-0.002174102168914116
2011-06-30,1.4478904008865356,1.4527071714401245,1.4448988437652588,1.4407151126861573,1.393882139227312,1.4854345345715534,1.3959956908007611,55.40108892176292,-0.0007521228238704936
2011-07-01,1.4496954679489136,1.4546089172363281,1.4446065425872803,1.4405990576744079,1.3944374957337815,1.4851918274026017,1.396006287946214,56.08037804146827,0.0005145287115400077
2011-07-04,1.4539955854415894,1.4577046632766724,1.4498006105422974,1.4405647706985474,1.3950301135436967,1.485112731286194,1.3960168101109007,57.73201141057694,0.0018440852562313648
2011-07-05,1.4553074836730957,1.4553074836730957,1.4445648193359375,1.4405130004882813,1.395629888372736,1.4849847039236048,1.3960412970529579,58.2478788388552,0.0029693982455403223
2011-07-06,1.4428139925003052,1.4466545581817627,1.4290001392364502,1.439993371963501,1.3960993819476026,1.4837171063959453,1.3962696375310566,51.76814084798594,0.0028205826507814447
2011-07-07,1.4331575632095337,1.4374011754989624,1.4223334789276123,1.4390965247154235,1.3964681200707456,1.4814566273173548,1.3967364221134921,47.38083903421673,0.0019015323963558206
2011-07-08,1.4364513158798218,1.436884880065918,1.421403408050537,1.438137423992157,1.3968659628163256,1.4784314019185878,1.397843446065726,48.96947390880286,0.0014225583941209763
2011-07-11,1.4201923608779907,1.4225763082504272,1.3988949060440063,1.4369532823562623,1.397098066280325,1.4757499985899059,1.3981565661226187,42.19699010324445,-0.00026592828463223306
2011-07-12,1.4040604829788208,1.4046916961669922,1.3841979503631592,1.4353868532180787,1.3971673440586263,1.4730036177148802,1.3977700887212772,36.764181350970475,-0.002872659637040531
2011-07-13,1.3969016075134277,1.4192047119140625,1.3967260122299194,1.4336583375930787,1.39716469991389,1.4702112768618951,1.3971053983242623,34.63319778285019,-0.005453312048422809
2011-07-14,1.4234267473220825,1.4274091720581055,1.4150876998901367,1.4324673628807068,1.3974260138192132,1.4662361098718222,1.3986986158895913,46.911841999585086,-0.005297079143277816
2011-07-15,1.4157286882400513,1.4196076393127441,1.409641981124878,1.4316931438446046,1.397608129983132,1.465179605144997,1.398206682544212,44.31043994066351,-0.005728399054414135
2011-07-18,1.4123096466064453,1.413207769393921,1.4017970561981201,1.431233401298523,1.397754413731047,1.4651463974381331,1.397320405158913,43.16553365210008,-0.006273790920755307
2011-07-19,1.411193609237671,1.421464204788208,1.4073010683059692,1.4307051157951356,1.3978881370698009,1.4650332127718946,1.3963770188183766,42.77699592804422,-0.0067186246697197305
2011-07-20,1.417293906211853,1.423791527748108,1.4134875535964966,1.4302288126945495,1.3980812293006126,1.4646285026486843,1.3958291227404147,45.656392397472196,-0.006503942239546756
2011-07-21,1.427001714706421,1.4397811889648438,1.4145071506500244,1.4303468370437622,1.3983689953253515,1.4646590770513745,1.3960345970361498,49.97069122377662,-0.005487212680846731
2011-07-22,1.4420026540756226,1.4435222148895264,1.4327058792114258,1.4307110595703125,1.3988031610852563,1.4651257494973,1.396296369643325,55.808886777872004,-0.0034314412230020963
2011-07-25,1.4388489723205566,1.4407145977020264,1.4328700304031372,1.4313321113586426,1.3992016268697784,1.4651749670119778,1.3974892557053074,54.37235134313325,-0.0020332650786789586
2011-07-26,1.4371533393859863,1.4520952701568604,1.4360594749450684,1.431758999824524,1.3995792558510587,1.4653401007792433,1.3981778988698046,53.57387019758645,-0.0010499209822811828
2011-07-27,1.450810194015503,1.4535094499588013,1.4363069534301758,1.4322372055053711,1.400089016431172,1.4662145207391422,1.3982598902716001,58.8193291713293,0.0008219059124909833
2011-07-28,1.4372979402542114,1.4400299787521362,1.4258012771606445,1.4324728298187255,1.400459254480142,1.4664233101136408,1.3985223495238102,52.499076164062735,0.0012011699213121396
2011-07-29,1.4331985712051392,1.4406315088272095,1.4238524436950684,1.4325044274330139,1.4007850188265176,1.4664546038339092,1.3985542510321185,50.71852316799813,0.0011576103468577958
2011-08-01,1.4363688230514526,1.4451284408569336,1.4188220500946045,1.4330202746391296,1.4011390865311668,1.4663893552223788,1.3996511940558805,52.072312683339476,0.0013631879176110306
2011-08-02,1.4262080192565918,1.4283469915390015,1.4152878522872925,1.43347110748291,1.4013885286484782,1.4658148143880807,1.4011274005777394,47.562570308996726,0.0006981696100059054
2011-08-03,1.417333960533142,1.434390902519226,1.4144872426986694,1.4336197805404662,1.4015471896626595,1.465587408405667,1.4016521526752654,43.98011986429753,-0.0005387145987918451
2011-08-04,1.4352967739105225,1.4364101886749268,1.4115123748779297,1.4341559100151062,1.40188300642219,1.4652916665668303,1.4030201534633822,51.8808865294621,-6.87132439700644e-05
2011-08-05,1.4067071676254272,1.42253577709198,1.4057974815368652,1.4340199041366577,1.401931008026322,1.4655803198258477,1.4024594884474677,41.7808521094036,-0.001980347860581988
2011-08-08,1.4294085502624512,1.4399470090866089,1.413327693939209,1.4340133619308473,1.4022044164074556,1.4655775378563776,1.402449186005317,50.08959592925933,-0.001644562716107023
2011-08-09,1.4170728921890259,1.4285714626312256,1.4157087802886963,1.4337101435661317,1.4023523614404694,1.4656333375721462,1.4017869495601172,46.22880004128437,-0.002346782831380123
2011-08-10,1.4383108615875244,1.440050721168518,1.416330337524414,1.4336204957962035,1.4027101574626986,1.4654646549846067,1.4017763366078004,52.95240369974327,-0.0011760143334218487
2011-08-11,1.4124692678451538,1.4285918474197388,1.4106560945510864,1.4331800031661988,1.4028072630388757,1.465579333259832,1.4007806730725656,45.497664304930346,-0.0023067813719237495
2011-08-12,1.4226369857788086,1.4287959337234497,1.4150876998901367,1.4326606726646423,1.4030045737133727,1.464882877774815,1.4004384675544694,48.56588727984931,-0.0023553218504364093
2011-08-15,1.4274091720581055,1.4474921226501465,1.4267370700836182,1.4318988132476806,1.4032474055382684,1.4627226156775925,1.4010750108177688,49.98892551778217,-0.001985823640661355
2011-08-16,1.4438347816467285,1.444481372833252,1.4357914924621582,1.4316095089912415,1.4036512600278481,1.4616843386299772,1.4015346793525059,54.640717498355805,-0.00036339523401696106
2011-08-17,1.439801812171936,1.4513788223266602,1.4338973760604858,1.4310335183143617,1.404010967015184,1.4592631856441416,1.4028038509845817,53.329102137459756,0.0005901610265788282
2011-08-18,1.4429181814193726,1.4451075792312622,1.4278982877731323,1.4306879806518555,1.404398103477799,1.4578640168613834,1.4035119444423276,54.243120990142735,0.0015791230393586986
2011-08-19,1.4324390888214111,1.445170283317566,1.426594614982605,1.4303053951263427,1.4046771182579665,1.4568119748343848,1.4037988154183005,50.65095739104746,0.0015000161123335243
2011-08-22,1.4369261264801025,1.4433971643447876,1.4350084066390991,1.4303787112236024,1.4049980039126344,1.4569388757122235,1.4038185467349813,52.11329324690966,0.0017788838760433023
2011-08-23,1.436100721359253,1.4498006105422974,1.4355852603912354,1.4302669095993041,1.4053074836889068,1.4566793705506862,1.403854448647922,51.80915778775396,0.0019112535516334628
2011-08-24,1.4437098503112793,1.4480791091918945,1.4389524459838867,1.4302410435676576,1.4056895967904632,1.4565970737585363,1.4038850133767788,54.44837354605558,0.002600177361426814
2011-08-25,1.44123375415802,1.4473036527633667,1.4333628416061401,1.4307017540931701,1.4060432699988668,1.457003832195292,1.4043996759910482,53.4230607203976,0.0029127774923563
2011-08-26,1.4372979402542114,1.4474921226501465,1.4332191944122314,1.4310495138168335,1.4063542617433682,1.4572287102013246,1.4048703174323425,51.754763074238724,0.0028105300186511695
2011-08-29,1.449506402015686,1.4546935558319092,1.4466965198516846,1.4314694380760193,1.4067836362743529,1.4581511343068045,1.4047877418452341,56.3121558568133,0.003672287152491238
2011-08-30,1.4524328708648682,1.4532349109649658,1.4388697147369385,1.4318672633171081,1.4072378575150144,1.4591994390357381,1.4045350875984781,57.35214043178704,0.004539054078340543
2011-08-31,1.4433138370513916,1.4468011856079102,1.439801812171936,1.4319702196121216,1.407596822486273,1.459437685483561,1.4045027537406822,53.109573511134506,0.004438973569844462
2011-09-01,1.4374631643295288,1.4377937316894531,1.422960877418518,1.4320907974243164,1.4078940000176638,1.4596015579912005,1.4045800368574324,50.5270477833741,0.0038432559905625663
2011-09-02,1.4262080192565918,1.4287959337234497,1.419305443763733,1.4320749235153198,1.4080762290651894,1.4595985824548279,1.4045512645758118,45.90280097661297,0.002434881573733394
2011-09-05,1.4157688617706299,1.4171934127807617,1.4065884351730347,1.4320476365089416,1.4081527726743535,1.4596343905732836,1.4044608824445997,42.058074056922734,0.0004709530821953578
2011-09-06,1.4063115119934082,1.4236901998519897,1.3975263833999634,1.4315402626991272,1.4081344516725163,1.4600715873188364,1.403008938079418,38.88083034844418,-0.0018275367789555297
2011-09-07,1.4003249406814575,1.4130680561065674,1.400207281112671,1.4308309316635133,1.408056745095337,1.460664637822639,1.4009972255043877,36.97659152739947,-0.004085082538030527
2011-09-08,1.4085696935653687,1.4090063571929932,1.3943500518798828,1.43004451751709,1.4080618490602228,1.4601148129216943,1.3999742221124856,41.244531874996795,-0.00514956023844082
2011-09-09,1.3904144763946533,1.393805980682373,1.364908218383789,1.4288588976860046,1.4078862533119658,1.4604052008652233,1.397312594506786,35.537482831145866,-0.0073731477240222
2011-09-12,1.3600815534591675,1.3687005043029785,1.3514974117279053,1.4269806170463561,1.4074105846558,1.4632482124572503,1.390713021635462,28.453488005173853,-0.011450970544057526
2011-09-13,1.3660268783569336,1.372099757194519,1.355913758277893,1.425195004940033,1.4069988064828887,1.4644393183973299,1.3859506914827362,31.342348249562548,-0.014041079650029209
2011-09-14,1.3686069250106812,1.3748539686203003,1.3593051433563232,1.4237108635902405,1.4066167977113015,1.4657488163061063,1.3816729108743746,32.6139316047812,-0.015704539419935548
2011-09-15,1.3746082782745361,1.3927576541900635,1.3704074621200562,1.4225398778915406,1.4062983049799935,1.4667114675838107,1.3783682881992705,35.60163214446035,-0.016350110324939937
2011-09-16,1.3869048357009888,1.3880984783172607,1.37589430809021,1.421548948287964,1.4061053351360653,1.4666597555512684,1.3764381410246596,41.34047728823655,-0.01568865149199361
2011-09-19,1.3701446056365967,1.3706891536712646,1.3591388463974,1.420547993183136,1.4057475169314364,1.4679447432433177,1.3731512431229542,36.55838683815585,-0.016328624873118258
2011-09-20,1.3605626821517944,1.3726646900177002,1.3599522113800049,1.4196780371665954,1.4052979165845567,1.4698268722579784,1.3695292020752123,34.12781641994326,-0.017408317288762687
2011-09-21,1.369394063949585,1.3730982542037964,1.363754153251648,1.4191278862953185,1.404940664318892,1.470874658461803,1.367381114128834,38.20565968781256,-0.017351347074543444
2011-09-22,1.3586033582687378,1.3585665225982666,1.3392080068588257,1.4178314185142518,1.4044795965961823,1.4723144210046815,1.363348416023822,35.32791447589979,-0.017969773176695236
2011-09-23,1.348090410232544,1.356594443321228,1.3421016931533813,1.4164786529541016,1.403918510163718,1.4744235656698699,1.3585337402383333,32.74048180745373,-0.019088151041078083
2011-09-26,1.3547013998031616,1.3544996976852417,1.3367018699645996,1.4153264880180358,1.4034287876717169,1.4758436013568155,1.3548093746792562,35.91887639544191,-0.019219471840404845
2011-09-27,1.351807951927185,1.3655046224594116,1.3480722904205322,1.4141387748718262,1.4029151475141706,1.4772618635344212,1.351015686209231,35.136269650604504,-0.01933414954120427
2011-09-28,1.3582342863082886,1.3684009313583374,1.3545913696289062,1.4129575824737548,1.4024705618297724,1.4780202017061879,1.3478949632413217,38.349133826314464,-0.01869102249529009
2011-09-29,1.3537662029266357,1.367708444595337,1.3521004915237427,1.4114928722381592,1.4019859413423563,1.4785323867027995,1.344453357773519,36.977705739030526,-0.018330573227708147
2011-09-30,1.3585848808288574,1.3598966598510742,1.341525673866272,1.409824516773224,1.401554089993242,1.4779087205752437,1.3417403129712042,39.490919036650986,-0.017454878575975608
2011-10-03,1.336094617843628,1.3380789756774902,1.3245033025741577,1.4077694296836853,1.4009027519608253,1.4784321122804338,1.3371067470869369,32.897010827329765,-0.018363972080408963
2011-10-04,1.3195048570632935,1.3298933506011963,1.314941644668579,1.4054164600372314,1.4000928226570362,1.4798214618121441,1.3310114582623187,29.044531591927168,-0.02019034851131174
2011-10-05,1.3330134153366089,1.337238073348999,1.326611876487732,1.4030605244636536,1.3994253658666962,1.479041921605734,1.3270791273215732,35.65251586350058,-0.020313574986525973
2011-10-06,1.333991527557373,1.3432915210723877,1.3242928981781006,1.4009943962097169,1.3987742828973995,1.4787728608402166,1.3232159315792171,36.11642901191087,-0.020100600167598515
2011-10-07,1.3428946733474731,1.3521736860275269,1.3403927087783813,1.3991883182525635,1.3982182668810939,1.478100110984248,1.320276525520879,40.33317574158267,-0.018994450429711707
2011-10-10,1.3385984897613525,1.3690004348754883,1.3380969762802124,1.3972329115867614,1.397625035267029,1.4772222867800129,1.31724353639351,38.99557145715929,-0.01825406342336877
2011-10-11,1.3635495901107788,1.367409110069275,1.356999397277832,1.3959797430038452,1.3972859761107173,1.4760795096054304,1.31587997640226,49.47550979493265,-0.015475563451227137
2011-10-12,1.3645730018615723,1.3815971612930298,1.3586403131484985,1.3949245238304138,1.3969604738788806,1.4752658217606398,1.3145832259001877,49.8560158579676,-0.013040676627392278
2011-10-13,1.379196286201477,1.3823038339614868,1.3686069250106812,1.393802514076233,1.3967837157922682,1.4734060646398501,1.3141989635126157,55.06360892762496,-0.009817860261063238
2011-10-14,1.3735508918762207,1.389294147491455,1.37247633934021,1.3931393885612489,1.3965525434146446,1.4728564882605168,1.3134222888619809,52.78453232785683,-0.007631322082494618
2011-10-17,1.3879058361053467,1.39130437374115,1.374098300933838,1.3923093342781068,1.3964665065258661,1.4713463879933464,1.3132722805628672,57.591180593364136,-0.004686131980352393
2011-10-18,1.3744003772735596,1.3786828517913818,1.3654487133026123,1.3914558839797975,1.3962469430503934,1.4703228928630414,1.3125888750965535,52.206329203978655,-0.0034026021834281384
2011-10-19,1.3740037679672241,1.3866932392120361,1.3726459741592407,1.3901697421073913,1.3960256179248631,1.4680086871553641,1.3123307970594185,52.05240858138799,-0.002389849926133225
2011-10-20,1.3765003681182861,1.384006381034851,1.3659336566925049,1.389450364112854,1.3958313368319781,1.4671127677178526,1.3117879605078553,52.991951558443056,-0.001369989314479847
2011-10-21,1.377903938293457,1.3897961378097534,1.3710086345672607,1.388555703163147,1.3956529547567116,1.465686494081257,1.311424912245037,53.543101655204985,-0.0004433750969088379
2011-10-24,1.3847730159759521,1.3954007625579834,1.3823038339614868,1.387702980041504,1.3955446966592364,1.464018948606052,1.311387011476956,56.24678963938892,0.000835618023688145
2011-10-25,1.3922340869903564,1.395634412765503,1.3850032091140747,1.3866709661483765,1.3955117552694498,1.4612648629303848,1.3120770693663681,59.03548819938074,0.002423340600533397
2011-10-26,1.3904531002044678,1.3966870307922363,1.3804908990859985,1.3856839919090271,1.395461420393111,1.4586976990013272,1.312670284816727,58.083808210264706,0.003497593353312567
2011-10-27,1.387694001197815,1.4182988405227661,1.3868086338043213,1.384579508304596,1.395384132639817,1.4557057604820742,1.3134532561271177,56.562566731842615,0.004079286690676476
2011-10-28,1.4173942804336548,1.4200913906097412,1.4139271974563599,1.384278612136841,1.3956031390858266,1.454702288478127,1.3138549357955547,66.67920749839507,0.006857794780750215
2011-10-31,1.4140071868896484,1.4169524908065796,1.3935922384262085,1.3838202333450318,1.395786263939844,1.4531348521493737,1.31450561454069,64.8249680038787,0.008686341579653645
2011-11-01,1.386001467704773,1.386981725692749,1.3611923456192017,1.3828182482719422,1.3956889027831456,1.45047683615883,1.3151596603850544,51.95904899079226,0.007785899603024893
2011-11-02,1.3655978441238403,1.382590413093567,1.3658030033111572,1.3812560081481933,1.3953894892637504,1.4467484041653156,1.315763612131071,44.95817261126758,0.00536405743136914
2011-11-03,1.3690004348754883,1.382533073425293,1.3657844066619873,1.3798113417625428,1.3951269116078007,1.443051652291354,1.3165710312337318,46.258603454079925,0.003676905619732107
2011-11-04,1.382991909980774,1.3865010738372803,1.3717608451843262,1.378725221157074,1.3950061653227976,1.4397627143772438,1.3176877279369041,51.34871397398927,0.0034292900421504235
2011-11-07,1.3789299726486206,1.38119637966156,1.3683634996414185,1.3773136925697327,1.3948462032064306,1.4348329859076667,1.3197943992317986,49.871890807819824,0.0028721798162136825
2011-11-08,1.3760079145431519,1.3842554092407227,1.373192548751831,1.3757851934432983,1.3946587575478504,1.429062094422003,1.3225082924645937,48.78490297474486,0.0021698673992602835
2011-11-09,1.3826478719711304,1.3856940269470215,1.3556013107299805,1.374571874141693,1.3945392462484287,1.4242106646364672,1.3249330836469189,51.37824960459041,0.0021245780081613486
2011-11-10,1.3526674509048462,1.3649641275405884,1.3485995531082153,1.3728759598731994,1.3941226114683698,1.4194437071049117,1.3263082126414871,41.22733924427461,-0.0003267173891061681
2011-11-11,1.3610072135925293,1.374192714691162,1.3581973314285278,1.3715719437599183,1.3937931050214365,1.4156278779997933,1.3275160095200433,44.511535084246745,-0.0015782444815193308
2011-11-14,1.3787018060684204,1.378796935081482,1.3621008396148682,1.370830602645874,1.3936429428426156,1.4130606079172392,1.328600597374509,50.79416984441401,-0.0011292655161705412
2011-11-15,1.362416386604309,1.3641074895858765,1.351278305053711,1.369952700138092,1.3933322308398675,1.4109800100488081,1.3289253902273759,45.669048699476825,-0.002063754027451292
2011-11-16,1.350712537765503,1.3553258180618286,1.343075156211853,1.368960452079773,1.3929081542913544,1.4093849091988258,1.32853599496072,42.36100695052409,-0.0037060249447702365
2011-11-17,1.3441040515899658,1.3534914255142212,1.3425341844558716,1.367671139240265,1.392422541328574,1.4070375573727483,1.3283047211077816,40.573887417335904,-0.00547764322225941
2011-11-18,1.3458044528961182,1.3613035678863525,1.3448452949523926,1.3667789387702942,1.3919586797515855,1.406063456924498,1.3274944206160904,41.26056242019667,-0.006667595407011895
2011-11-21,1.3529969453811646,1.3540045022964478,1.3432915210723877,1.3666372466087342,1.3915710008021742,1.4060711833858017,1.3272033098316667,44.197792496490855,-0.0069501500497402
2011-11-22,1.348435878753662,1.3568705320358276,1.347127914428711,1.3662854266166686,1.3911417956071666,1.4060540550652432,1.326516798168094,42.738315460452306,-0.00745616655151049
2011-11-23,1.3521919250488281,1.3531067371368408,1.3352560997009277,1.3659571266174317,1.3907542347056459,1.4059180872027215,1.325996166032142,44.36751526144158,-0.0074680200430095045
2011-11-24,1.3352025747299194,1.3412017822265625,1.3320190906524658,1.3651690125465392,1.3902014818694413,1.4059788791915355,1.324359145901543,38.96697247205621,-0.008747477133948633
2011-11-25,1.3331022262573242,1.3334044218063354,1.3218421936035156,1.364092960357666,1.3896333300716694,1.405397841968599,1.3227880787467328,38.345550579805206,-0.009817763597496088
2011-11-28,1.3313452005386353,1.33969247341156,1.3278273344039917,1.3633169722557068,1.389053348682638,1.405603968120268,1.3210299763911455,37.802448752104794,-0.010684585373019972
2011-11-29,1.3316997289657593,1.343742847442627,1.3289036750793457,1.362739713191986,1.388482665898759,1.4059579352500178,1.3195214911339543,37.993285775304265,-0.0112136761160897
2011-11-30,1.3324095010757446,1.3523930311203003,1.326435923576355,1.3620000219345092,1.387924723959615,1.406012093116285,1.3179879507527335,38.40077594656544,-0.011443794722358236
2011-12-01,1.3443931341171265,1.3521004915237427,1.3419936895370483,1.361715817451477,1.3874915738114626,1.4060000949250266,1.3174315399779273,44.97565213055032,-0.01053771413169069
2011-12-02,1.346692442893982,1.3538029193878174,1.3419756889343262,1.3616878581047058,1.3870856123093638,1.4060089979071955,1.3173667183022162,46.16302324579097,-0.009524313377524463
2011-12-05,1.3419036865234375,1.3483994007110596,1.3401411771774292,1.3614319038391114,1.3866360409080347,1.406064443698619,1.3167993639796038,44.03189735886981,-0.009003808299089977
2011-12-06,1.3386701345443726,1.3424980640411377,1.3340270519256592,1.3611691474914551,1.3861587682074006,1.4061859742061686,1.3161523207767416,42.601739487507785,-0.008751344839397657
2011-12-07,1.3412017822265625,1.3452612161636353,1.3353630304336548,1.3608284974098206,1.3857114350130988,1.406192409222363,1.3154645855972782,44.13173401206023,-0.008251860606137473
2011-12-08,1.3403747081756592,1.3456957340240479,1.33109712600708,1.360560667514801,1.3852603233028118,1.406251715100401,1.314869619929201,43.72170550489303,-0.00783246592481035
2011-12-09,1.3345433473587036,1.3430029153823853,1.3286035060882568,1.360079836845398,1.3847556767754934,1.4063579819226542,1.3138016917681417,40.84056149217176,-0.007879801257604013
2011-12-12,1.3371665477752686,1.3377926349639893,1.3211086988449097,1.3601012754440307,1.3842821531033742,1.4063350402275605,1.313867510660501,42.670727743839244,-0.007617830886732291
2011-12-13,1.3171066045761108,1.3231713771820068,1.3099979162216187,1.3600533103942871,1.3836137396845285,1.4064636187404407,1.3136430020481336,34.00679436243834,-0.008925993946674593
2011-12-14,1.3019137382507324,1.305909276008606,1.2954038381576538,1.3594313168525696,1.3828008043460793,1.408099447442855,1.3107631862622842,29.175170109862492,-0.0110611538407146
2011-12-15,1.2988024950027466,1.3049037456512451,1.29629385471344,1.358727536201477,1.3819650002721977,1.4098529089149698,1.3076021634879842,28.28878849448516,-0.012856137220890629
2011-12-16,1.302965521812439,1.3084039688110352,1.3006945848464966,1.3579289531707763,1.3811789358091537,1.4112634247089348,1.3045944816326178,31.296566030779204,-0.013783861237965933
2011-12-19,1.3036959171295166,1.304103970527649,1.2984988689422607,1.3572309017181396,1.3804079604981727,1.4124773797151973,1.301984423721082,31.836750870118976,-0.01429536434584544
2011-12-20,1.3007792234420776,1.3131976127624512,1.2996971607208252,1.3559754943847657,1.3796156347555724,1.4134439859004053,1.2985070028691261,30.795469029679353,-0.014765875230551284
2011-12-21,1.3087977170944214,1.3194178342819214,1.3028467893600464,1.3548599886894226,1.3789109788577874,1.41379391569918,1.2959260616796653,36.90517034099251,-0.014326585116893886
2011-12-22,1.3040019273757935,1.3119055032730103,1.3023545742034912,1.353356101512909,1.3781656151607589,1.4135788161669471,1.2931333868588708,34.919507168245644,-0.014201716143669385
2011-12-23,1.3056023120880127,1.3093974590301514,1.3033052682876587,1.3519971299171447,1.3774435922439503,1.4134145726435714,1.290579687190718,36.15403467191542,-0.013814375391095313
2011-12-26,1.3044953346252441,1.3084039688110352,1.3043931722640991,1.3503289198875428,1.3767177389336527,1.41229407926293,1.2883637605121556,35.650288162523324,-0.013441780406580506
2011-12-27,1.3050570487976074,1.3085922002792358,1.3044953346252441,1.3489420533180236,1.3760046972401159,1.4118057083497255,1.2860783982863218,36.136548616197906,-0.012951869468705635
2011-12-28,1.307206630706787,1.307958960533142,1.294732928276062,1.347606110572815,1.3753201393635532,1.4111314859151949,1.284080735230435,38.065314783464316,-0.012248959841220097
2011-12-29,1.292724609375,1.2943978309631348,1.2861239910125732,1.3459305953979492,1.3744982932932917,1.4107514043371943,1.2811097864587042,31.223534472253803,-0.012713918845113525
2011-12-30,1.2956053018569946,1.299595832824707,1.2906056642532349,1.34428462266922,1.3737132884026935,1.4099654593608164,1.2786037859776236,33.773441163385485,-0.012703516170453844
2012-01-02,1.2960082292556763,1.2963947057724,1.2922568321228027,1.3425093269348145,1.3729401037338964,1.4085210001143014,1.2764976537553276,34.1412418677027,-0.012518454155136638
2012-01-03,1.2940963506698608,1.3065917491912842,1.2936275005340576,1.3405465722084045,1.3721555887773649,1.4063592447694284,1.2747338996473805,33.199081929813886,-0.012383316632543995
2012-01-04,1.3056023120880127,1.3073946237564087,1.2902060747146606,1.3388495564460754,1.3714933671182041,1.4037796400725082,1.2739194728196426,43.33389947854515,-0.011218464766585612
2012-01-05,1.2931424379348755,1.2942973375320435,1.2785271406173706,1.3369585251808167,1.3707137558818958,1.4015890474413457,1.2723280029202877,36.819341590888335,-0.011171935860839088
2012-01-06,1.279606819152832,1.281295657157898,1.270405888557434,1.3342027759552002,1.3698072191972726,1.3965442508419608,1.2718613010684396,31.31226839617436,-0.012087930542815206
2012-01-09,1.2680377960205078,1.2784944772720337,1.2679574489593506,1.3312833881378174,1.3687945881200552,1.3920217350132353,1.2705450412623995,27.523088260549457,-0.013590721035912523
2012-01-10,1.2775959968566895,1.2817062139511108,1.2745510339736938,1.3291152787208558,1.36788713945003,1.3896201484173158,1.2686104090243957,34.5681392023821,-0.013850763423505441
2012-01-11,1.2751848697662354,1.27883780002594,1.26739501953125,1.3273070192337035,1.3669647288056679,1.3887583786023108,1.2658556598650963,33.67879548155183,-0.014088997501644274
2012-01-12,1.272394061088562,1.2829065322875977,1.270099401473999,1.325374891757965,1.366023727136091,1.3875463061791196,1.2632034773368106,32.63230323649978,-0.014337718369041408
2012-01-13,1.2820513248443604,1.2874983549118042,1.2651821374893188,1.3233560800552369,1.3651881808439719,1.384436935850921,1.2622752242595527,39.62356612867837,-0.013598812328858179
2012-01-16,1.2647020816802979,1.268295168876648,1.2628655433654785,1.3210715222358704,1.36418831915997,1.3822130728486572,1.2599299716230836,32.99825811581755,-0.014248910329507813
2012-01-17,1.2667046785354614,1.2803605794906616,1.2666724920272827,1.3188854575157165,1.363218332685344,1.3798256057275853,1.2579453093038477,34.36253337578151,-0.014436114309325454
2012-01-18,1.2745997905731201,1.284406065940857,1.2737231254577637,1.3167244958877564,1.3623365561462388,1.376078110998002,1.2573708807775108,39.58538151479353,-0.013788460463622032
2012-01-19,1.2866039276123047,1.2921065092086792,1.284505009651184,1.3154032254219055,1.3615829976527927,1.3744314077344142,1.2563750431093967,46.54947927686888,-0.012166310929376811
2012-01-20,1.2964956760406494,1.2984483242034912,1.2887760400772095,1.3141129946708678,1.3609353626113898,1.3718792613465733,1.2563467279951623,51.509736179585964,-0.009967663289409234
2012-01-23,1.2884771823883057,1.30451238155365,1.2883775234222412,1.3123085021972656,1.3602143856932114,1.3674152296938729,1.2572017747006583,47.649490863897654,-0.008771136417947467
2012-01-24,1.3026939630508423,1.3056364059448242,1.295823574066162,1.3111140537261963,1.3596420431789358,1.364344786574128,1.2578833208782645,54.20276049212196,-0.0065996284581901765
2012-01-25,1.304103970527649,1.3050060272216797,1.2933766841888428,1.3101818823814393,1.359089425540212,1.3622008451104337,1.2581629196524449,54.80700551468124,-0.0047106158880574345
2012-01-26,1.3107362985610962,1.3179919719696045,1.309483289718628,1.3095145273208617,1.3586082998982818,1.360605074069208,1.2584239805725155,57.63824734751196,-0.002647863451375798
2012-01-27,1.3092775344848633,1.3159972429275513,0.7605719566345215,1.3087839889526367,1.358117446510733,1.3587896227154683,1.258778355189805,56.795450042671746,-0.0011179404321208786
2012-01-30,1.3207945823669434,1.3208470344543457,1.3083868026733398,1.3081399416923523,1.3577460747279455,1.3566277947831649,1.2596520886015397,61.57284747613302,0.001012196128340026
2012-01-31,1.3139568567276,1.3213530778884888,1.3086949586868286,1.3074503612518311,1.357310361115697,1.354560244646862,1.2603404778568001,57.507116312090226,0.002124111945182916
2012-02-01,1.3077024221420288,1.3213530778884888,1.3046995401382446,1.3065605711936952,1.3568167497822836,1.3518673245999246,1.2612538177874657,53.995036880937135,0.0024721354023196085
2012-02-02,1.317002534866333,1.3196094036102295,1.3092947006225586,1.3061965703964233,1.3564205884395646,1.3508518429432723,1.2615412978495744,58.09339632449196,0.003458520203983184
2012-02-03,1.3137152194976807,1.3187392950057983,1.3078563213348389,1.3058088302612305,1.3559956593950784,1.3498429009132018,1.2617747596092592,56.18799384745396,0.003929679489792948
2012-02-06,1.31271493434906,1.3128528594970703,1.303441047668457,1.305436224937439,1.3555650054142314,1.3488999219289681,1.2619725279459098,55.59050784735752,0.004174243881465811
2012-02-07,1.3121638298034668,1.324327826499939,1.3093974590301514,1.305045506954193,1.3551331529203046,1.3478924054530192,1.262198608455367,55.24197137468519,0.004274321673225057
2012-02-08,1.3248542547225952,1.3287270069122314,1.3238019943237305,1.30489440202713,1.3548318703509745,1.3473993370474842,1.262389467006776,61.264556858814935,0.005316361570024242
2012-02-09,1.3248542547225952,1.3319002389907837,1.323101282119751,1.3045036244392394,1.3545335856181593,1.3458703881018834,1.2631368607765954,61.26455685881494,0.006072189277544826
2012-02-10,1.3278449773788452,1.3289036750793457,1.316482424736023,1.3041266751289369,1.3542680273270493,1.3442490692324796,1.2640042810253942,62.63861263344209,0.006833739410972095
2012-02-13,1.3236793279647827,1.3281975984573364,1.3211086988449097,1.3037621879577637,1.3539636621590707,1.342800307296531,1.2647240686189962,59.47404370510065,0.007020215608849023
2012-02-14,1.3157894611358643,1.3213530778884888,1.3131976127624512,1.3033045744895935,1.3535838193625793,1.3411919595953552,1.2654171893838317,53.91785861213774,0.006456921650931813
2012-02-15,1.3133701086044312,1.318913221359253,1.3064996004104614,1.302747941017151,1.3531836829368742,1.339151501586438,1.266344380447864,52.30424214612457,0.005749014540074038
2012-02-16,1.3058068752288818,1.3058239221572876,1.2979933023452759,1.3020565843582153,1.3527122719146114,1.3368194782998994,1.267293690416531,47.51675636022172,0.00452553577038306
2012-02-17,1.3126804828643799,1.3199002742767334,1.311681866645813,1.301619327068329,1.3523139456551605,1.3352457719501762,1.2679928821864817,51.83187047652589,0.00406371870214195
2012-02-20,1.3227163553237915,1.3276686668395996,1.3183915615081787,1.3013303232192994,1.3520194422685996,1.3339428806274038,1.268717765811195,57.346106787811145,0.004456168446554054
2012-02-21,1.3204805850982666,1.3292039632797241,1.318913221359253,1.3013978028297424,1.351705622794079,1.3341572293718185,1.2686383762876663,55.813188025605655,0.004534508730350106
2012-02-22,1.324327826499939,1.3263795375823975,1.3213530778884888,1.3018460845947266,1.3514332069103925,1.33524158386908,1.2684505853203731,57.89872274884335,0.004851113580405242
2012-02-23,1.325574278831482,1.3340002298355103,1.3234516382217407,1.3023815202713012,1.351175904143286,1.336429932983013,1.2683331075595894,58.58080589838293,0.005143314562532808
2012-02-24,1.337363362312317,1.3477089405059814,1.3358803987503052,1.3030694770812987,1.351038465916032,1.3385269313063077,1.2676120228562897,64.4475904704276,0.0062540733924425496
2012-02-27,1.3467106819152832,1.346982717514038,1.337019920349121,1.3039297723770142,1.3509954033886362,1.3414751054318035,1.266384439322225,68.28355617658116,0.0077987096703298064
2012-02-28,1.3406623601913452,1.346293568611145,1.3395847082138062,1.3047274351119995,1.3508925870383555,1.3436682915493352,1.2657865786746638,63.508586703497556,0.008437533401006059
2012-02-29,1.3477997779846191,1.348617672920227,1.335505723953247,1.3055074763298036,1.3508618128188978,1.346299649934846,1.264715302724761,66.48683455672011,0.00941124875868038
2012-03-01,1.3320900201797485,1.3357020616531372,1.3285505771636963,1.3060692381858825,1.3506750288124332,1.3475446832221114,1.2645937931496536,55.709477056672895,0.0088136804105019
2012-03-02,1.3322675228118896,1.3331555128097534,1.3191741704940796,1.30660254240036,1.3504918695486443,1.3487340324458315,1.2644710523548885,55.79666404373594,0.008259219032464404
2012-03-05,1.318617582321167,1.3238019943237305,1.3162293434143066,1.3068849873542785,1.350174712461629,1.349147961120704,1.264622013587853,47.97550587860297,0.006641805673973211
2012-03-06,1.3225764036178589,1.3227514028549194,1.3114582300186157,1.3072353744506835,1.3499001024232329,1.349726370170063,1.264744378731304,50.15763910957538,0.0056147147908574
2012-03-07,1.3123359680175781,1.3161357641220093,1.3099807500839233,1.3073379611968994,1.3495263299413829,1.3498534343106026,1.2648224880831962,44.91011134404601,0.003929127757159145
2012-03-08,1.3139914274215698,1.32722806930542,1.3136979341506958,1.3077632975578308,1.3491727488215939,1.3501072244990502,1.2654193706166115,45.89556301185103,0.0026957941902534532
2012-03-09,1.327492356300354,1.327316164970398,1.310760259628296,1.308401038646698,1.348957023522761,1.3509575394210454,1.2658445378723506,53.241596534975415,0.0027757830818373463
2012-03-12,1.312508225440979,1.314659833908081,1.308215618133545,1.308731038570404,1.348594348914792,1.351150975449094,1.2663111016917141,45.80777968852564,0.0016115043034774512
2012-03-13,1.3168290853500366,1.318913221359253,1.30532968044281,1.3091856932640076,1.348278276640352,1.3514524303433846,1.2669189561846306,48.059876604607254,0.001025639335359818
2012-03-14,1.30804443359375,1.3089004755020142,1.3015918731689453,1.3092345356941224,1.3478779398934142,1.351490013879931,1.2669790575083137,44.051657681716904,-0.00014582981777366832
2012-03-15,1.3022528886795044,1.3082892894744873,1.3004916906356812,1.3094167447090148,1.34742395928409,1.3514670686692338,1.2673664207487958,41.58901190948106,-0.0015239892349800943
2012-03-16,1.3078734874725342,1.318426251411438,1.3050570487976074,1.309982078075409,1.347030422250941,1.35114733414952,1.268816822001298,44.81339201725819,-0.0021380095101568575
2012-03-19,1.3177140951156616,1.3264797925949097,1.314405918121338,1.310975604057312,1.3467387175031809,1.3503686427723463,1.2715825653422776,50.01584375029513,-0.0018097090076651945
2012-03-20,1.3229262828826904,1.3249402046203613,1.3175230026245117,1.311882209777832,1.3465017778550992,1.35021183780879,1.273552581746874,52.56644658778541,-0.0011160829914464987
2012-03-21,1.323766827583313,1.3285505771636963,1.3182698488235474,1.3128538489341737,1.3462755594443243,1.349825498260183,1.2758821996081644,52.983114232589216,-0.0004928729115509789
2012-03-22,1.3218770027160645,1.325556755065918,1.3141001462936401,1.3138435077667237,1.346032787735468,1.3489991518997686,1.2786878636336787,51.879679051777316,-0.00014974138068346576
2012-03-23,1.3204805850982666,1.328570008277893,1.3192437887191772,1.3146120929718017,1.345778536962837,1.3485914184280758,1.2806327675155276,51.03391988077039,9.405181176758148e-06
2012-03-26,1.328303575515747,1.3336997032165527,1.3199577331542969,1.3158841228485108,1.3456046567493507,1.3468671040991818,1.2849011415978397,55.41866788036499,0.0007580416925054845
2012-03-27,1.3360053300857544,1.3383405208587646,1.3321788311004639,1.3172701358795167,1.3455091410611109,1.3453364152176228,1.2892038565414106,59.284236954071275,0.001950326597934371
2012-03-28,1.3328713178634644,1.3372559547424316,1.3280211687088013,1.3184355664253236,1.3453833915764988,1.3439974138442052,1.2928737190064419,57.11404085333679,0.002612220331202453
2012-03-29,1.3326226472854614,1.334359884262085,1.3257324695587158,1.3193559408187867,1.34525641899643,1.343515130754969,1.2951967508826043,56.93594464382113,0.0030811921806035425
2012-03-30,1.3313806056976318,1.3369001150131226,1.331238865852356,1.3200536394119262,1.3451183512023492,1.3435232477379055,1.2965840310859469,55.99671720193794,0.003314426725913089
2012-04-02,1.3358268737792969,1.3379000425338745,1.3280495405197144,1.3210006332397461,1.3450258986906354,1.3430478149786378,1.2989534515008545,58.6278144266621,0.003814077151392148
2012-04-03,1.3333333730697632,1.3366892337799072,1.3303179740905762,1.3216134214401245,1.3449095551520673,1.343283762417774,1.299943080462475,56.58444262260616,0.003963164155763144
2012-04-04,1.3225239515304565,1.3234516382217407,1.3108307123184204,1.3219818210601806,1.3446868128273757,1.343055273430517,1.3009083686898442,48.665886932679825,0.003172515912111873
2012-04-05,1.314405918121338,1.3166003227233887,1.3037300109863281,1.3220552134513854,1.344385510392358,1.3429939394973966,1.3011164874053742,43.71776955034733,0.0018693157237703595
2012-04-06,1.3065063953399658,1.3113033771514893,1.305483102798462,1.3219997906684875,1.3440086037747583,1.3430906797429703,1.3009089015940047,39.50820341469068,0.00019682583041569224
2012-04-09,1.3079075813293457,1.3085066080093384,1.303797960281372,1.3217420506477355,1.3436493896209185,1.3432047472183481,1.300279354077123,40.60074988042138,-0.0010039970080217842
2012-04-10,1.311131477355957,1.314405918121338,1.3056296110153198,1.3216855430603027,1.343325828304712,1.3432465534694782,1.3001245326511273,43.145124588056476,-0.0016761941698253402
2012-04-11,1.3073604106903076,1.3153568506240845,1.3066771030426025,1.3216787028312682,1.3429679634526772,1.3432580291777492,1.3000993764847872,40.936226009970525,-0.002484568270836318
2012-04-12,1.311991572380066,1.3186992406845093,1.3103927373886108,1.321578483581543,1.3426597406558067,1.3432925747326425,1.2998643924304434,44.681833321342516,-0.0027201582348861386
2012-04-13,1.318913221359253,1.3199577331542969,1.3070870637893677,1.3216824436187744,1.3424234568816145,1.3432923975025897,1.3000724897349591,49.805292589549445,-0.002321583977783259
2012-04-16,1.30565345287323,1.3085237741470337,1.2996903657913208,1.3215412139892577,1.3420575861948147,1.343480171679321,1.2996022562991945,41.81537099674032,-0.003040613211385157
2012-04-17,1.3126804828643799,1.316482424736023,1.3091061115264893,1.3215515470504762,1.3417652767088217,1.3434729571863713,1.299630136914581,46.69570735764417,-0.0030087435437007315
2012-04-18,1.3135426044464111,1.3142330646514893,1.3060098886489868,1.3213253140449523,1.3414844540991333,1.3433408779992548,1.2993097500906499,47.279957239339375,-0.002880713523515821
2012-04-19,1.311991572380066,1.3156994581222534,1.307160496711731,1.3210680603981018,1.3411909925893748,1.3432155221829025,1.298920598613301,46.2967969323613,-0.0028713055127258524
2012-04-20,1.314578652381897,1.322469711303711,1.3131976127624512,1.320802733898163,1.3409261931842216,1.3429366752977718,1.298668792498554,48.23052236833319,-0.0026248363814740383
2012-04-23,1.3204805850982666,1.3210039138793945,1.3107877969741821,1.3207387590408326,1.3407227542977154,1.3428572498376938,1.2986202682439714,52.43801772867887,-0.0019310116729882587
2012-04-24,1.3152011632919312,1.3214927911758423,1.314699649810791,1.3207269930839538,1.340468808118456,1.3428568529106755,1.2985971332572321,48.630553216453585,-0.0017865614423668852
2012-04-25,1.3197835683822632,1.3236197233200073,1.3183046579360962,1.3208552622795104,1.3402629848374206,1.3428851949352258,1.298825329623795,51.89543661423133,-0.001287480525786533
2012-04-26,1.323276400566101,1.3259503841400146,1.3202539682388306,1.3212046527862549,1.340093964098339,1.342810489013015,1.2995988165594947,54.280673598573436,-0.000603160083307408
2012-04-27,1.319087266921997,1.3268758058547974,1.3159972429275513,1.3213327884674073,1.3398849422358097,1.3428078805621608,1.2998576963726538,51.01357531948111,-0.0003943138725379658
2012-04-30,1.3241524696350098,1.3264693021774292,1.3210039138793945,1.3213615107536316,1.3397284002198235,1.3428479943208094,1.2998750271864539,54.57382486678484,0.00017786743633974034
2012-05-01,1.3239772319793701,1.3280917406082153,1.3205991983413696,1.3214314436912538,1.3395716721775728,1.3429289829785231,1.2999339044039844,54.42644777778523,0.0006101515840266636
2012-05-02,1.3239772319793701,1.3241699934005737,1.3130252361297607,1.3214244318008423,1.3394165036183308,1.342918343497038,1.2999305201046467,54.42644777778523,0.000941882450915088
2012-05-03,1.3147515058517456,1.3180196285247803,1.3099498748779297,1.3212079763412476,1.3391710807548938,1.3427492419173408,1.2996667107651545,46.72248760308281,0.00045509648800101665
2012-05-04,1.3156163692474365,1.3175925016403198,1.3086093664169312,1.32077303647995,1.3389367055159305,1.3418562166256998,1.2996898563342,47.47310292789424,0.00013751714135135096
2012-05-07,1.297033667564392,1.3058239221572876,1.29629385471344,1.3197794961929321,1.338519759864525,1.3405534418306488,1.2990055505552154,35.80169804011176,-0.0015952464940314215
2012-05-08,1.306165099143982,1.306165099143982,1.298380970954895,1.3190895509719849,1.3381978229418208,1.3393168866696725,1.2988622152742972,43.19256514280661,-0.0022062121052153216
2012-05-09,1.299545168876648,1.3003901243209839,1.2913223505020142,1.3181244587898255,1.3378132194186518,1.337340020469919,1.298908897109732,39.63050921989447,-0.0031878324531928737
2012-05-10,1.2936609983444214,1.2978501319885254,1.292574167251587,1.317355878353119,1.3373738938356738,1.3373498598526452,1.2973618968535927,36.73089781124627,-0.004389972170524503
2012-05-11,1.2934937477111816,1.2954694032669067,1.2909055948257446,1.3165804028511048,1.3369372754661286,1.3372113235801866,1.295949482122023,36.64881781637316,-0.005295133285381448
2012-05-14,1.289989709854126,1.2904890775680542,1.2828242778778076,1.3160078454017639,1.3364701355096344,1.3379550011494559,1.2940606896540718,34.88972395810093,-0.006223486087209684
2012-05-15,1.283202886581421,1.2869797945022583,1.275650143623352,1.3152203750610352,1.335940113132064,1.338957997048091,1.2914827530739794,31.71453334583964,-0.007421304115100336
2012-05-16,1.273560881614685,1.275830864906311,1.268295168876648,1.3144448733329772,1.3353194242610413,1.3409404463005925,1.287949300365362,27.838373959256714,-0.009044355056063713
2012-05-17,1.2730745077133179,1.275022268295288,1.2669453620910645,1.3136265349388123,1.334700071857381,1.342591688022529,1.2846613818550956,27.65476206003079,-0.010251705648026466
2012-05-18,1.269841194152832,1.2739827632904053,1.26455819606781,1.312473511695862,1.3340547098899644,1.3436882754411694,1.2812587479505544,26.40780497660181,-0.011338735191876337
2012-05-21,1.2773023843765259,1.2812299728393555,1.2730745077133179,1.3117693948745728,1.3334900101334324,1.3445309278730058,1.2790078618761398,33.82316966562749,-0.011465985498223086
2012-05-22,1.281065821647644,1.2813942432403564,1.274047613143921,1.311054129600525,1.332968376416992,1.3449081677518104,1.2772000914492394,37.257363277415074,-0.01113479931207273
2012-05-23,1.2664639949798584,1.268391728401184,1.2570078372955322,1.310222520828247,1.332306641278108,1.3463451215239397,1.2740999201325542,30.61829659997504,-0.011913248737310145
2012-05-24,1.2561235427856445,1.2609800100326538,1.2519201040267944,1.30929993391037,1.3315486004968546,1.3484802538350114,1.2701196139857285,26.95515450717849,-0.0132122608695866
2012-05-25,1.2536041736602783,1.25979483127594,1.2506800889968872,1.3082145476341247,1.330773034060433,1.3504442632498617,1.2659848320183877,26.13474998728664,-0.014280413657073554
2012-05-28,1.2569130659103394,1.2618694305419922,1.2526618242263794,1.3069985270500184,1.330038109003991,1.3515495197220087,1.2624475343780281,29.183327494536215,-0.014690588525817061
2012-05-29,1.2525050640106201,1.2573871612548828,1.2475003004074097,1.305590102672577,1.329266635919249,1.352477157811882,1.258703047533272,27.55195434421573,-0.015196171967393424
2012-05-30,1.2478163242340088,1.2485953569412231,1.2391574382781982,1.3040710926055907,1.3284561850564693,1.3534115564634661,1.2547306287477153,25.89384170148908,-0.015793139124968825
2012-05-31,1.2374706268310547,1.242919921875,1.234229564666748,1.3023829650878906,1.3275508561186375,1.354909716063512,1.2498562141122693,22.6541889370542,-0.016906167441538944
2012-06-01,1.2362467050552368,1.2446696758270264,1.2297006845474243,1.30069828748703,1.3266423571028176,1.3561762138338083,1.245220361140252,22.298753169602733,-0.017683170082603228
2012-06-04,1.2402331829071045,1.2507003545761108,1.2388503551483154,1.2989368796348573,1.3257825643245038,1.3563945146987608,1.2414792445709537,26.35191944308147,-0.017772405598586172
2012-06-05,1.2509382963180542,1.2540128231048584,1.2412338256835938,1.2972355389595032,1.3250378452396505,1.355248182802547,1.2392228951164592,36.00564018706435,-0.01678581576666116
2012-06-06,1.2462612390518188,1.2528095245361328,1.2444993257522583,1.2955033373832703,1.3242539984116901,1.3543392650835262,1.2366674096830144,33.91403885043589,-0.01619465376269713
2012-06-07,1.2573871612548828,1.262148141860962,1.2545477151870728,1.2939986276626587,1.3235886567482529,1.352808043405485,1.2351892119198324,42.474836811879314,-0.01465940023612533
2012-06-08,1.2570710182189941,1.257228970527649,1.244400143623352,1.292512435913086,1.322926789698028,1.3512216836404578,1.233803188185714,42.3071299296813,-0.01331472697188918
2012-06-11,1.2645422220230103,1.26479971408844,1.248769998550415,1.2910867428779602,1.3223458487259783,1.3489589211519175,1.233214564604003,47.57515649461804,-0.011513479786518843
2012-06-12,1.2478163242340088,1.252770185470581,1.2450354099273682,1.289376401901245,1.3216042614174,1.347207156749102,1.231545647053388,38.99138720115242,-0.01130529814255632
2012-06-13,1.2504688501358032,1.2606000900268555,1.2476606369018555,1.287935299873352,1.3208964463795825,1.3459852799658534,1.2298853197808506,40.81512917419399,-0.010801760051644127
2012-06-14,1.2573871612548828,1.261670470237732,1.2543588876724243,1.2867949247360229,1.3202645131940944,1.3449625394594382,1.2286273100126075,45.399638881988125,-0.009732265104231974
2012-06-15,1.262785792350769,1.2648621797561646,1.2594902515411377,1.285920512676239,1.319692585623364,1.344193054061614,1.227647971290864,48.73664833476513,-0.008352772677907128
2012-06-18,1.27048659324646,1.2724264860153198,1.2563492059707642,1.2851720929145813,1.3192029737587898,1.3432529368520794,1.2270912489770833,53.13645863639283,-0.006562476572407494
2012-06-19,1.2597631216049194,1.2700024843215942,1.257228970527649,1.2841447257995606,1.3186115324436736,1.3421685852980747,1.2261208663010466,47.07717175721643,-0.005940470505914952
2012-06-20,1.2680699825286865,1.2724264860153198,1.2663357257843018,1.2833589172363282,1.3181086314493664,1.3411632782838612,1.2255545561887953,51.67436435134455,-0.004722790573793656
2012-06-21,1.2680699825286865,1.270099401473999,1.2570710182189941,1.2824804854393006,1.3176107344450547,1.3398420713730328,1.2251188995055684,51.67436435134455,-0.003714946859752155
2012-06-22,1.255177617073059,1.258130669593811,1.2526932954788208,1.2812057733535767,1.316989509396422,1.3380935355356567,1.2243180111714966,44.68724350469049,-0.0039114409451002086
2012-06-25,1.2537612915039062,1.2545477151870728,1.2475050687789917,1.2801679301261901,1.3163603728998234,1.3371285816548026,1.2232072785975776,43.983637677208854,-0.004133797713267162
2012-06-26,1.2504688501358032,1.2526618242263794,1.2450973987579346,1.2789236974716187,1.3157047358572347,1.3357031723117228,1.2221442226315147,42.31567336195804,-0.0045235449460299115
2012-06-27,1.248751163482666,1.250781774520874,1.2448649406433105,1.2776278686523437,1.3150385311568287,1.334139263074222,1.2211164742304654,41.4328954285854,-0.004914375531538395
2012-06-28,1.2473493814468384,1.2523481845855713,1.2408487796783447,1.276335024833679,1.3143650072789557,1.3325947630133346,1.2200752866540236,40.68691706965017,-0.005276400619549371
2012-06-29,1.2440905570983887,1.2691595554351807,1.2436264753341675,1.274925262928009,1.3136657590182863,1.3308048319996404,1.2190456938563776,38.93201466592029,-0.005759871783314274
2012-07-02,1.2655184268951416,1.2666244506835938,1.257228970527649,1.2738260197639466,1.3131866810866,1.328189671219532,1.2194623683083612,53.21975142192287,-0.004363674428878195
2012-07-03,1.2581782341003418,1.2624667882919312,1.2564393281936646,1.2726855611801147,1.312639333355266,1.325886488937906,1.2194846334223233,48.99129446849695,-0.003805601574373929
2012-07-04,1.2605571746826172,1.2607160806655884,1.2510900497436523,1.2715010333061219,1.3121211029205926,1.3230329686491729,1.2199690979630708,50.36766261043216,-0.0031352232906420863
2012-07-05,1.2516272068023682,1.2537612915039062,1.236567735671997,1.2700680494308472,1.3115191736058458,1.3196721782897005,1.2204639205719938,45.41395242170465,-0.003286631209326263
2012-07-06,1.2391574382781982,1.2401301860809326,1.2283955812454224,1.2684694528579712,1.3107991563387413,1.316760056368981,1.2201788493469614,39.562593600413514,-0.0043625405297751385
2012-07-09,1.227144479751587,1.2315407991409302,1.227144479751587,1.2665292930603027,1.309966771496892,1.3134645313683717,1.2195940547522337,34.897711728941275,-0.006114072551853589
2012-07-10,1.2318304777145386,1.2332006692886353,1.2236906290054321,1.264686357975006,1.3091892959366964,1.3096077404596844,1.2197649754903277,37.97021917137675,-0.0070428676313449845
2012-07-11,1.2256402969360352,1.2295993566513062,1.2233299016952515,1.2627196192741394,1.3083579626131245,1.305610495512146,1.219828743036133,35.58128471274432,-0.00818409907901696
2012-07-12,1.2247247695922852,1.2247397899627686,1.2173298597335815,1.2609190845489502,1.3075257915381095,1.3024309506728888,1.2194072184250115,35.228260091503174,-0.009057993715537505
2012-07-13,1.2192742824554443,1.225144863128662,1.2163097858428955,1.2589922428131104,1.3066476670694365,1.299060032044989,1.2189244535812318,33.12137700102437,-0.010074240695630232
2012-07-16,1.2248897552490234,1.227400541305542,1.217730164527893,1.257549364566803,1.305834155508861,1.2972196634548938,1.2178790656787122,37.283067185653714,-0.010307681489142295
2012-07-17,1.2268433570861816,1.2312238216400146,1.2192147970199585,1.255962929725647,1.3050481774149374,1.294008825738143,1.2179170337131509,38.71193722072507,-0.010217267360421056
2012-07-18,1.2295585870742798,1.2306177616119385,1.2219994068145752,1.2545631980895997,1.3042970372123859,1.2911876800324262,1.2179387161467732,40.7329833860932,-0.009813394441598344
2012-07-19,1.2277470827102661,1.2321598529815674,1.223199725151062,1.2532449197769164,1.3035353461226553,1.2888563642503075,1.2176334753035254,39.79023819632055,-0.00952964370584275
2012-07-20,1.2276867628097534,1.2278977632522583,1.2148010730743408,1.2519287800788879,1.3027806338507308,1.286311717857927,1.2175458422998486,39.75724151484546,-0.009203543791478586
2012-07-23,1.2127091884613037,1.2134449481964111,1.207292079925537,1.2503831696510315,1.3018844005630923,1.2847305902391457,1.2160357490629172,32.54128408224831,-0.010037960971365889
2012-07-24,1.212415099143982,1.2137985229492188,1.2059904336929321,1.2489674139022826,1.3009941587577485,1.2836273976270658,1.2143074301774994,32.41686951309721,-0.01060077402398285
2012-07-25,1.2061853408813477,1.2167004346847534,1.205545425415039,1.247619903087616,1.300050787435408,1.283591297763241,1.211648508411991,29.81630845340382,-0.011417878652836277
2012-07-26,1.2140341997146606,1.2323496341705322,1.2121212482452393,1.2464390969276429,1.2991949009902573,1.2828731329801528,1.210005060875133,36.70569602854158,-0.011301822273892093
2012-07-27,1.2280486822128296,1.237700343132019,1.2245897054672241,1.2456032466888427,1.2984869784152195,1.2817624688003468,1.2094440245773386,46.75582709859964,-0.009964134800233948
2012-07-30,1.230466365814209,1.2306177616119385,1.223199725151062,1.2446665263175964,1.2978101563991586,1.2798884606248395,1.2094445920103534,48.2814954544085,-0.00860967401591628
2012-07-31,1.2259409427642822,1.2324893474578857,1.2253400087356567,1.2435640287399292,1.2970950398454415,1.2775653801820508,1.2095626772978076,45.64500779875511,-0.007811373257075482
2012-08-01,1.2294074296951294,1.233500361442566,1.2281843423843384,1.2428228974342346,1.2964215312866048,1.2763996907268957,1.2092461041415734,47.98796286084234,-0.006820376573960951
2012-08-02,1.2241400480270386,1.2378382682800293,1.2137999534606934,1.2421832275390625,1.295702312547569,1.2759439046435017,1.2084225504346233,44.82608400788878,-0.006386419572691038
2012-08-03,1.218026876449585,1.2391574382781982,1.2169891595840454,1.2414716815948486,1.2949294226360033,1.2757456344088822,1.2071977287808149,41.41547424168204,-0.006461305471632928
2012-08-06,1.2428536415100098,1.2428536415100098,1.2344155311584473,1.241190493106842,1.2944112556595304,1.2751768555262872,1.2072041306873968,56.04291499848184,-0.0044658609663073
2012-08-07,1.2390038967132568,1.2440905570983887,1.2377402782440186,1.2409204697608949,1.2938599386549898,1.2747541062451007,1.207086833276689,53.79974525709259,-0.0031586876656783947
2012-08-08,1.2386969327926636,1.240079402923584,1.2331064939498901,1.240738081932068,1.2933110530244203,1.2745182672532815,1.2069578966108543,53.615468059492486,-0.002123039749555744
2012-08-09,1.237332820892334,1.2386969327926636,1.2269939184188843,1.2407353258132934,1.2927540556896737,1.274516621730017,1.2069540298965697,52.75076403156328,-0.0013962585452176324
2012-08-10,1.2294074296951294,1.2315999269485474,1.2247397899627686,1.2405985403060913,1.29212374100305,1.2745091592372655,1.206687921374917,47.915615240522115,-0.0014431562322485547
2012-08-13,1.2277169227600098,1.2371643781661987,1.2263919115066528,1.2403482151031495,1.2914828771398235,1.274454068193295,1.206242362013004,46.927540462214374,-0.001598308463552911
2012-08-14,1.2327415943145752,1.2385435104370117,1.2318001985549927,1.23998428106308,1.290898386763352,1.2740171599367154,1.2059514021894444,50.21376642386877,-0.0013008236379878912
2012-08-15,1.2325897216796875,1.2344155311584473,1.2267695665359497,1.2397108507156371,1.290318201041027,1.2737575682515367,1.2056641331797375,50.112763698008344,-0.0010650424761489141
2012-08-16,1.2289540767669678,1.2371001243591309,1.2258793115615845,1.239142189025879,1.2897076127396894,1.27293269592728,1.2053516821244779,47.64223967283078,-0.0011581993654532496
2012-08-17,1.2357884645462036,1.2383394241333008,1.22933030128479,1.2387165379524232,1.289171103802351,1.272119184161711,1.2053138917431354,52.39350989199538,-0.0006727933520009888
2012-08-20,1.233258605003357,1.2368431091308594,1.2297006845474243,1.23809086561203,1.288614760530627,1.2706811173902133,1.2055006138338467,50.56433819064971,-0.00048663449186525654
2012-08-21,1.2353304624557495,1.248751163482666,1.2347966432571411,1.2378411483764649,1.2880845685098945,1.270318383863289,1.2053639128896407,52.04104684708976,-0.00016996146288583702
2012-08-22,1.2476606369018555,1.2483599185943604,1.2434996366500854,1.2377849841117858,1.2876823403346247,1.2701827018275256,1.205387266396046,59.74730365748066,0.0010636847288858498
2012-08-23,1.2534469366073608,1.2589004039764404,1.2527559995651245,1.2377061796188356,1.287341689551214,1.2699279738484879,1.2054843853891832,62.77057095097316,0.002479680043916632
2012-08-24,1.2561235427856445,1.256754994392395,1.2489196062088013,1.237572934627533,1.287031061225139,1.269424393269979,1.2057214759850872,64.11328492947192,0.003774338062292104
2012-08-27,1.250437617301941,1.253619909286499,1.2491568326950073,1.2371719551086426,1.286666947355199,1.267814017401539,1.2065298928157462,59.22658993114227,0.004292080766737483
2012-08-28,1.250156283378601,1.257228970527649,1.2468360662460327,1.2369798183441163,1.2863036571663204,1.2671607042053619,1.2067989324828707,58.9870216619397,0.004626364444236142
2012-08-29,1.257228970527649,1.257228970527649,1.2522101402282715,1.2367629981040955,1.286014356801712,1.266178295011131,1.20734770119706,63.03510187484851,0.005399748471895727
2012-08-30,1.2531328201293945,1.2563997507095337,1.2495313882827759,1.2364642548561096,1.2856871773322855,1.264867779574935,1.208060730137284,59.37964608987526,0.0056173820974447786
2012-08-31,1.2510946989059448,1.2629005908966064,1.2496875524520874,1.2363825964927673,1.2853429735667974,1.2645893249052576,1.208175868080277,57.590088725355805,0.0055612918535119515
2012-09-03,1.257703423500061,1.260299801826477,1.2561235427856445,1.2364614391326905,1.285067953168082,1.2648876228524577,1.2080352554129232,61.62831975953018,0.0059811616658755895
2012-09-04,1.2586532831192017,1.26262629032135,1.2559658288955688,1.2366251277923583,1.284805120630243,1.2654716855515673,1.2077785700331494,62.18564277141171,0.006317730386879994
2012-09-05,1.2534469366073608,1.262148141860962,1.2504688501358032,1.2367190432548523,1.284493098898626,1.2657566813395578,1.2076814051701468,57.27519534626265,0.0060941058125125736
2012-09-06,1.2602394819259644,1.264222502708435,1.2564393281936646,1.2369768452644347,1.284251769376475,1.2666222228705235,1.207331467658346,61.54199143366394,0.006391308341628932
2012-09-07,1.2632642984390259,1.2801966667175293,1.262785792350769,1.2373603200912475,1.2840429388198533,1.2678648740710448,1.2068557661114503,63.29968347518755,0.0067926198074586
2012-09-10,1.2795906066894531,1.2804096937179565,1.2773023843765259,1.2376417636871337,1.2839986370076044,1.2694389825591745,1.205844544815093,71.00306951218072,0.008332012413969414
2012-09-11,1.2761613130569458,1.2870012521743774,1.2760310173034668,1.2380014252662659,1.2839206536847014,1.271125883905819,1.2048769666267127,67.78463640196058,0.009169575648796613
2012-09-12,1.2851818799972534,1.2936609983444214,1.2846039533615112,1.2384939193725586,1.2839332032002508,1.2736567133882835,1.2033311253568337,71.45052552889675,0.010440878957374888
2012-09-13,1.2903226613998413,1.2931592464447021,1.2887096405029297,1.239267828464508,1.283996779898763,1.2772043587179294,1.2013312982110866,73.3142258552101,0.011728020761653912
2012-09-14,1.299376368522644,1.3168100118637085,1.2985326051712036,1.240472207069397,1.2841498106313598,1.2820438389046136,1.1989005752341804,76.25421954829923,0.013325045583786777
2012-09-17,1.3116475343704224,1.3166210651397705,1.3087891340255737,1.2421622681617737,1.2844234198228304,1.2881577786798946,1.1961667576436528,79.54376808731371,0.01540331990711774
2012-09-18,1.3110111951828003,1.3114066123962402,1.3043080568313599,1.243745882511139,1.284687974801572,1.2935815125309718,1.1939102524913061,78.93311212199093,0.016805299001231955
2012-09-19,1.3046314716339111,1.3085579872131348,1.2997140884399414,1.2453257060050964,1.284886417556149,1.2977590871459108,1.192892324864282,72.89134114178306,0.01720327847561265
2012-09-20,1.3058239221572876,1.3059945106506348,1.2923102378845215,1.2469476890563964,1.2850947509352924,1.3017441752273233,1.1921512028854695,73.302676412056,0.017414161256828598
2012-09-21,1.2973533868789673,1.3044953346252441,1.2961763143539429,1.2485092711448669,1.2852167274123598,1.3045234912734143,1.1924950510163195,65.67891875354192,0.0167052186129939
2012-09-24,1.2968486547470093,1.2980270385742188,1.2894906997680664,1.2499484491348267,1.2853324679828688,1.3071703696562826,1.1927265286133708,65.24348590456242,0.015919142826095634
2012-09-25,1.2941633462905884,1.2970504760742188,1.2888091802597046,1.2512948489189148,1.2854203374187776,1.3094580517740448,1.1931316460637849,62.8558992222286,0.014907644109624973
2012-09-26,1.2900062799453735,1.2913223505020142,1.284092664718628,1.2525038027763367,1.2854659686877046,1.3113319987646377,1.1936756067880356,59.24158332752495,0.013613653849984031
2012-09-27,1.2881617546081543,1.2901561260223389,1.2836641073226929,1.2537120962142945,1.2854927924282098,1.3129451982176163,1.1944789942109726,57.65735728079124,0.012297560840743849
2012-09-28,1.2913223505020142,1.2958402633666992,1.2842097282409668,1.2549848079681396,1.2855507979811902,1.3146683872617035,1.1953012286745757,59.648573470127516,0.011378418003490598
2012-10-01,1.2809016704559326,1.2934937477111816,1.2806720733642578,1.2563486576080323,1.2855045380058088,1.3151999329891662,1.1974973822268984,51.113826964959806,0.009697343947795645
2012-10-02,1.2888258695602417,1.2959192991256714,1.2884937524795532,1.2578768730163574,1.2855375860809812,1.3160359645663269,1.199717781466388,56.24125341373464,0.008901881935867717
2012-10-03,1.2916558980941772,1.2938284873962402,1.2881617546081543,1.259586284160614,1.285598464807488,1.316556224576219,1.202616343745009,57.93802423072576,0.008402968026826718
2012-10-04,1.2923235893249512,1.300980567932129,1.2913223505020142,1.2611520719528198,1.2856653814693613,1.3173096033253693,1.2049945405802702,58.34837925869118,0.00796958385978419
2012-10-05,1.3017443418502808,1.3071895837783813,1.2997140884399414,1.2626259851455688,1.2858253711249117,1.3191047794315187,1.2061471908596189,63.725676227461314,0.008290729413440445
2012-10-08,1.301574945449829,1.301574945449829,1.2940493822097778,1.2640481567382813,1.2859820833072675,1.3208020945070669,1.2072942189694957,63.5667610178983,0.008434344827654483
2012-10-09,1.2976900339126587,1.2993003129959106,1.2868356704711914,1.2654831385612488,1.28609858032823,1.3219317955952679,1.2090344815272298,59.87880465262803,0.008140838664000505
2012-10-10,1.2858428955078125,1.291205644607544,1.2839772701263428,1.2666118478775024,1.2860960362006633,1.3223688915348704,1.2108548042201344,50.2957495132667,0.006873039732386399
2012-10-11,1.2858428955078125,1.2951691150665283,1.2830382585525513,1.267845904827118,1.2860935173877988,1.3224862663544017,1.2132055432998343,50.2957495132667,0.005801424732034821
2012-10-12,1.293326497077942,1.2990386486053467,1.2924906015396118,1.2693518972396851,1.2861654873349726,1.3225186705882,1.2161851238911703,55.51180510791591,0.005492709689125519
2012-10-15,1.2943308353424072,1.2980270385742188,1.289823293685913,1.270381441116333,1.2862467345788366,1.3234473898193162,1.2173154924133498,56.176481058253536,0.005268362098949986
2012-10-16,1.2968486547470093,1.3061991930007935,1.2953367233276367,1.271538336277008,1.2863522263218152,1.3243336518181787,1.2187430207358374,57.87561646272078,0.00523340457084398
2012-10-17,1.3107877969741821,1.3137807846069336,1.3087291717529297,1.2729801535606384,1.286595366328333,1.3260515348189164,1.2199087723023605,65.78486401164167,0.006258330621693897
2012-10-18,1.3116475343704224,1.3128994703292847,1.3082600831985474,1.2744664478302001,1.2868446416322612,1.3276254173236295,1.2213074783367708,66.20631934857076,0.0070585983954594145
2012-10-19,1.3069161176681519,1.3079007863998413,1.301608681678772,1.2760166215896607,1.2870443578117443,1.3283261364565473,1.223707106722774,61.70187028840381,0.007227713998137819
2012-10-22,1.3022528886795044,1.30804443359375,1.3022528886795044,1.2775073409080506,1.287195686477111,1.3284285397999236,1.2265861420161777,57.54621758331833,0.006905849391476426
2012-10-23,1.3070186376571655,1.3071895837783813,1.295350193977356,1.2789928817749023,1.2873929297724556,1.3289074758270727,1.229078287722732,60.47597201608705,0.006955150835854518
2012-10-24,1.2973533868789673,1.299899935722351,1.292370319366455,1.280288155078888,1.2874920387984012,1.328624084421919,1.231952225735857,52.55472993672156,0.0061434991893332125
2012-10-25,1.2965123653411865,1.3022003173828125,1.2944146394729614,1.2816393208503722,1.2875817932913736,1.3278484199253795,1.235430221775365,51.91749028282956,0.00537048835569065
2012-10-26,1.2938284873962402,1.2956725358963013,1.2891747951507568,1.282800121307373,1.2876439494516272,1.327188106563016,1.23841213605173,49.840595322432904,0.004489552415140929
2012-10-29,1.2924071550369263,1.2936946153640747,1.2889920473098755,1.2839830923080444,1.2876913445320828,1.3260753664252494,1.2418908181908395,48.7288518543481,0.0036348148100908695
2012-10-30,1.2908222675323486,1.2983640432357788,1.2887760400772095,1.2850929284095765,1.287722497994775,1.3248084098787034,1.2453774469404495,47.45764840984348,0.002797296431864993
2012-10-31,1.2962603569030762,1.3019137382507324,1.294732928276062,1.2860649228096008,1.2878074518147664,1.3243958767240855,1.2477339688951161,52.07723713894097,0.002543050741382835
2012-11-01,1.2965123653411865,1.29830002784729,1.2928247451782227,1.2869262313842773,1.2878940678697641,1.3241860288920817,1.249666433876473,52.28659421777312,0.002334978001835797
2012-11-02,1.2948336601257324,1.295400619506836,1.283779501914978,1.2877004337310791,1.2879631185389844,1.323942629898439,1.2514582375637193,50.69775989759319,0.0020114348069200094
2012-11-05,1.2827913761138916,1.284300446510315,1.2769924402236938,1.2883475089073182,1.2879116584153465,1.3229943942536009,1.2537006235610355,41.05909754298595,0.0007743861739823998
2012-11-06,1.2802459001541138,1.2819000482559204,1.2768000364303589,1.2889493012428284,1.2878353822137352,1.3218919728972214,1.2560066295884353,39.35583368566187,-0.00040669429789086387
2012-11-07,1.2808033227920532,1.2876193523406982,1.2738691568374634,1.2894207882881163,1.2877654114732144,1.3211633790999457,1.257678197476287,39.94336874233497,-0.0012829407899457301
2012-11-08,1.2759984731674194,1.2775993347167969,1.2724006175994873,1.289878101348877,1.287648327509962,1.3201097080336002,1.2596464946641537,36.64750639091405,-0.002338131136512933
2012-11-09,1.274534821510315,1.2789359092712402,1.2693400382995605,1.2903469038009643,1.2875178448631874,1.3187983133894619,1.2618954942124667,35.68165138823879,-0.0032549603876776967
2012-11-12,1.272394061088562,1.274047613143921,1.270147681236267,1.2906407165527343,1.287367359452481,1.31799859364308,1.2632828394623885,34.25944429573666,-0.004106953249013223
2012-11-13,1.2709709405899048,1.2721998691558838,1.2666566371917725,1.2908870697021484,1.2872042110060724,1.3172738696201969,1.2645002697841,33.30897635810341,-0.004841191419479252
2012-11-14,1.2709709405899048,1.2757998704910278,1.2706480026245117,1.2912375497817994,1.28704268592729,1.3160107597026054,1.2664643398609934,33.30897635810341,-0.0053612789727564
2012-11-15,1.273236632347107,1.2802459001541138,1.2720056772232056,1.291497492790222,1.2869053122598135,1.3151923995694303,1.2678025860110138,36.55878056368064,-0.0055269188361708466
2012-11-16,1.2784454822540283,1.2784454822540283,1.2693737745285034,1.2918011164665222,1.2868211348468135,1.3143822676962758,1.2692199652367686,43.38874297165607,-0.0051781880375969536
2012-11-19,1.2759497165679932,1.281850814819336,1.2747459411621094,1.291728298664093,1.286712961530597,1.3144929024023475,1.2689636949258385,41.10529455588504,-0.005045047631473842
2012-11-20,1.276943564414978,1.2823965549468994,1.2766826152801514,1.2917439436912537,1.2866157535990899,1.314465915587101,1.2690219717954063,42.40516026262671,-0.004803960617441483
2012-11-21,1.281443476676941,1.2829904556274414,1.2742505073547363,1.2916691756248475,1.286564288157074,1.3145036063253348,1.2688347449243602,48.001241788185666,-0.0042013614303655356
2012-11-22,1.2865046262741089,1.2898998260498047,1.2837135791778564,1.2915928149223328,1.286563694506497,1.3144711184004154,1.2687145114442502,53.47647794434014,-0.0032776223680064387
2012-11-23,1.2875149250030518,1.2968504428863525,1.2869184017181396,1.291355586051941,1.286573159486563,1.3141502990723766,1.2685608730315054,54.506263525598214,-0.002435949729740816
2012-11-26,1.2965964078903198,1.2980270385742188,1.2946659326553345,1.291054563522339,1.286672893301534,1.3131420691869733,1.2689670578577046,62.53415357081638,-0.0010243107118335093
2012-11-27,1.298701286315918,1.3005592823028564,1.2921065092086792,1.2908083653450013,1.2867925788041743,1.3122529953270463,1.2693637353629563,64.1147490197113,0.0002612578599290316
2012-11-28,1.2938284873962402,1.2939958572387695,1.288259744644165,1.2905923056602477,1.2868625878448972,1.3116832509655632,1.2695013603549323,58.01309763543332,0.0008767791022195048
2012-11-29,1.2953367233276367,1.301100730895996,1.2939958572387695,1.2903825616836548,1.286946907600951,1.311059770690899,1.2697053526764106,59.3040669816535,0.0014693484221628417
2012-11-30,1.2973533868789673,1.3028602600097656,1.2970168590545654,1.2903825616836548,1.287050454658452,1.311059770690899,1.2697053526764106,61.029457457531485,0.00207774086869561
2012-12-03,1.299680233001709,1.3075997829437256,1.299511432647705,1.2904391932487487,1.287176124094713,1.3112040111922147,1.2696743753052826,62.97972812361387,0.0027163410133066446
2012-12-05,1.3099292516708374,1.312508225440979,1.3063528537750244,1.2907545113563537,1.287402523374095,1.3122172425531697,1.2692917801595376,70.08190755410509,0.004003298843649805
2012-12-06,1.3070186376571655,1.3084791898727417,1.2979427576065063,1.2910947585105896,1.287597708590857,1.3130429753420956,1.2691465416790837,66.19787298398266,0.0047337917655498885
2012-12-07,1.2963443994522095,1.2974039316177368,1.28823983669281,1.2912584114074708,1.2876847403407279,1.3132393657332013,1.2692774570817402,54.310229588346566,0.004400662753360818
2012-12-10,1.2906056642532349,1.2942638397216797,1.2888258695602417,1.2912440776824952,1.2877138042602576,1.313225796511803,1.2692623588531873,49.19530356433774,0.0036317233945664107
2012-12-11,1.2938284873962402,1.3007994890213013,1.2929919958114624,1.2915026140213013,1.2877746468785307,1.3132910630812515,1.269714164961351,51.93314562579047,0.0032449821716531435
2012-12-12,1.3013207912445068,1.305200219154358,1.2996971607208252,1.2917525124549867,1.2879094343846698,1.3137016772089054,1.269803347701068,57.64726817486878,0.0035026765954813133
2012-12-13,1.3066771030426025,1.3100991249084473,1.3045207262039185,1.292052936553955,1.288096177356404,1.3144042188474374,1.2697016542604727,61.198563611263,0.00409194152573078
2012-12-14,1.3078734874725342,1.3120002746582031,1.3068478107452393,1.2923639345169067,1.2882929665118026,1.315158909596539,1.2695689594372743,61.96569619887929,0.004602422590556099
2012-12-17,1.3165863752365112,1.3179693222045898,1.3147515058517456,1.2926607751846313,1.288574492966795,1.3163243392931014,1.2689972110761611,67.07156620866854,0.005644968060231514
2012-12-18,1.316482424736023,1.3213896751403809,1.3157376050949097,1.2929589247703552,1.2888521838301903,1.3174423655039866,1.2684754840367238,66.9560791168762,0.0063891547209329325
2012-12-19,1.323101282119751,1.3306896686553955,1.3225239515304565,1.2934671497344972,1.2891929708778715,1.3193655222963678,1.2675687771726265,70.44554584800238,0.007427396087182236
2012-12-20,1.3215277194976807,1.3294336795806885,1.3206027746200562,1.2941808462142945,1.289514709670131,1.3211656310901263,1.2671960613384627,68.59107176525387,0.00803066400157526
2012-12-21,1.323766827583313,1.3238019943237305,1.3169001340866089,1.2949393248558045,1.289855526763818,1.3230749039151986,1.2668037457964105,69.80899660286985,0.008590410573795948
2012-12-24,1.3182003498077393,1.3234516382217407,1.3172106742858887,1.2954368019104003,1.2901375648040754,1.3243255149209496,1.266548088899851,63.243420698001245,0.008487012532056415
2012-12-25,1.3180439472198486,1.3203063011169434,1.317401647567749,1.2959110641479492,1.2904152402510174,1.3254958726202757,1.2663262556756227,63.06395115921193,0.008296808019043533
2012-12-26,1.3180439472198486,1.3252054452896118,1.3175230026245117,1.296334969997406,1.2906901527581884,1.3265747553325957,1.2660951846622164,63.063951159211925,0.00805323687045445
2012-12-27,1.3225764036178589,1.3285505771636963,1.3214927911758423,1.2965707421302795,1.2910074288861662,1.3274475820944298,1.265693902166129,66.27999589004156,0.00813219346817684
2012-12-28,1.3250298500061035,1.3257324695587158,1.3166383504867554,1.2968383884429933,1.2913459604396205,1.3284713926426295,1.265205384243357,67.90885841706185,0.00829709600199946
2012-12-31,1.3227688074111938,1.3234516382217407,1.3176966905593872,1.297155442237854,1.2916586255836364,1.3295102671830161,1.2648006172926918,64.80213232513299,0.008151371273041441
2013-01-01,1.3201320171356201,1.3224014043807983,1.319591999053955,1.2975130248069764,1.2919419429125303,1.3304870663105386,1.2645389833034142,61.2812180462784,0.007733964112723424
2013-01-02,1.3197835683822632,1.3298048973083496,1.3194352388381958,1.2977683234214783,1.2922189740117491,1.331236715304416,1.2642999315385406,60.81100320419952,0.007291002885850606
2013-01-03,1.3182177543640137,1.318913221359253,1.3089004755020142,1.298185610771179,1.2924776683436288,1.3321494967456866,1.2642217247966716,58.63378082931584,0.006735956898829443
2013-01-04,1.3032711744308472,1.306380033493042,1.3000519275665283,1.2983207869529725,1.292585066414155,1.3323112809073372,1.2643302929986078,42.85938083606363,0.005032009000952353
2013-01-07,1.3067454099655151,1.3099292516708374,1.302059531211853,1.298579125404358,1.2927259653549732,1.3326265582852357,1.2645316925234802,46.464727889062374,0.003916809248960096
2013-01-08,1.312508225440979,1.3138188123703003,1.306762456893921,1.298981146812439,1.2929228037638012,1.3332053591508537,1.2647569344740244,51.88748702753095,0.0034581530225195056
2013-01-09,1.3082326650619507,1.3095004558563232,1.3039000034332275,1.299329354763031,1.2930751406921501,1.333569020911194,1.265089688614868,48.00251988453377,0.0027183274812827563
2013-01-10,1.305483102798462,1.3215975761413574,1.304103970527649,1.2995138096809387,1.293198603001673,1.333785347495233,1.2652422718666443,45.63611746970028,0.0018883756945506924
2013-01-11,1.327316164970398,1.3362106084823608,1.3252054452896118,1.300129885673523,1.2935380812302377,1.3352774800534257,1.2649822912936204,61.75761312293956,0.0029582773945071583
2013-01-14,1.3362016677856445,1.3403029441833496,1.333840250968933,1.3009572458267211,1.2939625945293214,1.3375152525764535,1.2643992390769887,66.15631519245639,0.004471621943615167
2013-01-15,1.3377926349639893,1.3394052982330322,1.331079363822937,1.302057271003723,1.2943987143346667,1.3396787157735903,1.2644358262338558,66.89064998708018,0.0057332468559341265
2013-01-16,1.330849051475525,1.3327007293701172,1.326084017753601,1.3030693340301513,1.2947614042564872,1.3410170291836647,1.265121638876638,60.700310041778174,0.006102459180113318
2013-01-17,1.32908034324646,1.3376137018203735,1.3271048069000244,1.3040348744392396,1.2951028862365064,1.3421266236464011,1.265943125232078,59.19748117274913,0.0061810908667658815
2013-01-18,1.3372559547424316,1.3397642374038696,1.329734206199646,1.3052600240707397,1.2955223197540018,1.3436107922886895,1.26690925585279,63.674408523509555,0.006824442639556727
2013-01-21,1.3320013284683228,1.3331555128097534,1.3301303386688232,1.3064093542099,1.2958852949651098,1.3444448733033507,1.2683738351164493,59.17998307964314,0.006831549281391958
2013-01-22,1.3311502933502197,1.3373006582260132,1.3271805047988892,1.307584478855133,1.2962361904714486,1.3449553304643744,1.2702136272458915,58.46026833921242,0.0066913759083784274
2013-01-23,1.331398367881775,1.335800051689148,1.327400803565979,1.3087930274009705,1.2965860628835109,1.345227629013232,1.272358425788709,58.6182525802332,0.0065250878903480025
2013-01-24,1.330849051475525,1.3377926349639893,1.3288700580596924,1.3099905896186828,1.2969269881431513,1.345268937685382,1.2747122415519836,58.09140254066518,0.006276625167001226
2013-01-25,1.3369340896606445,1.3479105234146118,1.335327386856079,1.3112645387649535,1.297325068755287,1.3457163199948,1.2768127575351071,62.149742368144636,0.006495848299750362
2013-01-28,1.3466018438339233,1.347550868988037,1.3427594900131226,1.3126276659965515,1.2978153849252498,1.3471725943678499,1.278082737625253,67.52969684837092,0.007364794411313991
2013-01-29,1.3446282148361206,1.3491816520690918,1.3417415618896484,1.314001235961914,1.2982811842278699,1.3480516084462504,1.2799508634775776,65.48341394282053,0.007804222875975597
2013-01-30,1.34916353225708,1.3576995134353638,1.3483631610870361,1.315445635318756,1.2987874762480873,1.3492056442021236,1.2816856264353884,67.89122016520656,0.008421359126872696
2013-01-31,1.3568336963653564,1.359000325202942,1.354400634765625,1.3169534397125244,1.2993650505776422,1.3512450392645694,1.2826618401604795,71.51078109500953,0.009420765473086457
2013-02-01,1.3610997200012207,1.3693002462387085,1.3588895797729492,1.3184453415870667,1.2999793258953212,1.3538040507141313,1.283086632460002,73.31271853948783,0.01043672657029604
2013-02-04,1.3648709058761597,1.36481511592865,1.354830026626587,1.3199924612045288,1.300625013258347,1.3565754757814823,1.2834094466275754,74.82840466024204,0.01141460577243203
2013-02-05,1.3511687517166138,1.3569073677062988,1.3464386463165283,1.3210839080810546,1.3011279360291013,1.358071943289958,1.2840958728721512,61.22290579488889,0.010957620134342205
2013-02-06,1.3581420183181763,1.359619379043579,1.35023832321167,1.3222727227210997,1.301695240330513,1.360135054910317,1.2844103905318824,64.73689658215548,0.011030981769190262
2013-02-07,1.3523930311203003,1.3575594425201416,1.3373703956604004,1.323444013595581,1.3021996959602868,1.3613382011576265,1.2855498260335354,59.916204350729934,0.010504140974221254
2013-02-08,1.3389389514923096,1.342799186706543,1.3365410566329956,1.3243160581588744,1.3025652606919664,1.3615715752386477,1.2870605410791012,50.448345165929204,0.008898408746024433
2013-02-11,1.3368269205093384,1.3411099910736084,1.3360053300857544,1.325105528831482,1.3029061727299664,1.3616959802008854,1.2885150774620784,49.13573451522517,0.007370468958954879
2013-02-12,1.340356707572937,1.3473457098007202,1.3368269205093384,1.3259190583229066,1.3032788148677252,1.3620075099023317,1.2898306067434815,51.41113906756722,0.006370949644142199
2013-02-13,1.3452069759368896,1.3518098592758179,1.3431200981140137,1.3266246128082275,1.303696010500274,1.3628163579778518,1.2904328676386032,54.42793867772098,0.005902163045967468
2013-02-14,1.3444474935531616,1.345532774925232,1.3320298194885254,1.3273731899261474,1.3041014978938539,1.3634579111623792,1.2912884686899155,53.86398318528799,0.005407033492046409
2013-02-15,1.3352917432785034,1.3389999866485596,1.3309376239776611,1.3281521368026734,1.3044118485942129,1.363168624807238,1.2931356487981087,47.47737128179891,0.004227119620288766
2013-02-18,1.3344007730484009,1.3374348878860474,1.332549810409546,1.3290280389785767,1.304710245852477,1.362361651869052,1.2956944260881014,46.89466534996815,0.0031834388235443267
2013-02-19,1.3347214460372925,1.3372005224227905,1.3331555128097534,1.3298458981513976,1.3050088647598022,1.3616248556201744,1.2980669406826209,47.146099167600816,0.0023550424397551506
2013-02-20,1.3395847082138062,1.3433998823165894,1.3365052938461304,1.3306111764907838,1.305352903003141,1.3614142790891197,1.2998080738924478,50.939814274894715,0.0020671283817532693
2013-02-21,1.327316164970398,1.3289036750793457,1.3171707391738892,1.3310239577293397,1.3055714429232228,1.3610615928303813,1.300986322628298,42.62741070232138,0.0008393104606907453
2013-02-22,1.3194352388381958,1.3243296146392822,1.3149001598358154,1.331255192756653,1.3057093911412883,1.36073830421529,1.3017720812980158,38.303500458809836,-0.0007608978066500072
2013-02-25,1.319591999053955,1.3312033414840698,1.3182872533798218,1.3313153052330018,1.3058475265434104,1.3606883944094135,1.30194221605659,38.437267427163405,-0.0019934459441168784
2013-02-26,1.3065063953399658,1.3115957975387573,1.3020002841949463,1.3311157846450805,1.305854082451834,1.3610306464871509,1.3012009228030101,32.16753825901914,-0.003980266052431958
2013-02-27,1.3065917491912842,1.3126115798950195,1.304291009902954,1.3307855939865112,1.3058614224193912,1.361417386219591,1.3001538017534313,32.245172008952665,-0.005484723481890885
2013-02-28,1.3150973320007324,1.3160008192062378,1.3059945106506348,1.3306569862365722,1.3059533220172193,1.361500691439226,1.2998132810339185,39.65669890511743,-0.005922417443455119
2013-03-01,1.3059945106506348,1.3099995851516724,1.2970504760742188,1.3303015398979188,1.3059537318543677,1.361870433986197,1.2987326458096407,35.21679203804928,-0.0069239991171277104
2013-03-04,1.3016934394836426,1.3029316663742065,1.2983640432357788,1.3299714016914368,1.3059113408855032,1.3623906258973881,1.2975521774854855,33.31864469992608,-0.0079729135230171
2013-03-05,1.3036110401153564,1.3073604106903076,1.3014055490493774,1.329682743549347,1.3058884523206253,1.3627852596606551,1.296580227438039,35.000755711006676,-0.008550882155038853
2013-03-06,1.3048527240753174,1.3070391416549683,1.2989999055862427,1.3294189190864563,1.3058781465669402,1.3631051678859691,1.2957326702869434,36.12438466708417,-0.008807208919445975
2013-03-07,1.297858476638794,1.3113206624984741,1.2976733446121216,1.328924560546875,1.3057983488562093,1.363727648761958,1.2941214723317918,32.695754916788346,-0.009465613343254464
2013-03-08,1.311131477355957,1.3134305477142334,1.2959998846054077,1.328646593093872,1.3058514148114329,1.3637969231622908,1.2934962630254532,43.62983490576855,-0.008814772155487427
2013-03-11,1.2988024950027466,1.3024225234985352,1.2985326051712036,1.3281672668457032,1.3057812763058712,1.364285066196407,1.2920494674949994,37.53068778740463,-0.009187909165834895
2013-03-12,1.3032711744308472,1.3073005676269531,1.2993797063827515,1.3278300499916076,1.3057563001678103,1.364563656287648,1.2910964436955672,40.76301372974961,-0.009019071607987206
2013-03-13,1.3029316663742065,1.3065063953399658,1.2925074100494385,1.3274930119514465,1.3057281943589176,1.36483220440959,1.290153819493303,40.5911692630455,-0.008811093291023697
2013-03-14,1.2958402633666992,1.2980101108551025,1.2912806272506714,1.3270454621315002,1.3056298069858572,1.3653620684232801,1.2887288558397203,37.07538880771547,-0.009113431963049923
2013-03-15,1.3012362718582153,1.3104099035263062,1.3003901243209839,1.3270047640800475,1.3055860902184164,1.3654286120344483,1.2885809161256467,41.2455791315357,-0.00881599939664679
2013-03-18,1.2892745733261108,1.2973601818084717,1.2882447242736816,1.3266553473472595,1.3054237865677407,1.366134429263795,1.2871762654307242,35.611415187948595,-0.009436710523574199
2013-03-19,1.2944984436035156,1.2965123653411865,1.2889920473098755,1.3262951517105102,1.3053150766874957,1.3666206262540492,1.285969677166971,39.49831846460538,-0.009398762802899974
2013-03-20,1.2863887548446655,1.2972304821014404,1.2865046262741089,1.3258582735061646,1.3051267550771124,1.3674363158851512,1.284280231127178,35.87744879192363,-0.009908850013301107
2013-03-21,1.2941633462905884,1.2956725358963013,1.288500428199768,1.325631878376007,1.3050176664324664,1.3677820906067435,1.2834816661452706,41.42153933205096,-0.009575374293418815
2013-03-22,1.2904890775680542,1.3003901243209839,1.2889920473098755,1.32489533662796,1.3048731033591836,1.3681967479551898,1.2815939253007305,39.67563119642012,-0.009498087125582977
2013-03-25,1.302405595779419,1.3048017024993896,1.2867363691329956,1.3242194151878357,1.3048485510449563,1.3678542744600686,1.2805845559156028,47.41678099982122,-0.00837868875072445
2013-03-26,1.2858428955078125,1.2886996269226074,1.2834597826004028,1.323180420398712,1.3046594400445801,1.367955195567177,1.2784056452302472,39.776553645245755,-0.008727424646781223
2013-03-27,1.2860082387924194,1.2868356704711914,1.2756305932998657,1.32228360414505,1.3044738559525122,1.368212840072367,1.2763543682177332,39.88069620757976,-0.008888003167748293
2013-03-28,1.277791976928711,1.284521460533142,1.275835633277893,1.3212578368186951,1.304208364618933,1.3688290590680772,1.273686614569313,36.50269373169165,-0.009567953061705214
2013-03-29,1.2815911769866943,1.2835322618484497,1.2794922590255737,1.3201445412635804,1.3039833179758185,1.3687810877874376,1.2715079947397232,39.072572566150775,-0.009688570745374214
2013-04-01,1.2805737257003784,1.2866535186767578,1.277432918548584,1.3191159892082214,1.3037503867093883,1.3688909213324392,1.2693410570840036,38.62176047332784,-0.009753824922138499
2013-04-02,1.2850167751312256,1.2878299951553345,1.2814303636550903,1.3181933188438415,1.303563982614077,1.3687617435141584,1.2676248941735246,41.78070980658742,-0.009339363995807703
2013-04-03,1.2820513248443604,1.2863390445709229,1.2792631387710571,1.3172063779830934,1.3033499263178538,1.3686416522082767,1.26577110375791,40.290243009786124,-0.009144772535146783
2013-04-04,1.2850167751312256,1.2880804538726807,1.274980068206787,1.3162897324562073,1.3031675069030555,1.3683622737844972,1.2642171911279174,42.49928719945923,-0.0086515407691794
2013-04-05,1.2928247451782227,1.3041210174560547,1.2901394367218018,1.3154075455665588,1.3030645938510639,1.3675470644991476,1.26326802663397,47.95862578791863,-0.007543654558257451
2013-04-08,1.2992074489593506,1.3034002780914307,1.2969160079956055,1.3144596576690675,1.3030262142999014,1.3660043043637458,1.2629150109743892,51.97287751463442,-0.006080523412650196
2013-04-09,1.3029316663742065,1.309800624847412,1.3009297847747803,1.313625726699829,1.3030252735245214,1.364523303390429,1.2627281500092291,54.19312570755478,-0.0045678133092068585
2013-04-10,1.3080273866653442,1.311991572380066,1.30565345287323,1.3128030037879943,1.3030750457945808,1.3626754637534173,1.2629305438225713,57.114458881780585,-0.0029240905176524112
2013-04-11,1.3055341243743896,1.3140000104904175,1.3046314716339111,1.3117770123481751,1.3030995142381616,1.3600369078284456,1.2635171168679047,55.25755605930256,-0.0018018432652269212
2013-04-12,1.311475396156311,1.3126804828643799,1.3040393590927124,1.310784525871277,1.3031828563468024,1.356897585273363,1.264671466469191,58.703091969382676,-0.0004281082869599384
2013-04-15,1.3099292516708374,1.3109596967697144,1.3056193590164185,1.3096856927871705,1.3032499846584864,1.353076275622796,1.266295109951545,57.4629250382889,0.0005297193671085498
2013-04-16,1.3054660558700562,1.3147342205047607,1.303118348121643,1.3087716388702393,1.3032720351183036,1.350488648805651,1.2670546289348277,53.92162526748621,0.0009180790394121008
2013-04-17,1.3178702592849731,1.319710373878479,1.3039000034332275,1.3079662036895752,1.3034172910801654,1.347278349063215,1.2686540583159354,61.09729421324052,0.002201396103068687
2013-04-18,1.3034920692443848,1.3087806701660156,1.3024225234985352,1.3069881844520568,1.3034180351415008,1.3441641557150876,1.269812213189026,51.15333722371254,0.002034778686991201
2013-04-19,1.3053126335144043,1.3117094039916992,1.3051422834396362,1.3063156580924988,1.3034368868666049,1.3423309481032057,1.270300368081792,52.21387359295719,0.0020262798134620397
2013-04-22,1.3055682182312012,1.3084039688110352,1.30180025100708,1.305690484046936,1.3034580941438652,1.3406126342671245,1.2707683338267477,52.37021816564904,0.00201691816843641
2013-04-23,1.306165099143982,1.308215618133545,1.2974375486373901,1.305006651878357,1.3034850295170015,1.3384665455559432,1.2715467582007707,52.75893926701363,0.002034213155621689
2013-04-24,1.2994438409805298,1.3030997514724731,1.2961997985839844,1.3040913891792298,1.3034448186857919,1.3355039285453143,1.2726788498131454,48.007589580781115,0.0014884127005696524
2013-04-25,1.3017443418502808,1.309260368347168,1.2993255853652954,1.3032373261451722,1.303427898518274,1.3324138903329363,1.274060761957408,49.6780452330121,0.0012273450322262125
2013-04-26,1.3007283210754395,1.3046314716339111,1.299349308013916,1.3025460577011108,1.3034010370511804,1.330222021771744,1.2748700936304775,48.930326974512916,0.0009277679079557899
2013-04-29,1.3042571544647217,1.3115270137786865,1.303441047668457,1.3019431853294372,1.30340955563241,1.3280560171131712,1.2758303535457032,51.65217384424992,0.0009639860107870657
2013-04-30,1.3095861673355103,1.3186001777648926,1.305977463722229,1.3014404797554016,1.3034710144553279,1.325892673772955,1.276988285737848,55.50853431472368,0.0014064828615492075
2013-05-01,1.3168290853500366,1.3241524696350098,1.3162050247192383,1.3009853672981262,1.3036039305836369,1.3232928028761968,1.2786779317200556,60.15982413381313,0.002314922767304717
2013-05-02,1.3182177543640137,1.3217006921768188,1.3044612407684326,1.3008033990859986,1.3037493417655353,1.322370294052872,1.2792365041191252,61.001632001023985,0.00311105956332991
2013-05-03,1.3065063953399658,1.3150973320007324,1.3037469387054443,1.3005448222160338,1.3037767751344358,1.3215013172018535,1.2795883272302142,51.17996982525794,0.002765120326806425
2013-05-06,1.3123359680175781,1.3138878345489502,1.305680751800537,1.3003997015953064,1.3038619412327779,1.3209136550938123,1.2798857480968004,55.05881271651261,0.0029276111063560872
2013-05-07,1.3070186376571655,1.3133012056350708,1.3068478107452393,1.3004099464416503,1.303893351147449,1.3209368553870722,1.2798830374962284,51.07282775634733,0.0025973811059549767
2013-05-08,1.3077024221420288,1.3189705610275269,1.3075313568115234,1.3004321599006652,1.3039312523513762,1.3209887562056686,1.2798755635956618,51.558492686492166,0.0023636010234537874
2013-05-09,1.3161357641220093,1.317800760269165,1.308910846710205,1.3004529285430908,1.3040526902794454,1.3210720034815935,1.2798338536045881,57.20115234814903,0.0028262495951285604
2013-05-10,1.303441047668457,1.3051422834396362,1.2937798500061035,1.3004018592834472,1.304046604283316,1.3209775153944006,1.2798262031724938,48.11544592183688,0.0021438316410844482
2013-05-13,1.2965291738510132,1.2995991706848145,1.2944196462631226,1.3002985739707946,1.3039718039805053,1.3208995983540985,1.2796975495874907,44.01602752227706,0.001033368020529224
2013-05-14,1.2988024950027466,1.302592158317566,1.2948001623153687,1.3002024030685424,1.3039203680702776,1.3207851983355745,1.2796196078015103,45.65600897286323,0.00033291794791878715
2013-05-15,1.2937111854553223,1.2941968441009521,1.284422516822815,1.2999795722961425,1.3038187841636586,1.3205980861488111,1.2793610584434738,42.64315588378462,-0.0006258060095951645
2013-05-16,1.2882447242736816,1.2927396297454834,1.2848351001739502,1.2997872972488402,1.3036638183936053,1.3206642296744493,1.2789103648232312,39.62002981843138,-0.0018058822983813005
2013-05-17,1.2883278131484985,1.289000391960144,1.2799999713897705,1.2993312239646913,1.3035112213264861,1.3201929582507768,1.2784694896786057,39.6900168252082,-0.0027032354656970625
2013-05-20,1.2835652828216553,1.2877006530761719,1.2821663618087769,1.2990264797210693,1.303312754276682,1.3203595782197546,1.277693381222384,37.039849478984706,-0.0037554007884907925
2013-05-21,1.2891082763671875,1.2916992902755737,1.284505009651184,1.298743221759796,1.3031714161880268,1.320221886907584,1.2772645566120082,41.90216633444748,-0.004094774125640077
2013-05-22,1.2919062376022339,1.2997006177902222,1.2866899967193604,1.2985227131843566,1.3030593248588125,1.3200521899403572,1.276993236428356,44.242939718168195,-0.004090801637412822
2013-05-23,1.2842081785202026,1.2951992750167847,1.282450795173645,1.2982900714874268,1.3028717512633992,1.3201861232844736,1.27639401969038,39.52458118400065,-0.004655160650189671
2013-05-24,1.2925074100494385,1.2990050315856934,1.2906056642532349,1.2981154942512512,1.3027686234901237,1.320054815950762,1.2761761725517404,46.18759465783104,-0.00438222504646979
2013-05-27,1.2937781810760498,1.2951992750167847,1.2916558980941772,1.29820556640625,1.302679166351673,1.320033435227953,1.2763776975845469,47.147810566375526,-0.00401707467623047
2013-05-28,1.2933933734893799,1.2946995496749878,1.285490870475769,1.2981834650039672,1.3025867704027925,1.320028885332862,1.2763380446750725,46.87504521862383,-0.0037159064765326377
2013-05-29,1.2846370935440063,1.2968990802764893,1.2839707136154175,1.2981484317779541,1.30240816665295,1.3200765181292806,1.2762203454266277,41.054670649455325,-0.004136108635072189
2013-05-30,1.294783353805542,1.3061002492904663,1.2935941219329834,1.2981608319282532,1.3023322978683969,1.3200804197583664,1.2762412440981399,48.96269522385445,-0.003608803426340179
2013-05-31,1.3043931722640991,1.3049379587173462,1.2946794033050537,1.2984389138221741,1.30235280408129,1.3203139892379787,1.2765638384063696,55.105984081999175,-0.002387951395154353
2013-06-03,1.2996464967727661,1.310360074043274,1.295706033706665,1.298383731842041,1.3023258756503588,1.3202318686659116,1.2765355950181705,51.7899589496636,-0.0017828824481476158
2013-06-04,1.3072919845581055,1.3098194599151611,1.304479956626892,1.298812713623047,1.3023752896693424,1.3204974894070554,1.2771279378390386,56.34653015148339,-0.0006786113706291896
2013-06-05,1.3073433637619019,1.3112106323242188,1.3056875467300415,1.2992394161224365,1.3024247232424038,1.3207345984014298,1.2777442338434433,56.37636949886075,0.00019839036585644898
2013-06-06,1.3093289136886597,1.327199935913086,1.3076168298721313,1.2998701548576355,1.3024934216548059,1.320634997192018,1.279105312523253,57.58303870233317,0.0010416305767377843
2013-06-07,1.3245558738708496,1.3275099992752075,1.3194701671600342,1.3007294487953187,1.3027129485425324,1.3219576225715992,1.2795012750190382,65.4710404526177,0.002905104710033246
2013-06-10,1.3224014043807983,1.3240596055984497,1.3180596828460693,1.301566002368927,1.302908853575753,1.322848768366707,1.2802832363711472,63.66697018972492,0.0041601184481947495
2013-06-11,1.3224014043807983,1.331611156463623,1.3180596828460693,1.3023136949539185,1.3031028093051602,1.323848663989255,1.2807787259185819,63.66697018972493,0.005095982562729251
2013-06-12,1.3224014043807983,1.3359695672988892,1.3180596828460693,1.3031206965446471,1.3032948351268123,1.324580459116823,1.2816609339724712,63.666970189724935,0.005771135557732343
2013-06-13,1.3339558839797974,1.3388994932174683,1.3281199932098389,1.3040994787216187,1.3035999201900323,1.3266266384824152,1.2815723189608221,69.32816452156322,0.007156058521170738
2013-06-14,1.3367911577224731,1.337095022201538,1.3299287557601929,1.3049788069725037,1.3039301812600135,1.3290865730261017,1.2808710409189057,70.54113906762359,0.008385737283722827
2013-06-17,1.3348639011383057,1.3360999822616577,1.3319693803787231,1.3056919360160828,1.3042379794677637,1.3311732478291525,1.2802106242030131,68.55646336735347,0.009099855592014094
2013-06-18,1.3363088369369507,1.3412556648254395,1.3328534364700317,1.3063594794273377,1.3045570924774135,1.3332551753984891,1.2794637834561862,69.25488377304238,0.009670913468863285
2013-06-19,1.3389928340911865,1.3413403034210205,1.3386164903640747,1.3069787883758546,1.3048997366725819,1.3354132642883028,1.2785443124634064,70.56285849519178,0.010222221681332577
2013-06-20,1.329186201095581,1.3301055431365967,1.3164701461791992,1.3074518299102784,1.3051413930350042,1.3365670221169064,1.2783366377036505,60.44464980864476,0.009755370250639661
2013-06-21,1.323556661605835,1.325398564338684,1.3111608028411865,1.3076934552192687,1.3053246295382,1.337143536110551,1.2782433743279864,55.52271567827373,0.008829351076406144
2013-06-24,1.3105300664901733,1.3122997283935547,1.3062999248504639,1.3077054715156555,1.3053764249307578,1.3371597658885643,1.2782511771427467,46.15669048910377,0.006964059508148379
2013-06-25,1.313232183456421,1.314941644668579,1.3067795038223267,1.3078607940673828,1.3054545916822584,1.337348775231644,1.2783728129031215,48.11197376392759,0.005638839723964617
2013-06-26,1.3079760074615479,1.308746337890625,1.298709750175476,1.3076629090309142,1.3054796803964805,1.337009178983806,1.2783166390780225,44.71071268635283,0.0041170057427599716
2013-06-27,1.301337718963623,1.3049992322921753,1.3004307746887207,1.307619822025299,1.3054384668498842,1.3369973963019721,1.278242247748626,40.78879414331016,0.0023482181480471986
2013-06-28,1.3035939931869507,1.3099979162216187,1.2992581129074097,1.30758544921875,1.3054201138781132,1.3369780597251855,1.2781928387123145,42.63078030048087,0.0011156432680328177
2013-07-01,1.3014055490493774,1.3065695762634277,1.3008298873901367,1.3075021958351136,1.3053801679594186,1.3369416714926614,1.2780627201775658,41.28910868798619,-3.7339925494705994e-05
2013-07-02,1.306762456893921,1.3078100681304932,1.2994945049285889,1.3075141429901123,1.30539392207817,1.336951888654491,1.2780763973257334,45.78681663742431,-0.0005129171302549196
2013-07-03,1.2978922128677368,1.3030096292495728,1.292669415473938,1.3074831104278564,1.3053192782054281,1.336958827543733,1.2780073933119798,40.28370792109997,-0.0015872729579506917
2013-07-04,1.3010838031768799,1.3023037910461426,1.2886996269226074,1.3074698996543885,1.3052771341752927,1.3369567050205453,1.2779830942882318,42.941051209645344,-0.002156316354328114
2013-07-05,1.2907721996307373,1.2908055782318115,1.28109872341156,1.3072707772254943,1.3051328064683791,1.3370761459082434,1.2774654085427453,37.18383245920467,-0.003400152730050232
2013-07-08,1.2829065322875977,1.287697434425354,1.281320333480835,1.306843764781952,1.3049116495113529,1.337426976871842,1.2762605526920618,33.49480747549093,-0.0049633808725326745
2013-07-09,1.2871006727218628,1.2896901369094849,1.2762998342514038,1.3063940548896789,1.304734425861703,1.3374699783993251,1.2753181313800326,37.07942017634,-0.005796994215931939
2013-07-10,1.278183937072754,1.2860000133514404,1.2767152786254883,1.3056211519241332,1.3044702418936494,1.3375484116684286,1.2736938921798377,33.006267359753735,-0.007095354018627376
2013-07-11,1.3187741041183472,1.317644476890564,1.3008891344070435,1.30563227891922,1.304612568880962,1.3375778397860696,1.2736867180523705,56.45557276179957,-0.0047937667034996245
2013-07-12,1.3097747564315796,1.3101009130477905,1.3000603914260864,1.3056976461410523,1.3046639339312176,1.3376638763078434,1.2737314159742612,52.10126658080937,-0.0036537956401243576
2013-07-15,1.3059945106506348,1.3081128597259521,1.2997479438781738,1.3055708169937135,1.3046771735005653,1.3374798138060824,1.2736618201813446,50.34471963007515,-0.003020575289348848
2013-07-16,1.3058750629425049,1.3152892589569092,1.3054488897323608,1.30554794549942,1.3046890927984953,1.337454345824549,1.2736415451742913,50.287028383752535,-0.0024995685605937457
2013-07-17,1.3151146173477173,1.3172800540924072,1.308749794960022,1.305696189403534,1.3047928293611757,1.3377121367102067,1.2736802420968611,54.61902133472821,-0.0013258288227135928
2013-07-18,1.3116990327835083,1.3125253915786743,1.307172417640686,1.305607454776764,1.30486154780319,1.3375297603561906,1.2736851491973373,52.78776153464756,-0.0006635912859327409
2013-07-19,1.3110626935958862,1.3149296045303345,1.3090547323226929,1.3057598876953125,1.3049232507464017,1.3377127433264195,1.2738070320642054,52.43503678407927,-0.000187944019536479
2013-07-22,1.3159972429275513,1.321880578994751,1.3144991397857666,1.3061492490768432,1.3050334397233303,1.3381174517627372,1.274181046390949,54.94895457532959,0.0005804951702745864
2013-07-23,1.3190349340438843,1.3226988315582275,1.316482424736023,1.306553897857666,1.3051727580747807,1.338654457126991,1.2744533385883412,56.47403624695232,0.0014182562750446603
2013-07-24,1.3223315477371216,1.32550048828125,1.3191393613815308,1.307126305103302,1.3053434923002791,1.3393127248689758,1.2749398853376281,58.1305484185447,0.0023214370788116057
2013-07-25,1.319087266921997,1.3239001035690308,1.3168394565582275,1.3077431559562682,1.3054802462766169,1.3396334066276603,1.2758529052848762,55.87676313460128,0.0027437992152707924
2013-07-26,1.3274219036102295,1.3297996520996094,1.3253810405731201,1.3085250377655029,1.3056985712252134,1.3403893350931808,1.276660740437825,60.15117669256131,0.0037083126566832547
2013-07-29,1.3287447690963745,1.3297005891799927,1.3241596221923828,1.3094286274909974,1.30592788662692,1.340964624596892,1.2778926303851028,60.80026825656146,0.004527253338659776
2013-07-30,1.3263654708862305,1.3300206661224365,1.3237897157669067,1.3101737713813781,1.3061312456742793,1.3415100477623514,1.278837495000405,58.9406522480459,0.004927479333830309
2013-07-31,1.3264886140823364,1.3299003839492798,1.3218002319335938,1.3108654189109803,1.3063338065539642,1.3420823552484917,1.2796484825734689,59.01052958004875,0.005194716487185058
2013-08-01,1.3301409482955933,1.33109712600708,1.3198497295379639,1.3117840743064881,1.3065706935364714,1.3424984674374618,1.2810696811755145,61.12378973558097,0.00563624557321063
2013-08-02,1.3211959600448608,1.3294000625610352,1.3191741704940796,1.3123578453063964,1.306716218576358,1.3426716651243535,1.2820440254884393,53.80710666855087,0.005204381884731157
2013-08-05,1.3278977870941162,1.3301993608474731,1.3237406015396118,1.3130402374267578,1.3069269804521595,1.3431825758095826,1.282897899043933,57.875618920297434,0.005341336629769211
2013-08-06,1.3257501125335693,1.3322906494140625,1.3247401714324951,1.3136873722076416,1.3071142752987432,1.3434955609064736,1.2838791835088097,56.16831133369285,0.005216442956467615
2013-08-07,1.3308136463165283,1.3332995176315308,1.3267173767089844,1.314610903263092,1.3073500899357393,1.3435953670597294,1.2856264394664545,59.22257052432742,0.005463073765410664
2013-08-08,1.334098219871521,1.339699625968933,1.3329956531524658,1.3153972005844117,1.3076162404823677,1.3443192282062892,1.286475172962534,61.11537421443219,0.005856063044434867
2013-08-09,1.3380074501037598,1.3392008543014526,1.3334897756576538,1.3160694861412048,1.307918640578107,1.3455056314247378,1.2866333408576718,63.298916253076555,0.006409072292459239
2013-08-12,1.3339380025863647,1.334115982055664,1.3278801441192627,1.3167553162574768,1.3081775397025706,1.3462275620807327,1.2872830704342209,59.55009300592381,0.006444675493455954
2013-08-13,1.3292922973632812,1.3316093683242798,1.3234305381774902,1.3171953225135804,1.3083876367937246,1.3467477022692538,1.287642942757907,55.50844374185692,0.006028528576230707
2013-08-14,1.326559066772461,1.3280000686645508,1.3239490985870361,1.3175796365737915,1.3085684470422714,1.3471088505117121,1.2880504226358709,53.21989837619388,0.00541575087513424
2013-08-15,1.3264182806015015,1.3307074308395386,1.3209097385406494,1.3179214239120483,1.3087460573264451,1.3474564513344816,1.288386396489615,53.09846143496829,0.0048627056213195186
2013-08-16,1.33539879322052,1.3380002975463867,1.3319392204284668,1.3181382822990417,1.3090112586786282,1.3480292197462265,1.288247344851857,59.45397785885356,0.00509038677815199
2013-08-19,1.332906723022461,1.3373990058898926,1.3316820859909058,1.318348388671875,1.3092490244929977,1.3485081133094803,1.2881886640342697,57.140058272428014,0.0050119617225128366
2013-08-20,1.3333866596221924,1.3450206518173218,1.3324273824691772,1.3185680937767028,1.3094891999669231,1.3490070849776812,1.2881291025757244,57.483249118708414,0.004931686758415266
2013-08-21,1.3421016931533813,1.3426964282989502,1.3358608484268188,1.3189620995521545,1.309813702386693,1.3501054721195964,1.2878187269847126,63.23945061668312,0.00550780805959139
2013-08-22,1.334294080734253,1.336683988571167,1.3301764726638794,1.3189688634872436,1.3100572882409005,1.3501256717125734,1.287812055261914,55.93342485430721,0.00527358862326488
2013-08-23,1.335505723953247,1.3410003185272217,1.333653450012207,1.318943154811859,1.310310506506698,1.350042006546869,1.2878443030768492,56.76813987056624,0.005126640790356074
2013-08-26,1.33865225315094,1.339209794998169,1.3358893394470215,1.3190189218521118,1.310592513935997,1.3502940524261346,1.287743791278089,58.94312604497644,0.005204092643131153
2013-08-27,1.3379179239273071,1.3399975299835205,1.3326705694198608,1.319051103591919,1.3108644085627796,1.3504020704939763,1.2877001366898617,58.20713499845164,0.0051468894256920805
2013-08-28,1.3392080068588257,1.3397642374038696,1.3308296203613281,1.3190554070472718,1.311146434416475,1.3504176038385212,1.2876932102560223,59.171658047748245,0.005146330678068356
2013-08-29,1.3334933519363403,1.334098219871521,1.3221217393875122,1.3191415500640868,1.3113687918047348,1.350640686082524,1.2876424140456497,53.303238840141276,0.004631375361434653
2013-08-30,1.3236267566680908,1.3253458738327026,1.3179206848144531,1.319142951965332,1.3114907616043716,1.350642896249651,1.2876430076810128,45.00428670063809,0.003388062310064166
2013-09-02,1.3208295106887817,1.3229000568389893,1.3186348676681519,1.3193489408493042,1.3115836844808344,1.3507535558937036,1.2879443258049048,42.962065222203066,0.002152204116936618
2013-09-03,1.319000244140625,1.3196965456008911,1.314300537109375,1.3194643020629884,1.3116574810943655,1.3508195438829742,1.2881090602430025,41.63160133669824,0.001013488211164093
2013-09-04,1.317401647567749,1.3218107223510742,1.3160908222198486,1.3196528148651123,1.3117146369796735,1.35083902171858,1.2884666080116447,40.45260883296188,-1.7741221806311103e-05
2013-09-05,1.320062279701233,1.3220866918563843,1.3112002611160278,1.3200273060798644,1.3117976981012818,1.3507622646900619,1.289292347469667,43.32919852668067,-0.0006132381717838253
2013-09-06,1.3118367195129395,1.318704605102539,1.3106194734573364,1.3201921606063842,1.3117980863740346,1.350654562557009,1.2897297586557595,37.32588970108632,-0.001728977185541547
2013-09-09,1.3174188137054443,1.3263003826141357,1.316759705543518,1.3205124258995056,1.3118540140091737,1.35050169045583,1.2905231613431811,43.0885863902882,-0.002138132976570173
2013-09-10,1.3258028030395508,1.3278007507324219,1.3231993913650513,1.320893232822418,1.3119928079298753,1.3506525210074956,1.2911339446373407,50.45676559590754,-0.0017655221767740592
2013-09-11,1.326629400253296,1.331419587135315,1.3246804475784302,1.3214679765701294,1.3121384456644383,1.350515617644432,1.2924203354958268,51.12857138936359,-0.0013875313487516916
2013-09-12,1.3315579891204834,1.3323917388916016,1.3269498348236084,1.3220774602890015,1.3123316749525602,1.3506543841818632,1.2935005363961398,55.043013869465895,-0.0006824085812804359
2013-09-13,1.3298933506011963,1.3319499492645264,1.3257008790969849,1.3228598833084106,1.312506417993842,1.3500467748111278,1.2956729918056935,53.48479922135738,-0.0002549769093724841
2013-09-16,1.3359339237213135,1.3386002779006958,1.3341693878173828,1.323920431137085,1.3127395275035703,1.3487836960522201,1.2990571662219497,58.11813696109896,0.0005646802552299324
2013-09-17,1.3337956666946411,1.3370002508163452,1.3326935768127441,1.3248543310165406,1.312949041326369,1.3474798467026468,1.3022288153304344,55.991998833760725,0.0010298534817199112
2013-09-18,1.3357912302017212,1.3366999626159668,1.3339896202087402,1.3260064768791198,1.3131763267878176,1.344403601985602,1.3076093517726375,57.552701512140565,0.0015417594690589898
2013-09-19,1.3523015975952148,1.356999397277832,1.351607084274292,1.3266770267486572,1.3135656329650096,1.346394849206971,1.3069592042903433,67.74480939937382,0.003242321849856289
2013-09-20,1.353417992591858,1.3550007343292236,1.350001335144043,1.3275498914718629,1.313962173856823,1.3480617223470703,1.3070380605966554,68.29909230120731,0.004626778907479867
2013-09-23,1.3534547090530396,1.3546005487442017,1.3482195138931274,1.328499095439911,1.314355134406043,1.3493295715327567,1.3076686193470652,68.31837496092238,0.005661669608703956
2013-09-24,1.349892020225525,1.3518006801605225,1.3466018438339233,1.3293794345855714,1.3147087352599716,1.3500269971308303,1.3087318720403125,64.23544671801679,0.006123757862924295
2013-09-25,1.347182273864746,1.353500485420227,1.3463118076324463,1.3300207877159118,1.3150318550470868,1.3508511656743527,1.309190409757471,61.23774219581294,0.006199844302688273
2013-09-26,1.351698398590088,1.353000521659851,1.3479704856872559,1.3308207750320435,1.315396696276374,1.3518505207994895,1.3097910292645976,64.23353683906117,0.006549063351217743
2013-09-27,1.348617672920227,1.3565999269485474,1.3475455045700073,1.3315718746185303,1.3157272532579078,1.3524029842017724,1.3107407650352882,60.78247202285006,0.006502278924393368
2013-09-30,1.349545955657959,1.3555792570114136,1.3480504751205444,1.3322428488731384,1.316063757759404,1.3531872717606837,1.311298425985593,61.454484092853676,0.006465575458815653
2013-10-01,1.3525211811065674,1.3588008880615234,1.3518701791763306,1.332912573814392,1.3164265181907224,1.354270607398908,1.3115545402298763,63.60696553690683,0.0066004773325818444
2013-10-02,1.352338194847107,1.360540509223938,1.3509496450424194,1.3335127067565917,1.3167838483067096,1.3553383932620262,1.3116870202511572,63.372569560184694,0.006616353374435002
2013-10-03,1.3591018915176392,1.3646008968353271,1.358105182647705,1.3343129992485045,1.3172049233635383,1.3569008899970643,1.3117251084999448,68.05807915181117,0.007092945980665233
2013-10-04,1.362416386604309,1.3633079528808594,1.358105182647705,1.3350128889083863,1.3176547886694208,1.3588626359377523,1.3111631418790204,70.07810712263013,0.007649917619461322
2013-10-07,1.356999397277832,1.3591997623443604,1.3545491695404053,1.3355779814720155,1.3180462773122938,1.3601495405293882,1.3110064224146427,63.0591912937416,0.007566988357494697
2013-10-09,1.3598041534423828,1.360063076019287,1.350160002708435,1.3362467551231385,1.3184617785673232,1.3616025944457217,1.3108909158005553,65.01314551799233,0.007639523035946727
2013-10-10,1.352027416229248,1.3544501066207886,1.3489506244659424,1.3367575311660767,1.3187957650117232,1.3623389594423962,1.311176102889757,56.145471572252326,0.006988925607065433
2013-10-11,1.3526674509048462,1.3583006858825684,1.3520822525024414,1.3372080612182617,1.319132796712155,1.3631053679111904,1.311310754525333,56.66930708152899,0.006450609298080057
2013-10-14,1.3556748628616333,1.3598004579544067,1.354699730873108,1.3378976392745972,1.3194963993604116,1.3638906886359843,1.31190458991321,59.13911060811354,0.006195247795592218
2013-10-15,1.3558586835861206,1.357500433921814,1.348210334777832,1.3384568572044373,1.3198582131338048,1.3647728938601509,1.3121408205487237,59.29184415437682,0.005939240889379027
2013-10-16,1.3521736860275269,1.3568999767303467,1.347559928894043,1.3389853286743163,1.320179760127775,1.3653210959222808,1.3126495614263518,54.86447945839821,0.005377022101895168
2013-10-17,1.3522467613220215,1.3682005405426025,1.3517348766326904,1.3394139909744263,1.3204988347665263,1.365904137671717,1.3129238442771356,54.936340721577956,0.004881090059958515
2013-10-18,1.366698980331421,1.3703999519348145,1.366045594215393,1.3400660061836243,1.3209585377074742,1.3676061415895733,1.3125258707776752,66.34774724396209,0.005589797924604678
2013-10-21,1.3681949377059937,1.3687005043029785,1.365329384803772,1.3406697559356688,1.3214285516378115,1.3693266237736632,1.3120128880976745,67.27160849525293,0.006200687604283495
2013-10-22,1.36759614944458,1.3785003423690796,1.366400122642517,1.3413429188728332,1.3218879307204694,1.3709208390122458,1.3117649987334206,66.48482743260223,0.006560875183129422
2013-10-23,1.3778469562530518,1.3793483972549438,1.3743400573730469,1.3423140120506287,1.3224447369446788,1.373425568831805,1.3112024552694523,72.42959282885495,0.00758603379876277
2013-10-24,1.3780938386917114,1.3822999000549316,1.3768794536590576,1.3433447074890137,1.3229984593501263,1.3757150023436162,1.3109744126344112,72.55585110650382,0.008322464546302921
2013-10-25,1.380395531654358,1.3829996585845947,1.3775907754898071,1.3444242525100707,1.3235695744974365,1.3780657958710845,1.310782709149057,73.76223463598282,0.008988208137022058
2013-10-28,1.3805290460586548,1.3818072080612183,1.3777103424072266,1.3453268575668336,1.3241363354084978,1.3803724163047353,1.3102812988289319,73.83408632021286,0.009418023117705898
2013-10-29,1.3789299726486206,1.3814005851745605,1.3755006790161133,1.3462473225593568,1.3246815457292993,1.382362658049084,1.3101319870696295,71.31515177669894,0.009519883436043042
2013-10-30,1.374306082725525,1.377630591392517,1.3733999729156494,1.3470657110214233,1.3251753222168277,1.383840034630345,1.3102913874125015,64.46631820266884,0.00912234251282884
2013-10-31,1.3724011182785034,1.3740037679672241,1.3588618040084839,1.3476716995239257,1.3256452306353552,1.3851048274103508,1.3102385716375007,61.83174437915174,0.00855495753148472
2013-11-01,1.3579760789871216,1.3580129146575928,1.3481395244598389,1.348145339488983,1.3259669306189572,1.3854867662153227,1.3108039127626434,46.37611532758678,0.00686221736010495
2013-11-04,1.349400281906128,1.3520090579986572,1.3445016145706177,1.3484232306480408,1.326200098293458,1.3855871094923669,1.3112593518037148,39.97817320544534,0.004773685352020385
2013-11-05,1.351698398590088,1.3523930311203003,1.344971776008606,1.3486841535568237,1.3264538127242722,1.3857510933867367,1.3116172137269106,42.276342631016924,0.0032662956754379024
2013-11-06,1.3473094701766968,1.354699730873108,1.3468738794326782,1.3488719844818116,1.3266613317038998,1.3858112063540868,1.3119327626095363,39.19016426804239,0.001697955677327112
2013-11-07,1.351807951927185,1.3530993461608887,1.3305799961090088,1.3491239833831787,1.3269115468305013,1.3859658984517425,1.312282068314615,43.724707272168544,0.0008087025913554591
2013-11-08,1.3409138917922974,1.3436291217803955,1.3321309089660645,1.3492723941802978,1.3270508736460425,1.3859165627157617,1.3126282256448338,36.60573481658936,-0.0007662634849536776
2013-11-11,1.3347926139831543,1.341270089149475,1.3345433473587036,1.349495711326599,1.3271279058882035,1.3856345723225512,1.313356850330647,33.32275435020867,-0.002479785979828897
2013-11-12,1.3409318923950195,1.345496654510498,1.336389183998108,1.349897758960724,1.3272652589877747,1.385171866280421,1.3146236516410268,39.21122461107336,-0.003304286682504598
2013-11-13,1.3439956903457642,1.345406174659729,1.3392601013183594,1.3503976678848266,1.3274317309415868,1.3845759519241931,1.3162193838454601,41.96568888716263,-0.003668201793287862
2013-11-14,1.3489633798599243,1.3495094776153564,1.342200756072998,1.35102890253067,1.3276459762044572,1.3838590739947791,1.318198731066561,46.220765391488925,-0.0035152346761817554
2013-11-15,1.3448994159698486,1.3503295183181763,1.3434702157974243,1.3515256452560425,1.3278176522220244,1.3831737075808697,1.3198775829312153,43.41626758783632,-0.0036795198414616426
2013-11-18,1.3483994007110596,1.3542062044143677,1.347563624382019,1.3522568988800048,1.3280224457393295,1.3817802194918827,1.3227335782681269,46.430893106581856,-0.00348710037802058
2013-11-19,1.3504389524459839,1.354169487953186,1.3490360975265503,1.3529173016548157,1.3282454955573078,1.3806848944142622,1.3251497088953692,48.16400451722895,-0.003133906068800485
2013-11-20,1.3567416667938232,1.3565024137496948,1.3459293842315674,1.3535360789299011,1.3285290395497127,1.3801941799102613,1.326877977949541,53.202619790844125,-0.002318692219654528
2013-11-21,1.3433817625045776,1.3474892377853394,1.3399994373321533,1.3538711261749268,1.3286768278378218,1.3795521263991988,1.3281901259506548,43.541207235005466,-0.00271931541824455
2013-11-22,1.347182273864746,1.353830337524414,1.3463480472564697,1.354183611869812,1.3288609616291358,1.3791260370140013,1.3292411867256229,46.516636903907354,-0.0026990299477449575
2013-11-25,1.355233907699585,1.355546236038208,1.3490725755691528,1.3546904230117798,1.3291233790029728,1.3786278746007785,1.330752971422781,52.2571782553884,-0.0020100830202409714
2013-11-26,1.3527590036392212,1.3567802906036377,1.3523491621017456,1.3550269246101379,1.3293585593476136,1.378353412853976,1.3317004363662996,50.464193832859685,-0.0016448311015675454
2013-11-27,1.3567785024642944,1.3612998723983765,1.3559322357177734,1.355486581325531,1.3296313946025076,1.3779969316096283,1.3329762310414337,53.268579658750745,-0.0010192767735233144
2013-11-28,1.357367753982544,1.3617002964019775,1.356594443321228,1.3559181118011474,1.3299073782779325,1.377702941635255,1.3341332819670397,53.68255701925788,-0.00047054859740569555
2013-11-29,1.360396146774292,1.3622123003005981,1.360007643699646,1.356080002784729,1.3302107491087438,1.3778754406545453,1.3342845649149129,55.84736991270458,0.0002063102088361024
2013-12-02,1.3585110902786255,1.3614592552185059,1.3528138399124146,1.3561818647384642,1.3304923445432715,1.377974128328234,1.3343896011486944,54.15077819417851,0.000583886701720715
2013-12-03,1.3542062044143677,1.359397530555725,1.35255765914917,1.3561968946456908,1.3307283033479604,1.3779825167104356,1.334411272580946,50.386265688912474,0.0005296450622256366
2013-12-04,1.3590649366378784,1.3599891662597656,1.3530298471450806,1.356380352973938,1.3310102598981104,1.378103668112881,1.334657037834995,54.2519192295249,0.0008687033845853342
2013-12-05,1.3586403131484985,1.366639256477356,1.3545308113098145,1.356609513759613,1.331285185801101,1.3781779746341356,1.3350410528850905,53.8569813838901,0.0010905745168015013
2013-12-06,1.3669979572296143,1.3694990873336792,1.3632298707962036,1.3569155049324035,1.3316405367605908,1.3786331754499914,1.3351978344148157,60.02525818681588,0.0019186836266691376
2013-12-09,1.3706516027450562,1.3730907440185547,1.369510293006897,1.3573561835289,1.3320287065713838,1.3792798308894043,1.3354325361683959,62.3920739681464,0.0028370806213677824
2013-12-10,1.3740227222442627,1.3793293237686157,1.3736263513565063,1.3578457188606263,1.3324465574736037,1.3801473779052629,1.3355440598159898,64.48167642610858,0.003793212236850474
2013-12-11,1.37644362449646,1.379799485206604,1.37444007396698,1.3583241677284241,1.3328843392350276,1.3811791581244768,1.3354691773323715,65.94504068102947,0.004692211121100964
2013-12-12,1.3786067962646484,1.3805004358291626,1.3748294115066528,1.3588495397567748,1.3333392890562203,1.382341695701901,1.3353573838116486,67.24369431067501,0.005515643195726838
2013-12-13,1.3750807046890259,1.3768415451049805,1.3710838556289673,1.3591691160202026,1.3337546265252058,1.3831058142109685,1.3352324178294368,63.02468106659236,0.005816642294364627
2013-12-16,1.3739283084869385,1.379900336265564,1.3738150596618652,1.3593993544578553,1.3341543646541805,1.38368249067815,1.3351162182375607,61.66299543163416,0.00589425223536022
2013-12-17,1.3762919902801514,1.3782095909118652,1.372700572013855,1.3597852063179017,1.3345736445111576,1.3845215687122128,1.3350488439235906,63.40925702434395,0.006076442591606224
2013-12-18,1.3771259784698486,1.3780994415283203,1.3734792470932007,1.360131642818451,1.3349970508192066,1.3853495899545432,1.3349136956823586,64.03179445787183,0.006216466087084038
2013-12-19,1.3684945106506348,1.369394063949585,1.3651131391525269,1.3604609847068787,1.3353303588772325,1.3856770474096856,1.3352449220040719,53.82503257955719,0.005566778047112697
2013-12-20,1.3655791282653809,1.3708696365356445,1.3625833988189697,1.3607192182540893,1.3356313416572156,1.385873894485006,1.3355645420231725,50.875221668862444,0.004761758018714923
2013-12-23,1.3678393363952637,1.3715990781784058,1.3674297332763672,1.360962507724762,1.3359518192167998,1.3861533277925104,1.3357716876570136,53.02462407734505,0.004257080775844413
2013-12-24,1.3699944019317627,1.3698630332946777,1.3655791282653809,1.3612452220916749,1.3362905513831198,1.386519397123917,1.3359710470594328,55.04437537646579,0.003985078696440381
2013-12-25,1.3681949377059937,1.3707079887390137,1.366400122642517,1.3615656471252442,1.3366080079634486,1.386776553793306,1.3363547404571823,52.99541596279783,0.003583010648168683
2013-12-26,1.3668484687805176,1.3700695037841797,1.3667362928390503,1.361857681274414,1.3369089080710825,1.3869660628473992,1.336749299701429,51.45207769093493,0.003119757412326285
2013-12-27,1.3696191310882568,1.3883509635925293,1.369394063949585,1.3619160842895508,1.3372343829269764,1.387083943595312,1.3367482249837896,54.39518096857891,0.002942278424037603
2013-12-30,1.3750240802764893,1.3811582326889038,1.3730002641677856,1.3620526671409607,1.337610399816028,1.3874328326326573,1.3366725016492642,59.54718616366241,0.0032008617339949197
2013-12-31,1.3810056447982788,1.3812536001205444,1.376119613647461,1.3623208570480347,1.3380421932984405,1.3882182380194574,1.336423476076612,64.34743932993986,0.0038441402807536385
2014-01-01,1.3744947910308838,1.377903938293457,1.3744003772735596,1.3622538137435913,1.3384049057136904,1.3880040756424838,1.3365035518446988,56.48978115621984,0.003784941231604222
2014-01-02,1.3766709566116333,1.377467393875122,1.3632707595825195,1.3622253561019897,1.3387856624390448,1.3879072213428456,1.3365434908611338,58.321717408774454,0.003869024231087259
2014-01-03,1.3666616678237915,1.3672970533370972,1.3601703643798828,1.3619506788253783,1.3390630356269542,1.3871281569038982,1.3367732007468585,48.2575025904911,0.003092347997109668
2014-01-06,1.3596007823944092,1.364610195159912,1.3572793006896973,1.3615321135520935,1.3392673913161834,1.3861383142292456,1.3369259128749413,42.66436493963047,0.0018853390274375936
2014-01-07,1.3631964921951294,1.3657993078231812,1.3598780632019043,1.3612174439430236,1.3395054918224427,1.3853126317530295,1.3371222561330176,46.09095726422847,0.0012050286332796478
2014-01-08,1.3616372346878052,1.3636053800582886,1.3572019338607788,1.3609640669822693,1.3397257081693628,1.3847620864350567,1.337166047529482,44.8394987625102,0.0005339041799130584
2014-01-09,1.3572019338607788,1.3632800579071045,1.3554892539978027,1.3606600832939149,1.339899600962313,1.3842491890293216,1.3370709775585081,41.396372622216745,-0.00035180312650351375
2014-01-10,1.360710859298706,1.3687005043029785,1.357810139656067,1.3607147789001466,1.3401066781596909,1.3842911619443403,1.3371383958559528,44.994947234937676,-0.0007618099199411255
2014-01-13,1.3671848773956299,1.3684757947921753,1.3639309406280518,1.3610704708099366,1.34037611297796,1.3844861990044983,1.3376547426153749,50.976264835255854,-0.0005579128310568837
2014-01-14,1.3669979572296143,1.3698593378067017,1.3650293350219727,1.361376461982727,1.3406410069506145,1.3846919518535383,1.3380609721119159,50.804488515602785,-0.0004067174290085518
2014-01-15,1.3668484687805176,1.367353081703186,1.358260154724121,1.3617672419548035,1.3409017777150922,1.3847733192043803,1.3387611647052267,50.65746901870499,-0.00029554954096133734
2014-01-16,1.359933614730835,1.364790916442871,1.3588064908981323,1.3619297552108764,1.3410911492276874,1.384762830371101,1.3390966800506519,44.27496443957716,-0.0007566963957028605
2014-01-17,1.3618041276931763,1.3621008396148682,1.3556932210922241,1.3623475599288941,1.341297248515902,1.3843608220048689,1.3403342978529194,46.247867443974336,-0.0009601557590235288
2014-01-20,1.3527590036392212,1.356640338897705,1.3509314060211182,1.3627068877220154,1.3414112958305624,1.3834332092618515,1.3419805661821793,39.04844562951352,-0.0018301676547152201
2014-01-21,1.3549033403396606,1.356399416923523,1.351862907409668,1.3629863166809082,1.3415455450296583,1.3828741672622176,1.3430984660995988,41.37829316421031,-0.0023198860965503165
2014-01-22,1.355913758277893,1.3580868244171143,1.3535407781600952,1.3632246780395507,1.341688512325661,1.3824584435151108,1.3439909125639906,42.49374432499658,-0.0025965280476838437
2014-01-23,1.354224443435669,1.3685506582260132,1.353363037109375,1.3633298993110656,1.341813247958597,1.3823009906750572,1.344358807947074,41.08613660620057,-0.002918440412223111
2014-01-24,1.3689066171646118,1.373494267463684,1.366493582725525,1.363810043334961,1.342082833721842,1.3820794410083528,1.345540645661569,55.029040580857405,-0.001966164840111917
2014-01-27,1.3687942028045654,1.3714994192123413,1.3655400276184082,1.364217939376831,1.3423486184888354,1.381986814709054,1.346449064044608,54.921864684594816,-0.0012066410805402494
2014-01-28,1.3674652576446533,1.3689403533935547,1.3631796836853027,1.3645584654808045,1.342598535296357,1.381896909478561,1.347220021483048,53.59299270830988,-0.0007038344317458201
2014-01-29,1.3655046224594116,1.36859929561615,1.3604499101638794,1.3647337245941162,1.3428264565616619,1.38192620557214,1.3475412436160925,51.609010305973115,-0.000458280639840547
2014-01-30,1.365859031677246,1.3662135601043701,1.3560609817504883,1.3651832699775697,1.343055636413559,1.3812345339117065,1.3491320060434329,51.955243500785,-0.000232400658551013
2014-01-31,1.3558770418167114,1.3562393188476562,1.3481086492538452,1.3653571653366088,1.3431832125867254,1.3807888732104112,1.3499254574628063,42.69052035447794,-0.0008490648141239454
2014-02-03,1.3488178253173828,1.3519597053527832,1.3479305505752563,1.3652288436889648,1.3432392783850404,1.3811044617489303,1.3493532256289993,37.586017680861566,-0.001885658675968127
2014-02-04,1.3525028228759766,1.3540045022964478,1.3495640754699707,1.3652237200736999,1.3433314529570899,1.3811159211642927,1.349331518983107,41.51713507246014,-0.0023823559570583797
2014-02-05,1.3515887260437012,1.3553000688552856,1.3500396013259888,1.365119924545288,1.34341361487835,1.381302398980997,1.3489374501095792,40.830138367719286,-0.002817276298298532
2014-02-06,1.3535096645355225,1.3620080947875977,1.3491089344024658,1.3650427627563477,1.3435140730838941,1.381411828050847,1.3486736974618485,42.96597123670571,-0.0029726828819933715
2014-02-07,1.3592127561569214,1.3642098903656006,1.3555792570114136,1.3650190949440002,1.3436702788856163,1.3814189756967732,1.3486192141912272,48.867265900368075,-0.0026056159691412173
2014-02-10,1.361933946609497,1.3652007579803467,1.3620266914367676,1.3650875520706176,1.3438520069226707,1.3814049192633386,1.3487701848778966,51.44862292644125,-0.0020712592808704855
2014-02-11,1.364610195159912,1.3684009313583374,1.3631296157836914,1.3652956318855285,1.3440585560593603,1.3813091493020064,1.3492821144690506,53.912852036137366,-0.0014155097486494572
2014-02-12,1.3639029264450073,1.3655009269714355,1.3562999963760376,1.365392391681671,1.3442560124811087,1.3813104240897027,1.3494743592736393,53.14516191495117,-0.0009420350012476764
2014-02-13,1.3590095043182373,1.3691710233688354,1.35869562625885,1.365399775505066,1.3444028133949115,1.38130536165864,1.349494189351492,48.04743284495493,-0.0009507020212167205
2014-02-14,1.3678767681121826,1.3715990781784058,1.3674839735031128,1.3654173517227173,1.3446363850836414,1.3813320858271136,1.349502617618321,56.2389187804452,-0.00023929813567846736
2014-02-17,1.3699944019317627,1.3726081848144531,1.369281530380249,1.3654042077064514,1.3448887036592454,1.3813023739371455,1.3495060414757574,57.94431881814224,0.0004897246791761845
2014-02-18,1.3704450130462646,1.376900315284729,1.3696191310882568,1.3653326535224914,1.345142995294938,1.3811041936927317,1.3495611133522512,58.31657110992528,0.0010912616779634732
2014-02-19,1.376197338104248,1.3773345947265625,1.3742002248764038,1.3653277277946472,1.345451993730853,1.3810852516959338,1.3495702038933606,62.83857815119528,0.002008990252260201
2014-02-20,1.3730417490005493,1.3764055967330933,1.3690191507339478,1.3652164268493652,1.3457265186589105,1.3806667360664897,1.3497661176322406,59.05382514472336,0.002453385984508172
2014-02-21,1.372118592262268,1.3756691217422485,1.3703510761260986,1.3651571846008301,1.3459891263564572,1.3804752627572394,1.3498391064444208,57.954122655292224,0.0026999583313980224
2014-02-24,1.3737962245941162,1.376900315284729,1.3710105419158936,1.3651545429229737,1.3462658139011112,1.380466491436868,1.3498425944090793,59.4325858807064,0.0029962012583519826
2014-02-25,1.3736075162887573,1.3765003681182861,1.3718700408935547,1.3651008534431457,1.3465378706412876,1.3802715799439993,1.349930126942292,59.18050223878779,0.003179102019972513
2014-02-26,1.3746082782745361,1.3757997751235962,1.3665794134140015,1.3650504994392394,1.3468171781799279,1.380074316626236,1.3500266822522429,60.14592436408418,0.0033660041195953116
2014-02-27,1.3681949377059937,1.3696004152297974,1.364498496055603,1.3650445079803466,1.3470298922050634,1.3800629571762095,1.3500260587844837,51.70616432406592,0.0029624728517851917
2014-02-28,1.3707455396652222,1.3823399543762207,1.369529128074646,1.3651478362083436,1.3472658687967074,1.380252143895927,1.3500435285207601,54.44403074708459,0.0028160223241597837
2014-03-03,1.377695083618164,1.379599690437317,1.374986171722412,1.3653449511528015,1.347568647053638,1.3808446888347827,1.3498452134708203,60.941374085107505,0.0032235700343841156
2014-03-04,1.373701810836792,1.377890706062317,1.3722316026687622,1.365419099330902,1.347828678534068,1.3810445827009052,1.349793615960899,55.99907802343763,0.0031875862802410726
2014-03-05,1.374117136001587,1.3746006488800049,1.3710838556289673,1.365537543296814,1.348090255225288,1.381337715896694,1.349737370696934,56.395169113612376,0.003156199462873266
2014-03-06,1.3734188079833984,1.384999394416809,1.3722691535949707,1.3656689500808716,1.348342280625867,1.381622170558178,1.3497157296035653,55.49066790138986,0.003039933488124369
2014-03-07,1.3863087892532349,1.3915308713912964,1.3854252099990845,1.366002743244171,1.3487200568311155,1.3829601144578139,1.3490453720305282,66.25062401115682,0.00394245940991067
2014-03-10,1.3878673315048218,1.3898154497146606,1.386328101158142,1.3662596082687377,1.3491095819522483,1.384138781164874,1.3483804353726014,67.28057385945735,0.004728966458047434
2014-03-11,1.3878865242004395,1.3876997232437134,1.3835277557373047,1.366397225856781,1.3494954221736244,1.384836812944595,1.347957638768967,67.29381063962492,0.005292815369394077
2014-03-12,1.385809302330017,1.3905401229858398,1.3844892978668213,1.3666235160827638,1.349856754314485,1.385734198733898,1.3475128334316295,64.26359663948733,0.005508556043955393
2014-03-13,1.3904531002044678,1.3965407609939575,1.3898926973342896,1.3668991589546204,1.350260698054685,1.3869745717023503,1.3468237462068906,67.75888736590849,0.005985253485018216
2014-03-14,1.3865394592285156,1.3933204412460327,1.3849802017211914,1.3672967147827149,1.3506216807529332,1.3881260590249676,1.3464673705404622,62.23436094325993,0.00597832708907986
2014-03-17,1.39130437374115,1.3949005603790283,1.3882139921188354,1.3679307866096497,1.35102648366824,1.3897123409354615,1.346149232283838,65.88169127216634,0.006284878482567979
2014-03-18,1.3926606178283691,1.393805980682373,1.3882602453231812,1.3685200691223145,1.351440753659884,1.3913479622785323,1.3456921759660967,66.862677920916,0.006561621940462947
2014-03-19,1.3930875062942505,1.393301010131836,1.3901052474975586,1.3691490745544435,1.3518551492084856,1.3929167147326016,1.3453814343762853,67.18252472454577,0.006737721200303248
2014-03-20,1.381921648979187,1.3844088315963745,1.375269889831543,1.3696434688568115,1.3521543183604336,1.3934251579472696,1.3458617797663535,52.82118170421648,0.00590818389783343
2014-03-21,1.378207802772522,1.3811391592025757,1.3768301010131836,1.3699934077262879,1.352413557011301,1.3937535191415855,1.3462332963109902,49.06435346264309,0.004894670542969548
2014-03-24,1.3795576095581055,1.3823496103286743,1.376197338104248,1.3702408623695375,1.3526836470863943,1.394138902390381,1.346342822348694,50.44391967845791,0.0041525045464936294
2014-03-25,1.3838915824890137,1.384899616241455,1.3775509595870972,1.3705787348747254,1.3529941738068192,1.394765580204467,1.3463918895449838,54.68754999019519,0.003869443506176129
2014-03-26,1.3819025754928589,1.3823038339614868,1.3781299591064453,1.3708798170089722,1.3532818195947407,1.3952512199137364,1.346508414104208,52.46699474106122,0.0034449085887848785
2014-03-27,1.378207802772522,1.3795197010040283,1.3741793632507324,1.371245300769806,1.3535298393278536,1.395494476285364,1.346996125254248,48.52534652013237,0.002778297840046351
2014-03-28,1.3741360902786255,1.3771296739578247,1.3708508014678955,1.3714919400215149,1.3537348766507475,1.3955996154110286,1.3473842646320011,44.55303729147614,0.001899553973686352
2014-03-31,1.3752131462097168,1.3805996179580688,1.3738603591918945,1.3719410228729247,1.353948590775713,1.3954535828773422,1.3484284628685073,45.8165706948363,0.001275351087437926
2014-04-01,1.3775053024291992,1.3812918663024902,1.3771448135375977,1.3723930621147156,1.3541829859165444,1.3954329697500476,1.3493531544793835,48.505977060461,0.0009546193953509086
2014-04-02,1.379481554031372,1.3819999694824219,1.3755196332931519,1.372864418029785,1.3544347129624636,1.395488818628217,1.3502400174313531,50.774597902667715,0.0008501047285576213
2014-04-03,1.376822590827942,1.3799384832382202,1.3699606657028198,1.3733163809776305,1.3546574779163496,1.3953151432036441,1.351317618751617,47.72788151153905,0.0005464211901575755
2014-04-04,1.3723821640014648,1.3730002641677856,1.367629885673523,1.3733858919143678,1.3548338429520228,1.3953497174882612,1.3514220663404743,43.07900245198023,-5.1956613153159026e-05
2014-04-07,1.3704074621200562,1.3748916387557983,1.3697879314422607,1.3734181571006774,1.35498880433678,1.3953591789688515,1.3514771352325032,41.15899735091536,-0.0006777051092707875
2014-04-08,1.374306082725525,1.3809007406234741,1.373947262763977,1.373554973602295,1.3551810160620417,1.3954296982952654,1.3516802489093245,46.25220640447852,-0.00084923969343631
2014-04-09,1.3793293237686157,1.38277006149292,1.3780994415283203,1.373831467628479,1.3554212977307645,1.3956402495683051,1.352022685688653,52.01549284002963,-0.000573240555730381
2014-04-10,1.3855020999908447,1.3899602890014648,1.3837709426879883,1.3742243289947509,1.3557206091960396,1.3961542885616045,1.3522943694278973,57.97846370990443,0.00014194593804273126
2014-04-11,1.3886381387710571,1.3906078338623047,1.3865586519241333,1.3748795509338378,1.356048146803752,1.3965279047420136,1.353231197125662,60.65363641572218,0.0009508279547989495
2014-04-14,1.3846195936203003,1.3862895965576172,1.3809999227523804,1.3755955862998963,1.3563324398069023,1.3960615800636753,1.3551295925361173,55.75540826279378,0.0012531640760742313
2014-04-15,1.381711721420288,1.3832405805587769,1.3792704343795776,1.3761797642707825,1.3565849699722103,1.3955958636819705,1.3567636648595944,52.45433832015637,0.0012437890203649271
2014-04-16,1.38119637966156,1.38520085811615,1.3804794549942017,1.3767719173431396,1.3568298596208612,1.3948894029349288,1.3586544317513505,51.868235377190416,0.0011811597735102985
2014-04-17,1.3827050924301147,1.3865606784820557,1.3823992013931274,1.3773558259010314,1.357087324623939,1.3942540879341034,1.3604575638679595,53.50612323440232,0.001238983920349268
2014-04-18,1.3812155723571777,1.3823038339614868,1.3809484243392944,1.3777958822250367,1.3573274066909369,1.3938926485788325,1.3616991158712408,51.637830834581386,0.0011513461501415634
2014-04-21,1.3815207481384277,1.3830493688583374,1.3788918256759644,1.3781876182556152,1.3575681364565841,1.393649613493618,1.3627256230176124,52.007575942174235,0.0010939078323846108
2014-04-22,1.3795006275177002,1.3824700117111206,1.3786695003509521,1.378485426902771,1.3577863701984862,1.3934454851831115,1.3635253686224307,49.319583842940254,0.0008752908919484881
2014-04-23,1.3810056447982788,1.38554048538208,1.3801099061965942,1.3788274812698365,1.3580174077566936,1.3931970724051186,1.3644578901345543,51.33750688452188,0.0008140933468443468
2014-04-24,1.381921648979187,1.3841999769210815,1.3792152404785156,1.3792857241630554,1.3582552609031866,1.3924898219067023,1.3660816264194084,52.57519336905588,0.0008299406937801734
2014-04-25,1.3832024335861206,1.3849073648452759,1.382877230644226,1.3795922374725342,1.3585034914771466,1.3924215541231166,1.3667629208219518,54.324488314836174,0.0009350695445675683
2014-04-28,1.384063959121704,1.3880001306533813,1.381711721420288,1.3798736286163331,1.3587578244885357,1.3924585662564883,1.367288690976178,55.513170266620094,0.0010755050738684435
2014-04-29,1.3852909803390503,1.3878999948501587,1.3807406425476074,1.3801705479621886,1.3590218359895363,1.3925463105878864,1.367794785336491,57.220761431538584,0.001271158476569001
2014-04-30,1.3813681602478027,1.3876997232437134,1.3786600828170776,1.38027396440506,1.3592441874746937,1.3926005310771294,1.3679473977329903,50.54145751101066,0.0010970305258040103
2014-05-01,1.386924147605896,1.3891011476516724,1.3863991498947144,1.3805516123771668,1.359519609963562,1.3928385976591262,1.3682646270952075,58.016355201981334,0.0013913163875218792
2014-05-02,1.3870972394943237,1.3870991468429565,1.381348967552185,1.380851185321808,1.3597940142375005,1.3930288658029997,1.3686735048406162,58.22816577512006,0.0016198346761211457
2014-05-05,1.387270450592041,1.3888001441955566,1.3865971565246582,1.3811206698417664,1.3600674116141631,1.3932574017379402,1.3689839379455926,58.45404688050846,0.0017942309763958608
2014-05-06,1.387597680091858,1.3951690196990967,1.3873474597930908,1.3814004731178284,1.3603413446338424,1.3934751316561846,1.3693258145794722,58.90614701817662,0.0019365229554977326
2014-05-07,1.3930680751800537,1.393790364265442,1.391259789466858,1.3817696690559387,1.3606669837437555,1.3941223160847545,1.369417022027123,65.63800844637692,0.0024623214309980046
2014-05-08,1.3911689519882202,1.399110198020935,1.3851796388626099,1.3822291493415833,1.3609704859153426,1.3942247904456664,1.3702335082375001,61.84994906505136,0.002694714153696598
2014-05-09,1.3844279050827026,1.3845045566558838,1.3755403757095337,1.3825027966499328,1.3612038930712373,1.3940448610162446,1.370960732283621,50.67144756932841,0.002308331899488092
2014-05-12,1.376064658164978,1.3776001930236816,1.3750240802764893,1.3824701881408692,1.361351761380628,1.394076724537525,1.3708636517442134,40.81544090094998,0.0013121513832443643
2014-05-13,1.3756672143936157,1.3773990869522095,1.369990587234497,1.3825094962120057,1.3614942036991655,1.3940076306563967,1.3710113617676147,40.413144836381925,0.0004850098644462175
2014-05-14,1.3709522485733032,1.3729795217514038,1.3699193000793457,1.38244619846344,1.3615883135984108,1.394165621919249,1.3707267750076308,35.89331209312883,-0.0005446852925223844
2014-05-15,1.372005581855774,1.373049259185791,1.3650591373443604,1.3824179339408875,1.3616919680089319,1.3942326518714174,1.3706032160103576,37.57305848253098,-0.0012611926859329436
2014-05-16,1.3716480731964111,1.372800350189209,1.3686106204986572,1.382124719619751,1.3617910337321906,1.3942684171394708,1.3699810221000313,37.216621495220004,-0.0018367055204240312
2014-05-19,1.3703323602676392,1.3734301328659058,1.3701257705688477,1.3817740201950073,1.3618760220559265,1.3942490815682769,1.3692989588217377,35.86805219460135,-0.002371631928996587
2014-05-20,1.3713847398757935,1.3714975118637085,1.368149995803833,1.3814439845085145,1.3619706361635868,1.394130345260657,1.3687576237563719,37.809199249874915,-0.002679756161512614
2014-05-21,1.3704074621200562,1.3721994161605835,1.3654392957687378,1.3811359477043152,1.3620545846805667,1.3941337981388322,1.3681380972697983,36.698335868347,-0.0029685849833258615
2014-05-22,1.3681762218475342,1.3687305450439453,1.3647797107696533,1.3806904101371764,1.3621154964931734,1.3939100164710645,1.3674708038032883,34.22586802250419,-0.0033390360194969215
2014-05-23,1.3654487133026123,1.3655046224594116,1.3616186380386353,1.3802685952186584,1.3621486628295858,1.3940600061903563,1.3664771842469605,31.437578709608587,-0.0038088027719951345
2014-05-26,1.3628805875778198,1.3655997514724731,1.3616743087768555,1.379700119495392,1.3621559456629015,1.3939697765367456,1.3654304624540383,29.03876588045047,-0.0043383132168475225
2014-05-27,1.3651318550109863,1.366923213005066,1.3614296913146973,1.3791495442390442,1.3621855567011911,1.3935022053173642,1.3647968831607242,33.80697191553797,-0.0045241440753611695
2014-05-28,1.3636983633041382,1.3639029264450073,1.359190583229065,1.378561761379242,1.3622006095032106,1.3929915606250867,1.3641319621333974,32.31785380849654,-0.004732533470180655
2014-05-29,1.359342098236084,1.3626019954681396,1.3588802814483643,1.3781101703643799,1.3621721666050302,1.3934926250828745,1.3627277156458852,28.24607009911628,-0.005189377833713982
2014-05-30,1.360451579093933,1.365094542503357,1.359933614730835,1.377755045890808,1.3621550463312877,1.393927848912341,1.3615822428692752,30.642825849261925,-0.005399660524930461
2014-06-02,1.3628062009811401,1.3637299537658691,1.3594696521759033,1.3774200177192688,1.3621615254820325,1.3941256592320845,1.360714376206453,35.56214719322287,-0.0053150442432865486
2014-06-03,1.3598966598510742,1.3646008968353271,1.3594603538513184,1.37694011926651,1.362138989505605,1.394254458985909,1.3596257795471112,32.49510497248632,-0.005420279278091744
2014-06-04,1.3621008396148682,1.3637503385543823,1.3601185083389282,1.3765440845489503,1.3621386099047024,1.3942954719230949,1.3587926971748057,36.932657472585646,-0.005265126811062837
2014-06-05,1.3604146242141724,1.3637913465499878,1.350679636001587,1.3761882209777831,1.3621214558182293,1.3945077846728136,1.3578686572827527,35.03523517880555,-0.005218080074715914
2014-06-06,1.3661948442459106,1.3675774335861206,1.3621751070022583,1.3760293960571288,1.3621619870463657,1.3945580801443223,1.3575007119699354,45.392032068727374,-0.004660654622627769
2014-06-09,1.3642936944961548,1.3669008016586304,1.3583265542984009,1.3758110070228577,1.3621831980657668,1.3946340267557342,1.3569879872899813,42.96582754063426,-0.004322471076127599
2014-06-10,1.3592681884765625,1.3602999448776245,1.3537899255752563,1.3754462647438048,1.3621541929952274,1.3948335985899587,1.356058930897651,37.2915976445566,-0.00440914859452235
2014-06-11,1.3540961742401123,1.3558990955352783,1.3523015975952148,1.3749385571479797,1.3620740137041316,1.3952042337649324,1.354672880531027,32.53019402443388,-0.004839393955778926
2014-06-12,1.3537112474441528,1.356208086013794,1.3513001203536987,1.374476330280304,1.3619908020995546,1.395602602941102,1.353350057619506,32.20066628240265,-0.005152037399680065
2014-06-13,1.3554543256759644,1.3580996990203857,1.3523601293563843,1.3741377735137938,1.3619257625331507,1.3959329849334774,1.3523425620941103,35.392299881093194,-0.005199224314162754
2014-06-16,1.3538029193878174,1.358105182647705,1.3513604402542114,1.3738056826591492,1.3618449382232467,1.3963268011882912,1.351284564130007,33.770323373521364,-0.005308679813576189
2014-06-17,1.3577179908752441,1.35869562625885,1.3538578748703003,1.3734739208221436,1.36180387407053,1.3964490976369506,1.3504987440073366,40.707832211639136,-0.00502162437607323
2014-06-18,1.3547931909561157,1.3582711219787598,1.3542006015777588,1.3729831981658935,1.3617341160295906,1.3964898853114895,1.3494765110202975,37.54387125466802,-0.004972814276124504
2014-06-19,1.3590649366378784,1.3645002841949463,1.3585480451583862,1.3724544548988342,1.361707557030668,1.3960010735317827,1.3489078362658857,44.347376059423645,-0.004537136459372926
2014-06-20,1.361136794090271,1.3634008169174194,1.3565300703048706,1.3719044280052186,1.3617018777974303,1.3951914238404595,1.3486174321699778,47.34342829267058,-0.003978811803785565
2014-06-23,1.3593051433563232,1.3615074157714844,1.3575999736785889,1.371398138999939,1.3616780296935387,1.3946575128018968,1.3481387651979813,45.03517701282727,-0.003642149960620067
2014-06-24,1.3601926565170288,1.362999439239502,1.3583818674087524,1.3709677577018737,1.3616632498609367,1.3942445530237146,1.3476909623800328,46.39886246960617,-0.0032660788061678048
2014-06-25,1.3605812788009644,1.3652007579803467,1.3601001501083374,1.370555455684662,1.361652483979743,1.3938230512554615,1.3472878601138625,47.0187165032553,-0.002903214684659927
2014-06-26,1.3628991842269897,1.3642005920410156,1.3576995134353638,1.3701593375205994,1.3616648889573275,1.3932564291906122,1.3470622458505865,50.68202393054733,-0.0024009302285856737
2014-06-27,1.3613035678863525,1.3639699220657349,1.36104416847229,1.369761097431183,1.3616612937227905,1.3927665647545169,1.346755630107849,48.21079688684266,-0.0021073271266003335
2014-06-30,1.3644425868988037,1.3696998357772827,1.3641393184661865,1.3694195342063904,1.361688968281756,1.392218558712144,1.3466205097006367,53.05981341259354,-0.0016028750072241138
2014-07-01,1.3693565130233765,1.3698067665100098,1.3676691055297852,1.3692166519165039,1.3617652622592844,1.391829295244124,1.3466040085888837,59.45904427920025,-0.0007973884991177016
2014-07-02,1.3680826425552368,1.3683072328567505,1.3644706010818481,1.3689581918716431,1.361828121764717,1.3913148155315878,1.3466015682116985,57.2790270339413,-0.0002588415742805772
2014-07-03,1.3652995824813843,1.3664991855621338,1.359933614730835,1.368625750541687,1.3618626636623952,1.3906879750740666,1.3465635260093074,52.73035432403675,-5.596382909689446e-05
2014-07-04,1.3610072135925293,1.3613035678863525,1.3586199283599854,1.3681818461418152,1.3618541517214013,1.3899380018543264,1.346425690429304,46.58565790794204,-0.00023878745771810372
2014-07-07,1.3588433265686035,1.3606997728347778,1.3577308654785156,1.367677433490753,1.3618241932621695,1.389097510175531,1.3462573568059752,43.81378843323899,-0.000551921887090856
2014-07-08,1.360618233680725,1.3618004322052002,1.3589726686477661,1.3671839785575868,1.3618121936643441,1.388078195166454,1.3462897619487195,46.61941338379248,-0.0006493773896258936
2014-07-09,1.3617113828659058,1.3642005920410156,1.3602850437164307,1.3667908430099487,1.3618111905718224,1.3873324722991953,1.346249213720702,48.330693051349655,-0.0006311283196929196
2014-07-10,1.3642936944961548,1.3650591373443604,1.3590095043182373,1.3663382339477539,1.361835892103408,1.386049693555403,1.3466267743401048,52.226841559147246,-0.00040364190044139825
2014-07-11,1.3605072498321533,1.3624721765518188,1.3593605756759644,1.3658064341545104,1.361822671782301,1.3846474632043622,1.3469654051046587,46.66976789844161,-0.000522864457979999
2014-07-14,1.360377550125122,1.363999605178833,1.3598780632019043,1.3652685761451722,1.361808292462329,1.383117975197689,1.3474191770926554,46.48730321912191,-0.0006206602907097292
2014-07-15,1.3621751070022583,1.362839698791504,1.3562631607055664,1.36476012468338,1.3618119423582487,1.381422234562499,1.3480980148042612,49.43781485022841,-0.0005468130550345673
2014-07-16,1.3572019338607788,1.3572019338607788,1.3526400327682495,1.3640428018569946,1.3617660716269306,1.3786979560780273,1.3493876476359619,42.4622536227689,-0.0008794444109623267
2014-07-17,1.3529969453811646,1.354019045829773,1.3518993854522705,1.3632793617248535,1.3616788166394105,1.3760185566239391,1.350540166825768,37.62782731294124,-0.0014654715410633568
2014-07-18,1.3518811464309692,1.353637933731079,1.349269151687622,1.362628426551819,1.361581327383605,1.3742323998598795,1.3510244532437583,36.44218911174546,-0.00199691867843943
2014-07-21,1.3532166481018066,1.3549199104309082,1.3514701128005981,1.3621714663505555,1.3614980967439851,1.3734095140780846,1.3509334186230264,38.92283669762188,-0.0022840019869330153
2014-07-22,1.3527040481567383,1.353033423423767,1.346166729927063,1.361712203025818,1.3614105937729677,1.3725695288958484,1.3508548771557876,38.30486458875821,-0.002523787458015292
2014-07-23,1.3468012809753418,1.3475091457366943,1.3455908298492432,1.3612291836738586,1.3612652274764738,1.3725477270711501,1.349910640276567,32.00363285090273,-0.0031537684716753667
2014-07-24,1.346293568611145,1.3485703468322754,1.3441762924194336,1.360714943408966,1.3611162557464704,1.3723665532261642,1.3490633335917679,31.52329163901267,-0.0036519042297020743
2014-07-25,1.3464748859405518,1.3476998805999756,1.3429001569747925,1.360211479663849,1.3609705704747697,1.3721077396195671,1.3483152197081307,31.916298368690207,-0.003986100330314768
2014-07-28,1.3428946733474731,1.3445992469787598,1.3427324295043945,1.3596627259254455,1.360790710801861,1.3721691007406447,1.3471563511102462,28.444819835507303,-0.004488110241863019
2014-07-29,1.3439054489135742,1.3443931341171265,1.3409894704818726,1.359113140106201,1.3606226982457585,1.3719283072175172,1.346297972994885,30.735391857409752,-0.0047496446260726355
2014-07-30,1.3411117792129517,1.341705560684204,1.3368805646896362,1.358527226448059,1.3604285597479193,1.371901346347023,1.345153106549095,28.06164096852001,-0.0051232803205762956
2014-07-31,1.3396027088165283,1.3402005434036255,1.3372291326522827,1.357955756187439,1.3602213373505918,1.3720685007824767,1.3438430115924012,26.70995895880226,-0.005478011562188856
2014-08-01,1.3389928340911865,1.3445992469787598,1.3379608392715454,1.3574266386032106,1.3600101084624383,1.3723530618177786,1.3425002153886425,26.161505200859253,-0.005742158392685326
2014-08-04,1.3428946733474731,1.3432915210723877,1.3412107229232788,1.3570269203186036,1.3598398056254732,1.372420320883578,1.3416335197536293,35.31309582033815,-0.0055724155027701006
2014-08-05,1.342209815979004,1.3426063060760498,1.3361481428146362,1.3565684795379638,1.3596643828429211,1.3723373944097403,1.3407995646661872,34.50473021288431,-0.00543055524516145
2014-08-06,1.337238073348999,1.3374992609024048,1.3334044218063354,1.3560392737388611,1.3594412354847722,1.3725882615145013,1.339490285963221,29.26699686020443,-0.005654130748913966
2014-08-07,1.3382940292358398,1.3392976522445679,1.3339380025863647,1.355618312358856,1.359230815522096,1.3728798535072544,1.3383567712104578,31.640476952922143,-0.0056806264061923795
2014-08-08,1.3358268737792969,1.3430101871490479,1.334507703781128,1.3551258182525634,1.358997940479879,1.373210049484914,1.3370415870202128,29.177046809781643,-0.00583345875066521
2014-08-11,1.3405184745788574,1.3408960103988647,1.3380969762802124,1.3546800637245178,1.3588140651972815,1.3730874363410297,1.3362726911080058,38.91641853724003,-0.005512462275849561
2014-08-12,1.3384909629821777,1.3385089635849,1.333749532699585,1.35425194978714,1.3586118452747429,1.373153184541984,1.3353507150322959,36.5755615012001,-0.005359888045163963
2014-08-13,1.3366124629974365,1.3414806127548218,1.3345005512237549,1.3537421822547913,1.3583929459486004,1.3731475203542312,1.3343368441553514,34.50469208735369,-0.005329120335629822
2014-08-14,1.3367911577224731,1.3406891822814941,1.3349494934082031,1.3532697129249573,1.358178002782171,1.3731563342822322,1.3333830915676825,34.882390691224714,-0.00523002901436076
2014-08-15,1.3363981246948242,1.3409498929977417,1.3358982801437378,1.3526737785339356,1.3579612875773217,1.3727642606243635,1.3325832964435076,34.412332847715376,-0.005124144955579446
2014-08-18,1.339046597480774,1.3400999307632446,1.3354896306991577,1.352168836593628,1.357773081705714,1.3723362295802641,1.3320014436069918,40.254836187743585,-0.004771518363004601
2014-08-19,1.336112380027771,1.336094617843628,1.3314799070358276,1.351705720424652,1.3575575523357841,1.3722673271761572,1.331144113673147,36.3875117406739,-0.0046749363182012615
2014-08-20,1.332196593284607,1.332196593284607,1.3276492357254028,1.351267728805542,1.3573052044845284,1.372542128336904,1.32999332927418,31.972958240596128,-0.004858361449867399
2014-08-21,1.3260489702224731,1.3290996551513672,1.3242928981781006,1.3507144832611084,1.3569941971784378,1.3731372521072411,1.3282917144149757,26.5309404894939,-0.0054371133334811805
2014-08-22,1.3279330730438232,1.3299003839492798,1.322499394416809,1.3501640582084655,1.3567050317641627,1.3734465997133443,1.3268815167035868,30.43869187905831,-0.0056782912128603424
2014-08-25,1.3198705911636353,1.3210301399230957,1.318610668182373,1.3494854116439818,1.356338519917391,1.3742650359741009,1.3247057873138628,24.446474964601094,-0.006445699317199516
2014-08-26,1.3188958168029785,1.3217006921768188,1.3185653686523438,1.3487089681625366,1.3559659557072972,1.37483217632338,1.3225857600016933,23.835524109669336,-0.007051249498176482
2014-08-27,1.3170199394226074,1.3209795951843262,1.3156163692474365,1.3479535031318663,1.3555784331572005,1.375504287351795,1.3204027189119376,22.661791158531557,-0.007594969921043582
2014-08-28,1.319087266921997,1.3218997716903687,1.316250205039978,1.3471539497375489,1.3552153369757554,1.3756912741237026,1.3186166253513951,26.932113466556984,-0.007769494327372284
2014-08-29,1.3184958696365356,1.3196808099746704,1.3144301176071167,1.346301131248474,1.3548499691415339,1.3756693661614832,1.316932896335465,26.481643125087416,-0.00786486571889311
2014-09-01,1.3127838373184204,1.314699649810791,1.312026023864746,1.3453707051277162,1.3544314006656815,1.3759789099654713,1.314762500289961,22.557208232124452,-0.008305619492966931
2014-09-02,1.3131976127624512,1.3137307167053223,1.3111796379089355,1.3444308042526245,1.3540211142188827,1.3760507526682502,1.3128108558369989,23.442282909040074,-0.008523280739307415
2014-09-03,1.3131976127624512,1.3160994052886963,1.312404751777649,1.3434831309318542,1.353614910224291,1.3759561390318489,1.3110101228318596,23.442282909040074,-0.008596681650379967
2014-09-04,1.3150973320007324,1.3155003786087036,1.2924203872680664,1.342527093887329,1.3532316507394793,1.3754780769495416,1.3095761108251165,27.833916756832792,-0.008404677050013909
2014-09-05,1.2932761907577515,1.2988194227218628,1.2926744222640991,1.341166546344757,1.352635078998367,1.3764857210419914,1.3058473716475227,16.28101082526608,-0.00989918411982238
2014-09-08,1.2953367233276367,1.295873999595642,1.2931692600250244,1.3397844290733338,1.3520649461061203,1.376755765402603,1.3028130927440646,19.67158176156265,-0.01079291003367211
2014-09-09,1.2891082763671875,1.2924906015396118,1.2861074209213257,1.33817946434021,1.3514385115813543,1.3768397272925081,1.299519201387912,17.380241268494956,-0.01186698268628339
2014-09-10,1.2941968441009521,1.2962805032730103,1.289889931678772,1.3367017483711243,1.350868942750703,1.3763328367172554,1.2970706600249933,25.06027160069047,-0.012167330698185319
2014-09-11,1.2917059659957886,1.295209288597107,1.2899596691131592,1.3352298760414123,1.3502802564148326,1.3759765775840234,1.2944831744988012,23.88961437231876,-0.012462689579737507
2014-09-12,1.2923569679260254,1.2960201501846313,1.2913206815719604,1.3338568711280823,1.3497039052855904,1.3756707987514463,1.2920429435047183,24.877324504558842,-0.012500139380482
2014-09-15,1.2960082292556763,1.2968990802764893,1.2912389039993286,1.3326001691818237,1.3491696199519592,1.3751199723974716,1.2900803659661757,30.33777242006562,-0.01209575995157186
2014-09-16,1.2939791679382324,1.29781973361969,1.2924203872680664,1.3312673878669739,1.348620461225454,1.3743761178881515,1.2881586578457962,29.073079199208024,-0.011802957484711163
2014-09-17,1.2959076166152954,1.2979999780654907,1.294089674949646,1.3299513125419617,1.3480959553089347,1.3732837397434825,1.286618885340441,31.975526145161908,-0.011285210842878257
2014-09-18,1.285000205039978,1.2926894426345825,1.2850167751312256,1.3283654427528382,1.347468136898298,1.3723666203770222,1.2843642651286542,25.595586519858998,-0.011621069401947626
2014-09-19,1.2920063734054565,1.2929586172103882,1.283202886581421,1.3269954252243041,1.346916278555085,1.3711771540694766,1.2828136963791317,34.619422156044905,-0.011192875988565554
2014-09-22,1.2841421365737915,1.286900281906128,1.2819527387619019,1.3254707169532776,1.3462916602269126,1.3702086017121933,1.2807328321943618,30.192941223155472,-0.011357189204099116
2014-09-23,1.2851488590240479,1.289929747581482,1.284589171409607,1.3239301919937134,1.3456832741452918,1.3688137953777813,1.2790465886096456,31.40211128466906,-0.011276189628167899
2014-09-24,1.2853965759277344,1.2863903045654297,1.277550458908081,1.3224940848350526,1.3450834065013357,1.3676268135973328,1.2773613560727723,31.715541232123854,-0.01106446394384597
2014-09-25,1.2778083086013794,1.2784944772720337,1.2705398797988892,1.3209903120994568,1.3444140025421316,1.3669771129935826,1.275003511205331,27.56122194781331,-0.011377823106734963
2014-09-26,1.2757054567337036,1.2760473489761353,1.2681503295898438,1.3194667983055115,1.3437303354196592,1.366315705689467,1.272617890921556,26.52435433982434,-0.011661419487539737
2014-09-29,1.2673146724700928,1.2714558839797974,1.2665106058120728,1.3177487587928771,1.3429699805644393,1.3658301144964915,1.2696674030892627,22.833141669377838,-0.012420067026434944
2014-09-30,1.269083857536316,1.2701992988586426,1.2573903799057007,1.3160763549804688,1.3422347952606766,1.3650047149561162,1.2671479950048214,25.196879760837675,-0.012731778203746158
2014-10-01,1.262833595275879,1.2639987468719482,1.2585740089416504,1.3143970012664794,1.3414447335692852,1.364763874052995,1.2640301284799638,22.566912518513035,-0.013329501292742796
2014-10-02,1.2624191045761108,1.2690500020980835,1.2616099119186401,1.3127195119857789,1.340658408902686,1.3643221382294406,1.261116885742117,22.399937456114074,-0.013678964494727497
2014-10-03,1.2670577764511108,1.266993522644043,1.2501593828201294,1.31113116979599,1.3399260643011774,1.3633779214437471,1.2588844181482328,28.75335547510626,-0.013426838312581735
2014-10-06,1.2513607740402222,1.2593204975128174,1.2515017986297607,1.309300491809845,1.3390448176319136,1.3633866803322787,1.2552143032874112,22.14575699544136,-0.014328473680571996
2014-10-07,1.264606237411499,1.266430377960205,1.258469581604004,1.3077145075798036,1.3383041352416603,1.3623071918732867,1.2531218232863204,35.59530663895616,-0.013814977546894536
2014-10-08,1.266800880432129,1.2690999507904053,1.2624493837356567,1.306228289604187,1.3375926600694257,1.36115497868603,1.251301600522344,37.52123146965491,-0.013080158881576986
2014-10-09,1.2743074893951416,1.2793008089065552,1.2677806615829468,1.3049223852157592,1.3369629568786365,1.3597150152057405,1.250129755225778,43.72045095177627,-0.011756566803363233
2014-10-10,1.2689067125320435,1.2716013193130493,1.2610498666763306,1.3035206627845763,1.3362857803179733,1.3583416609911814,1.2486996645779713,40.59926363600786,-0.011016417696367409
2014-10-13,1.263982892036438,1.269999384880066,1.2635036706924438,1.3019424271583557,1.3355663485937783,1.3566802578378558,1.2472045964788556,37.93998974101481,-0.010703768974622774
2014-10-14,1.272394061088562,1.2732040882110596,1.264080286026001,1.3005461120605468,1.3349377686186017,1.354649548413886,1.2464426757072076,44.61395718803753,-0.009665859550583633
2014-10-15,1.2639029026031494,1.2840431928634644,1.2626103162765503,1.2990794086456299,1.334230954031383,1.35309893738196,1.2450598799092998,39.94394066188938,-0.009419887777872837
2014-10-16,1.2821663618087769,1.284438967704773,1.2710679769515991,1.2979568552970886,1.3337128983873765,1.3509736794071001,1.244940031187077,51.66376855341154,-0.0076629115774040635
2014-10-17,1.280442476272583,1.283489465713501,1.2746502161026,1.2968491673469544,1.333182844435985,1.348942777059054,1.2447555576348548,50.658852417357814,-0.00633655457904192
2014-10-20,1.274957299232483,1.2788541316986084,1.2732398509979248,1.295537943840027,1.3326034857772435,1.3464317077484746,1.2446441799315793,47.49334453790344,-0.005662738522794086
2014-10-21,1.2795250415802002,1.2839277982711792,1.271709680557251,1.2943586254119872,1.3320753420538896,1.3439047761066294,1.244812474717345,50.27958399255921,-0.004705909020528143
2014-10-22,1.2714719772338867,1.2739096879959106,1.2651101350784302,1.2930558156967162,1.3314723234984662,1.3414800498577044,1.244631581535728,45.67753733713726,-0.00454503737520473
2014-10-23,1.2641425132751465,1.2675796747207642,1.261702299118042,1.2916028428077697,1.330802375138035,1.3390200070697795,1.24418567854576,41.91703689454657,-0.00495188962272608
2014-10-24,1.2654062509536743,1.2695107460021973,1.2635835409164429,1.2901830053329468,1.3301516674347076,1.3363606513863426,1.244005359279551,42.791562347921975,-0.005113405732636744
2014-10-27,1.2676681280136108,1.2721998691558838,1.2667094469070435,1.2887554359436035,1.3295299406742984,1.333146062858455,1.244364809028752,44.40501437805896,-0.005001242626131663
2014-10-28,1.270147681236267,1.2762998342514038,1.2686975002288818,1.2874361419677733,1.3289390724211836,1.3299639303253796,1.244908353610167,46.19642931525813,-0.004658572212947076
2014-10-29,1.273836612701416,1.2769794464111328,1.2725075483322144,1.2862689423561096,1.328390789239892,1.3269457050493483,1.2455921796628708,48.83775524781219,-0.004042735365363592
2014-10-30,1.2632802724838257,1.2634079456329346,1.2558696269989014,1.2850135684013366,1.3277429234015228,1.3245373335811408,1.2454898032215325,42.42005281215261,-0.0043562722643541996
2014-10-31,1.2613362073898315,1.2610021829605103,1.249125599861145,1.2836816310882568,1.3270821600581224,1.3217641396520556,1.245599122524458,41.342586661536494,-0.004707358819330709
2014-11-03,1.2503125667572021,1.2511416673660278,1.2442917823791504,1.2822904706001281,1.326318283507864,1.3200577343802156,1.2445232068200407,35.79113205052063,-0.005808160258233608
2014-11-04,1.2495938539505005,1.2568103075027466,1.2492660284042358,1.2809044313430786,1.3255548563480888,1.3182730291423466,1.2435358335438107,35.4568414134601,-0.006661754882885784
2014-11-05,1.2552564144134521,1.2567076683044434,1.245969295501709,1.2796691608428956,1.3248553693636642,1.316239746135986,1.2430985755498052,40.19620142608913,-0.006802893940678567
2014-11-06,1.2480031251907349,1.2533605098724365,1.2402100563049316,1.2782474780082702,1.3240906704166697,1.3140828567808864,1.242412099235654,36.49912240253752,-0.00741455708417238
2014-11-07,1.238006830215454,1.2442995309829712,1.236390471458435,1.2766376972198485,1.3232341147927766,1.3123244786874215,1.2409509157522756,32.115109016904114,-0.00860670920791029
2014-11-10,1.246137022972107,1.2508692741394043,1.2430498600006104,1.2753047609329224,1.3224669795507795,1.310455578590368,1.240153943275477,38.577098403977246,-0.008794086985716598
2014-11-11,1.242992639541626,1.2441989183425903,1.2396397590637207,1.2739006614685058,1.321676190097952,1.3084773847738813,1.2393239381631302,37.10595154525398,-0.009091509427332944
2014-11-12,1.2475829124450684,1.25,1.2431780099868774,1.2725883674621583,1.3209389435541417,1.3060398281700576,1.239136906754259,40.663386103758754,-0.008854750146531698
2014-11-13,1.242992639541626,1.2490195035934448,1.243193507194519,1.2711462736129762,1.3201633584395889,1.3033099697774784,1.238982577448474,38.32866127015481,-0.008934521766160941
2014-11-14,1.2475982904434204,1.2493003606796265,1.2399563789367676,1.2702327156066895,1.3194413179620148,1.3024256428515535,1.2380397883618255,41.93122771926904,-0.008527800635343752
2014-11-17,1.251846432685852,1.2575926780700684,1.2448292970657349,1.2693629097938537,1.3187687320388686,1.3011347070741586,1.2375911125135488,45.11592176500889,-0.0077730784236509365
2014-11-18,1.2448959350585938,1.2535696029663086,1.2451130151748657,1.2684786629676819,1.3180336793325966,1.300467673496178,1.2364896524391857,41.140391826863386,-0.00764764540841778
2014-11-19,1.253337025642395,1.2570995092391968,1.251392126083374,1.2676614665985106,1.317389931534684,1.2990508442097435,1.2362720889872778,47.22284172957999,-0.00678885567289278
2014-11-20,1.2540757656097412,1.2575294971466064,1.2506800889968872,1.2669088625907898,1.316759939833938,1.2977447709710255,1.2360729542105542,47.73190941227446,-0.005979718011791313
2014-11-21,1.2545005083084106,1.2567235231399536,1.2406902313232422,1.2661517333984376,1.316140443002838,1.296288362706549,1.2360151040903262,48.04222179520388,-0.005243750705771877
2014-11-24,1.2375012636184692,1.2440301179885864,1.237424612045288,1.2649815940856934,1.3153579636059785,1.2949293431303963,1.2350338450409906,38.253570905153836,-0.005963445404746137
2014-11-25,1.2433171272277832,1.247889518737793,1.2406023740768433,1.2639683532714843,1.314641139363409,1.2933341475891549,1.2346025589538137,42.56522536162662,-0.005995405745310656
2014-11-26,1.24806547164917,1.2524595260620117,1.2444404363632202,1.263011510372162,1.3139786949085408,1.29122468382455,1.234798336919774,45.887549392127745,-0.005573336876009138
2014-11-27,1.2505940198898315,1.252097249031067,1.246618628501892,1.262323386669159,1.3133480016247723,1.2900211863744038,1.2346255869639142,47.624970373635016,-0.004977434775437883
2014-11-28,1.246199131011963,1.248953938484192,1.2431100606918335,1.2614072418212892,1.3126798536584752,1.2881100738641178,1.2347044097784605,44.92501005849678,-0.004804426433048903
2014-12-01,1.2438275814056396,1.250589370727539,1.2422822713851929,1.260600950717926,1.3119947564221284,1.2869338570083386,1.2342680444275136,43.4921539580775,-0.004803310732444777
2014-12-02,1.247007131576538,1.2478007078170776,1.2395721673965454,1.2598381161689758,1.3113481133888387,1.285468957320277,1.2342072750176745,45.97980080928717,-0.004494058694321845
2014-12-03,1.2388503551483154,1.2392956018447876,1.2302998304367065,1.2589071917533874,1.310626742660077,1.2841269369430766,1.2336874465636982,40.99397024345735,-0.0048512358872823125
2014-12-04,1.231663703918457,1.2431780099868774,1.229770302772522,1.257984299659729,1.3098410407820509,1.283752187247531,1.232216412071927,37.169671213639695,-0.005649084944123084
2014-12-05,1.2386661767959595,1.2392494678497314,1.2275059223175049,1.2572435140609741,1.3091328331801988,1.2830615850528095,1.2314254430691387,42.77178131043466,-0.0056512014976404235
2014-12-08,1.2294074296951294,1.2303906679153442,1.2247997522354126,1.256485369205475,1.3083395455833322,1.2833032688848092,1.2296674695261407,37.95322969118553,-0.006327048121714363
2014-12-09,1.2315119504928589,1.2447998523712158,1.2293771505355835,1.2557339310646056,1.3075750919008395,1.283208466397926,1.2282593957312853,39.61836574760221,-0.006616572471563442
2014-12-10,1.2394952774047852,1.2435954809188843,1.2362926006317139,1.2552671647071838,1.3068976808113262,1.283040751812418,1.2274935776019495,45.584196966002494,-0.00613115866184355
2014-12-11,1.2473959922790527,1.2495938539505005,1.2374200820922852,1.2549667024612428,1.3063056242090147,1.2827495336843018,1.2271838712381837,50.76834822935168,-0.005050721485775789
2014-12-12,1.2394952774047852,1.2477073669433594,1.2386692762374878,1.2544154524803162,1.305640844638823,1.2823126062417924,1.2265182987188399,46.04431126872367,-0.004776923500356078
2014-12-15,1.2463544607162476,1.248000144958496,1.2417100667953491,1.2543153262138367,1.3050509303709366,1.282293049593203,1.2263376028344704,50.36267597239435,-0.003960800216274096
2014-12-16,1.2443537712097168,1.2565702199935913,1.2436264753341675,1.253910276889801,1.3044469785384865,1.2818662930644231,1.2259542607151788,49.12758357557783,-0.0034358492253774298
2014-12-17,1.2512043714523315,1.2515957355499268,1.239009976387024,1.253598346710205,1.3039172013535494,1.2813143113678347,1.2258823820525753,53.34656747024654,-0.0024389212305302443
2014-12-18,1.2338976860046387,1.2351473569869995,1.226670265197754,1.252790150642395,1.3032204897580375,1.280397792935938,1.2251825083488521,43.525859176679326,-0.0030106486066852067
2014-12-19,1.229044795036316,1.23099946975708,1.2254902124404907,1.2519929122924804,1.3024824231438907,1.2800002689510264,1.2239855556339345,41.233624093553566,-0.0038113989802717185
2014-12-22,1.2225985527038574,1.2280004024505615,1.2223594188690186,1.2511652255058288,1.3016875587614025,1.2801551080777125,1.222175342933945,38.34487448050866,-0.004909562917947197
2014-12-23,1.2223743200302124,1.2249993085861206,1.216570258140564,1.2501648306846618,1.3008983723063654,1.279613195885478,1.2207164654838456,38.24450437495599,-0.0057318858411692375
2014-12-24,1.217492938041687,1.2221053838729858,1.2170928716659546,1.2492366313934327,1.3000684674878111,1.2798212965677827,1.2186519662190827,36.03329618462063,-0.006700233294730795
2014-12-25,1.2198543548583984,1.2255953550338745,1.2191553115844727,1.247990391254425,1.2992703171133888,1.2781737921080114,1.2178069904008386,37.90372291868372,-0.007194179008926271
2014-12-26,1.2210012674331665,1.222299575805664,1.2169995307922363,1.2468015670776367,1.2984915205991576,1.27644546930125,1.2171576648540234,38.839134404568206,-0.007407696966973409
2014-12-29,1.216944694519043,1.2219994068145752,1.2169595956802368,1.2456413149833678,1.29768010939438,1.275328390220932,1.2159542397458036,36.73152673369502,-0.007814166175493353
2014-12-30,1.215347409248352,1.2189993858337402,1.2124900817871094,1.244357762336731,1.2968608785471556,1.2736116659935328,1.2151038586799292,35.905323378295435,-0.008170993398343596
2014-12-31,1.2162047624588013,1.2169743776321411,1.21053946018219,1.2432524180412292,1.2960583301283657,1.272501188776654,1.2140036473058045,36.72798570592227,-0.008289049303750629
2015-01-01,1.2098628282546997,1.2098628282546997,1.2098628282546997,1.2421668243408204,1.2952006634430553,1.2722677466467065,1.2120659020349343,33.321042693232855,-0.008792990427644476
2015-01-02,1.2089413404464722,1.208956003189087,1.2010799646377563,1.2410375261306763,1.294342361721696,1.2718090989824977,1.210265953278855,32.84430403784931,-0.009161120074341333
2015-01-05,1.194643259048462,1.1975904703140259,1.1889094114303589,1.2395770287513732,1.2933503308493253,1.2720731637867935,1.207080893715953,26.50710982963038,-0.010485728198810218
2015-01-06,1.193901538848877,1.1969999074935913,1.1886931657791138,1.2380521059036256,1.292360790630415,1.271823729428376,1.204280482378875,26.224433081869762,-0.011463199671807534
2015-01-07,1.1875356435775757,1.1900001764297485,1.1804006099700928,1.2363260865211487,1.2913177543413317,1.2714280676252927,1.2012241054170048,23.871490588255583,-0.01260621085124769
2015-01-08,1.1836000680923462,1.184805989265442,1.1756006479263306,1.234732482433319,1.2902459365677095,1.2720073603086361,1.1974576045580019,22.52587703080279,-0.013672020949616392
2015-01-09,1.1796069145202637,1.1838297843933105,1.176830530166626,1.2330978965759278,1.2891450507761923,1.2727060063284001,1.1934897868234555,21.21893351708441,-0.014669793010218202
2015-01-12,1.187070369720459,1.1872000694274902,1.1788004636764526,1.2318330526351928,1.2881293823079758,1.2731975604785584,1.1904685447918273,29.45720963528315,-0.014688970785201594
2015-01-13,1.1831519603729248,1.1859019994735718,1.1756504774093628,1.2305042147636414,1.2870848308459353,1.2737652996121525,1.1872431299151303,27.812786611127322,-0.01484918009206937
2015-01-14,1.1778285503387451,1.184356927871704,1.173060417175293,1.2289556574821472,1.285997703676709,1.2741023939024516,1.1838089210618428,25.712712434817377,-0.015230138268643056
2015-01-15,1.1785920858383179,1.1788560152053833,1.1592293977737427,1.2275674366950988,1.2849289910614015,1.274554726457277,1.1805801469329207,26.569144106315846,-0.015294138130452772
2015-01-16,1.1637378931045532,1.1650002002716064,1.1464300155639648,1.2260820579528808,1.2837231094896913,1.2763064754128761,1.1758576404928855,21.400212285642922,-0.016354938147607134
2015-01-19,1.1566041707992554,1.1638705730438232,1.155401587486267,1.224291400909424,1.2824582444280943,1.2778696335338646,1.1707131682849832,19.443817061190018,-0.01756874007545739
2015-01-20,1.1597968339920044,1.1615993976593018,1.1569199562072754,1.2226274847984313,1.2812377328814661,1.2789331831224175,1.166321786474445,22.843456550150293,-0.018064825546853402
2015-01-21,1.1546944379806519,1.1663997173309326,1.1543744802474976,1.220769715309143,1.279978595618771,1.2797793118916092,1.1617601187266768,21.296600135228914,-0.018654658284073866
2015-01-22,1.1615345478057861,1.1642893552780151,1.1414000988006592,1.2191405534744262,1.278800047879338,1.2801111795781517,1.1581699273707007,28.3054671251993,-0.01835853946497279
2015-01-23,1.1346745491027832,1.1373976469039917,1.1121799945831299,1.2168820786476136,1.2773659633143968,1.2817889123217212,1.151975244973506,20.561846948579543,-0.020060001375432845
2015-01-26,1.1125450134277344,1.1283994913101196,1.1140819787979126,1.2140960502624512,1.2757259538627876,1.2845949189016967,1.1435971816232056,16.545698031800853,-0.02292977065969537
2015-01-27,1.1247708797454834,1.14199960231781,1.1226003170013428,1.2116935491561889,1.2742239133243065,1.2859931967390406,1.1373939015733372,25.234160408266163,-0.023941574687149636
2015-01-28,1.1367381811141968,1.138200283050537,1.1307804584503174,1.209361572265625,1.2728558960883847,1.2856197712801554,1.1331033732510947,32.62807486554672,-0.023506803662868503
2015-01-29,1.1281461715698242,1.1368002891540527,1.126405119895935,1.2068429803848266,1.2714159983319806,1.285358285120974,1.1283276756486793,30.310431876360653,-0.0235836897623376
2015-01-30,1.13355553150177,1.1363998651504517,1.1285994052886963,1.204424080848694,1.2700442523933713,1.2843854269445376,1.1244627347528502,33.51250236487627,-0.02294365227005879
2015-02-02,1.1309019327163696,1.1359995603561401,1.1292927265167236,1.2022920942306519,1.2686597517000673,1.284311700920912,1.1202724875403918,32.718305833817936,-0.022392415365598106
2015-02-03,1.1341726779937744,1.1450005769729614,1.1317901611328125,1.2001092052459716,1.2673215718621933,1.2834708936371393,1.116747516854804,34.77023831690589,-0.021444436226121022
2015-02-04,1.145737886428833,1.1484194993972778,1.1404199600219727,1.198062653541565,1.2661117839474332,1.2816429285305442,1.114482378552586,41.55738468662743,-0.019534755757624422
2015-02-05,1.131874680519104,1.1460003852844238,1.1316953897476196,1.1956882667541504,1.2647760913760067,1.2799201050752698,1.111456428433031,36.63642902132576,-0.018921845824876327
2015-02-06,1.147196888923645,1.147599697113037,1.132002830505371,1.193708221912384,1.2636061490630475,1.2777479691301699,1.1096684746945982,44.46386099288278,-0.01700372773333103
2015-02-09,1.1314393281936646,1.1359995603561401,1.1271694898605347,1.1914604568481446,1.2622910563180783,1.2760389612176797,1.1068819524786095,39.11268109060103,-0.016564167375300087
2015-02-10,1.1326953172683716,1.1350003480911255,1.127559781074524,1.1891742205619813,1.2610015464767872,1.2738041358622183,1.1045443052617443,39.73524981035544,-0.015930824178572056
2015-02-11,1.1321951150894165,1.1331958770751953,1.128860592842102,1.1870411157608032,1.2597198904430817,1.271936547100587,1.1021456844210193,39.56175742347902,-0.015292969435541481
2015-02-12,1.131196141242981,1.1398193836212158,1.1306205987930298,1.1850317645072936,1.2584410471674585,1.2703710541625188,1.0996924748520684,39.19370136076591,-0.014698637058403685
2015-02-13,1.140393853187561,1.1450005769729614,1.138200283050537,1.1830663180351257,1.2572664482223845,1.2678888096854646,1.098243826384787,44.32913085500001,-0.013331765587193622
2015-02-16,1.1400039196014404,1.1435000896453857,1.1397050619125366,1.181278247833252,1.2560996568928227,1.2658824821202719,1.096674013546232,44.15885950697741,-0.012140031750953906
2015-02-17,1.1334012746810913,1.1442302465438843,1.1325156688690186,1.1793160343170166,1.25487877746783,1.2637155953021848,1.0949164733318484,41.268306193649295,-0.011594695927022336
2015-02-18,1.1404719352722168,1.1415003538131714,1.1347800493240356,1.1773355674743653,1.25374040092857,1.2606110936798156,1.094060041268915,45.390761781416316,-0.010471263927475993
2015-02-19,1.1400039196014404,1.1450005769729614,1.135620355606079,1.175187726020813,1.2526086946467077,1.2566067681486102,1.0937686838930158,45.16478257908071,-0.009509086101824993
2015-02-20,1.1366735696792603,1.1375994682312012,1.1282098293304443,1.1731312918663024,1.251455111313698,1.253101910531856,1.0931606732007488,43.504988489102615,-0.008912546362109142
2015-02-23,1.1381484270095825,1.1393024921417236,1.1296601295471191,1.1709671711921692,1.2503276816191293,1.2486743245529022,1.0932600178314362,44.4781018202426,-0.0082259520056438
2015-02-24,1.1332985162734985,1.1347401142120361,1.1290695667266846,1.1687460660934448,1.2491632123122074,1.2442076874947334,1.0932844446921561,41.92097030493434,-0.007981166377609261
2015-02-25,1.1339025497436523,1.1388003826141357,1.1337804794311523,1.1664000296592711,1.2480163400478435,1.238622245638532,1.0941778136800102,42.36539896043234,-0.007650244296742326
2015-02-26,1.1363636255264282,1.1378804445266724,1.1202698945999146,1.164449348449707,1.246905367764048,1.2344654328955111,1.0944332640039027,44.237684848753986,-0.007107467455309102
2015-02-27,1.1205360889434814,1.1249998807907104,1.117680549621582,1.1622791743278504,1.245647962004639,1.2308344747219429,1.093723873933758,36.11271075972603,-0.007863813674987563
2015-03-02,1.1161960363388062,1.1240400075912476,1.1163954734802246,1.1601511240005493,1.2443598831422922,1.2276617920240485,1.0926404559770502,34.254830306176686,-0.008712991534367998
2015-03-03,1.1179054975509644,1.1214005947113037,1.115599513053894,1.1580617475509642,1.2431016305493434,1.2241639555295,1.0919595395724284,35.65892035424322,-0.009142641196053791
2015-03-04,1.118217945098877,1.118806004524231,1.1062803268432617,1.1560762476921083,1.2418590068135176,1.2208425465480122,1.0913099488362044,35.92825993651684,-0.009350147067386683
2015-03-05,1.1082050800323486,1.1108901500701904,1.1010500192642212,1.1538432621955872,1.2405291169947992,1.21732036107403,1.0903661633171444,31.392923343661735,-0.01020491558080483
2015-03-06,1.1032048463821411,1.103399634361267,1.0852224826812744,1.1514873337745666,1.2391627063419366,1.2135182490801173,1.0894564184690159,29.397218985933463,-0.01115718971491475
2015-03-09,1.0845986604690552,1.0910003185272217,1.0837758779525757,1.148840413093567,1.2376247556367335,1.2107653783163044,1.0869154478708296,23.42872410986294,-0.013260380123994553
2015-03-10,1.0833414793014526,1.0837054252624512,1.0705904960632324,1.146200294494629,1.2360895986582727,1.2078070192952333,1.0845935696940248,23.08763858646188,-0.014857351390928475
2015-03-11,1.0708701610565186,1.0714553594589233,1.0561401844024658,1.1432936024665832,1.2344456241547723,1.205132808156635,1.0814543967765313,19.980131241026143,-0.016934088153609972
2015-03-12,1.0548745393753052,1.0681501626968384,1.0501554012298584,1.1401938366889954,1.232658847191792,1.2039222858941978,1.076465387483793,16.84791183937,-0.019644184063003278
2015-03-13,1.0626314878463745,1.0629997253417969,1.0486302375793457,1.1372676396369934,1.2309670326709419,1.2015455305212461,1.0729897487527407,23.14045380503397,-0.020924825321240403
2015-03-16,1.0481630563735962,1.0613998174667358,1.0484488010406494,1.134338035583496,1.229148087633157,1.2012410814570191,1.0674349897099729,20.087049344677197,-0.022843894056191916
2015-03-17,1.0572947263717651,1.064900279045105,1.055297613143921,1.131605899333954,1.2274381039390134,1.199726948315889,1.063484850352019,26.664257653872113,-0.023358656352312046
2015-03-18,1.0598047971725464,1.064599871635437,1.0580499172210693,1.1290512824058532,1.225770110836859,1.1981839886851433,1.059918576126563,28.408498089595312,-0.02329553106342863
2015-03-19,1.0849988460540771,1.0914051532745361,1.0621405839920044,1.127079257965088,1.2243694017345426,1.1954822706736916,1.0586762452564842,43.04987762844263,-0.020970816113629498
2015-03-20,1.066894292831421,1.0814902782440186,1.065719723701477,1.124825005531311,1.2228024852280437,1.1935904462056792,1.0560595648569426,37.16743566377345,-0.020354712451478685
2015-03-23,1.0826611518859863,1.094369649887085,1.0769503116607666,1.1227368211746216,1.2214080441002617,1.190114332669835,1.0553593096794083,44.30491199656505,-0.018382292478757334
2015-03-24,1.094499111175537,1.1030004024505615,1.0893305540084839,1.1209637641906738,1.220145268648274,1.186492616596249,1.0554349117850985,48.99013642250849,-0.015683125747928628
2015-03-25,1.0902034044265747,1.1012972593307495,1.0910003185272217,1.1192112612724303,1.218852314775421,1.1832016343371121,1.0552208882077485,47.430881347286,-0.013732346360468162
2015-03-26,1.0960465669631958,1.1045196056365967,1.0912598371505737,1.117560350894928,1.2176303670359958,1.179524890842245,1.0555958109476107,49.7726645230574,-0.011581342747878587
2015-03-27,1.0886367559432983,1.089538335800171,1.0805296897888184,1.116058328151703,1.2163468485176603,1.1770879675937072,1.0550286887096987,46.918345432645275,-0.010355198429085277
2015-03-30,1.0884946584701538,1.0884946584701538,1.0811103582382202,1.1146961379051208,1.21507468742266,1.175068837049736,1.0543234387605056,46.862844001810096,-0.009287871499921385
2015-03-31,1.0830246210098267,1.0843517780303955,1.071765422821045,1.1131606936454772,1.2137607564135766,1.1727516134206868,1.0535697738702676,44.6721247288011,-0.00878215827305362
2015-04-01,1.073814034461975,1.0800302028656006,1.072129726409912,1.1115430855751038,1.2123682517175405,1.1709228573955317,1.052163313754676,41.18121281084041,-0.009020610275501051
2015-04-02,1.0769942998886108,1.0896902084350586,1.0752688646316528,1.1098522806167603,1.2110212472217299,1.16822791725188,1.0514766439816408,42.84209693122655,-0.00885093628013145
2015-04-03,1.087074637413025,1.1021955013275146,1.0865904092788696,1.108900282382965,1.209787947621643,1.1671761002781502,1.0506244644877798,47.867049447515534,-0.00781300595383283
2015-04-06,1.100134253501892,1.103594422340393,1.0968520641326904,1.1086520671844482,1.208696866088113,1.1669702288900212,1.0503339054788752,53.562925684864325,-0.005868982836921832
2015-04-07,1.0934817790985107,1.095554232597351,1.0837700366973877,1.1080262851715088,1.2075504473120968,1.166309961031266,1.0497426093117517,50.53412644949908,-0.004809686525800716
2015-04-08,1.0824151039123535,1.088999629020691,1.078950047492981,1.106939823627472,1.2063053195170743,1.1650639897219353,1.0488156575330085,45.885736655263386,-0.0048077539718145434
2015-04-09,1.078527569770813,1.0790047645568848,1.067000150680542,1.1059474515914918,1.205033899121589,1.164287717200955,1.0476071859820286,44.342681448660336,-0.005061567327169891
2015-04-10,1.0669056177139282,1.068349838256836,1.0571495294570923,1.104614453315735,1.2036594883613134,1.1634238307718265,1.0458050758596433,40.01085422491815,-0.006129849552260591
2015-04-13,1.0609854459762573,1.0619995594024658,1.0521597862243652,1.1032161235809326,1.2022398461485266,1.1627941243463822,1.043638122815483,37.97571091612032,-0.007369231382305275
2015-04-14,1.0572947263717651,1.0706901550292969,1.0532501935958862,1.1016785645484923,1.2007976061507477,1.1619596102160008,1.0413975188809839,36.721699821735385,-0.008550693566518497
2015-04-15,1.0647132396697998,1.0668703317642212,1.0574603080749512,1.1000580716133117,1.1994435328524296,1.1598591133413847,1.0402570298852387,40.94310090166532,-0.008787106541013001
2015-04-16,1.0676802396774292,1.0762397050857544,1.0627998113632202,1.0987741827964783,1.1981324553083994,1.1585435525527423,1.0390048130402143,42.592610925975556,-0.008635508653857205
2015-04-17,1.0755579471588135,1.0846904516220093,1.073509693145752,1.0973414039611817,1.1969128084611398,1.15579300088562,1.0388898070367434,46.838317924093936,-0.0077899039157887096
2015-04-20,1.0810226202011108,1.0818647146224976,1.0716196298599243,1.0963330698013305,1.1957596722595474,1.1541194567792306,1.0385466828234304,49.621711673948475,-0.006602690913463105
2015-04-21,1.0747487545013428,1.076500415802002,1.0661594867706299,1.0951741385459899,1.1945555835256347,1.1523045146207187,1.038043762471261,46.604801922602334,-0.006097773250500316
2015-04-22,1.074171543121338,1.0799999237060547,1.0710101127624512,1.0940136671066285,1.193357732377333,1.1504274083948547,1.0375999258184023,46.325742100338296,-0.00567873754771786
2015-04-23,1.0725815296173096,1.0818202495574951,1.0671299695968628,1.092841374874115,1.1921559791160392,1.1485328256566236,1.0371499240916064,45.517218002614136,-0.005412556948449332
2015-04-24,1.0815019607543945,1.0897995233535767,1.078771948814392,1.0916635370254517,1.1910549441074656,1.145717037147832,1.0376100369030714,50.71431795917016,-0.004430727989956473
2015-04-27,1.086897373199463,1.0904899835586548,1.082390546798706,1.090601406097412,1.1900185503670873,1.1428342703702241,1.0383685418246,53.597466231855186,-0.0031805928788244398
2015-04-28,1.0877959728240967,1.0988999605178833,1.0861797332763672,1.0896893000602723,1.1890014102920323,1.1404434318379209,1.0389351682826238,54.07928214778088,-0.0020932130595472387
2015-04-29,1.096912145614624,1.1175994873046875,1.096059799194336,1.0888181042671203,1.1880850992007148,1.1374660461339345,1.0401701624003061,58.75783849200319,-0.0004902069607604087
2015-04-30,1.1114321947097778,1.1247594356536865,1.107299566268921,1.0882466697692872,1.1873223837331432,1.135077851656203,1.0414154878823714,64.89313389839218,0.0019295904172274003
2015-05-01,1.1214659214019775,1.1289701461791992,1.118599534034729,1.0879425168037415,1.1866670955507435,1.1336745969611448,1.0422104366463383,68.39230915120882,0.004603864675516212
2015-05-04,1.1185932159423828,1.1223105192184448,1.1124002933502197,1.0875514125823975,1.1859897435148392,1.1318427647282772,1.0432600604365179,66.35316107052694,0.006417466411865691
2015-05-05,1.1149141788482666,1.1209995746612549,1.1068999767303467,1.0871837258338928,1.185282523965918,1.1302122225820694,1.0441552290857161,63.73238787339089,0.00747176149224571
2015-05-06,1.1186307668685913,1.1365302801132202,1.1178054809570312,1.0868782901763916,1.1846193224027604,1.1287545750312742,1.045002005321509,65.22659228089324,0.008509107833284402
2015-05-07,1.1341469287872314,1.1390599012374878,1.1238203048706055,1.0868339562416076,1.184117109530964,1.1285005749108876,1.0451673375723276,70.66109188442518,0.010462630187057842
2015-05-08,1.1246949434280396,1.1289000511169434,1.1185194253921509,1.0869171333312988,1.1835258441966063,1.128873949609488,1.0449603170531097,64.09015835491644,0.011119930860796101
2015-05-11,1.1194071769714355,1.1202975511550903,1.1134605407714844,1.0869813561439514,1.1828878475077986,1.1291304882098723,1.0448322240780306,60.690010140390186,0.011086371034727538
2015-05-12,1.114441990852356,1.127789855003357,1.113598108291626,1.0869120860099792,1.1822067942077443,1.128864705893296,1.0449594661266626,57.59988497712123,0.010537654089878501
2015-05-13,1.1221455335617065,1.1382806301116943,1.1205499172210693,1.0869906377792358,1.1816091697237041,1.1291964540470723,1.0447848215113993,60.92422971227555,0.010602188049048777
2015-05-14,1.1350480318069458,1.1443794965744019,1.1342240571975708,1.0875274968147277,1.1811458748190597,1.1314814184508637,1.0435735751785917,65.76561403133866,0.011561185306719235
2015-05-15,1.1404979228973389,1.1451002359390259,1.1324695348739624,1.0882733583450317,1.1807414175860078,1.1345190419269013,1.042027674763162,67.59208112638902,0.012615534181828814
2015-05-18,1.144505262374878,1.1447004079818726,1.1338794231414795,1.0894714903831482,1.180380858827688,1.138357340277964,1.0405856404883322,68.90573978627829,0.01361749802598533
2015-05-19,1.1326183080673218,1.1326183080673218,1.1120996475219727,1.0904570269584655,1.1799056095663907,1.1408034830829359,1.040110570833995,61.00615627070562,0.01329908020384174
2015-05-20,1.1146656274795532,1.1150758266448975,1.1065741777420044,1.0913329362869262,1.1792564555157754,1.141812214159714,1.0408536584141383,51.41851606428519,0.011465928413635362
2015-05-21,1.1100751161575317,1.1180005073547363,1.1085859537124634,1.0924369478225708,1.1785680839798724,1.1420690982287076,1.042804797416434,49.28559628044803,0.009532837892330726
2015-05-22,1.1111851930618286,1.1209995746612549,1.1006996631622314,1.0934080219268798,1.1778976074533247,1.1425575429410835,1.0442585009126761,49.8275929382146,0.007998225095727562
2015-05-25,1.0992997884750366,1.1010003089904785,1.096070647239685,1.0944307565689086,1.1771155396027944,1.1418346490663025,1.0470268640715148,44.36105084532333,0.00575662182541703
2015-05-26,1.0971167087554932,1.0971288681030273,1.0875203609466553,1.0952271962165832,1.176319531335657,1.1414067431845631,1.0490476492486032,43.41881193877513,0.0037606286095073216
2015-05-27,1.08888578414917,1.093000054359436,1.0821995735168457,1.0958088159561157,1.175449543801463,1.1408867959322793,1.050730835979952,39.97155274296195,0.001497362120076673
2015-05-28,1.0900014638900757,1.0950000286102295,1.0868797302246094,1.0959088683128357,1.1745993141506033,1.1409110603496884,1.050906676275983,40.6592928112654,-0.0002039162284372953
2015-05-29,1.0960345268249512,1.1003496646881104,1.0929105281829834,1.0964916729927063,1.1738175749732334,1.1407080739709037,1.052275272014509,44.37082177714801,-0.0010532328060757212
2015-06-01,1.0957943201065063,1.0979998111724854,1.0888904333114624,1.0967543363571166,1.1730412241785395,1.1407910624947277,1.0527176102195055,44.25214480996192,-0.0017258109136046862
2015-06-02,1.0922993421554565,1.116629719734192,1.091941475868225,1.0967103409767152,1.1722378223673644,1.1407606567830373,1.052660025170393,42.47215609482162,-0.002511893872423787
2015-06-03,1.1150012016296387,1.1283293962478638,1.1086794137954712,1.0972062969207763,1.1716683037530586,1.1415152200535552,1.0528973737879974,55.10457877822323,-0.0012881707183167723
2015-06-04,1.1257838010787964,1.1376047134399414,1.1232597827911377,1.0978010416030883,1.1712117415373944,1.1428387409190381,1.0527633422871385,59.63801765196678,0.0005454171301992883
2015-06-05,1.120787262916565,1.128020167350769,1.105180025100708,1.0984440517425538,1.1707100054317146,1.14386412286342,1.0530239806216874,56.77694959017343,0.0015771889856939225
2015-06-08,1.1108149290084839,1.1242802143096924,1.1088072061538696,1.0988904571533202,1.1701140345220307,1.144350126950152,1.0534307873564885,51.469706633835,0.0015720697688619278
2015-06-09,1.128095269203186,1.1339694261550903,1.1216697692871094,1.0997918701171876,1.169695937354679,1.1457520954720621,1.053831644762313,58.67780148645033,0.002928632337942938
2015-06-10,1.1299052238464355,1.138200283050537,1.1266602277755737,1.1009136939048767,1.1693000098570845,1.1470237973191166,1.0548035904906368,59.35868900355924,0.004102475378274795
2015-06-11,1.131196141242981,1.132054090499878,1.118879795074463,1.1019977307319642,1.1689208668857998,1.14836042462478,1.0556350368391483,59.86662972271067,0.005078380283350059
2015-06-12,1.1240627765655518,1.1293296813964844,1.1152499914169312,1.1027374935150147,1.1684745177283844,1.1493081968843997,1.0561667901456298,55.72229368429208,0.005216061527778315
2015-06-15,1.1219944953918457,1.1258105039596558,1.1191502809524536,1.1031746983528137,1.1680120299439412,1.150055067518073,1.0562943291875544,54.54330021337554,0.005099498061233776
2015-06-16,1.1277008056640625,1.133009672164917,1.1211603879928589,1.1038590788841247,1.1676109232346885,1.1511591016055334,1.056559056162716,57.231939017951646,0.005405263708177843
2015-06-17,1.124201774597168,1.129110336303711,1.122949481010437,1.104694812297821,1.1671789914074495,1.1519249371707747,1.0574646874248674,55.08059299901023,0.005304100255767219
2015-06-18,1.1369967460632324,1.1428401470184326,1.1341005563735962,1.1058641958236695,1.1668786705582532,1.1533445504911621,1.0583838411561768,60.87259913794327,0.006185077038142861
2015-06-19,1.1370742321014404,1.1387965679168701,1.12959885597229,1.1072675681114197,1.1665821089815684,1.1541926302452874,1.060342505977552,60.905475197294564,0.006810997026947874
2015-06-22,1.1372941732406616,1.1410002708435059,1.1316006183624268,1.1087937426567078,1.1662906867353902,1.1545233200887581,1.0630641652246575,61.005629213715956,0.007241317142935966
2015-06-23,1.13490629196167,1.1346230506896973,1.113770604133606,1.1103459739685058,1.1659784042003283,1.1541697165214682,1.0665222314155434,59.23145692876775,0.007305454144397983
2015-06-24,1.1172186136245728,1.1239995956420898,1.1162832975387573,1.1113960814476014,1.1654932321547984,1.1532277416471814,1.0695644212480213,48.07788403695702,0.005861468005895709
2015-06-25,1.1206992864608765,1.1224100589752197,1.1156704425811768,1.1124564623832702,1.1650475212523712,1.1524109057312852,1.0725020190352552,50.07037762167749,0.004941002989669929
2015-06-26,1.1202975511550903,1.1219995021820068,1.1136304140090942,1.1133512544631958,1.16460224791807,1.1519124483528058,1.0747900605735858,49.83268248567156,0.004131485952682201
2015-06-29,1.0975021123886108,1.119740605354309,1.0982975959777832,1.1136808443069457,1.1639345848779759,1.1513864198669879,1.0759752687469035,38.62730532240259,0.0016317269371728393
2015-06-30,1.122296690940857,1.1238796710968018,1.1123000383377075,1.114631803035736,1.1635202774756164,1.150692140021543,1.078571466049929,51.42235854114941,0.0016325462034096905
2015-07-01,1.1134989261627197,1.1167594194412231,1.106119990348816,1.1154183506965638,1.1630225525869309,1.1495400772538005,1.0812966241393271,47.62807135687166,0.000912767569830164
2015-07-02,1.103363037109375,1.1121602058410645,1.1037039756774902,1.116033980846405,1.1624289255672537,1.1480466914039622,1.0840212702888479,43.6334809630502,-0.0004701244187945708
2015-07-03,1.1086965799331665,1.1119993925094604,1.108270287513733,1.1165778732299805,1.1618942753619395,1.1470845511881,1.086071195271861,46.19090963451377,-0.0011227614562034915
2015-07-06,1.0995051860809326,1.1091405153274536,1.0997954607009888,1.11683002948761,1.1612734884039195,1.146533212270426,1.0871268467047939,42.60352364652215,-0.002354508371659847
2015-07-07,1.1048991680145264,1.105265498161316,1.0916804075241089,1.1171720933914184,1.1607125498925823,1.1458880666175182,1.0884561201653187,45.28892754706772,-0.0028624310899594274
2015-07-08,1.1009942293167114,1.109010100364685,1.0975021123886108,1.11725373506546,1.1601183377475486,1.145757027726527,1.0887504424043932,43.69508155503795,-0.0035392610236102406
2015-07-09,1.1071009635925293,1.1116199493408203,1.102290391921997,1.1171671104431153,1.1595908016863046,1.1457687729873554,1.0885654478988753,46.84553834767238,-0.0035420605334013366
2015-07-10,1.1063048839569092,1.1219995021820068,1.1056197881698608,1.1168638896942138,1.1590605935496936,1.14560067693466,1.0881271024537675,46.48042354067514,-0.0035673934475217717
2015-07-13,1.1129041910171509,1.119759440422058,1.1007699966430664,1.1167501091957093,1.1586013258628025,1.1455039942859035,1.087996224105515,49.962087861242196,-0.0030201466666279764
2015-07-14,1.099045991897583,1.1074001789093018,1.0968496799468994,1.1164327454566956,1.1580087354750888,1.145616409481219,1.0872490814321722,43.55442493945947,-0.0036624718060453976
2015-07-15,1.1008002758026123,1.1040000915527344,1.0936096906661987,1.1160761356353759,1.1574394970703876,1.1455841294237834,1.0865681418469684,44.524352332456296,-0.003984037551842734
2015-07-16,1.0943553447723389,1.0950000286102295,1.0859402418136597,1.115280303955078,1.1568117940624467,1.1449449776215095,1.0856156302886466,41.690058289258346,-0.00470469994139977
2015-07-17,1.0886012315750122,1.0910003185272217,1.0843905210494995,1.1145584297180176,1.156133081997895,1.145033571714924,1.084083287721111,39.285556976448184,-0.005674724234527195
2015-07-20,1.0830246210098267,1.0871999263763428,1.0821573734283447,1.1138307785987853,1.1554056346248793,1.1455455686344964,1.0821159885630742,37.05498734660294,-0.006814903378393744
2015-07-21,1.0835410356521606,1.0940704345703125,1.081270456314087,1.1132127594947816,1.154690563988335,1.1460629319573745,1.0803625870321887,37.40939649426796,-0.007589347939830571
2015-07-22,1.0939961671829224,1.097000002861023,1.0881404876708984,1.1126497721672057,1.1540866396420124,1.1458381948579504,1.079461349476461,44.252942388729494,-0.0072755906172508045
2015-07-23,1.0927051305770874,1.1019999980926514,1.0923947095870972,1.1118029141426087,1.1534758783577843,1.1448190177287676,1.0787868105564498,43.61872412847772,-0.007049845314643921
2015-07-24,1.0989010334014893,1.0996019840240479,1.092789888381958,1.1109709763526916,1.152932845074637,1.1431207811904596,1.0788211715149236,47.50693029488627,-0.006298379164903833
2015-07-27,1.0972371101379395,1.112999439239502,1.0974057912826538,1.110025613307953,1.1523786586573563,1.1409053762854244,1.0791458503304814,46.57794657540031,-0.0057705818530555675
2015-07-28,1.109004020690918,1.1100996732711792,1.1023000478744507,1.1095533275604248,1.1519470702198793,1.1397372105182497,1.0793694446025999,53.50253897732575,-0.004352632896776676
2015-07-29,1.1065986156463623,1.108598232269287,1.1014198064804077,1.109391987323761,1.1514958418161627,1.1395505632672112,1.0792334113803108,52.01817901659722,-0.003383985736331585
2015-07-30,1.098406195640564,1.099000096321106,1.091130018234253,1.1091586089134216,1.1509675866303357,1.1394757880412036,1.0788414297856395,47.213747697830605,-0.0032400365856040114
2015-07-31,1.0939244031906128,1.1110296249389648,1.0923899412155151,1.1088133931159974,1.1503999927652637,1.1394280145715436,1.078198771660451,44.77723684996666,-0.0034478543229434777
2015-08-03,1.0969001054763794,1.09954035282135,1.0943995714187622,1.1087653994560243,1.1498676555783096,1.139448342804796,1.0780824561072526,46.742423021454634,-0.0033340047402514728
2015-08-04,1.09560227394104,1.0995995998382568,1.0933502912521362,1.1087351107597352,1.1493277015321677,1.139467938268262,1.0780022832512084,45.97398082645199,-0.0033103427140068753
2015-08-05,1.0888975858688354,1.0918794870376587,1.0850305557250977,1.1087353467941283,1.1487264068489504,1.1394675522454627,1.078003141342794,42.12143284055057,-0.003788926297905837
2015-08-06,1.0903104543685913,1.093460202217102,1.0877498388290405,1.1087415266036986,1.1481451535904394,1.139458476546008,1.0780245766613892,43.20157297491385,-0.004007998840319882
2015-08-07,1.0927051305770874,1.0968605279922485,1.0859096050262451,1.1086749386787416,1.1475935115704061,1.1395184957079174,1.0778313816495657,45.072604391127385,-0.003942933370133961
2015-08-10,1.0965032577514648,1.0999999046325684,1.0927098989486694,1.1086891174316407,1.1470851508358892,1.139509149090152,1.0778690857731292,47.998558689912784,-0.003544037932344146
2015-08-11,1.1016976833343506,1.108589768409729,1.0961499214172363,1.1088770842552185,1.146633534243834,1.1394023493289742,1.0783518191814627,51.78162384849775,-0.0027767549880637343
2015-08-12,1.104203701019287,1.1210297346115112,1.103302240371704,1.1086611342430115,1.1462113468485648,1.1391623267559285,1.0781599417300944,53.537766573562244,-0.0019440532079850747
2015-08-13,1.1160963773727417,1.1189061403274536,1.1081806421279907,1.1084673857688905,1.1459116954109945,1.1386460020934088,1.0782887694443721,60.82887313839595,-0.00032079354915248715
2015-08-14,1.1160963773727417,1.1190000772476196,1.110109567642212,1.108373568058014,1.1456150255797681,1.1384247568650596,1.0783223792509684,60.82887313839595,0.0009546468507779515
2015-08-17,1.1092993021011353,1.112599492073059,1.1062498092651367,1.108343255519867,1.1452536750973936,1.1383874497289685,1.0782990613107652,55.097757963820065,0.0014008275202161968
2015-08-18,1.107800006866455,1.1099998950958252,1.102189540863037,1.1079373502731322,1.1448810017816629,1.1374357719404855,1.078438928605779,53.891610815012754,0.0016148335243288958
2015-08-19,1.1030831336975098,1.1080001592636108,1.1020400524139404,1.1074009084701537,1.1444651025967458,1.136236840207084,1.0785649767332235,50.17054853865375,0.0013878246021159502
2015-08-20,1.1118029356002808,1.1219995021820068,1.110839605331421,1.1070130443572999,1.1441401059102139,1.1350533245111685,1.0789727642034312,56.192428028817254,0.0018897496769323396
2015-08-21,1.1236965656280518,1.1369102001190186,1.123204231262207,1.1070057201385497,1.1439366875989487,1.1350280084870006,1.0789834317900988,62.796634885820175,0.0032102398126712117
2015-08-24,1.1376951932907104,1.1705996990203857,1.1372941732406616,1.107319734096527,1.1438745831779713,1.1363609378059774,1.0782785303870768,68.7651538317424,0.0053249275694573495
2015-08-25,1.1583056449890137,1.1589996814727783,1.140029788017273,1.1079318308830262,1.1440181758328076,1.13987181023262,1.0759918515334324,75.09923672872425,0.008565189878263268
2015-08-26,1.1550945043563843,1.1558955907821655,1.135500431060791,1.1085496854782104,1.1441283880569229,1.1428800224235918,1.074219348532829,72.62805169529119,0.01075008856115467
2015-08-27,1.1340054273605347,1.1361596584320068,1.1211603879928589,1.1084898591041565,1.1440276620798444,1.1426277403975196,1.0743519778107935,58.91642302325464,0.010657076104364949
2015-08-28,1.1247961521148682,1.1310003995895386,1.1156704425811768,1.108244297504425,1.1438363037717352,1.1417130179513444,1.0747755770575058,54.11210607263397,0.009728111896634806
2015-08-31,1.1214030981063843,1.126400113105774,1.1185895204544067,1.1079264760017395,1.1436130877949655,1.140560638669979,1.0752923133335002,52.4161658831934,0.008618758287090689
2015-09-01,1.1225864887237549,1.1332305669784546,1.122536063194275,1.1076800799369813,1.1434038679037097,1.1396623198716713,1.0756978400022912,52.96979005630328,0.007745788661772668
2015-09-02,1.1293437480926514,1.1299996376037598,1.1222903728485107,1.1079225826263428,1.1432639662140476,1.1403803674389372,1.0754647978137484,56.10993022163047,0.007512607638181734
2015-09-03,1.121604323387146,1.1249998807907104,1.1089695692062378,1.1079406833648682,1.143048447379949,1.1404285460599495,1.0754528206697869,51.84055311586536,0.006626912185776046
2015-09-04,1.1125946044921875,1.1160004138946533,1.109460473060608,1.1077866244316101,1.142745424067633,1.1401079449593985,1.0754653039038218,47.32602784706357,0.005138746866079735
2015-09-07,1.115200161933899,1.1180005073547363,1.1124200820922852,1.108140585422516,1.1424713418573471,1.1403897493088668,1.075891421536165,48.716911267502276,0.004122094894533079
2015-09-08,1.1163954734802246,1.122999906539917,1.1153706312179565,1.1080225610733032,1.1422118804804604,1.140103016519858,1.0759421056267484,49.377308190570574,0.0033739497422355935
2015-09-09,1.1207369565963745,1.1209995746612549,1.1133204698562622,1.1081673216819763,1.1419981996457929,1.1404135350177118,1.0759211083462408,51.804898797176456,0.003095675700644396
2015-09-10,1.1220699548721313,1.1279997825622559,1.1174894571304321,1.1085414600372314,1.1417999086530202,1.1409935936376914,1.0760893264367715,52.557174293999026,0.002948712417114585
2015-09-11,1.1290887594223022,1.1342202425003052,1.125579833984375,1.1089493036270142,1.1416734295561972,1.1419178446947114,1.075980762559317,56.41489156261262,0.0033598713195808205
2015-09-14,1.1344043016433716,1.1372101306915283,1.128770112991333,1.109647285938263,1.141601099925224,1.143270934296282,1.0760236375802439,59.12558558231269,0.0040677470890675416
2015-09-15,1.1307612657546997,1.1330032348632812,1.1259803771972656,1.1101645278930663,1.141493240878751,1.1442821069838585,1.0760469488022741,56.53064813986462,0.004285381970462687
2015-09-16,1.1271796226501465,1.1311602592468262,1.1214998960494995,1.1106882357597352,1.1413508168167747,1.145034394757277,1.0763420767621934,54.02042142498101,0.004121342248452287
2015-09-17,1.12920343875885,1.134000301361084,1.1287955045700073,1.1111302852630616,1.1412299473833625,1.1458548482877866,1.0764057222383365,55.230150287867204,0.004107298255566327
2015-09-18,1.1400948762893677,1.1460003852844238,1.1351704597473145,1.1118060851097107,1.1412186531436213,1.1474503821437028,1.0761617880757186,61.15357595157596,0.0049183209330267985
2015-09-21,1.12920343875885,1.1329994201660156,1.118390679359436,1.1121320700645447,1.1410990987716336,1.1481138893719331,1.0761502507571563,53.52676492804638,0.004628855695747669
2015-09-22,1.1190940141677856,1.1209995746612549,1.1130800247192383,1.1125330305099488,1.1408801427059236,1.148366151021073,1.0766999099988246,47.593488497289314,0.0035428663749939027
2015-09-23,1.1120749711990356,1.1190601587295532,1.110679268836975,1.1127585244178773,1.1405935240839644,1.1484318304481684,1.077085218387586,43.950765268399174,0.002091721839859284
2015-09-24,1.1189937591552734,1.1296104192733765,1.1166696548461914,1.1132512927055358,1.140378601049848,1.1485658829148693,1.0779367024962023,48.16248634608496,0.0014828740571048993
2015-09-25,1.1178929805755615,1.1204394102096558,1.1118301153182983,1.1138371276855468,1.1401548635326908,1.1484474754028213,1.0792267799682722,47.55028027986598,0.0009011463171679779
2015-09-28,1.1201720237731934,1.1241399049758911,1.1152101755142212,1.1145800757408142,1.139956029306228,1.1480673317045504,1.081092819777078,48.9958256329299,0.0006169112624170303
2015-09-29,1.123103380203247,1.1280303001403809,1.1194798946380615,1.115371322631836,1.1397883412554521,1.1477151716183591,1.083027473645313,50.87135592536775,0.0006210300514064571
2015-09-30,1.1255937814712524,1.1262022256851196,1.115799903869629,1.1160032749176025,1.1396471018546144,1.147873751510488,1.084132798324717,52.470426608600015,0.000815844245909636
2015-10-01,1.11720609664917,1.1209995746612549,1.1138957738876343,1.1164932942390442,1.1394238082704806,1.1476470229604745,1.085339565517614,46.93002637447511,0.0002900760165260863
2015-10-02,1.1193444728851318,1.1315301656723022,1.115180253982544,1.116902163028717,1.1392240138885368,1.1476474355788526,1.0861568904785814,48.425197217958555,4.542635117110727e-05
2015-10-05,1.1226998567581177,1.1287994384765625,1.1196954250335693,1.1174114179611205,1.1390595944146023,1.147666808810579,1.087156027111662,50.76901193376488,0.00012089753369615153
2015-10-06,1.1195199489593506,1.1279997825622559,1.1176055669784546,1.1176217365264893,1.138865170081714,1.1477846427274399,1.0874588303255388,48.51865478050807,-7.50182307078795e-05
2015-10-07,1.1267986297607422,1.128426194190979,1.1214194297790527,1.118025736808777,1.1387451050038935,1.1481270711307658,1.087924402486788,53.58962064614691,0.0003529769264165594
2015-10-08,1.1239995956420898,1.1313101053237915,1.123974323272705,1.1185376048088074,1.1385983835177065,1.1481435428077933,1.0889316668098215,51.489242436522716,0.0004609934653942993
2015-10-09,1.1286935806274414,1.137869954109192,1.1270017623901367,1.119232988357544,1.1384998282650671,1.148103456152028,1.09036252056306,54.696037439473386,0.00091481726581355
2015-10-12,1.1369967460632324,1.1399999856948853,1.135839581489563,1.120034921169281,1.138484872223258,1.1485992939038354,1.0914705484347267,59.76297634763542,0.0019223127309253574
2015-10-13,1.135550618171692,1.1410002708435059,1.1347002983093262,1.120833888053894,1.1384556756655309,1.1488381540886898,1.092829622019098,58.53504764989876,0.0025743937024891306
2015-10-14,1.138498306274414,1.1450005769729614,1.138511300086975,1.1218259024620056,1.1384560998506938,1.148704049821825,1.0949477551021862,60.324510686809866,0.003291088743077042
2015-10-15,1.147552251815796,1.1494200229644775,1.1365302801132202,1.1229707384109497,1.138546608825471,1.1492392350738436,1.0967022417480559,65.28075660066985,0.00453734873267253
2015-10-16,1.1368157863616943,1.1399999856948853,1.1339398622512817,1.1238529515266418,1.1385293867114035,1.1489074697447843,1.0987984333084992,56.299390764844695,0.004605585397895462
2015-10-19,1.1361054182052612,1.1379995346069336,1.1308494806289673,1.1246449947357178,1.1385052676217902,1.1486525265239012,1.1006374629475344,55.75283933514047,0.004549894323720549
2015-10-20,1.132900595664978,1.1390001773834229,1.1325798034667969,1.1252690529823304,1.1384494997416228,1.1484498557325336,1.1020882502321272,53.241624754250864,0.004198755708846091
2015-10-21,1.1353960037231445,1.1378000974655151,1.13379967212677,1.1258928990364074,1.1384191166966628,1.1484297254627265,1.1033560726100884,54.94338232592363,0.004074861930221552
2015-10-22,1.134803295135498,1.1352026462554932,1.113800287246704,1.1262670373916626,1.1383831383726712,1.1487611255533678,1.1037729492299573,54.436609085659214,0.0038840753852167342
2015-10-23,1.108094573020935,1.1140943765640259,1.1011033058166504,1.1261070013046264,1.1380817596129524,1.1490066396332963,1.1032073629759565,37.604603402588246,0.001559725468906148
2015-10-26,1.1020376682281494,1.1060001850128174,1.1006003618240356,1.1259617686271668,1.1377231119374818,1.1493826715561417,1.1025408656981919,34.96431058276231,-0.0007622929443673598
2015-10-27,1.1065986156463623,1.107800006866455,1.1031999588012695,1.1259377408027649,1.137413415456973,1.1494370282220814,1.1024384533834484,38.46781310171643,-0.0022090147795890136
2015-10-28,1.1037039756774902,1.1099998950958252,1.1027060747146606,1.1259501576423645,1.1370779981457344,1.1494007601318297,1.1024995551528993,37.101754575042804,-0.003548223795816874
2015-10-29,1.0928961038589478,1.0981999635696411,1.0910003185272217,1.125572021007538,1.1366383773070599,1.1505159237658302,1.1006281182492457,32.46590218540223,-0.00541919244310618
2015-10-30,1.0993843078613281,1.107200264930725,1.0969964265823364,1.1250857758522033,1.1362676900488935,1.1511036445289393,1.0990679071754672,37.51356023678366,-0.0063057163638056135
2015-11-02,1.102596640586853,1.1060001850128174,1.1004005670547485,1.1243838047981263,1.1359326547308632,1.1509022033202532,1.0978654062759994,39.90831960847871,-0.006672171909168689
2015-11-03,1.1016006469726562,1.1031999588012695,1.0937999486923218,1.1232497048377992,1.1355910427133686,1.1486743976234493,1.097825012052149,39.404078795123105,-0.006962697289612185
2015-11-04,1.0963950157165527,1.0966956615447998,1.084799885749817,1.1220757150650025,1.1352010324944948,1.1469127418380545,1.0972386882919505,36.787823175912834,-0.007526233943841332
2015-11-05,1.0868029594421387,1.0900002717971802,1.0837054252624512,1.1211316657066346,1.1347194596283023,1.1476493410688724,1.0946139903443968,32.5051566525718,-0.00864716049603853
2015-11-06,1.0883997678756714,1.0895025730133057,1.0711684226989746,1.1204037380218506,1.1342585671730523,1.1484641637758535,1.0923433122678476,33.8850192014078,-0.009299455435443527
2015-11-09,1.0733413696289062,1.0790001153945923,1.072995901107788,1.119442503452301,1.1336524259039562,1.150496329005999,1.088388677898603,28.059264868624624,-0.0109057757702129
2015-11-10,1.0759514570236206,1.0762755870819092,1.0676004886627197,1.1185098028182983,1.133078286910122,1.1518922569057737,1.0851273487308228,30.29624216784923,-0.011831794408186491
2015-11-11,1.0737563371658325,1.0772960186004639,1.0708003044128418,1.117398054599762,1.1324880187534623,1.1529404467231341,1.0818556624763898,29.466388554170294,-0.012597581598579932
2015-11-12,1.0762988328933716,1.0799999237060547,1.0693997144699097,1.1164919447898864,1.1319289223767448,1.153859787171405,1.079124102408368,31.79665238405616,-0.012851174962092093
2015-11-13,1.0815019607543945,1.0811045169830322,1.072199821472168,1.1158700919151305,1.1314271615645821,1.1545156622593609,1.0772245215709002,36.42557940471016,-0.012488342754140014
2015-11-16,1.06999933719635,1.0759999752044678,1.070102334022522,1.1149660754203796,1.1308159394315649,1.1557321541110586,1.0741999967297007,31.358607426298207,-0.01297934341346152
2015-11-17,1.068798542022705,1.069198489189148,1.064400553703308,1.1140141367912293,1.1301988509001335,1.1568160392458546,1.071212234336604,30.875752906916603,-0.013311907722639793
2015-11-18,1.0643846988677979,1.0691996812820435,1.063230276107788,1.1128870916366578,1.1295439837157322,1.157878163968025,1.0678960193052907,29.101915712428905,-0.013772862601474367
2015-11-19,1.066996693611145,1.0734001398086548,1.067000150680542,1.111785626411438,1.1289216226201642,1.1585218384725557,1.0650494143503204,31.60602973988047,-0.013768689634123588
2015-11-20,1.0726161003112793,1.0730005502700806,1.0664005279541016,1.1106561732292175,1.128361368666842,1.1584041687906887,1.0629081776677463,36.77948259962532,-0.013160240311725468
2015-11-23,1.0641014575958252,1.0653995275497437,1.0602991580963135,1.1092501163482666,1.1277219665666327,1.1582673468702882,1.060232885826245,32.73854037343895,-0.013212791511515665
2015-11-24,1.0642033815383911,1.0672005414962769,1.0623831748962402,1.1079189586639404,1.1270899408449586,1.1581517381137223,1.0576861792141585,32.833671601485165,-0.01309526029642849
2015-11-25,1.0643846988677979,1.0689996480941772,1.0576001405715942,1.1066630601882934,1.1264660080889668,1.1580568684054982,1.0552692519710887,33.01517344284039,-0.012839479639567886
2015-11-26,1.0624960660934448,1.0629997253417969,1.0602003335952759,1.1053289127349855,1.1258294912531905,1.1577867639498416,1.0528710615201293,32.043843188343686,-0.012643422997080656
2015-11-27,1.0604453086853027,1.06380033493042,1.0569998025894165,1.103735921382904,1.1251789023719179,1.1567194421214704,1.0507524006443378,30.978083404579976,-0.012509325956498563
2015-11-30,1.0583018064498901,1.0597037076950073,1.056400179862976,1.1023178887367249,1.1245134586314,1.1563050213948263,1.0483307560786235,29.860186927308547,-0.012432699382724843
2015-12-01,1.0572947263717651,1.0639996528625488,1.056602120399475,1.1010819029808045,1.1238446155243391,1.156316646749635,1.045847159211974,29.324752677001413,-0.012311318006282823
2015-12-02,1.0625863075256348,1.0639996528625488,1.0562005043029785,1.1000921297073365,1.1232350801213669,1.1562880864391196,1.0438961729755534,35.83527868464445,-0.011653798283049133
2015-12-03,1.0613007545471191,1.0892000198364258,1.0541995763778687,1.0989382696151733,1.1226188181753545,1.155913919666304,1.0419626195640426,34.991932526787735,-0.011108391919450789
2015-12-04,1.0915957689285278,1.0951943397521973,1.0857999324798584,1.0984123253822327,1.122310131118172,1.1551588458664876,1.0416658048979777,59.30017268723904,-0.008137791576582343
2015-12-07,1.0883997678756714,1.0883049964904785,1.0798004865646362,1.0977768802642822,1.1219727145684955,1.1542397127208435,1.041314047807721,56.88363251671616,-0.005972611430955066
2015-12-08,1.0834001302719116,1.0900002717971802,1.0831419229507446,1.0969828152656556,1.1215889077595742,1.1531075761664136,1.0408580543648975,53.229323236107504,-0.004607012761820961
2015-12-09,1.0893957614898682,1.099000096321106,1.0881984233856201,1.096258854866028,1.1212685779459453,1.1518081583538753,1.0407095513781806,56.812415283913026,-0.0030063137328695255
2015-12-10,1.1017948389053345,1.1023049354553223,1.092799425125122,1.0959506297111512,1.1210748093982774,1.1511957183202424,1.04070554110206,63.107004243032264,-0.0007288446288062911
2015-12-11,1.0948106050491333,1.1030004024505615,1.0928006172180176,1.095459952354431,1.1208134740316194,1.1502912202724414,1.0406286844364208,57.980682431490536,0.0005066563232134502
2015-12-14,1.0983941555023193,1.1040000915527344,1.0947027206420898,1.0949738383293153,1.1205903962353079,1.1492475318083613,1.0407001448502693,59.78572711232003,0.001754734810967884
2015-12-15,1.0992997884750366,1.107000470161438,1.0922002792358398,1.094569435119629,1.120378549391922,1.1483960951532202,1.0407427750860376,60.25045053130897,0.0027848213298415914
2015-12-16,1.0936251878738403,1.0958002805709839,1.0913218259811401,1.0939059662818909,1.120112346789752,1.146922867990276,1.0408890645735056,55.89200349837306,0.00310745862481987
2015-12-17,1.087453007698059,1.0888975858688354,1.0833531618118286,1.0931750345230102,1.119787378241576,1.1455017174984712,1.0408483515475493,51.525983294677935,0.0028324568490303292
2015-12-18,1.0844104290008545,1.0870002508163452,1.0805997848510742,1.0922893714904784,1.1194353687963945,1.1436524509761679,1.040926292004789,49.47433035688289,0.0023420080762099893
2015-12-21,1.0869920253753662,1.091999888420105,1.0852001905441284,1.0912892770767213,1.1191125494588718,1.1410206664067029,1.0415578877467397,51.24811238145911,0.002137003100870505
2015-12-22,1.09129798412323,1.0984002351760864,1.0905005931854248,1.090404224395752,1.1188357876147361,1.1384676209952496,1.0423408277962543,54.14004394469443,0.002295528640239297
2015-12-23,1.0950024127960205,1.095494270324707,1.0884946584701538,1.089534306526184,1.1185986396065897,1.1355767611187773,1.0434918519335907,56.52912567026898,0.002689079670448846
2015-12-24,1.0909169912338257,1.0966956615447998,1.0910003185272217,1.0884016013145448,1.1183232003192984,1.1312973431627849,1.0455058594663047,53.235322919444215,0.002640870014848584
2015-12-25,1.0969964265823364,1.0975021123886108,1.0947027206420898,1.0876052141189576,1.118110993615448,1.1282517977001167,1.0469586305377985,57.22910789920768,0.0030579727339623552
2015-12-28,1.0965994596481323,1.0999999046325684,1.0958002805709839,1.086815094947815,1.1178969485013455,1.1250796792150755,1.0485505106805546,56.88747540434488,0.003318247043542666
2015-12-29,1.0975261926651,1.0999999046325684,1.0910003185272217,1.0861076068878175,1.1176942544134227,1.1221370877670689,1.050078126008566,57.52494739585496,0.003558278301193818
2015-12-30,1.0928006172180176,1.0950000286102295,1.0910003185272217,1.085255699157715,1.1174465565308815,1.1184295464522078,1.052081851863222,53.20484920240728,0.0033288178172363736
2015-12-31,1.093398094177246,1.093900442123413,1.0865998268127441,1.0844275951385498,1.1172072683482583,1.114472761524968,1.0543824287521315,53.678513898233376,0.0031587678186641988
2016-01-01,1.0859060287475586,1.0866966247558594,1.0859060287475586,1.0839838242530824,1.1168958132278535,1.1132474892319713,1.0547201592741935,47.22354918937103,0.00239188276762925
2016-01-04,1.0853991508483887,1.094599723815918,1.0805997848510742,1.083651053905487,1.1165824136021871,1.112451508323447,1.0548505994875272,46.81339232975143,0.0017233542739487628
2016-01-05,1.0827549695968628,1.0841047763824463,1.0712006092071533,1.083174180984497,1.116245822119547,1.1112030329241738,1.0551453290448203,44.63546221195306,0.0009690071859125293
2016-01-06,1.0751993656158447,1.0772031545639038,1.072199821472168,1.0826040887832642,1.1158373996667739,1.1100827299611948,1.0551254476053336,39.045515849324126,-0.00023577455033274575
2016-01-07,1.0778998136520386,1.0875996351242065,1.0774004459381104,1.082304162979126,1.115459911248717,1.1096513404820547,1.054956985476197,41.84861825549675,-0.0009615846194288569
2016-01-08,1.0925976037979126,1.0928961038589478,1.0808006525039673,1.0821684288978577,1.1152324256024402,1.1092355213896736,1.0551013364060418,54.19516551301953,-0.00034680771469730587
2016-01-11,1.0941038131713867,1.0945948362350464,1.0852001905441284,1.0819985723495484,1.1150221906528774,1.1086457544238124,1.0553513902752845,55.24387677654239,0.00025896078136322664
2016-01-12,1.0857999324798584,1.0901999473571777,1.082399845123291,1.0816825580596925,1.1147314219148374,1.1077493507369247,1.0556157653824603,48.633039522014236,6.819677546121561e-05
2016-01-13,1.0843987464904785,1.0883997678756714,1.0805997848510742,1.081442632675171,1.1144296042489235,1.1071753953156818,1.05570987003466,47.59799193363604,-0.00019381489527248164
2016-01-14,1.0886012315750122,1.0950000286102295,1.0839990377426147,1.0814785981178283,1.1141726055158496,1.1072469419388173,1.0557102542968393,50.96852753029257,-6.164500212069157e-05
2016-01-15,1.085894227027893,1.0981999635696411,1.0857763290405273,1.0814284873008728,1.1138912286154719,1.107151600132301,1.0557053744694447,48.79150611732075,-0.0001733339670610956
2016-01-18,1.0920010805130005,1.0927051305770874,1.0875996351242065,1.0818016815185547,1.1136734161965418,1.1075872598277787,1.0560161032093307,53.6058492612931,0.00022829215286090943
2016-01-19,1.0895025730133057,1.0910003185272217,1.0861997604370117,1.0820727038383484,1.113432910294221,1.1078921436674898,1.056253264009207,51.4736497380145,0.00034104373227861196
2016-01-20,1.09129798412323,1.0975996255874634,1.0892889499664307,1.0824235367774964,1.1132126622726193,1.108258447819165,1.0565886257358277,52.92273784867411,0.0005687190043262014
2016-01-21,1.0877013206481934,1.0922002792358398,1.0781996250152588,1.0826515865325927,1.1129588180773513,1.1084671250742235,1.056836047990962,49.71967108369663,0.00045370261257327016
2016-01-22,1.0862009525299072,1.0864002704620361,1.0795987844467163,1.082745566368103,1.1126925706589688,1.108578229790735,1.056912902945471,48.403586104628864,0.00023873216956937782
2016-01-25,1.079901933670044,1.0850000381469727,1.079202651977539,1.082943618297577,1.112366295664054,1.1085280655493581,1.0573591710457957,43.2299041983048,-0.00043489839618726656
2016-01-26,1.0853049755096436,1.0879995822906494,1.082000494003296,1.0832737469673157,1.1120970287968461,1.1085371784041864,1.058010315530445,48.331415509310865,-0.0005267036397469393
2016-01-27,1.0864958763122559,1.091200351715088,1.0853049755096436,1.083715970516205,1.1118422909611785,1.1083972197050243,1.0590347213273856,49.41051484982165,-0.0004976278703645587
2016-01-28,1.090798020362854,1.0950000286102295,1.0870002508163452,1.084191997051239,1.111632895233832,1.1084719138387893,1.0599120802636888,53.21208168112281,-0.00012598575789057875
2016-01-29,1.0936970710754395,1.0947147607803345,1.082000494003296,1.0846136164665223,1.111454429321808,1.1088050431830712,1.0604221897499735,55.63161463927887,0.0003978858771929161
2016-02-01,1.0825908184051514,1.091200351715088,1.0826259851455688,1.0849834036827088,1.1111672292131847,1.1084494255307729,1.0615173818346448,45.849572480262744,-8.217656904330184e-05
2016-02-02,1.0897282361984253,1.0939997434616089,1.0895264148712158,1.0854939007759095,1.110953905899605,1.1082134643550123,1.0627743371968066,51.72438405506859,0.00011200927646348724
2016-02-03,1.0922038555145264,1.107800006866455,1.0906004905700684,1.086050283908844,1.1107673382340817,1.1080096795565844,1.0640908882611035,53.60454454203955,0.00046035802649013746
2016-02-04,1.1091023683547974,1.1238000392913818,1.107200264930725,1.086982409954071,1.1107507713696112,1.1088172051084646,1.0651476147996775,63.930985772158685,0.0020760641053474416
2016-02-05,1.119996428489685,1.1217050552368164,1.1110000610351562,1.0881734323501586,1.1108427679578707,1.1105889333311318,1.0657579313691854,68.75859161977175,0.0041873136752654805
2016-02-08,1.114504098892212,1.1190000772476196,1.108799934387207,1.089297478199005,1.1108791991114462,1.111230373807836,1.067364582590174,64.10047571242156,0.005355573357023857
2016-02-09,1.1189812421798706,1.1313996315002441,1.1164003610610962,1.0905312085151673,1.1109598164554106,1.1120524008988828,1.0690100161314517,66.11564540086357,0.0065669953829778915
2016-02-10,1.1289994716644287,1.1309019327163696,1.1166322231292725,1.091859471797943,1.111139315512217,1.1145092574901225,1.0692096861057636,70.15301133431973,0.008240452651277153
2016-02-11,1.128095269203186,1.1368002891540527,1.1276004314422607,1.0931953620910644,1.111308031469341,1.1163617951805735,1.0700289290015552,69.34984813118999,0.009385527492480783
2016-02-12,1.1317979097366333,1.133375644683838,1.122999906539917,1.0939994049072266,1.1115119108550853,1.119601777428894,1.0683970323855592,70.82293913124667,0.010471075658570639
2016-02-15,1.1225990056991577,1.1239490509033203,1.112999439239502,1.0946833896636963,1.1116222302067675,1.121474855846522,1.0678919234808706,62.75348733816387,0.010468432154271845
2016-02-16,1.1174057722091675,1.1192004680633545,1.112999439239502,1.0953635025024413,1.1116797778883836,1.1227066800496486,1.068020324955234,58.68805929894708,0.009932787624303163
2016-02-17,1.1147029399871826,1.1180005073547363,1.1108001470565796,1.0958696460723878,1.111709859103297,1.1236946025461534,1.0680446895986222,56.63172314633668,0.009184318397938096
2016-02-18,1.112297534942627,1.115200161933899,1.1074001789093018,1.0960796999931335,1.1117157066240864,1.1242437340473543,1.0679156659389126,54.791742365675425,0.008301362124178313
2016-02-19,1.1110987663269043,1.1150000095367432,1.1067994832992554,1.096405463218689,1.1117095679146616,1.1248846179895176,1.0679263084478605,53.852683770307564,0.007419356582808234
2016-02-22,1.1123965978622437,1.1124955415725708,1.1006003618240356,1.0966855120658874,1.111716404033543,1.1255176833886154,1.0678533407431594,54.756747489999505,0.006747306248852336
2016-02-23,1.102803349494934,1.1051994562149048,1.0991994142532349,1.0967555832862854,1.111627716923706,1.1256306848535413,1.0678804817190295,47.36948833301366,0.005378605333986375
2016-02-24,1.1027060747146606,1.1040000915527344,1.0959985256195068,1.0969372010231018,1.1115389443644121,1.1258461509564477,1.0680282510897559,47.29980574016917,0.0042372068531553175
2016-02-25,1.1013944149017334,1.105000376701355,1.0991994142532349,1.0972160291671753,1.1114380037727438,1.1260203514865115,1.0684117068478391,46.31054418821414,0.0031900276953114037
2016-02-26,1.1024993658065796,1.107000470161438,1.0926001071929932,1.0975778079032898,1.1113490621014388,1.126179329362912,1.0689762864436676,47.310277440820634,0.0024213788239364487
2016-02-29,1.0923947095870972,1.0962003469467163,1.0864002704620361,1.0976858615875245,1.1111604615789081,1.1261647088062356,1.0692070143688133,39.978848055893785,0.0009854975445364733
2016-03-01,1.0888975858688354,1.0894005298614502,1.0838005542755127,1.0976378536224365,1.110938940427564,1.1261686985493449,1.069107008695528,37.79585918901789,-0.0004296842392936817
2016-03-02,1.0875948667526245,1.0879995822906494,1.0826002359390259,1.0974897027015686,1.110706661087515,1.126153026671238,1.0688263787318992,36.98568320955621,-0.001637468822911936
2016-03-03,1.086897373199463,1.0937999486923218,1.0855995416641235,1.0974093103408813,1.1104697527503202,1.1261702589057363,1.0686483617760263,36.534130953153266,-0.0026207186938291827
2016-03-04,1.094894528388977,1.1040000915527344,1.090800404548645,1.0973672723770143,1.110314775393491,1.1261368272664052,1.0685977174876233,44.84820740098821,-0.0027232557149701186
2016-03-07,1.0993964672088623,1.0999042987823486,1.0941996574401855,1.0974232125282288,1.1102061355110568,1.1261975504642505,1.0686488745922071,48.906022405955056,-0.0024134277121128367
2016-03-08,1.1016006469726562,1.1060001850128174,1.1006003618240356,1.09750470161438,1.110120508759431,1.1263032974487173,1.0687061057800427,50.814139364032094,-0.001967349521171613
2016-03-09,1.1004005670547485,1.1015156507492065,1.0947985649108887,1.0976567006111144,1.1100237929215735,1.1264341743507755,1.0688792268714533,49.725308052994045,-0.0016911709944134046
2016-03-10,1.0989010334014893,1.1160004138946533,1.0827666521072388,1.0977667593955993,1.109913118697493,1.1265198372081862,1.0690136815830125,48.331705668489604,-0.0015751401210659655
2016-03-11,1.1178430318832397,1.12100088596344,1.1083770990371704,1.098405499458313,1.1099920233063065,1.1275000518867584,1.0693109470298676,62.5932282070931,4.4760187036141375e-05
2016-03-14,1.1167943477630615,1.1168005466461182,1.1095995903015137,1.0990334033966065,1.1100597081267718,1.1283366183590666,1.0697301884341464,61.57982150751019,0.001229747049186658
2016-03-15,1.1101982593536377,1.112999439239502,1.1074001789093018,1.0995822691917418,1.1100610867459446,1.1286682282223333,1.0704963101611504,55.493877514197095,0.0016179576572517007
2016-03-16,1.1109012365341187,1.1110987663269043,1.1057995557785034,1.1002963066101075,1.1100694464453296,1.1286835917332239,1.071909021486991,55.993049544489956,0.0019597509553779258
2016-03-17,1.1218937635421753,1.1344043016433716,1.1207997798919678,1.10117618560791,1.1101871013418156,1.1294570695615227,1.0728953016542975,62.98433503367621,0.0030821011245767416
2016-03-18,1.1317979097366333,1.1339025497436523,1.1258002519607544,1.1019601917266846,1.110402134261167,1.1314192847876696,1.0725010986656995,67.92816727095249,0.00471638598348334
2016-03-21,1.1279042959213257,1.1289994716644287,1.1238000392913818,1.1026362013816833,1.110576285123457,1.1328997268308203,1.0723726759325463,64.29269912802522,0.005632458933445772
2016-03-22,1.1235954761505127,1.126199722290039,1.1191942691802979,1.1033921122550965,1.110705829312781,1.1338267905160073,1.0729574339941856,60.43783159932264,0.005942268824964625
2016-03-23,1.122296690940857,1.122296690940857,1.1165997982025146,1.104150071144104,1.1108211612692793,1.1345416827267059,1.073758459561502,59.28398290786959,0.006013672411852022
2016-03-24,1.118105411529541,1.1190000772476196,1.1149640083312988,1.1047401547431945,1.1108936413713715,1.1350451194463549,1.0744351900400342,55.59529438119616,0.005666736438147524
2016-03-25,1.1167943477630615,1.1177055835723877,1.1156729459762573,1.1053581571578979,1.1109523548678062,1.1353531588884769,1.0753631554273189,54.4539263720853,0.005225756027940287
2016-03-28,1.1159967184066772,1.1218056678771973,1.115536093711853,1.1058380699157715,1.1110025475398346,1.1357284523075488,1.0759476875239942,53.73119622802611,0.004757077227662609
2016-03-29,1.1202723979949951,1.122399926185608,1.1170001029968262,1.1064534664154053,1.1110947848577963,1.1362379219964318,1.0766690108343788,57.02397053341223,0.0046767468843176285
2016-03-30,1.12920343875885,1.1361995935440063,1.1287955045700073,1.1072115755081178,1.1112749704687521,1.1373490565560591,1.0770740944601764,62.95446807529107,0.005272961441100232
2016-03-31,1.1334655284881592,1.1410002708435059,1.1311999559402466,1.108126859664917,1.1114957720410845,1.1386234474378494,1.0776302718919846,65.40775735177314,0.006019986141304168
2016-04-01,1.1379671096801758,1.1437996625900269,1.1341983079910278,1.1091621828079223,1.1117591684355033,1.1401317047217068,1.078192660894138,67.83090019278774,0.006895758566851873
2016-04-04,1.1390039920806885,1.1412007808685303,1.1359995603561401,1.1103442239761352,1.1120302612080921,1.1412669368592179,1.0794215110930525,68.38032317631468,0.007586035176460504
2016-04-05,1.1389002799987793,1.140706181526184,1.134000301361084,1.111416130065918,1.1122976245791438,1.1425113214339706,1.0803209386978654,68.25475333398458,0.008032126312195631
2016-04-06,1.138200283050537,1.142799735069275,1.133144497871399,1.1124502182006837,1.1125553624743816,1.1436016766938464,1.081298759707521,67.35571108122993,0.008234253498883959
2016-04-07,1.1404979228973389,1.145304799079895,1.134000301361084,1.1134442162513734,1.1128333979014757,1.1449454545786772,1.0819429779240695,68.80802521437317,0.008482065117271897
2016-04-08,1.1373976469039917,1.14199960231781,1.1350003480911255,1.1143182277679444,1.1130778182895604,1.1460075879713734,1.0826288675645155,64.62982346269376,0.008332242344547991
2016-04-11,1.1403028964996338,1.1450005769729614,1.1374363899230957,1.115472469329834,1.1133487145901582,1.1466449340419833,1.0843000046176845,66.67215091232288,0.008351663304094314
2016-04-12,1.141291856765747,1.1463998556137085,1.1353057622909546,1.1165037417411805,1.1136267558058357,1.1476115862830998,1.0853958971992612,67.36299262738483,0.00835059492264123
2016-04-13,1.138498306274414,1.1393024921417236,1.1273995637893677,1.1174296307563782,1.113874233919951,1.1483405802429767,1.0865186812697798,63.36724146227208,0.008031747064101591
2016-04-14,1.1279042959213257,1.1293998956680298,1.1236006021499634,1.1178056693077087,1.1140138365269299,1.1487605651838466,1.0868507734315709,51.01001365563165,0.006845301368257228
2016-04-15,1.1270017623901367,1.1318004131317139,1.124758243560791,1.1179457759857179,1.1141430696200962,1.1490043848974056,1.08688716707403,50.11341539900163,0.0057657437879055085
2016-04-18,1.1299946308135986,1.133199691772461,1.1274974346160889,1.1182555866241455,1.114300796597146,1.1494826499482005,1.0870285233000905,53.05984412118298,0.005092977423542422
2016-04-19,1.1309019327163696,1.1386020183563232,1.1305055618286133,1.1184940004348756,1.1144659820311682,1.1499250361997373,1.0870629646700138,53.94784020694736,0.004580219000133612
2016-04-20,1.1359634399414062,1.1385993957519531,1.1322002410888672,1.118633279800415,1.1146798870850014,1.1503150444224342,1.086951515178396,58.64764183642333,0.0045300559228205195
2016-04-21,1.1305055618286133,1.1393998861312866,1.1278001070022583,1.1186814856529237,1.1148373564854355,1.1504292796808167,1.0869336916250307,52.43368080518688,0.004003743509400248
2016-04-22,1.12920343875885,1.1309019327163696,1.1239995956420898,1.1186295962333679,1.1149803025777083,1.150298271292339,1.0869609211743967,51.04412305055608,0.0034418907068887172
2016-04-25,1.123406171798706,1.1279042959213257,1.1226998567581177,1.1186457395553588,1.1150641420724445,1.15032349514114,1.0869679839695776,45.28946647996783,0.0025000087741187116
2016-04-26,1.1269001960754395,1.1339025497436523,1.1257964372634888,1.1188356280326843,1.1151819137540664,1.1505967621420035,1.0870744939233652,49.0199187587028,0.002012302543749067
2016-04-27,1.1299052238464355,1.134000301361084,1.1291996240615845,1.1191396737098693,1.1153284143520004,1.1510301274554426,1.087249219964296,52.04824264358773,0.001846981615148735
2016-04-28,1.132900595664978,1.1366000175476074,1.1299052238464355,1.1195517349243165,1.1155032619272538,1.1516133097759942,1.0874901600726388,54.92264248945845,0.001935355487209911
2016-04-29,1.135589361190796,1.1460003852844238,1.1357957124710083,1.1200415468215943,1.115703123611468,1.1523235669927432,1.0877595266504454,57.3916598526137,0.002197027360688386
2016-05-02,1.146302580833435,1.15280020236969,1.1450163125991821,1.1207196664810182,1.1160075958226319,1.1537617330168057,1.0876775999452306,65.50006941612,0.0032316193998840337
2016-05-03,1.1524986028671265,1.1613997220993042,1.1503998041152954,1.1217135715484619,1.1163706904200896,1.1555363950116702,1.0878907480852535,69.15593559562838,0.004499639200803207
2016-05-04,1.1504037380218506,1.15280020236969,1.146999478340149,1.1226675248146056,1.1167093277096594,1.1569890963804992,1.088345953248712,66.58679472795194,0.005274712342631771
2016-05-05,1.1493064165115356,1.1495997905731201,1.1390001773834229,1.1236257648468018,1.1170336768519666,1.158197559429554,1.0890539702640496,65.22000455265565,0.005734317078653239
2016-05-06,1.1406019926071167,1.1471836566925049,1.1393284797668457,1.1243878173828126,1.1172681874564956,1.1587379252249792,1.090037709540646,55.489880985628716,0.005334687918446823
2016-05-09,1.1387965679168701,1.142999529838562,1.1375994682312012,1.125315854549408,1.1174824001973949,1.158629615729804,1.092002093369012,53.70035218391518,0.004816771502328843
2016-05-10,1.1387965679168701,1.1405993700027466,1.1361995935440063,1.1263138341903687,1.1176944814682355,1.1581306222757097,1.0944970461050276,53.70035218391518,0.0043561045495033035
2016-05-11,1.1374363899230957,1.1445995569229126,1.1373976469039917,1.127310664653778,1.1178909183682837,1.1572434360028256,1.0973778933047305,52.22865165199668,0.003837036703204788
2016-05-12,1.142700433731079,1.143105387687683,1.1379995346069336,1.1284267258644105,1.1181377792176648,1.1562995764432902,1.1005538752855308,57.12583558591752,0.0038065564242264482
2016-05-13,1.1376951932907104,1.1380059719085693,1.1283994913101196,1.1292827391624451,1.1183323803527199,1.1555340082476309,1.1030314700772594,51.69894878842321,0.0033400178636957545
2016-05-16,1.1316953897476196,1.1344043016433716,1.1305439472198486,1.1299287176132202,1.1184653456203308,1.1547276627006577,1.1051297725257827,46.05142534724426,0.002457816510968547
2016-05-17,1.1316057443618774,1.1347993612289429,1.130399465560913,1.1305288195610046,1.1185960958565653,1.1539433201507479,1.1071143189712613,45.97062145179632,0.0017314726111261614
2016-05-18,1.1316057443618774,1.1316953897476196,1.1259993314743042,1.1311529231071473,1.118725545095424,1.1528933184436627,1.109412527770632,45.97062145179632,0.0011426678735162454
2016-05-19,1.122296690940857,1.123103380203247,1.118200421333313,1.1316208362579345,1.118761078884931,1.1514511367028604,1.1117905358130087,37.9509157677767,-7.427078780963825e-05
2016-05-20,1.1205987930297852,1.1239995956420898,1.1198960542678833,1.1316759514808654,1.118779364597815,1.151364766604494,1.111987136357237,36.693558709509524,-0.0011623112157965743
2016-05-23,1.1221708059310913,1.1243029832839966,1.1190000772476196,1.1317834806442262,1.1188131102827232,1.1511973683486973,1.112369592939755,38.717969872063875,-0.0018761160921403341
2016-05-24,1.121604323387146,1.122999906539917,1.1145998239517212,1.1320116019248962,1.1188408835474437,1.1506425060008891,1.1133806978489034,38.243375968929065,-0.0024591741772015396
2016-05-25,1.113796591758728,1.1171000003814697,1.112999439239502,1.1320695090293884,1.118790691589347,1.1504489032005731,1.1136901148582037,32.35639382233474,-0.0035108002805595007
2016-05-26,1.1158970594406128,1.1219995021820068,1.1156978607177734,1.1319495749473572,1.1187618992296582,1.1506750006698854,1.113224149224829,35.244346014571704,-0.004127156070327098
2016-05-27,1.1192066669464111,1.1201996803283691,1.112599492073059,1.1316977500915528,1.1187663247790787,1.1507670054585541,1.1126284947245515,39.618671393435754,-0.00429900851403775
2016-05-30,1.1110000610351562,1.1150000095367432,1.1100010871887207,1.1313596653938294,1.1186890485229202,1.1512836763470355,1.1114356544406232,33.56413824794291,-0.005039317213409333
2016-05-31,1.1148396730422974,1.1175994873046875,1.1121997833251953,1.131184549331665,1.118650746279332,1.1515364139779323,1.1108326846853978,38.3139475961354,-0.005255609199943834
2016-06-01,1.113598108291626,1.1190000772476196,1.1117039918899536,1.1310105776786805,1.1186004712744793,1.1518162007578587,1.1102049545995023,37.383231632114644,-0.005464217953550676
2016-06-02,1.1189061403274536,1.1219995021820068,1.1150000095367432,1.1310265922546388,1.1186035127575935,1.1517928662768988,1.1102603182323787,43.68200903477344,-0.005141954815159
2016-06-03,1.115200161933899,1.1350003480911255,1.113800287246704,1.1309947085380554,1.1185696485702932,1.1518548559933877,1.1101345610827231,40.6104593576292,-0.0051265052786950704
2016-06-06,1.1350995302200317,1.1379995346069336,1.1333242654800415,1.1313767647743225,1.1187341250046188,1.1518111235248703,1.1109424060237747,57.778189603077024,-0.0034685652340964435
2016-06-07,1.1364023685455322,1.1379995346069336,1.1340054273605347,1.1316993641853332,1.1189099284229365,1.1519264286522763,1.1114722997183901,58.62154971236104,-0.0020261514269312997
2016-06-08,1.1357828378677368,1.14199960231781,1.1356538534164429,1.131830952167511,1.1190778180691534,1.1520773376274627,1.1115845667075592,58.02798149022013,-0.0009223863451652825
2016-06-09,1.140706181526184,1.1416958570480347,1.130799651145935,1.1319757652282716,1.1192930256657407,1.1523728875476265,1.1115786429089167,61.37504073360094,0.0003456437554125724
2016-06-10,1.1315033435821533,1.1324002742767334,1.1273995637893677,1.131846489906311,1.1194145213664015,1.152170424133123,1.111522555679499,52.8854617900775,0.0006010461491574581
2016-06-13,1.1239995956420898,1.1302001476287842,1.1236965656280518,1.131546401977539,1.1194601439960103,1.15188206378499,1.111210740170088,47.15766270597496,0.00019570863166862296
2016-06-14,1.1291015148162842,1.1299946308135986,1.1190000772476196,1.1313504266738892,1.119556078034023,1.1515854379860677,1.1111154153617107,51.04032834000569,0.0002828969081396515
2016-06-15,1.1213024854660034,1.1260005235671997,1.1190940141677856,1.1310124707221985,1.1195734552224008,1.15134473520598,1.110680206238417,45.53271793402843,-0.00027416187650675106
2016-06-16,1.1262656450271606,1.1299996376037598,1.1132001876831055,1.130727825164795,1.119640044175682,1.1509160605543511,1.1105395897752388,49.28333564995304,-0.00031155803194637954
2016-06-17,1.1252011060714722,1.129600167274475,1.1226003170013428,1.1304838943481446,1.119695378124894,1.1506378981120269,1.1103298905842622,48.51171869500598,-0.0004222269817397706
2016-06-20,1.13490629196167,1.1383998394012451,1.130799651145935,1.1303759622573852,1.1198467305013793,1.150372522594448,1.1103794019203224,55.37191991005154,0.0002700811426459282
2016-06-21,1.1322976350784302,1.1350003480911255,1.12440025806427,1.1301960778236388,1.1199706200991608,1.1499522091129624,1.1104399465343153,53.315646206575174,0.0006013119600385419
2016-06-22,1.1250618696212769,1.1335041522979736,1.1237596273422241,1.1299273490905761,1.120021279298386,1.149587845488797,1.1102668526923551,47.991964614154675,0.0002767586669971678
2016-06-23,1.1328235864639282,1.1422044038772583,1.1320003271102905,1.1300257349014282,1.1201486654393367,1.149694142515833,1.1103573272870235,53.370634589941304,0.0006384933716692132
2016-06-24,1.1324002742767334,1.1335169076919556,1.0919057130813599,1.1301337051391602,1.1202705719949326,1.1497936256456578,1.1104737846326627,53.04840572169908,0.0008808589815174628
2016-06-27,1.103594422340393,1.1081929206848145,1.0973997116088867,1.129605700969696,1.120104640157574,1.1506501681374663,1.1085612338019257,36.77653401080176,-0.0012371944299793824
2016-06-28,1.1015034914016724,1.1110000610351562,1.1016006469726562,1.129017732143402,1.1199195541003013,1.1515074961260245,1.1065279681607796,35.91536361681149,-0.0030493368138138077
2016-06-29,1.1073951721191406,1.1128050088882446,1.10515558719635,1.1284463667869569,1.1197949333840709,1.1516559540136098,1.105236779560304,40.16688260320474,-0.003964364586492186
2016-06-30,1.1128050088882446,1.1154004335403442,1.1053999662399292,1.1280923557281495,1.1197253818965502,1.1517101216229335,1.1044745898333654,43.850430095695216,-0.004204534813288863
2016-07-01,1.1106051206588745,1.1170001029968262,1.1074001789093018,1.1277203893661498,1.1196346330285136,1.1518470737936546,1.103593704938645,42.699242887019885,-0.004520277102571857
2016-07-04,1.1131023168563843,1.1150000095367432,1.1099998950958252,1.1275143122673035,1.1195696348576467,1.1519652447650037,1.1030633797696032,44.48100780749113,-0.0045169338763959566
2016-07-05,1.1146035194396973,1.1180005073547363,1.1075999736785889,1.1272683787345885,1.119520220773886,1.151990386599517,1.1025463708696601,45.57659531822314,-0.004343085457487961
2016-07-06,1.1065007448196411,1.109000325202942,1.103399634361267,1.1268002891540527,1.1193906737494657,1.1521956330406664,1.101404945267439,40.88666561983875,-0.004803760763276932
2016-07-07,1.1099025011062622,1.1108001470565796,1.1057995557785034,1.1263403272628785,1.119296264071424,1.1521149485737032,1.1005657059520537,43.51460153660717,-0.0048385798231442845
2016-07-08,1.1065741777420044,1.1108001470565796,1.1010003089904785,1.1257600235939025,1.119169676147748,1.1519872480246058,1.0995327991631991,41.56749306013928,-0.005076226479469703
2016-07-11,1.1043988466262817,1.107200264930725,1.1019999980926514,1.1249219489097595,1.1190227027196737,1.1511479045933455,1.0986959932261735,40.298303640741274,-0.0053780988322100765
2016-07-12,1.1058032512664795,1.1124002933502197,1.1053999662399292,1.1239880418777466,1.1188911658892937,1.1495223370949903,1.0984537466605029,41.53934947398329,-0.005441287355711921
2016-07-13,1.1062926054000854,1.1119993925094604,1.1044000387191772,1.1231058192253114,1.1187658070784559,1.1479538084658343,1.0982578299847885,41.9918363171739,-0.005389748263971983
2016-07-14,1.1094961166381836,1.1170001029968262,1.1091995239257812,1.1223096132278443,1.118673571352682,1.1462661759275656,1.098353050528123,44.993381819485116,-0.0050323962470169015
2016-07-15,1.1106051206588745,1.115700364112854,1.1058766841888428,1.1217096757888794,1.1185932882612015,1.1452960255893205,1.0981233259884382,46.034414255740096,-0.004606602793370218
2016-07-18,1.1053143739700317,1.109000325202942,1.1038258075714111,1.1210400319099427,1.1184611597607919,1.1445473779264106,1.0975326858934749,41.95496777850845,-0.004642560902661463
2016-07-19,1.1071866750717163,1.1080701351165771,1.100199580192566,1.1204078340530395,1.1183489758335374,1.143664923993744,1.097150744112335,43.85124638591982,-0.004468469180716417
2016-07-20,1.1013579368591309,1.1030004024505615,1.0984002351760864,1.1196862649917603,1.1181799107691155,1.143025508672241,1.0963470213112796,39.52247398478304,-0.004746120376427854
2016-07-21,1.1019526720046997,1.1057995557785034,1.0986005067825317,1.1188713097572327,1.118018445706783,1.1417720616860174,1.095970557828448,40.17144464560875,-0.004862123263148499
2016-07-22,1.1032899618148804,1.1040000915527344,1.0968003273010254,1.118183205127716,1.1178718936282566,1.1408416446329137,1.0955247656225184,41.68669814106348,-0.0047909215141757056
2016-07-25,1.097044587135315,1.0998003482818604,1.0953621864318848,1.11749018907547,1.1176646567477297,1.140577350036018,1.0944030281149222,36.97668231470685,-0.005178745799086171
2016-07-26,1.0991184711456299,1.1023997068405151,1.0979998111724854,1.116840443611145,1.1174801175875098,1.1401338182059189,1.093547069016371,39.42424786873404,-0.005258141647705106
2016-07-27,1.0987803936004639,1.1010003089904785,1.0982855558395386,1.1161839365959167,1.117294050682166,1.1396285689866592,1.0927393042051743,39.15727808321434,-0.0052873936791695275
2016-07-28,1.1073460578918457,1.1119993925094604,1.1060845851898193,1.1158849239349364,1.1171950656792773,1.1393926196925763,1.0923772281772965,48.645901526346975,-0.004566755883663287
2016-07-29,1.108438491821289,1.1196001768112183,1.1074001789093018,1.1156417179107665,1.117107935591138,1.1392019150424626,1.0920815207790704,49.7228235806828,-0.003862965093568649
2016-08-01,1.1168068647384644,1.1184005737304688,1.115599513053894,1.115534439086914,1.1171049398612605,1.1390220276952714,1.0920468504785565,57.13786366686298,-0.002599977146755972
2016-08-02,1.1168068647384644,1.1232004165649414,1.1163579225540161,1.1154384899139405,1.1171019739396406,1.1388639841155357,1.0920129957123452,57.13786366686298,-0.0015808273064126244
2016-08-03,1.1219062805175781,1.1219995021820068,1.1164003610610962,1.1156006836891175,1.1171497779851922,1.1390919846103749,1.09210938276786,61.183676496294645,-0.0003575419584489481
2016-08-04,1.1151504516601562,1.1155610084533691,1.1117781400680542,1.1155857515335084,1.1171298841909132,1.1390772326715988,1.092094270395418,53.92194153151713,6.602052165338712e-05
2016-08-05,1.1134741306304932,1.116146206855774,1.1049113273620605,1.11547110080719,1.1170935085335956,1.1389464014689472,1.0919958001454328,52.26436444270629,0.0002633954820836504
2016-08-08,1.1089547872543335,1.110600233078003,1.1073706150054932,1.1154301953315735,1.1170125262323094,1.1389443904572243,1.0919160002059227,47.98194780160131,5.45149056094818e-05
2016-08-09,1.1083648204803467,1.1121997833251953,1.107200264930725,1.1153006982803344,1.1169264794089069,1.1388993321786858,1.091702064381983,47.435531170332865,-0.00015682209673939518
2016-08-10,1.111580491065979,1.1200001239776611,1.111815333366394,1.1152603459358215,1.116873285495047,1.138877755384994,1.091642936486649,50.729089123498206,-6.40916433527483e-05
2016-08-11,1.1186434030532837,1.1190940141677856,1.113800287246704,1.115255091190338,1.1168908986050792,1.138869306442929,1.0916408759377472,57.088841341131264,0.0005727139888389576
2016-08-12,1.113908290863037,1.1219995021820068,1.1132633686065674,1.1152292537689208,1.1168612209161037,1.1388465411241326,1.091611966413709,52.222132457117084,0.0006873793779282877
2016-08-15,1.1166945695877075,1.1205737590789795,1.1155484914779663,1.1148611545562743,1.1168595626939306,1.1377776910015183,1.0919446181110304,54.670860652408535,0.0009916507989502499
2016-08-16,1.1184055805206299,1.13237464427948,1.1179429292678833,1.1145012187957763,1.116874945955888,1.1365870716693338,1.0924153659222189,56.156892302289734,0.0013552301257508947
2016-08-17,1.1275991201400757,1.129433035850525,1.1256000995635986,1.1143375444412231,1.1169816541567257,1.1358946318873342,1.092780456995112,63.14773353991625,0.0023580292816247628
2016-08-18,1.1298924684524536,1.1340440511703491,1.129611611366272,1.1141212701797485,1.1171101199706135,1.1347975607446443,1.0934449796148527,64.66146421421108,0.003299771171896504
2016-08-19,1.1349449157714844,1.1352026462554932,1.130600094795227,1.1141901016235352,1.1172875806253486,1.1351238864403117,1.0932563168067586,67.79953680113877,0.004403043137907847
2016-08-22,1.1298158168792725,1.1332728862762451,1.1273956298828125,1.114306426048279,1.1174122396925519,1.13552539375387,1.0930874583426877,61.79988478744784,0.004808093990100293
2016-08-23,1.1319260597229004,1.1357183456420898,1.1310003995895386,1.114362916946411,1.117556655812257,1.1357569720268414,1.0929688618659807,63.241128902344066,0.005238986890425457
2016-08-24,1.1300839185714722,1.1313496828079224,1.1246000528335571,1.1145385456085206,1.1176813051929455,1.1363060434185057,1.0927710477985355,61.07486895714695,0.005369926057911867
2016-08-25,1.1263798475265503,1.1299996376037598,1.1260627508163452,1.1145408296585082,1.1177678578529813,1.136313373369384,1.0927682859476324,56.85751622032119,0.00511583653531722
2016-08-26,1.1290504932403564,1.1340440511703491,1.1234692335128784,1.114617817401886,1.1178801228817115,1.1365706933122992,1.0926649414914726,59.052956302275675,0.005071506378997448
2016-08-29,1.1199462413787842,1.12100088596344,1.116071343421936,1.1143186163902283,1.1179006812747172,1.135538401456916,1.0930988313235406,49.75719429766363,0.00425271472478661
2016-08-30,1.1192818880081177,1.1191942691802979,1.1140000820159912,1.1140583014488221,1.1179144246252983,1.1346890134818266,1.0934275894158176,49.149200191197885,0.0035097504564511883
2016-08-31,1.1153244972229004,1.1164453029632568,1.1125946044921875,1.1138635540008546,1.117888654203384,1.1342527274552914,1.0934743805464178,45.576634544238274,0.002571969494616022
2016-09-01,1.116071343421936,1.1200001239776611,1.112999439239502,1.1135285091400147,1.1178705715090411,1.13318334513129,1.0938736731487393,46.368929963768785,0.0018675081017096584
2016-09-02,1.1200717687606812,1.125112533569336,1.1154004335403442,1.1132819390296935,1.1178924739692564,1.1322684217932677,1.0942954562661193,50.523802835827055,0.0016134197656094695
2016-09-05,1.1161960363388062,1.1184431314468384,1.1141316890716553,1.113533971309662,1.117875593992834,1.1323291681227543,1.0947387744965695,46.74536619319876,0.0010867859214427344
2016-09-06,1.1153244972229004,1.1253999471664429,1.1144545078277588,1.1138103914260864,1.117850209945372,1.1322872518955902,1.0953335309565826,45.913837036194096,0.0005922715451549543
2016-09-07,1.1253657341003418,1.1265066862106323,1.1232799291610718,1.1141698026657105,1.1179249912802471,1.1328354825120008,1.0955041228194202,55.6929002012957,0.00099909232267259
2016-09-08,1.1241008043289185,1.1329994201660156,1.1238480806350708,1.114395718574524,1.1179864421563532,1.1332662838897174,1.0955251532593304,54.359530263114216,0.0012055348039454739
2016-09-09,1.1271415948867798,1.128668189048767,1.1206001043319702,1.114726448059082,1.118077538203422,1.1339030132926358,1.0955498828255281,57.02325371749614,0.0015961093872911558
2016-09-12,1.1241133213043213,1.1262530088424683,1.1214659214019775,1.1149466681480407,1.1181375957467146,1.1342991952860801,1.0955941410100012,53.66419983366957,0.0016423541524253071
2016-09-13,1.1243535280227661,1.1260005235671997,1.1219995021820068,1.1151416683197022,1.1181994458191131,1.1346757176392337,1.0956076190001707,53.896193689946884,0.0016790313088885789
2016-09-14,1.12186861038208,1.1275228261947632,1.1214534044265747,1.1154490256309508,1.1182359549192422,1.1349116146091744,1.0959864366527272,51.048741821470244,0.00149040566459413
2016-09-15,1.1247328519821167,1.1281588077545166,1.1220952272415161,1.115745632648468,1.1183006006611613,1.13531494064731,1.096176324649626,54.06145550485646,0.0015541238696132886
2016-09-16,1.124593734741211,1.124985933303833,1.115599513053894,1.1161060237884521,1.118363218910714,1.135649617085749,1.0965624304911552,53.88797851229799,0.0015752370552439832
2016-09-19,1.1158473491668701,1.1209995746612549,1.1153992414474487,1.116334993839264,1.1183381853809244,1.1355848017442254,1.0970851859343025,44.26977774009734,0.0008761099377110337
2016-09-20,1.118067979812622,1.1213276386260986,1.1165997982025146,1.1165802884101867,1.1183354967683046,1.1355934464664077,1.0975671303539658,46.86295234884021,0.0004955209377357495
2016-09-21,1.1153992414474487,1.1169440746307373,1.112599492073059,1.116762421131134,1.1183062802974504,1.135546428723086,1.097978413539182,44.201074248543975,-2.119909921294294e-05
2016-09-22,1.1193194389343262,1.1258726119995117,1.1182055473327637,1.1169588875770569,1.1183163614779168,1.1356378864483656,1.098279888705748,48.801542372905125,-0.00011307284317707555
2016-09-23,1.1210134029388428,1.122999906539917,1.1196001768112183,1.1171670532226563,1.118343197711359,1.1357889370566197,1.098545169388693,50.69328970772483,-4.863408560162874e-05
2016-09-26,1.123923897743225,1.1279042959213257,1.1221996545791626,1.1175392436981202,1.1183987270649098,1.1359367390569273,1.099141748339313,53.848575469235946,0.00023458257878128386
2016-09-27,1.124985933303833,1.1260005235671997,1.1193996667861938,1.1178952288627624,1.1184642714055957,1.1361634620730114,1.0996269956525133,54.9806850501674,0.0005385234565224994
2016-09-28,1.121956706047058,1.123721718788147,1.1184005737304688,1.118307204246521,1.1184990219990432,1.13597234253317,1.100642065959872,51.12819688978323,0.000528868996018339
2016-09-29,1.1224982738494873,1.1249998807907104,1.1199462413787842,1.1187181162834168,1.118538815549794,1.1357758849016917,1.1016603476651419,51.778738968853695,0.0005584799528426387
2016-09-30,1.121956706047058,1.1249998807907104,1.1154004335403442,1.1190914511680603,1.1185728244104631,1.1355785347381362,1.1026043675979844,51.04697383071067,0.000532112986595612
2016-10-03,1.1234692335128784,1.1243535280227661,1.1206001043319702,1.1196199440956116,1.1186215448990444,1.1348701795645961,1.104369708626627,53.042953598255714,0.0006260486030589263
2016-10-04,1.121038556098938,1.1249998807907104,1.1140000820159912,1.1200583457946778,1.11864559476173,1.1341167396623233,1.1059999519270323,49.54672152506208,0.0004986102341839604
2016-10-05,1.121076226234436,1.1239995956420898,1.1192004680633545,1.1205042624473571,1.118669780149518,1.1331514807916558,1.1078570441030584,49.60216353760436,0.00039608821542769235
2016-10-06,1.120824933052063,1.1212018728256226,1.114951491355896,1.1207738399505616,1.118691224457006,1.1328374282621065,1.1087102516390166,49.21365246568964,0.00029120469085186507
2016-10-07,1.1144545078277588,1.1201971769332886,1.110600233078003,1.120894160270691,1.1186490680726353,1.1325693346728465,1.1092189858685355,40.543998615340094,-0.00030246965188962527
2016-10-10,1.1196954250335693,1.1201971769332886,1.1150758266448975,1.120951931476593,1.1186594795846845,1.1325730168098982,1.1093308461432878,48.570911458016276,-0.0003460733096778412
2016-10-11,1.1140819787979126,1.1143302917480469,1.105600357055664,1.120897433757782,1.1186139323131743,1.132622947782264,1.1091719197332999,42.02633795447226,-0.0008240881451520021
2016-10-12,1.1061947345733643,1.1061947345733643,1.1006003618240356,1.1205832028388978,1.1184903582063106,1.1330189597353473,1.1081474459424483,34.90892756158637,-0.0018183917504572822
2016-10-13,1.1011881828308105,1.1048502922058105,1.0986005067825317,1.1203039574623108,1.1183181972573006,1.1338179463571925,1.1067899685674292,31.286830137158333,-0.0029760651785160075
2016-10-14,1.1049723625183105,1.1058276891708374,1.098538875579834,1.1201339221000672,1.1181854028817884,1.1342012743506178,1.1060665698495167,36.63824411848961,-0.003547287117980691
2016-10-17,1.0967799425125122,1.1012003421783447,1.0965272188186646,1.1198904252052306,1.1179724132263726,1.1351209749607152,1.104659875449746,31.007997393371568,-0.004607927132348921
2016-10-18,1.1015641689300537,1.1029006242752075,1.09719979763031,1.119754412174225,1.1178091471139715,1.1355172340734425,1.1039915902750073,37.08808552928798,-0.005004753217051627
2016-10-19,1.0976948738098145,1.100473165512085,1.0955997705459595,1.1194766998291015,1.1176090050910445,1.1362821152063172,1.1026712844518858,34.444259973740685,-0.0055672843389655835
2016-10-20,1.0975141525268555,1.1029006242752075,1.0916005373001099,1.119054114818573,1.1174090563093113,1.1369709283208873,1.1011373013162589,34.32119826213396,-0.005958985527265481
2016-10-21,1.0930395126342773,1.093135118484497,1.0862481594085693,1.1186367392539978,1.1171665732876692,1.1379599185862859,1.0993135599217096,31.335937594986873,-0.0065549165861418235
2016-10-24,1.0882576704025269,1.0901999473571777,1.0860475301742554,1.1180680012702942,1.1168789225126927,1.1392126191227228,1.0969233834178655,28.484581271263053,-0.007328571735245815
2016-10-25,1.0875475406646729,1.0900002717971802,1.0853402614593506,1.117450840473175,1.1165870679669412,1.1402887828889616,1.0946128980573886,28.076006752912505,-0.007907843848415252
2016-10-26,1.0887316465377808,1.0948106050491333,1.0876659154891968,1.1166734910011291,1.1163098995945118,1.140715704181376,1.0926312778208822,29.882050086302925,-0.008177113054343765
2016-10-27,1.091202735900879,1.0942115783691406,1.0893957614898682,1.1158996963500976,1.116060077070197,1.1406843579519903,1.0911150347482048,33.62767271643597,-0.008097768545073825
2016-10-28,1.0900371074676514,1.0952903032302856,1.089751958847046,1.115001540184021,1.1158011420492762,1.1402201633112135,1.0897829170568285,32.73924950855296,-0.008036306385247105
2016-10-31,1.0984665155410767,1.0984183549880981,1.0939244031906128,1.1143745541572572,1.1156286582034234,1.1396486125512084,1.089100495763306,44.21677642576982,-0.007224139019009979
2016-11-01,1.0973334312438965,1.1050944328308105,1.0961787700653076,1.113682701587677,1.1154466161441245,1.1388895072170624,1.0884758959582914,43.150853443132846,-0.006595887675790113
2016-11-02,1.1057054996490479,1.1119760274887085,1.10515558719635,1.1131951332092285,1.1153496896118353,1.1380476648816844,1.0883426015367725,52.30056165570427,-0.005360643842647894
2016-11-03,1.1097548007965088,1.1128422021865845,1.1060845851898193,1.1128626322746278,1.1152940190763596,1.1374384847018106,1.088286779847445,55.99005015269409,-0.00400874908021609
2016-11-04,1.1102476119995117,1.1125946044921875,1.1084016561508179,1.1124865746498107,1.1152438060706198,1.1366228948509514,1.08835025444867,56.43173081107755,-0.0028645759472423205
2016-11-07,1.1101243495941162,1.1112345457077026,1.1033873558044434,1.1122901368141174,1.115192866205182,1.1363383672819707,1.088241906346264,56.27959088900586,-0.0019453321637505905
2016-11-08,1.1052166223526,1.1068068742752075,1.1030588150024414,1.112008831501007,1.115093600097196,1.1360522979204117,1.0879653650816024,50.44786535842589,-0.0015944575017767804
2016-11-09,1.1019041538238525,1.1301988363265991,1.093398094177246,1.111740424633026,1.1149623618258195,1.1359319903049763,1.0875488589610758,46.914343261368565,-0.0015656277489422
2016-11-10,1.0920606851577759,1.0955302715301514,1.0866104364395142,1.111260211467743,1.1147344844460378,1.1360468029917667,1.0864736199437193,38.323896323484306,-0.0023104323917479963
2016-11-11,1.0889687538146973,1.0925379991531372,1.0856997966766357,1.1106381511688233,1.1144781090168703,1.1360747675591105,1.085201534778536,36.08854469202501,-0.003114288872690496
2016-11-14,1.0824854373931885,1.0874292850494385,1.0710800886154175,1.109963939189911,1.1141597739758387,1.1365598878145289,1.083367990565293,31.888427945903246,-0.004225788122179441
2016-11-15,1.0750375986099243,1.0816657543182373,1.072369933128357,1.1091582012176513,1.1137704985990635,1.1374765415927761,1.0808398608425265,27.87492623444757,-0.005642593327456424
2016-11-16,1.0727311372756958,1.0760787725448608,1.067121982574463,1.1081055092811585,1.1133621467450998,1.1378423987184871,1.0783686198438298,26.752010012866833,-0.0068723140553759166
2016-11-17,1.0706638097763062,1.0750375986099243,1.0666905641555786,1.1070367693901062,1.1129372876707835,1.1382325081358124,1.0758410306444,25.75069579289753,-0.00792236851104322
2016-11-18,1.062304139137268,1.0639996528625488,1.057305932044983,1.105740020275116,1.1124334752475644,1.1388559073402797,1.0726241332099522,22.141677701536594,-0.009321645659639888
2016-11-21,1.0584250688552856,1.0650999546051025,1.0585371255874634,1.1044262552261352,1.1118960781690344,1.1397081367002553,1.0691443737520152,20.692454543709417,-0.010621157343745358
2016-11-22,1.0638864040374756,1.065870761871338,1.0587276220321655,1.1032169127464295,1.1114183699687203,1.1398309443892252,1.0666028811036339,27.852291744512755,-0.011082592382641865
2016-11-23,1.0633772611618042,1.0645092725753784,1.0529640913009644,1.102047085762024,1.110940348985567,1.1399439186930551,1.0641502528309927,27.602109527647485,-0.011358433598268158
2016-11-24,1.0545185804367065,1.0587612390518188,1.0522550344467163,1.1006428003311157,1.1103789383532399,1.1402725106781988,1.0610130899840327,23.625675376686416,-0.01215178305754705
2016-11-25,1.0561892986297607,1.0628122091293335,1.0541073083877563,1.0992747116088868,1.1098397379579812,1.1402303162525549,1.0583191069652187,25.796840010472764,-0.012501594623546941
2016-11-28,1.0612331628799438,1.0684902667999268,1.056747317314148,1.0981824278831482,1.1093560904447668,1.1402324776886132,1.0561323780776832,32.07483475767364,-0.012230835658164185
2016-11-29,1.062134861946106,1.0633999109268188,1.056859016418457,1.097063765525818,1.108886227474631,1.139922768815747,1.054204762235889,33.16350198108199,-0.011807389413248437
2016-11-30,1.0648492574691772,1.066699743270874,1.058500051498413,1.0960527658462524,1.1084480486686066,1.1395268325530008,1.052578699139504,36.46472996630409,-0.011124539414243184
2016-12-01,1.0592098236083984,1.0637166500091553,1.0587612390518188,1.0948505735397338,1.1079581160809429,1.1390174494189014,1.0506836976605662,32.83596623137713,-0.010912636966147415
2016-12-02,1.0663141012191772,1.0691757202148438,1.0627998113632202,1.0937565875053405,1.1075437477738606,1.1379881024207776,1.0495250725899035,40.824980553852704,-0.010055532994088345
2016-12-05,1.0582010746002197,1.0741138458251953,1.054185152053833,1.0924421310424806,1.107052775901486,1.1369200253637137,1.0479642367212474,35.614990212122066,-0.00991661282610612
2016-12-06,1.0757315158843994,1.078515887260437,1.07260000705719,1.0914570426940917,1.106741121572958,1.1351681475367676,1.0477459378514158,50.35718022699953,-0.008296322645318321
2016-12-07,1.0720411539077759,1.0769003629684448,1.0713521242141724,1.0904587316513061,1.1063958482628566,1.13360301680862,1.0473144464939923,47.87220821812435,-0.0072267073890432965
2016-12-08,1.0761945247650146,1.0856584310531616,1.0609999895095825,1.0895326566696166,1.106095337581286,1.131849791739594,1.0472155215996393,50.814038990301704,-0.005975011067007596
2016-12-09,1.062134861946106,1.063151240348816,1.0538407564163208,1.0883362197875976,1.1056579199132743,1.1302927679068795,1.0463796716683158,42.14363674613298,-0.006047814560174558
2016-12-12,1.0547411441802979,1.062699317932129,1.0527424812316895,1.086961658000946,1.1051512853288668,1.1287230214452624,1.0452002945566297,38.43000670514122,-0.006625745613801026
2016-12-13,1.0641694068908691,1.065303087234497,1.0606703758239746,1.0858242750167846,1.1047435054439114,1.1268893903715447,1.0447591596620245,45.076305465397716,-0.006250921401254272
2016-12-14,1.062925100326538,1.0666667222976685,1.0615001916885376,1.0846612524986268,1.1043274019104052,1.1249375952605978,1.0443849097366558,44.39518022075303,-0.005985281058649816
2016-12-15,1.051414132118225,1.052520751953125,1.0403661727905273,1.0832730364799499,1.103800901713468,1.1232454283999442,1.0433006445599555,38.58643340730081,-0.006627203826119921
2016-12-16,1.0418837070465088,1.0472300052642822,1.0403661727905273,1.081821620464325,1.1031848102242445,1.1224377079894379,1.041205532939212,34.55514022740928,-0.007814872908051163
2016-12-19,1.0449975728988647,1.0481960773468018,1.0413411855697632,1.0803276634216308,1.1026058327384198,1.1207523532463124,1.0399029735969492,36.87562719072035,-0.008407924936634892
2016-12-20,1.0405826568603516,1.0419923067092896,1.0355182886123657,1.0788576769828797,1.1019886867097823,1.119616473894331,1.0380988800714284,34.98174775484601,-0.009128937065387976
2016-12-21,1.039047360420227,1.0451505184173584,1.0385295152664185,1.0775147294998169,1.101362404856155,1.1190152044215587,1.036014254578075,34.32160929813668,-0.009712272927123067
2016-12-22,1.0428615808486938,1.0497585535049438,1.0427528619766235,1.0763481974601745,1.100780307104837,1.1184078381549143,1.0342885567654347,37.478234303831634,-0.009754352979179037
2016-12-23,1.0437650680541992,1.0467915534973145,1.0429704189300537,1.0751240515708924,1.100212991293388,1.1173458224199662,1.0329022807218187,38.23548628540847,-0.009604087909790282
2016-12-26,1.045478343963623,1.0470107793807983,1.044600248336792,1.0740980195999146,1.099668367936873,1.1166637507371444,1.0315322884626847,39.72631219880158,-0.009240238989035365
2016-12-27,1.0456969738006592,1.0461344718933105,1.0435363054275513,1.0729806756973266,1.099131339139498,1.1155366317997149,1.0304247195949383,39.925583279234665,-0.008832429745158521
2016-12-28,1.046233057975769,1.048218011856079,1.0387451648712158,1.0719514393806457,1.0986049880831423,1.1145569312591503,1.0293459475021411,40.44550658541436,-0.00836950205869158
2016-12-29,1.0416991710662842,1.0490977764129639,1.041775107383728,1.0708351397514344,1.0980387610481488,1.1136312710230127,1.028039008479856,37.490279993694145,-0.008273108074225544
2016-12-30,1.0575296878814697,1.0590976476669312,1.0509997606277466,1.0701249432563782,1.0976356856932563,1.11259439480422,1.0276554917085363,50.962956412098016,-0.006840472037615175
2017-01-02,1.052698016166687,1.0540739297866821,1.0465724468231201,1.0694137501716614,1.0971885447029421,1.111834747638821,1.0269927527045017,47.591462460428076,-0.006025514800565679
2017-01-03,1.0460032224655151,1.0492078065872192,1.0347682237625122,1.0685828638076782,1.0966792380140127,1.1111812037314266,1.0259845238839298,43.31548492179032,-0.0058524063226224055
2017-01-04,1.0419923067092896,1.0478885173797607,1.0391337871551514,1.0676480770111083,1.0961350894438164,1.1104923325741674,1.0248038214480493,40.942103485740255,-0.005970045024757509
2017-01-05,1.0500892400741577,1.060895323753357,1.048657774925232,1.066825807094574,1.0956769217883968,1.1094021776457914,1.0242494365433565,47.22828965299083,-0.005348268183651639
2017-01-06,1.0605915784835815,1.060895323753357,1.0539628267288208,1.0662368965148925,1.0953278138948166,1.1083144877607696,1.0241593052690154,54.0589173674135,-0.003962378783359366
2017-01-09,1.0531858205795288,1.0560777187347412,1.0513478517532349,1.0653312826156616,1.0949084905782465,1.1065172625520712,1.024145302679252,49.22080101089988,-0.0034221853961788895
2017-01-10,1.0588620901107788,1.0625863075256348,1.0561892986297607,1.0645618557929992,1.0945498199268289,1.104732514806933,1.0243911967790655,52.7139730283282,-0.0025071498693003402
2017-01-11,1.0552419424057007,1.056747317314148,1.0456969738006592,1.0635525846481324,1.0941586967674146,1.1020029051556666,1.0251022641405982,50.33571833744252,-0.0020504568960053593
2017-01-12,1.0597710609436035,1.0686043500900269,1.0575296878814697,1.0625529098510742,1.0938165312368295,1.0986258746974324,1.026479945004716,53.18162732108924,-0.0013079847754884355
2017-01-13,1.0616837739944458,1.0667804479599,1.0600003004074097,1.0615816330909729,1.0934968023090446,1.0949248967300105,1.0282383694519353,54.370788250683916,-0.0005587889416773795
2017-01-16,1.0628687143325806,1.0633434057235718,1.058133840560913,1.0606365203857422,1.0931920452147514,1.090900422800918,1.0303726179705663,55.13111615581014,0.0001290809715208674
2017-01-17,1.0602991580963135,1.071799874305725,1.0601418018341064,1.0597381711006164,1.0928647528056128,1.0871313002408216,1.0323450419604112,53.06610912066446,0.00046156053741230885
2017-01-18,1.0696789026260376,1.0714668035507202,1.0659617185592651,1.0590936660766601,1.0926340478287015,1.0838245059133207,1.0343628262399995,59.089935924427664,0.001465032005511624
2017-01-19,1.062778353691101,1.0676802396774292,1.058974266052246,1.0585080194473266,1.0923369762452428,1.0813685198347902,1.035647519059863,53.63589077849585,0.0016840609386368222
2017-01-20,1.0659730434417725,1.0695186853408813,1.0626766681671143,1.0580481052398683,1.092074648555656,1.079274147285298,1.0368220631944385,55.675642868029875,0.0020913202716104085
2017-01-23,1.0713750123977661,1.0756157636642456,1.070835828781128,1.0578258967399596,1.0918686820267218,1.0782242339410055,1.0374275595389137,58.963226101363404,0.002817491685425555
2017-01-24,1.0760787725448608,1.077284336090088,1.0727771520614624,1.0578467202186586,1.091711568499539,1.078318766027274,1.0373746744100432,61.631824533409606,0.0037295499651295305
2017-01-25,1.0728693008422852,1.076878309249878,1.0712143182754517,1.0578494834899903,1.0915240832492181,1.07832976520772,1.0373692017722607,58.82111273251515,0.00414559731380737
2017-01-26,1.0751993656158447,1.076658010482788,1.0670650005340576,1.057940194606781,1.091361648247891,1.0786905352126575,1.0371898540009046,60.238829827712344,0.004610191175034917
2017-01-27,1.068296194076538,1.0724780559539795,1.0660525560379028,1.0580600357055665,1.091132141241211,1.078981752575527,1.037138318835606,54.27679487304293,0.004370971072575891
2017-01-30,1.0713980197906494,1.0740330219268799,1.0620898008346558,1.0583194947242738,1.0909357818237924,1.0795787323740769,1.0370602570744707,56.366529587066864,0.004381175367529133
2017-01-31,1.0708587169647217,1.0810343027114868,1.0686043500900269,1.0584589409828187,1.0907360100341499,1.079957342202758,1.0369605397628794,55.88825748652834,0.004296220953044827
2017-02-01,1.0803803205490112,1.0808473825454712,1.0739407539367676,1.0587990021705627,1.0906329683477307,1.0811364792393756,1.0364615251017497,62.01619468638939,0.00494025956434041
2017-02-02,1.0767391920089722,1.0826611518859863,1.076843500137329,1.059243414402008,1.090494721816997,1.082111177277149,1.036375651526867,58.66025142221089,0.00509808856926286
2017-02-03,1.0761713981628418,1.079715371131897,1.0728923082351685,1.0596430563926698,1.0903522011836222,1.0829864414482748,1.0362996713370647,58.13197174570768,0.005118351801129073
2017-02-06,1.0782949924468994,1.0788882970809937,1.0706638097763062,1.0599842929840089,1.0902322289573863,1.0839140133420657,1.036054572625952,59.597498619963915,0.00524530228976805
2017-02-07,1.0743216276168823,1.0743446350097656,1.0656777620315552,1.0602280282974244,1.0900739145161873,1.0844930614217816,1.0359629951730671,55.67094569121347,0.004968025822463584
2017-02-08,1.0678056478500366,1.0707440376281738,1.0642147064208984,1.0602871561050415,1.0898523397234892,1.0846124846408434,1.0359618275692397,49.86844480565469,0.004174377488360248
2017-02-09,1.0692213773727417,1.0710078477859497,1.0657345056533813,1.0604873871803284,1.089647056516019,1.0849409996470951,1.0360337747135617,51.06193446287781,0.003617937672986793
2017-02-10,1.0658594369888306,1.066894292831421,1.0609854459762573,1.0604782938957213,1.0894103637844053,1.084923399296256,1.0360331884951868,48.131504654331124,0.002872561517234029
2017-02-13,1.061954379081726,1.0658026933670044,1.0593445301055908,1.0605533599853516,1.0891371699067667,1.0849929736716262,1.036113746299077,44.907642459533015,0.0019443270149552827
2017-02-14,1.059849739074707,1.0633207559585571,1.056178092956543,1.0602357244491578,1.0888457526845572,1.0842797900059098,1.0361916588924058,43.22714220560332,0.001027028677681896
2017-02-15,1.0578316450119019,1.0587948560714722,1.0522106885910034,1.0599515342712402,1.0885371545982623,1.0837608234282228,1.0361422451142577,41.61887955314622,0.0001356560531249329
2017-02-16,1.0607378482818604,1.0674750804901123,1.0600519180297852,1.0596424007415772,1.0882605445851636,1.0829877458390202,1.0362970556441342,44.803663471137234,-0.000332424871110959
2017-02-17,1.0672245025634766,1.0676915645599365,1.0625863075256348,1.0597441935539245,1.0880512307342016,1.083178114116453,1.036310272991396,51.202285748588665,-0.000177912719530271
2017-02-20,1.062665343284607,1.063151240348816,1.0605241060256958,1.0599026775360108,1.0877986348391808,1.0833056557303864,1.036499699341635,47.07193470155535,-0.00041852231282235586
2017-02-21,1.0609403848648071,1.061255693435669,1.0526647567749023,1.0598380970954895,1.0875313885707791,1.0832108194364463,1.0364653747545327,45.57399856012845,-0.0007398681380601513
2017-02-22,1.0542073249816895,1.0556206703186035,1.0496814250946045,1.0596637415885926,1.0871998058484997,1.0830725082116321,1.036254974965553,40.196961757447845,-0.0015203134546282193
2017-02-23,1.0554089546203613,1.0595015287399292,1.0538963079452515,1.0597436380386354,1.0868834789706079,1.083064583918639,1.0364226921586317,41.52299327622204,-0.002018591455639429
2017-02-24,1.0584474802017212,1.0618078708648682,1.0566245317459106,1.0600749135017395,1.086600533709226,1.082823908632744,1.037325918370735,44.85288668108081,-0.0021435868065722286
2017-02-27,1.055275321006775,1.0614584684371948,1.0552864074707031,1.0602804684638978,1.086288840050495,1.0826560706924413,1.0379048662353543,42.15413959107946,-0.0024701390337480422
2017-02-28,1.0584250688552856,1.062699317932129,1.0576637983322144,1.0606373167037964,1.0860115885958164,1.0822880686580763,1.0389865647495165,45.65092848576477,-0.0024465731265688184
2017-03-01,1.0569148063659668,1.05880606174469,1.0515247583389282,1.0609946656227112,1.0857220683746238,1.0817627640896486,1.0402265671557738,44.269084536053505,-0.0025207054135214513
2017-03-02,1.0535852909088135,1.0545185804367065,1.050045132637024,1.0612091398239136,1.0854022994446157,1.0814271062868925,1.0409911733609347,41.30095555732309,-0.002815662650154316
2017-03-03,1.0509721040725708,1.057373046875,1.05035400390625,1.061353280544281,1.0850597104359385,1.0811622622021793,1.0415442988863826,39.08593943089673,-0.0032231265273288123
2017-03-06,1.062044620513916,1.0638071298599243,1.057820439338684,1.061684606075287,1.0848307045660677,1.0809567145025518,1.042412497648022,51.06221225931791,-0.0026223561562632725
2017-03-07,1.0579211711883545,1.060400366783142,1.0560777187347412,1.0619290900230407,1.0845629480150456,1.0806763759457032,1.0431818041003782,47.33021258962446,-0.002450718846997324
2017-03-08,1.0570154190063477,1.0575296878814697,1.0537296533584595,1.0621447372436523,1.0842888432487898,1.0803965976254364,1.0438928768618683,46.52581753164285,-0.002360570487054403
2017-03-09,1.0547411441802979,1.0614020824432373,1.052565097808838,1.0624055767059326,1.0839948362928844,1.0798183040316873,1.044992849380178,44.48158888905237,-0.0024444639747949193
2017-03-10,1.0578428506851196,1.0669056177139282,1.058133840560913,1.0624118399620057,1.0837346175306182,1.0798176327082338,1.0450060472157776,47.84713880070987,-0.0022349057727846233
2017-03-13,1.0690041780471802,1.0715816020965576,1.0656890869140625,1.0627379631996154,1.0835880459934695,1.0800114242384207,1.0454645021608102,57.76820553975238,-0.001154890687936616
2017-03-14,1.0651443004608154,1.0662117004394531,1.0627444982528687,1.0631207847595214,1.083404526137423,1.079715531613147,1.0465260379058958,53.946264543959984,-0.0006034743384588648
2017-03-15,1.0612443685531616,1.0641003847122192,1.0610530376434326,1.063505825996399,1.0831840270569826,1.0789533524446377,1.0480582995481602,50.323546634070674,-0.0004756814608350979
2017-03-16,1.0737909078598022,1.0745755434036255,1.0707095861434937,1.063979859352112,1.083090563184374,1.0791999109725623,1.0487598077316616,59.69984585331933,0.0006307255698652092
2017-03-17,1.077470064163208,1.078299641609192,1.0729843378067017,1.0643174290657043,1.0830346378209792,1.0799732154037263,1.0486616427276823,61.96684915469183,0.0017838748794334336
2017-03-20,1.0742985010147095,1.0777000188827515,1.0742292404174805,1.064739682674408,1.0829477110865886,1.080308657175825,1.049170708172991,58.89140955379615,0.0024140081912726874
2017-03-21,1.073767900466919,1.0818997621536255,1.0736756324768066,1.0650377988815307,1.0828563696873879,1.080717846790098,1.0493577509729635,58.369479121132294,0.002837865207377055
2017-03-22,1.081244707107544,1.0820754766464233,1.0776559114456177,1.0655578541755677,1.0828403332438075,1.0816317016107893,1.0494840067403461,63.304676541128266,0.003734046986683781
2017-03-23,1.0790164470672607,1.0804970264434814,1.077052354812622,1.0659427618980408,1.0828022846251355,1.0823688587259945,1.0495166650700871,60.984368616505215,0.004215877528662926
2017-03-24,1.0783880949020386,1.08119797706604,1.0761598348617554,1.0662768483161926,1.0827583623393335,1.0830257031589081,1.0495279934734771,60.31302805189325,0.00449521094263261
2017-03-27,1.0849517583847046,1.0904886722564697,1.0839051008224487,1.066718509197235,1.0827801871756058,1.0842470384072638,1.0491899799872064,64.68620117620776,0.00518643151980025
2017-03-28,1.0860947370529175,1.0874292850494385,1.0846928358078003,1.067234420776367,1.0828131677714,1.0854949531439404,1.0489738884087938,65.40116921929919,0.005760059255845329
2017-03-29,1.0817711353302002,1.0826494693756104,1.0740907192230225,1.0674762654304504,1.082802799289398,1.0861837721752317,1.048768758685669,60.418051503972805,0.005798938293318123
2017-03-30,1.0759629011154175,1.0769003629684448,1.0721906423568726,1.0677399563789367,1.0827347406010996,1.0865485917603237,1.0489313209975497,54.419414007277325,0.005299979387670906
2017-03-31,1.0687072277069092,1.0700910091400146,1.0672245025634766,1.0677946400642395,1.0825951633583715,1.0865982056995542,1.0489910744289248,48.00716666024987,0.004269858384702507
2017-04-03,1.0668829679489136,1.068376064300537,1.064373254776001,1.0677047991752624,1.082438823105541,1.08648144771693,1.0489281506335948,46.522883813997616,0.003268599175075604
2017-04-04,1.067008137702942,1.067463755607605,1.0636826753616333,1.0675233864784242,1.0822852839473063,1.0861444353034972,1.048902337653351,46.64477854248702,0.0024568728895060232
2017-04-05,1.0680338144302368,1.0689127445220947,1.065405249595642,1.0674266767501832,1.0821434782804698,1.0859845211770776,1.0488688323232889,47.69683892892781,0.0018747268162144781
2017-04-06,1.0672472715377808,1.0683988332748413,1.0631964206695557,1.0672676348686219,1.081995257317856,1.0856893927513267,1.048845876985917,46.932589970203296,0.001334520894821889
2017-04-07,1.0644639730453491,1.0660412311553955,1.0611655712127686,1.0671909904479981,1.0818208166783285,1.0856271641179367,1.0487548167780596,44.23173484855792,0.0006740449126270143
2017-04-10,1.0582010746002197,1.060782790184021,1.0570378303527832,1.0669270515441895,1.0815857943690936,1.0854947861741102,1.0483593169142689,38.81840246330286,-0.00035070788286484245
2017-04-11,1.0597598552703857,1.0629477500915527,1.0579211711883545,1.0667050743103028,1.0813686208457234,1.085346188489576,1.0480639601310295,40.76164945231655,-0.0010252330351845362
2017-04-12,1.0611318349838257,1.0623831748962402,1.0596587657928467,1.066320104598999,1.0811672597923712,1.084600025537441,1.0480401836605568,42.492962288874864,-0.0014325779148733897
2017-04-13,1.0670650005340576,1.0678056478500366,1.0611768960952759,1.0661266207695008,1.0810269388047262,1.0841595400538082,1.0480937014851934,49.3825930169446,-0.001262096133815005
2017-04-14,1.0616387128829956,1.063151240348816,1.0607041120529175,1.0658359670639037,1.0808340211338634,1.0836755023029716,1.0479964318248358,44.17054148740303,-0.0015470111762747596
2017-04-17,1.0610530376434326,1.0669853687286377,1.0609742403030396,1.0654911279678345,1.080637195427491,1.0830113876462193,1.0479708682894497,43.63522482294779,-0.00179932598732635
2017-04-18,1.0644525289535522,1.0708587169647217,1.063795804977417,1.065293745994568,1.0804761539700387,1.082629345433514,1.0479581465556218,47.60452188297673,-0.0017053189001654534
2017-04-19,1.0728693008422852,1.0736525058746338,1.070159673690796,1.0653950190544128,1.0804004638891656,1.0828492704295274,1.0479407676792982,55.887456419343984,-0.0009408093917482319
2017-04-20,1.0715012550354004,1.077818512916565,1.0710651874542236,1.065440616607666,1.080311914547337,1.0829475005215565,1.0479337326937754,54.38261655953774,-0.00044024509035511805
2017-04-21,1.0714898109436035,1.0737563371658325,1.0687072277069092,1.0655532240867616,1.0802241324219266,1.0831433369821117,1.0479631111914114,54.36942803890569,-4.3960963078237825e-05
2017-04-24,1.087393879890442,1.0877995491027832,1.0821690559387207,1.0660620141029358,1.0802954731927576,1.0846694891742963,1.0474545390315753,66.52074541089145,0.0015357196903831305
2017-04-25,1.0864840745925903,1.0940918922424316,1.085198998451233,1.0665947008132934,1.0803570513161391,1.08598478351208,1.047204618114507,65.44704677630507,0.0026832830881051706
2017-04-26,1.0928245782852173,1.0950744152069092,1.0860711336135864,1.0672945594787597,1.0804811063108564,1.08788269303183,1.0467064259256895,69.18050114757916,0.004057587661936202
2017-04-27,1.090893268585205,1.0930753946304321,1.085257887840271,1.0678976678848267,1.0805847099155763,1.0894461786084715,1.0463491571611818,66.81242451212825,0.004934017107963262
2017-04-28,1.0864251852035522,1.0948106050491333,1.0858235359191895,1.0682816815376281,1.0806428240975463,1.090456472839419,1.0461068902358373,61.562173977696226,0.005208021935710683
2017-05-01,1.0907504558563232,1.0925379991531372,1.0885419845581055,1.0688433837890625,1.0807433975478824,1.091844916775604,1.0458418508025211,64.47263939207578,0.005708383241024739
2017-05-02,1.090893268585205,1.0925379991531372,1.0889095067977905,1.0694424414634705,1.0808443912895473,1.0931531303290216,1.0457317525979193,64.56803692716028,0.006046743874660088
2017-05-03,1.0935654640197754,1.0939722061157227,1.0905719995498657,1.070229604244232,1.080970969127659,1.09448292814054,1.0459762803479242,66.38677586134207,0.006456099062463361
2017-05-04,1.0888975858688354,1.0968520641326904,1.0876303911209106,1.0708993768692017,1.081049840936029,1.0953311271793953,1.046467626559008,60.54077221371016,0.006330878812234708
2017-05-05,1.098152995109558,1.0999890565872192,1.0953261852264404,1.0716934871673585,1.0812200215745715,1.0970373784375018,1.046349595897215,66.78613559021916,0.006898948255763093
2017-05-08,1.0965152978897095,1.0996261835098267,1.0919533967971802,1.0725182867050171,1.0813722133787023,1.0983606400071044,1.0466759334029299,64.8308355121216,0.007134753901892665
2017-05-09,1.0927767753601074,1.093400478363037,1.087263822555542,1.0732053208351136,1.081485691607373,1.099343213064297,1.04706742860593,60.47796876040673,0.0069399644610070865
2017-05-10,1.0886842012405396,1.0900371074676514,1.0859414339065552,1.073840708732605,1.081557318568897,1.0999067148421837,1.0477747026230262,56.041998715261855,0.006381790587971725
2017-05-11,1.087074637413025,1.0892000198364258,1.0839990377426147,1.0745104956626892,1.0816122172638634,1.1001699983432183,1.0488509929821601,54.353445239504154,0.005743349663165365
2017-05-12,1.0864958763122559,1.0933741331100464,1.0857645273208618,1.075220971107483,1.0816608108862356,1.1001778778951155,1.0502640643198504,53.72659137821411,0.00513152640448733
2017-05-15,1.0927289724349976,1.099000096321106,1.0923231840133667,1.0758346581459046,1.0817709418469197,1.1009774527277165,1.0506918635640927,59.185910862340684,0.005090925805291802
2017-05-16,1.0981770753860474,1.108930230140686,1.0979599952697754,1.0766397762298583,1.0819341869567618,1.1020182844106217,1.051261268049095,63.26542297285053,0.0054357064737518
2017-05-17,1.1093976497650146,1.1150261163711548,1.1083157062530518,1.0776874208450318,1.082207455243411,1.1040644767672512,1.0513103649228124,69.9314248735557,0.00653897695962824
2017-05-18,1.115635633468628,1.11720609664917,1.1104941368103027,1.0789053106307984,1.0825400739322193,1.1065507312152323,1.0512598900463646,72.87805148705478,0.007826461345607383
2017-05-19,1.1113580465316772,1.1198208332061768,1.1100751161575317,1.0799756145477295,1.0828268199282338,1.1084247442228283,1.0515264848726307,67.95987486171637,0.008404751734573779
2017-05-22,1.120485782623291,1.1263290643692017,1.116233468055725,1.0810052466392517,1.083201535974951,1.1114874504570769,1.0505230428214265,72.26155739423028,0.009490186095236552
2017-05-23,1.123885989189148,1.1266716718673706,1.1196328401565552,1.0821800804138184,1.083606356404943,1.1146315448700126,1.0497286159576242,73.6792105021874,0.010503688911889908
2017-05-24,1.11793053150177,1.1202473640441895,1.1169440746307373,1.0833138036727905,1.0839478904855084,1.1167264607283662,1.0499011466172148,67.2009577465612,0.010702964420965522
2017-05-25,1.1230907440185547,1.1250998973846436,1.119557499885559,1.0842998003959656,1.0843373716151905,1.1194309008600212,1.04916869993191,69.68790199296261,0.011148761736583301
2017-05-26,1.121076226234436,1.123204231262207,1.1163455247879028,1.0851719236373902,1.0847029323576707,1.1217463760188253,1.0485974712559551,67.53501089354032,0.011210279448529814
2017-05-29,1.1176055669784546,1.11906898021698,1.1162956953048706,1.086038064956665,1.0850303217568824,1.1235993447455257,1.0484767851678043,63.87389379884299,0.010853862906717193
2017-05-30,1.1129041910171509,1.1201595067977905,1.1110740900039673,1.0868207907676697,1.0853076736898204,1.1249649941847897,1.0486765873505497,59.19276130577619,0.01007588989377739
2017-05-31,1.117168664932251,1.125226378440857,1.1165823936462402,1.0875392699241637,1.0856246984783022,1.1265971529330459,1.0484813869152816,61.91898343111556,0.009691727875228207
2017-06-01,1.1243535280227661,1.1257203817367554,1.1203100681304932,1.088446011543274,1.0860100599663067,1.1287804707355857,1.048111552350962,66.0359827961346,0.009853450667058672
2017-06-02,1.1215791702270508,1.1281461715698242,1.1206239461898804,1.0893098330497741,1.0863639814614385,1.1306036784844269,1.0480159876151214,63.19490586599008,0.00964655023060601
2017-06-05,1.128082513809204,1.1279042959213257,1.1236207485198975,1.0901724481582642,1.0867790912360433,1.1328727307977569,1.0474721655187715,66.80061956682405,0.009893301795715459
2017-06-06,1.1256824731826782,1.1279042959213257,1.1241259574890137,1.0909642028808593,1.0871661895638705,1.134808629661515,1.0471197761002036,64.29715393071365,0.00978242525918982
2017-06-07,1.1271415948867798,1.1279934644699097,1.120523452758789,1.091871612071991,1.0875639547909641,1.1368039513970514,1.0469392727469304,65.15220884406062,0.009700472721108744
2017-06-08,1.125517725944519,1.1270145177841187,1.1196452379226685,1.092862708568573,1.0879416042551786,1.1385426693133296,1.0471827478238163,63.334291115816235,0.00939617879164989
2017-06-09,1.1184805631637573,1.1217050552368164,1.1167818307876587,1.09385817527771,1.088245474493075,1.1395588964679937,1.048157454087426,56.03715475819608,0.00848932379555567
2017-06-12,1.1201971769332886,1.1230995655059814,1.1194071769714355,1.0949244594573975,1.0885634018805397,1.1405440426916875,1.0493048762231074,57.32869848799049,0.007819018286834067
2017-06-13,1.1196202039718628,1.1225234270095825,1.1185808181762695,1.0959767007827759,1.088872424786921,1.1413947060892622,1.0505586954762896,56.725487679584035,0.007158718198612801
2017-06-14,1.1208877563476562,1.1295095682144165,1.1198583841323853,1.0970337796211242,1.0891909852999633,1.142257149308341,1.0518104099339074,57.77659112777544,0.006660923524729245
2017-06-15,1.1215791702270508,1.1228384971618652,1.1133625507354736,1.0981204175949097,1.0895132557967502,1.1430324198212698,1.0532084153685497,58.37056947218486,0.006250161015345146
2017-06-16,1.1146905422210693,1.1199712753295898,1.113908290863037,1.099124948978424,1.0897637760596788,1.1432034373401745,1.0550464606166736,50.71568045438995,0.005307591447511806
2017-06-19,1.120824933052063,1.1213276386260986,1.1159842014312744,1.100377426147461,1.090072842298409,1.143252067128523,1.0575027851663992,56.221581809163126,0.004997978758975119
2017-06-20,1.1144545078277588,1.1165997982025146,1.1120872497558594,1.1014713191986083,1.0903154459355169,1.1428820777782045,1.060060560619012,49.977407103526076,0.004190265623180256
2017-06-21,1.1136974096298218,1.1154489517211914,1.112866997718811,1.1025226306915283,1.090548102290684,1.1423937131007806,1.062651548282276,49.27694565208224,0.003449294328654373
2017-06-22,1.1167196035385132,1.117817997932434,1.114715337753296,1.1035157227516175,1.0908085152384237,1.1422390883316396,1.0647923571715954,52.15939684518755,0.0030705397592358796
2017-06-23,1.1149640083312988,1.120862603187561,1.1146284341812134,1.1045822286605835,1.0910488684035269,1.1414928994334645,1.0676715578877025,50.36877173771706,0.00259875533921039
2017-06-26,1.1198835372924805,1.12186861038208,1.1172560453414917,1.1057588386535644,1.0913357805317752,1.140704265294912,1.0708134120122168,55.02784584202686,0.002591949282370498
2017-06-27,1.118355631828308,1.1330161094665527,1.1180554628372192,1.1068369007110597,1.0916046347735315,1.1398537138872307,1.0738200875348887,53.35267748811021,0.0024351948215235453
2017-06-28,1.1339154243469238,1.1387965679168701,1.129726529121399,1.1080578231811524,1.0920256376548587,1.1404568190503923,1.0756588273119125,65.02839368085985,0.003525866999592564
2017-06-29,1.1382650136947632,1.1435105800628662,1.13779878616333,1.1093930983543396,1.092485730948788,1.1411391656062935,1.0776470311023858,67.47887558598174,0.004687177206744053
2017-06-30,1.144164800643921,1.1445000171661377,1.1392894983291626,1.110846598148346,1.0929999505477448,1.1421613082980948,1.0795318879985971,70.49849902287465,0.006014258781433579
2017-07-03,1.1423088312149048,1.1425960063934326,1.1356925964355469,1.1119448971748351,1.0934905861762738,1.1437504475919542,1.080139346757716,68.34851376119494,0.0068374019549419796
2017-07-04,1.1371389627456665,1.1379153728485107,1.1337867975234985,1.1129579949378967,1.0939248983809444,1.1446802382213024,1.081235751654491,62.61975740607863,0.006991984427182407
2017-07-05,1.1360150575637817,1.1368803977966309,1.1315033435821533,1.113821804523468,1.0943437059350025,1.1456583117769397,1.0819852972699964,61.41461634752413,0.006943759062693955
2017-07-06,1.1346874237060547,1.1409013271331787,1.1330673694610596,1.114697687625885,1.094745135962575,1.1463687609802624,1.0830266142715075,59.946951362982055,0.006720936386051646
2017-07-07,1.1424784660339355,1.1438244581222534,1.1382910013198853,1.1158187532424926,1.0952200944707478,1.1473731050828209,1.0842644014021643,65.20236439383689,0.0070912759973331685
2017-07-10,1.140380859375,1.1417349576950073,1.1383039951324463,1.1168113613128663,1.0956694553155661,1.1482693458682716,1.085353376757461,62.81272651699833,0.007133285406629275
2017-07-12,1.1473942995071411,1.149100422859192,1.1394842863082886,1.1179413819313049,1.0961841303821491,1.1496574435978986,1.0862253202647112,67.14805104316879,0.00764438446540372
2017-07-13,1.1418914794921875,1.1455278396606445,1.137255311012268,1.118907902240753,1.0966389298757813,1.1505372526987,1.087278551782806,61.126659917136465,0.00751873131122327
2017-07-14,1.140393853187561,1.1466838121414185,1.139237642288208,1.1199378275871277,1.0970743022470426,1.1509257559354622,1.0889498992387932,59.56124303269331,0.00721513279505781
2017-07-17,1.1475391387939453,1.1487255096435547,1.1436283588409424,1.1209255504608153,1.0975764399241261,1.1522260127331898,1.0896250881884408,64.26355570662784,0.0074650412675736355
2017-07-18,1.1474337577819824,1.1584800481796265,1.1472363471984863,1.121943919658661,1.0980725326391296,1.1533159829229003,1.0905718563944216,64.14508675146288,0.0075673603460253425
2017-07-19,1.1549744606018066,1.1553213596343994,1.1510659456253052,1.1231878733634948,1.0986387209770667,1.1547711951276405,1.091604551599349,68.60507218044114,0.008162824688319414
2017-07-20,1.1528440713882446,1.1649987697601318,1.1480133533477783,1.124471070766449,1.099178077697576,1.1555419023270486,1.0934002392058493,66.10334463584495,0.008366387358968552
2017-07-21,1.1628718376159668,1.1675150394439697,1.1620204448699951,1.1259870147705078,1.099811846452983,1.157006862775734,1.0949671667652816,71.39154723040168,0.009230466103609114
2017-07-24,1.1681697368621826,1.1681697368621826,1.1631693840026855,1.1276204919815063,1.100492024467005,1.1587538444264749,1.0964871395365376,73.72391026974287,0.010224884819437507
2017-07-25,1.1638869047164917,1.1706860065460205,1.1631559133529663,1.1290436506271362,1.101122819295358,1.160172500100799,1.0979148011534734,68.83803593070516,0.010545814470422687
2017-07-26,1.1644561290740967,1.1655012369155884,1.1615750789642334,1.1303692317008973,1.101753001482211,1.1617766979333832,1.0989617654684114,69.13085251629661,0.010722483069146804
2017-07-27,1.1728004217147827,1.1774957180023193,1.1654876470565796,1.1316372871398925,1.1024599409870128,1.1646665936848584,1.0986079805949267,73.11848660112891,0.011404346676872512
2017-07-28,1.1688660383224487,1.1763322353363037,1.1672561168670654,1.132701895236969,1.1031206981744301,1.167031881340851,1.098371909133087,68.61760047223785,0.011494752290638122
2017-07-31,1.1747292280197144,1.1824663877487183,1.1723741292953491,1.1339693188667297,1.103833220859458,1.1697322925681337,1.0982063451653257,71.43912772559106,0.011902307407864354
2017-08-01,1.182410478591919,1.1837540864944458,1.1791062355041504,1.1352078127861023,1.1046150841204774,1.17327936504972,1.0971362605224846,74.65417395919893,0.012698727475179084
2017-08-02,1.1811256408691406,1.186760425567627,1.1794956922531128,1.1363526058197022,1.1053763831926033,1.1764243919814794,1.096280819657925,73.17045200379658,0.013075494291056922
2017-08-03,1.1851149797439575,1.18948495388031,1.1833997964859009,1.137696294784546,1.1061698020637611,1.1797055598974364,1.0956870296716554,74.84233576232938,0.01353991134432464
2017-08-04,1.1884952783584595,1.1891002655029297,1.1736950874328613,1.139004385471344,1.1069889610318675,1.1831749217859817,1.0948338491567065,76.19591309109622,0.014019123325741845
2017-08-07,1.1778424978256226,1.1812511682510376,1.177773118019104,1.1401397109031677,1.1076939713482232,1.1853356347714485,1.0949437870348868,64.43073658042273,0.013385017760691564
2017-08-08,1.1800941228866577,1.1824523210525513,1.1718658208847046,1.1413894820213317,1.1084143708660186,1.187488928471949,1.0952900355707145,65.63843227159575,0.012915292405356382
2017-08-09,1.1754610538482666,1.1760278940200806,1.169235110282898,1.1426406192779541,1.1090815020399711,1.1889795571770712,1.096301681378837,61.045464194659495,0.012030501592212417
2017-08-10,1.1761523485183716,1.1764705181121826,1.1704667806625366,1.1438202929496766,1.1097488736467214,1.1905142809547145,1.0971263049446387,61.47859242912408,0.011255335696997326
2017-08-11,1.177024483680725,1.1831799745559692,1.1749224662780762,1.1448737120628356,1.110418282701786,1.1921480767540331,1.0975993473716381,62.05185590685704,0.01058931809179442
2017-08-14,1.182550311088562,1.1839994192123413,1.1773293018341064,1.1460931348800658,1.111136014327525,1.1940554022833303,1.0981308674768013,65.55001360626798,0.010387640181883873
2017-08-15,1.1775789260864258,1.1792453527450562,1.1689002513885498,1.1470830631256104,1.1117971378276137,1.1955683805641149,1.0985977456871059,60.17556647350988,0.009714675036548659
2017-08-16,1.1741223335266113,1.1757513284683228,1.1683608293533325,1.148051860332489,1.1124172890285988,1.1967272340496073,1.0993764866153706,56.694914581146826,0.00880097501720889
2017-08-17,1.1774264574050903,1.1790227890014648,1.1666978597640991,1.1490575575828552,1.1130641464253799,1.1980464221933302,1.1000686929723802,59.128538077178014,0.008248394000713644
2017-08-18,1.1715501546859741,1.176816701889038,1.1712207794189453,1.1499782061576844,1.113646096756331,1.1988915381283618,1.101064874187007,53.382769693446065,0.007252696474576048
2017-08-21,1.1756268739700317,1.1824663877487183,1.1731857061386108,1.1511211323738098,1.1142628209077112,1.1996999012934435,1.102542363454176,56.538141887467894,0.006715148139440519
2017-08-22,1.1811953783035278,1.1825922727584839,1.1746463775634766,1.1523410964012146,1.1149288165036895,1.20081367590938,1.1038685168930493,60.473670312418975,0.006661677303593905
2017-08-23,1.176221489906311,1.1818654537200928,1.1743566989898682,1.1534731221199035,1.1155386938509793,1.2014680466749916,1.1054781975648154,55.62824113384532,0.006147090226117369
2017-08-24,1.1816558837890625,1.1818934679031372,1.1785225868225098,1.1546884846687318,1.1161965763379254,1.2023921945992297,1.1069847747382338,59.451071800565906,0.006107384304483654
2017-08-25,1.1802195310592651,1.188424825668335,1.1774818897247314,1.155861291885376,1.1168336206635108,1.203123886205169,1.1085986975655828,58.02805155136208,0.005892095010747056
2017-08-28,1.1951857805252075,1.197604775428772,1.1917815208435059,1.1574711966514588,1.1176132441447217,1.2044929173628431,1.1104494759400745,66.91445850036064,0.006850163527059916
2017-08-29,1.1963869333267212,1.2066947221755981,1.196300983428955,1.1589824366569519,1.1183970619475279,1.2060538637421894,1.1119110095717144,67.50902410893083,0.00761854092398373
2017-08-30,1.1970456838607788,1.1986095905303955,1.189668893814087,1.1606342601776123,1.1191796352998986,1.2071207814461913,1.1141477389090333,67.8502535502183,0.0081862749280055
2017-08-31,1.1893434524536133,1.1908164024353027,1.1824384927749634,1.1621471810340882,1.1198777827342639,1.2073035193345625,1.116990842733614,59.925662675718414,0.007923366871006587
2017-09-01,1.1910432577133179,1.1978631019592285,1.1851149797439575,1.1636336541175842,1.12058589691316,1.2075628650077936,1.1197044432273748,61.00801343682999,0.007762686996684476
2017-09-04,1.1882835626602173,1.1923214197158813,1.1879446506500244,1.1651000452041627,1.1212595055275585,1.2072573010057785,1.1229427894025468,58.25697766834665,0.007328187922860829
2017-09-05,1.1893434524536133,1.193816065788269,1.187042236328125,1.1664892435073853,1.1219369577357778,1.207114796706414,1.1258636903083565,59.02125729214679,0.0069888059206446584
2017-09-06,1.1924067735671997,1.1949286460876465,1.1903769969940186,1.1679702663421632,1.1226381499331055,1.2067927699416088,1.1291477627427176,61.230652368402566,0.006887631324885124
2017-09-07,1.1927765607833862,1.205690860748291,1.1915684938430786,1.1691474890708924,1.1233360445684317,1.2073193511707747,1.13097562697101,61.500497089714045,0.006759370649442875
2017-09-08,1.2029062509536743,1.2093360424041748,1.2018941640853882,1.1704403138160706,1.1241277879155485,1.2087214674522457,1.1321591601798955,68.05897718568022,0.007389918103641424
2017-09-11,1.2017642259597778,1.2029350996017456,1.1962437629699707,1.1715923023223878,1.1249002897866354,1.2101120066562596,1.133072597988516,66.67984219849436,0.007708619464498856
2017-09-12,1.1959433555603027,1.1977481842041016,1.1927480697631836,1.1726649928092956,1.1256071859634877,1.210841887455117,1.1344880981634742,60.00548683398453,0.007406123809776677
2017-09-13,1.1974613666534424,1.1996002197265625,1.188565969467163,1.173871440887451,1.1263221529355272,1.2112706198965018,1.1364722618784004,61.09905684601557,0.007205820420375542
2017-09-14,1.1890605688095093,1.1910008192062378,1.1845674514770508,1.1749323511123657,1.1269464157800444,1.2109316538920856,1.1389330483326459,52.53761682267452,0.006296620838048161
2017-09-15,1.1921650171279907,1.198552131652832,1.1902352571487427,1.1760819029808045,1.127595357086989,1.2104705842924355,1.1416932216691735,55.044552664228675,0.005760176919031634
2017-09-18,1.193716287612915,1.1968880891799927,1.1916821002960205,1.177106659412384,1.1282532767937146,1.2104458518151382,1.1437674670096298,56.28703916978961,0.005397991130348556
2017-09-19,1.1959290504455566,1.2005378007888794,1.196000576019287,1.178217623233795,1.12892666757632,1.2102376200770015,1.1461976263905886,58.067341562784236,0.005229228460561508
2017-09-20,1.199256420135498,1.2019230127334595,1.198667049407959,1.1792548656463624,1.1296264661092472,1.2105512663286588,1.147958464964066,60.66181227106313,0.00530284584883689
2017-09-21,1.1872113943099976,1.1953572034835815,1.1866196393966675,1.1801612639427186,1.1301994504694537,1.2096115310518727,1.1507109968335645,48.873291201731924,0.004339235237060146
2017-09-22,1.194557547569275,1.2002496719360352,1.1940582990646362,1.1812445378303529,1.130839829545074,1.208637044268953,1.1538520313917529,54.660363519614776,0.004120837607638261
2017-09-25,1.1927196979522705,1.1938873529434204,1.185185194015503,1.1821481490135193,1.1314555496287275,1.207936265209076,1.1563600328179626,53.042760815021275,0.0037561581552232326
2017-09-26,1.185564637184143,1.186380386352539,1.1765259504318237,1.1829107666015626,1.131993948509876,1.2066853613954736,1.1591361718076516,47.1878824693914,0.002856861336013594
2017-09-27,1.1786059141159058,1.1795234680175781,1.1719207763671875,1.1833833956718445,1.1324577491626724,1.2057915024062242,1.1609752889374647,42.2978579197566,0.0015646154199526752
2017-09-28,1.1749638319015503,1.1802752017974854,1.172195553779602,1.1838257908821106,1.1328806952595767,1.2045857657772374,1.1630658159869838,39.963593968105876,0.0002438051903272953
2017-09-29,1.178175449371338,1.1831939220428467,1.1773293018341064,1.184131863117218,1.1333313893303405,1.2040657068073572,1.1641980194270787,42.95325014373417,-0.0005375986408813205
2017-10-02,1.1807351112365723,1.1807630062103271,1.17311692237854,1.1843831706047059,1.1338030681552782,1.2038059169968465,1.1649604242125653,45.29157187614423,-0.0009394935890076894
2017-10-03,1.173378348350525,1.177163004875183,1.169741153717041,1.1845729994773864,1.1341968520378178,1.2033530043582943,1.1657929945964784,40.192332350591904,-0.001830526344529071
2017-10-04,1.1747568845748901,1.1786754131317139,1.1747430562973022,1.1847790145874024,1.134600434451122,1.2028717026390254,1.1666863265357794,41.52096321561195,-0.002397799530021949
2017-10-05,1.175723671913147,1.177994966506958,1.1703845262527466,1.1848374795913696,1.1350096208935303,1.20279053017028,1.1668844290124594,42.48594455950688,-0.0027377963460313293
2017-10-06,1.1712344884872437,1.1738742589950562,1.1671334505081177,1.1848848485946655,1.1353700673372489,1.2026776803248485,1.1670920168644825,39.247394479700766,-0.0033310871578369206
2017-10-09,1.1742464303970337,1.1750881671905518,1.1720993518829346,1.1848751926422119,1.1357568968204308,1.2026910287475088,1.167059356536915,42.41878751980846,-0.003517686163936773
2017-10-10,1.1741636991500854,1.1817677021026611,1.1741912364959717,1.1847102570533752,1.1361390540575418,1.2027702484373342,1.1666502656694162,42.353387034763365,-0.0036303940184558847
2017-10-11,1.1814883947372437,1.1858035326004028,1.179634690284729,1.1847175121307374,1.1365902912782353,1.20277191648784,1.1666631077736347,49.741550537168585,-0.0030930196807879007
2017-10-12,1.1865493059158325,1.1880717277526855,1.1831799745559692,1.1847461986541747,1.1370873959014949,1.2028077372728063,1.1666846600355432,54.117143992406945,-0.0022330324027755033
2017-10-13,1.1831799745559692,1.1874369382858276,1.1806235313415527,1.184639892578125,1.1375460285249224,1.2026739133343542,1.1666058718218957,50.9375916565809,-0.0018025841036635182
2017-10-16,1.181404709815979,1.182102918624878,1.1781060695648193,1.1847111368179322,1.1379824333138882,1.2026635123114546,1.1667587613244097,49.294236836679254,-0.0015864125767384163
2017-10-17,1.1794538497924805,1.1795096397399902,1.1738604307174683,1.1846983313560486,1.1383950842241228,1.202665056670712,1.1667316060413853,47.481378291519974,-0.0015545928059310654
2017-10-18,1.1771907806396484,1.1779812574386597,1.1732269525527954,1.1847329258918762,1.1387811110541282,1.2026335942408901,1.1668322575428622,45.39573872420496,-0.0016924763617245375
2017-10-19,1.1795234680175781,1.1857191324234009,1.1769968271255493,1.1848003482818603,1.1391865076408292,1.2025941799676907,1.16700651659603,47.93443041675488,-0.0015951339851272284
2017-10-20,1.184805989265442,1.1858035326004028,1.1764997243881226,1.1849559783935546,1.1396404328311238,1.2026077699756843,1.167304186811425,53.23665798548915,-0.0010792927189020585
2017-10-23,1.175364375114441,1.1778993606567383,1.1734058856964111,1.1848122596740722,1.1399958949433957,1.2026599240247502,1.1669645953233942,44.51156132630934,-0.0014160211438039028
2017-10-24,1.1759172677993774,1.1777175664901733,1.174384355545044,1.1847790265083313,1.1403533215389776,1.2026877492661079,1.1668703037505548,45.079204683144674,-0.0016195973178625422
2017-10-25,1.1759034395217896,1.1817537546157837,1.1753782033920288,1.184814648628235,1.1407070540562194,1.2026437610050107,1.1669855362514592,45.066786971255425,-0.0017617404813015103
2017-10-26,1.182075023651123,1.1835579872131348,1.1692214012145996,1.1849076199531554,1.1411186756442284,1.2026276288946534,1.1671876110116575,51.489445345224354,-0.0013607092915557395
2017-10-27,1.163724422454834,1.1644154787063599,1.157594919204712,1.1847511053085327,1.141343608448314,1.203080440373468,1.1664217702435973,37.46363267562234,-0.002494870029874141
2017-10-30,1.1604562997817993,1.1642799377441406,1.1598103046417236,1.184447693824768,1.141533784481483,1.2038635477921058,1.1650318398574304,35.60353529676125,-0.0036157308782018838
2017-10-31,1.1652703285217285,1.1658952236175537,1.1625608205795288,1.184129192829132,1.1417699689992964,1.2042716854483206,1.1639867002099433,40.30525673500483,-0.004068668214552984
2017-11-01,1.165175199508667,1.165745735168457,1.160833477973938,1.1839082670211791,1.1420028568650613,1.2046385107183064,1.1631780233240518,40.242729202406814,-0.004384755698895182
2017-11-02,1.1628718376159668,1.168729543685913,1.1628854274749756,1.1835325860977173,1.1422105084148215,1.2050936112521082,1.1619715609433263,38.67810980108014,-0.004766177831072138
2017-11-03,1.1661807298660278,1.1686748266220093,1.1605236530303955,1.1832518100738525,1.1424490180810027,1.2053479302285173,1.1611556899191877,42.15727583120397,-0.004746740201507116
2017-11-06,1.1614941358566284,1.1626555919647217,1.1582788228988647,1.182577977180481,1.1426385217404618,1.205236392097653,1.159919562263309,38.79954666040816,-0.005051276735201782
2017-11-07,1.1612648963928223,1.1617100238800049,1.1555883884429932,1.181875536441803,1.1428238588016792,1.204960269684022,1.158790803199584,38.63744098747125,-0.005250596236090033
2017-11-08,1.1601063013076782,1.1609547138214111,1.1581177711486816,1.181136748790741,1.142995823403729,1.2046011134342822,1.1576723841471996,37.77834542333498,-0.005439345923223593
2017-11-09,1.15968918800354,1.1652567386627197,1.1586410999298096,1.1805436635017394,1.1431619265340753,1.204651620305338,1.156435706698141,37.45545494226207,-0.005558513879875493
2017-11-10,1.164686679840088,1.1675150394439697,1.1623986959457397,1.1800165319442748,1.1433761031838865,1.2043390761830624,1.1556939877054873,43.66775085869387,-0.005189873883113094
2017-11-13,1.1661127805709839,1.1675150394439697,1.163873314857483,1.1795731163024903,1.143602338779778,1.2040881180775105,1.15505811452747,45.33632054908205,-0.004728146489645368
2017-11-14,1.1664936542510986,1.177412509918213,1.166330337524414,1.17911612033844,1.1438301130630748,1.2037393890182353,1.1544928516586446,45.798081665711116,-0.004282129161424786
2017-11-15,1.1792869567871094,1.1859441995620728,1.1786059141159058,1.178853724002838,1.1441829174782392,1.2031766967599362,1.15453075124574,58.483966035601064,-0.0028633378425795275
2017-11-17,1.1777453422546387,1.1821727752685547,1.177467942237854,1.1785530996322633,1.1445168719536263,1.2025429787419941,1.1545632205225325,56.76000931838946,-0.001842096369236046
2017-11-20,1.1731857061386108,1.1807490587234497,1.1725940704345703,1.1779586887359619,1.1448021339853176,1.2009371469518895,1.1549802305200343,51.88812885171873,-0.001384717510553246
2017-11-21,1.1741223335266113,1.1756683588027954,1.1715501546859741,1.1774058508872987,1.1450938772643355,1.1993535613321606,1.1554581404424367,52.78464633739572,-0.00093587527965866
2017-11-22,1.173722743988037,1.179815649986267,1.1735574007034302,1.1769614386558533,1.1453787416098449,1.1982675659896485,1.1556553113220582,52.33657848652271,-0.0006054291043464666
2017-11-23,1.1814744472503662,1.185499906539917,1.1814465522766113,1.1766417002677918,1.1457379028599994,1.1971573171682648,1.1561260833673188,59.51596974519328,0.0002787364397374148
2017-11-24,1.1853959560394287,1.1943720579147339,1.183726191520691,1.1765684080123902,1.146132510354322,1.1969285314762095,1.1562082845485708,62.58622624440084,0.001281109160415017
2017-11-27,1.1926485300064087,1.1960434913635254,1.1908164024353027,1.1765780782699584,1.1465953563210094,1.1969688737487365,1.1561872827911803,67.49590085402647,0.002630397287537889
2017-11-28,1.1904903650283813,1.192099690437317,1.1867464780807495,1.1765135598182679,1.147032122576804,1.1967024352961202,1.1563246843404156,64.77203392820215,0.0034853945138166864
2017-11-29,1.184805989265442,1.1884952783584595,1.1820051670074463,1.1762910985946655,1.1474079819468403,1.195841795956883,1.156740401232448,58.11914151160711,0.003662090063130563
2017-11-30,1.18519926071167,1.1929757595062256,1.1815024614334106,1.176009955406189,1.147784014571366,1.1945930548911512,1.1574268559212266,58.43721096918648,0.003790165608153595
2017-12-01,1.1898245811462402,1.1939870119094849,1.185213327407837,1.1760622191429138,1.1482023286666385,1.1947880542054001,1.1573363840804274,62.08440111970224,0.004216288356349462
2017-12-04,1.1859863996505737,1.1878741979599,1.1831238269805908,1.1758907961845397,1.1485782895719514,1.1940746416810752,1.1577069506880042,57.569824824209114,0.004195916619739171
2017-12-05,1.1867746114730835,1.187930703163147,1.1808885335922241,1.175771894454956,1.1489583524764404,1.1935804650199793,1.1579633238899327,58.24138161141627,0.004195016440205146
2017-12-06,1.1832919120788574,1.1848341226577759,1.1781338453292847,1.1757264399528504,1.149299979935171,1.193444361405876,1.1580085184998248,54.162296934395016,0.003868682542281787
2017-12-07,1.1804285049438477,1.1809163093566895,1.1777175664901733,1.1757628917694092,1.1496097165024215,1.1935124641805126,1.1580133193583058,50.99965458202292,0.003340500343198327
2017-12-08,1.1772184371948242,1.1777175664901733,1.1731857061386108,1.1758079838752746,1.149884430141152,1.1935607258432666,1.1580552419072827,47.64111331094856,0.002632540220425028
2017-12-11,1.1769968271255493,1.1810418367385864,1.176885962486267,1.1757844114303588,1.150154205235524,1.1935274498532225,1.1580413730074952,47.408997778118504,0.002030191854088814
2017-12-12,1.1777591705322266,1.1792994737625122,1.1718933582305908,1.175724892616272,1.1504288815071329,1.1934200480083828,1.1580297372241612,48.34141576771103,0.0015959441253940998
2017-12-13,1.1742602586746216,1.177024483680725,1.1730480194091797,1.1757425308227538,1.1506660096381527,1.193429895736667,1.1580551659088407,44.4464527403808,0.000958418672671657
2017-12-14,1.1835860013961792,1.1859863996505737,1.177163004875183,1.1759191131591797,1.1509935717451976,1.1937420855322969,1.1580961407860626,54.88109640736157,0.0011919446613162243
2017-12-15,1.1774957180023193,1.1814005374908447,1.1761661767959595,1.175954554080963,1.1512572746930296,1.1937829867709266,1.1581261213909995,48.47722849343442,0.0008754886305581966
2017-12-18,1.1743566989898682,1.18343186378479,1.174315333366394,1.1760169982910156,1.1514871197109087,1.1937997658195416,1.1582342307624895,45.52844088727609,0.00036716984044615764
2017-12-19,1.1784253120422363,1.1832919120788574,1.1777037382125854,1.1761005759239196,1.1517551614256483,1.1938886580619925,1.1583124937858467,49.791488483729474,0.00028929183139703163
2017-12-20,1.1841325759887695,1.1901220083236694,1.1830118894577026,1.1762999534606933,1.1520773247546345,1.1942223902566658,1.1583775166647208,55.09989294363225,0.0006802598390573955
2017-12-21,1.1878176927566528,1.189202070236206,1.1850166320800781,1.1764265394210816,1.1524329503068935,1.194586386401883,1.15826669244028,58.17480442625955,0.0012727909850720476
2017-12-22,1.1857331991195679,1.1861974000930786,1.1817537546157837,1.1764102172851563,1.1527642960662237,1.19453435996521,1.1582860746051025,55.84508201037076,0.001556235655656879
2017-12-25,1.1856067180633545,1.1884952783584595,1.1849043369293213,1.176458752155304,1.1530910863348518,1.1946696794490277,1.1582478248615804,55.69932522765838,0.001750483154842719
2017-12-26,1.187253713607788,1.1877895593643188,1.1847498416900635,1.17657573223114,1.1534310129743834,1.1949903413863714,1.1581611230759088,57.263531754222484,0.0020141071004293742
2017-12-27,1.1857894659042358,1.1910432577133179,1.185564637184143,1.1767024445533751,1.153752987630402,1.1952843206224864,1.158120568484264,55.39099759113565,0.0020808912056577977
2017-12-28,1.1900794506072998,1.195500135421753,1.1898245811462402,1.1769602179527283,1.1541144449734557,1.195923422734618,1.1579970131708386,59.56310339038856,0.0024517220768855985
2017-12-29,1.1941723823547363,1.202284336090088,1.193801760673523,1.1772531962394714,1.1545130314150605,1.1968210477369394,1.1576853447420035,63.108185215465255,0.0030408209093879535
2018-01-01,1.200494647026062,1.2015043497085571,1.199903964996338,1.1775669693946837,1.1549705599286026,1.198108083213631,1.1570258555757365,67.80364388560943,0.003972052550691885
2018-01-02,1.2011579275131226,1.2080942392349243,1.200855016708374,1.1780828404426575,1.1554301357254635,1.1996672421400698,1.1564984387452453,68.26006245146274,0.0047092956982519585
2018-01-03,1.2063454389572144,1.2067092657089233,1.200494647026062,1.1786914038658143,1.1559367556581177,1.2016957080889834,1.1556870996426452,71.64557170310096,0.0056470592401909325
2018-01-04,1.2010425329208374,1.209189772605896,1.200494647026062,1.179194185733795,1.1563855693622243,1.2030335056823476,1.1553548657852426,64.11671939936136,0.005894396471113561
2018-01-05,1.2068840265274048,1.2084592580795288,1.202154278755188,1.1796903657913207,1.156888041572823,1.2047746396269756,1.1546060919556658,68.09416458181117,0.006486994686507375
2018-01-08,1.2037460803985596,1.2054002285003662,1.195971965789795,1.1804907989501954,1.1573542907153678,1.2060453602210086,1.1549362376793821,63.99083767367502,0.006627034683315269
2018-01-09,1.1970456838607788,1.1975760459899902,1.1917957067489624,1.181222586631775,1.1577492299506456,1.206529830925414,1.1559153423381359,56.20286557864263,0.006126726299642948
2018-01-10,1.1929330825805664,1.2016342878341675,1.1924494504928589,1.1817758417129516,1.1580993180365153,1.206868242604423,1.1566834408214801,52.018182707586554,0.005336855796638895
2018-01-11,1.1956144571304321,1.2059234380722046,1.1931180953979492,1.182384626865387,1.158472603002624,1.2073095674484395,1.1574596862823345,54.40201293871444,0.0048710913404668155
2018-01-12,1.2042099237442017,1.2156133651733398,1.2041373252868652,1.1832113885879516,1.1589277007214458,1.2082367031426064,1.1581860740332968,61.07767132315307,0.005136343404217092
2018-01-15,1.2192296981811523,1.2299003601074219,1.2188136577606201,1.1842723679542542,1.1595277205966668,1.2108034501394889,1.1577412857690195,69.484733154398,0.0064837867892573176
2018-01-16,1.2268433570861816,1.2281240224838257,1.2196757793426514,1.1855793523788452,1.1601975279249206,1.2139080142724945,1.1572506904851958,72.70335123446722,0.00807294414843085
2018-01-17,1.227129340171814,1.2321492433547974,1.2199138402938843,1.186896641254425,1.1608635161064818,1.2166976568568983,1.1570956256519518,72.81932084357717,0.009248824557480884
2018-01-18,1.218397855758667,1.2262566089630127,1.2175078392028809,1.1880624723434448,1.161435997098046,1.218145184984883,1.1579797597020065,63.893936507726785,0.009368170001044396
2018-01-19,1.2236607074737549,1.2294830083847046,1.222030758857727,1.1893419027328491,1.1620551484450679,1.2199363154179856,1.1587474900477126,66.5548524323167,0.009774743120697593
2018-01-22,1.2255502939224243,1.2266627550125122,1.2214635610580444,1.190559175014496,1.16268694093738,1.2219816439788338,1.159136706050158,67.48149427601862,0.010132626471081041
2018-01-23,1.2256253957748413,1.2306995391845703,1.2223594188690186,1.191749427318573,1.1633131942193446,1.2238925767375473,1.1596062778995986,67.5200122304309,0.010303538913641663
2018-01-24,1.2310267686843872,1.240199327468872,1.2295132875442505,1.1930400896072388,1.1639869611294447,1.2262100848793993,1.1598700943350784,70.2494075857687,0.010750904177222464
2018-01-25,1.239111304283142,1.2529915571212769,1.2386507987976074,1.1942365765571594,1.1647344670314714,1.2296235040306003,1.1588496490837186,73.79846428109175,0.011623806819789362
2018-01-26,1.239234209060669,1.2490164041519165,1.2387429475784302,1.19546635389328,1.1654757579969361,1.2327376513780277,1.1581950564085322,73.84953771522024,0.012185044236306508
2018-01-29,1.2428072690963745,1.243193507194519,1.2338062524795532,1.1968587851524353,1.1662452257690699,1.2358929141708104,1.1578246561340602,75.35363987633953,0.01277092968814908
2018-01-30,1.2381141185760498,1.245221495628357,1.2336845397949219,1.1981386208534242,1.1669603391303334,1.2383097160339323,1.157967525672916,69.68418814100544,0.012710036713605044
2018-01-31,1.2409565448760986,1.2476606369018555,1.2400639057159424,1.1994832968711853,1.16769661978452,1.2408032172268058,1.1581633765155648,71.1022969791311,0.012744231076987633
2018-02-01,1.241865873336792,1.2487823963165283,1.2386507987976074,1.2006911253929138,1.1684346223074282,1.2433706481884685,1.158011602597359,71.56062526318811,0.012698327152548039
2018-02-02,1.2510008811950684,1.251799464225769,1.241187572479248,1.2020032238960265,1.1692561771222305,1.246747334997244,1.157259112794809,75.72578248392486,0.013246370834031351
2018-02-05,1.244694471359253,1.2478163242340088,1.2401562929153442,1.2030441427230836,1.1700068069156337,1.2492961510151799,1.1567921344309873,68.2900040137412,0.013021718565281892
2018-02-06,1.2367818355560303,1.2428536415100098,1.231618046760559,1.2039699721336365,1.1706712350613093,1.2510422724930457,1.1568976717742274,60.29062737575958,0.012066105885345957
2018-02-07,1.2381294965744019,1.2403254508972168,1.2278525829315186,1.2050364422798157,1.1713424615440267,1.2527484309677337,1.1573244535918976,61.1258534572849,0.01128740673432227
2018-02-08,1.2268133163452148,1.2294527292251587,1.2216575145721436,1.2058687233924865,1.1718944103480187,1.2536201193287257,1.1581173274562473,51.35754906439909,0.00964596815914831
2018-02-09,1.2260762453079224,1.2285465002059937,1.2226433753967285,1.20659375667572,1.1724335330839382,1.2544515771384999,1.1587359362129404,50.78823547977034,0.008191217532784956
2018-02-12,1.2252799272537231,1.2297097444534302,1.2236307859420776,1.2073796272277832,1.1729593678517967,1.2551466423001474,1.159612612155419,50.14152970999224,0.006894584490338529
2018-02-13,1.2303755283355713,1.2371996641159058,1.228606939315796,1.208251645565033,1.1735306729312371,1.2560752147468643,1.1604280763832016,54.16358295546032,0.0062066198340924306
2018-02-14,1.235376238822937,1.2416189908981323,1.2278525829315186,1.2092933320999146,1.1741460516963287,1.2571668034257757,1.1614198607740536,57.76445693791574,0.0059958025515916
2018-02-15,1.2467273473739624,1.2511996030807495,1.2450509071350098,1.2106193089485169,1.1748682536433699,1.2589004709640972,1.1623381469329366,64.56864449448581,0.0066678056186415535
2018-02-16,1.2503595352172852,1.2558081150054932,1.2430543899536133,1.212082130908966,1.1756194106739561,1.260663885999365,1.163500375818567,66.43217336045907,0.007408064537665071
2018-02-19,1.241187572479248,1.2437996864318848,1.2371032238006592,1.21336594581604,1.1762718301944068,1.2615543761452566,1.1651775154868234,58.11936310157361,0.00717195054312314
2018-02-20,1.2398641109466553,1.2409104108810425,1.2321947813034058,1.2146080446243286,1.176904589206867,1.2622488767528273,1.16696721249583,57.01080038169041,0.006799654037185521
2018-02-21,1.233532428741455,1.2347005605697632,1.2300727367401123,1.2157934880256653,1.1774680502967634,1.2622720312713958,1.169314944779935,51.90952308665943,0.00592538834764933
2018-02-22,1.2281843423843384,1.2353304624557495,1.2261663675308228,1.2166854548454284,1.1779726900190277,1.2623457393510324,1.1710251703398245,48.00246956924784,0.004746268586930613
2018-02-23,1.2326656579971313,1.233500361442566,1.2280486822128296,1.2177888536453247,1.1785168986556258,1.2622339230141835,1.173343784276466,51.309501198457944,0.004125852144232001
2018-02-26,1.228712558746338,1.2354830503463745,1.228244662284851,1.2188759708404542,1.179016357960011,1.2616111262080216,1.1761408154728867,48.38607017228878,0.0032774056788724693
2018-02-27,1.2315573692321777,1.2345678806304932,1.2223145961761475,1.219938611984253,1.1795391540920723,1.2611847098187214,1.1786925141497846,50.56878331936551,0.0028022555162345864
2018-02-28,1.2230321168899536,1.224289894104004,1.2189176082611084,1.2207166028022767,1.1799719198910563,1.260652706113088,1.1807804994914652,44.49598142970035,0.0017179752245746194
2018-03-01,1.2191256284713745,1.2221801280975342,1.2157995700836182,1.221342761516571,1.180361509031159,1.260138953670443,1.182546569362699,42.0066179844667,0.0005372611025660223
2018-03-02,1.2270842790603638,1.2330456972122192,1.2252799272537231,1.222169783115387,1.1808264122155292,1.2596068010199617,1.1847327652108124,48.34680785512406,0.0002409556567799509
2018-03-05,1.2315422296524048,1.2348270416259766,1.2275512218475342,1.223088493347168,1.181331047214901,1.2590902278813878,1.1870867588129481,51.542502712465435,0.00036168157233218423
2018-03-06,1.2336541414260864,1.2419891357421875,1.233121633529663,1.2240165019035338,1.1818516750179973,1.2586126812164269,1.1894203225906408,53.02521915734024,0.0006206172707670099
2018-03-07,1.2416653633117676,1.2440595626831055,1.2386049032211304,1.2251340198516845,1.1824468360955471,1.2582691237377315,1.1919989159656375,58.24458352716301,0.0014554863898144088
2018-03-08,1.2414649724960327,1.24447762966156,1.2306329011917114,1.2261617302894592,1.1830340812338604,1.258022105326033,1.1943013552528854,58.07077375004096,0.0020770137953363133
2018-03-09,1.2306632995605469,1.2333801984786987,1.2275512218475342,1.2268915486335754,1.1835080038042753,1.2574042918367827,1.1963788054303681,49.49660606837254,0.0016786238783663698
2018-03-12,1.2308752536773682,1.2342007160186768,1.229135513305664,1.2274991607666015,1.1839793197234108,1.2570615482237684,1.1979367733094346,49.653692076722244,0.0013642734299070813
2018-03-13,1.2339584827423096,1.2398948669433594,1.231496810913086,1.2281551718711854,1.1844766248280763,1.2567723430496553,1.1995380006927154,51.99291131778433,0.0013483957853841488
2018-03-14,1.239234209060669,1.2416189908981323,1.235010027885437,1.2288129472732543,1.18502147641248,1.2568908166149837,1.200735077931525,55.77901788442015,0.0017414453623889603
2018-03-15,1.2375624179840088,1.2386969327926636,1.2320733070373535,1.229543344974518,1.1855442718510028,1.256552301814283,1.2025343881347528,54.317147569347604,0.0018961824053527199
2018-03-16,1.2309207916259766,1.23350191116333,1.2261513471603394,1.2300240802764892,1.1859957795104552,1.256230596458729,1.2038175640942494,48.84072211214438,0.0014659898673718974
2018-03-19,1.228078842163086,1.2332433462142944,1.226046085357666,1.2305107355117797,1.1864145164522726,1.2556056285044708,1.2054158425190886,46.672289521788564,0.0008855297751348967
2018-03-20,1.2336845397949219,1.2354220151901245,1.2264971733093262,1.2312435126304626,1.1868848649432442,1.2544159760593432,1.208071049201582,51.268226526209055,0.0008678400008492737
2018-03-21,1.2251899242401123,1.229619026184082,1.2246992588043213,1.2318886494636536,1.1872660098118697,1.2523445638457806,1.2114327350815266,44.94675463234775,0.0001664574268702701
2018-03-22,1.2347661256790161,1.2386815547943115,1.230042576789856,1.2326716828346251,1.187738647780697,1.2502558828013368,1.2150874828679135,52.114867544251254,0.0003789577195700833
2018-03-23,1.2324985265731812,1.2360174655914307,1.2319974899291992,1.2332374548912048,1.1881840197089804,1.2487864647955547,1.217688444986855,50.44009625843639,0.0003602368496291586
2018-03-26,1.235437273979187,1.2448959350585938,1.2352389097213745,1.2335616064071655,1.1886542013435097,1.2485855918047402,1.2185376210095908,52.56750295223068,0.0005758942306430814
2018-03-27,1.2457488775253296,1.2478163242340088,1.237332820892334,1.2339397168159485,1.1892223075741746,1.2492229422751011,1.2186564913567959,59.18755379858535,0.0015608717296409225
2018-03-28,1.240787148475647,1.2422360181808472,1.2337149381637573,1.2342128729820252,1.189735390568219,1.2494874841326344,1.218938261831416,55.19563591640495,0.001918982589796947
2018-03-29,1.2310267686843872,1.2338062524795532,1.2285163402557373,1.2344654512405395,1.1901462500519622,1.2490758754980653,1.2198550269830137,48.295241631280206,0.0013990792337528202
2018-03-30,1.2302846908569336,1.2333498001098633,1.2298005819320679,1.2345979309082031,1.1905456375226584,1.2489258651326531,1.2202699966837531,47.80589339647292,0.0009166065300036941
2018-04-02,1.231420874595642,1.2345678806304932,1.228380560874939,1.2347153425216675,1.190952356299504,1.2488353630220428,1.2205953220212922,48.66356918567397,0.0006187909318067231
2018-04-03,1.229271411895752,1.2336997985839844,1.2255052328109741,1.2347882628440856,1.1913336404347898,1.248753487502423,1.220823038185748,47.087155608683034,0.00020694076420468832
2018-04-04,1.2278525829315186,1.2310571670532227,1.225760579109192,1.2347247791290283,1.1916970129969464,1.2487883089801988,1.220661249277858,46.027252716464936,-0.00023127510515674743
2018-04-05,1.228682279586792,1.2291052341461182,1.2219412326812744,1.2345161986351014,1.1920650255998304,1.2486234701343593,1.2204089271358436,46.78164809361292,-0.0005057843852314114
2018-04-06,1.2251598834991455,1.2280033826828003,1.2218068838119507,1.2342347121238708,1.1923943276684803,1.2485182958646581,1.2199511283830835,43.97168183736552,-0.0009960806955837676
2018-04-09,1.227144479751587,1.2330456972122192,1.2262566089630127,1.2339214563369751,1.1927401003260236,1.2481244470180899,1.2197184656558604,45.941859320670844,-0.0012105492639491455
2018-04-10,1.2322403192520142,1.2377768754959106,1.2303755283355713,1.2338039803504943,1.1931331373302623,1.247962523866051,1.2196454368349376,50.732429122832556,-0.00095827904523893
2018-04-11,1.2363078594207764,1.2393723726272583,1.235406756401062,1.2337110066413879,1.1935627365550436,1.2477382872569507,1.219683726025825,54.21984783290441,-0.0004252347402484702
2018-04-12,1.2371643781661987,1.2379761934280396,1.230042576789856,1.233616976737976,1.1939965837352542,1.2474832423974722,1.21975071107848,54.943106904965525,6.556482586317358e-05
2018-04-13,1.2329696416854858,1.234872817993164,1.2308752536773682,1.2332563519477844,1.1943843753566497,1.2461833514021565,1.2203293524934122,50.717159619538606,0.0001147243697869893
2018-04-16,1.233258605003357,1.2394031286239624,1.232635259628296,1.2330276346206666,1.1947711836118406,1.245526184597176,1.2205290846441572,50.99677319667651,0.00017498348659694685
2018-04-17,1.2385127544403076,1.2415003776550293,1.2338367700576782,1.2330622529983521,1.1952064231225716,1.2456127259522227,1.2205117800444816,55.89658229509024,0.0006393353595628426
2018-04-18,1.237317442893982,1.2396950721740723,1.2344460487365723,1.2330460119247437,1.1956254382446752,1.245571797717673,1.2205202261318144,54.560010465708906,0.0009005054459738648
2018-04-19,1.237914800643921,1.240199327468872,1.2330456972122192,1.2332680416107178,1.1960462279202895,1.2457363239647354,1.2207997592567001,55.137348354047276,0.0011425161838012343
2018-04-20,1.2345526218414307,1.2352694272994995,1.2255052328109741,1.233437569141388,1.1964293761185099,1.245736075862272,1.2211390624205039,51.19470183917644,0.0010508976131391456
2018-04-23,1.2273402214050293,1.2289692163467407,1.2212249040603638,1.233478775024414,1.1967369467183757,1.2456791368780822,1.221278413170746,43.93675687592421,0.0003917924575724818
2018-04-24,1.22089684009552,1.223466157913208,1.2184869050979614,1.233289201259613,1.196977343667402,1.2459714279217442,1.220606974597482,38.66318397453839,-0.0006430672697135265
2018-04-25,1.2241400480270386,1.2236157655715942,1.21690034866333,1.233064477443695,1.1972476193326722,1.2459915963360644,1.2201373585513255,42.41005921666183,-0.001187808961571779
2018-04-26,1.2171669006347656,1.2210012674331665,1.2099798917770386,1.232473268508911,1.1974458211366732,1.2455528833332956,1.2193936536845265,37.15472022532176,-0.0021573270709687176
2018-04-27,1.2109616994857788,1.2116997241973877,1.2056035995483398,1.231685311794281,1.1975803074884057,1.2451092327042272,1.2182613908843347,33.21084241843839,-0.003387337908495658
2018-04-30,1.2122827768325806,1.2138574123382568,1.2066364288330078,1.2311072158813476,1.197726600715711,1.2453268513567248,1.2168875804059704,34.79766962511678,-0.004207034384209329
2018-05-01,1.2081234455108643,1.2084592580795288,1.1983511447906494,1.230472402572632,1.1978300519077025,1.2458807146610074,1.2150640904842565,32.203453941658154,-0.005133101820940178
2018-05-02,1.1991558074951172,1.2031089067459106,1.1954143047332764,1.229784870147705,1.1978432435055872,1.2475269619707101,1.2120427783246999,27.451602470365046,-0.006515523479795116
2018-05-03,1.19510018825531,1.2009127140045166,1.1950715780258179,1.2291231870651245,1.197815949423495,1.2493961238184477,1.2088502503118013,25.6110366619332,-0.00784789157375676
2018-05-04,1.1989257335662842,1.1997599601745605,1.1914832592010498,1.2284483885765076,1.1978269920517814,1.25041537867975,1.2064813984732652,30.354520657165267,-0.008497163342523484
2018-05-07,1.195500135421753,1.1978917121887207,1.18995201587677,1.2277841401100158,1.1978038392494925,1.251645435407682,1.2039228448123496,28.596097288104332,-0.009182285368414256
2018-05-08,1.1933743953704834,1.1938873529434204,1.183936357498169,1.227020480632782,1.1977597651810448,1.2527590593130473,1.2012819019525167,27.53031222733307,-0.00978399516067019
2018-05-09,1.1867886781692505,1.1896122694015503,1.1823545694351196,1.2262956118583679,1.1976506001361513,1.2544232088015053,1.1981680149152305,24.48556902588878,-0.01066927804916662
2018-05-10,1.184721827507019,1.1942437887191772,1.184469223022461,1.2256075358390808,1.1975219556323788,1.2560398352728193,1.1951752364053423,23.603296219669062,-0.011406165515498001
2018-05-11,1.1917530298233032,1.1967878341674805,1.1893434524536133,1.2249009108543396,1.1974645533855224,1.2567987199553312,1.193003101753348,32.512179603831285,-0.011292620576247803
2018-05-14,1.1952143907546997,1.1996996402740479,1.1951572895050049,1.2241743540763854,1.1974421637076038,1.2570933001556164,1.1912554079971545,36.44155816498842,-0.010798850072891941
2018-05-15,1.1931180953979492,1.1940299272537231,1.182396411895752,1.2233636331558229,1.197399138152284,1.257310241653074,1.1894170246585718,35.10834647523896,-0.010456154862848122
2018-05-16,1.1820889711380005,1.1853959560394287,1.176567554473877,1.2221721053123473,1.1972467981819925,1.2576446785251079,1.1866995320995868,29.080326374223688,-0.010948319184971078
2018-05-17,1.1816978454589844,1.1836841106414795,1.1778563261032104,1.2209767627716064,1.1970920822345,1.257798147489468,1.1841553780537448,28.890880531950458,-0.011240351751513389
2018-05-18,1.1795234680175781,1.182228684425354,1.175046682357788,1.219953966140747,1.1969172701527395,1.258478770837409,1.181429161444085,27.80637093169966,-0.011514511629440616
2018-05-21,1.1766643524169922,1.1778979301452637,1.1718658208847046,1.2188697481155395,1.1967157485832296,1.2591513150406641,1.1785881811904149,26.402892954550964,-0.011826167346616234
2018-05-22,1.1792453527450562,1.1828161478042603,1.1759449243545532,1.2177754855155944,1.19654191379877,1.2593363177731396,1.1762146532580493,29.84527633665975,-0.011729679151889938
2018-05-23,1.1788560152053833,1.1791006326675415,1.168620228767395,1.2165679216384888,1.1963659347082884,1.2590815898914371,1.1740542533855405,29.62021052049481,-0.011551469695916916
2018-05-24,1.1710150241851807,1.174936294555664,1.1692214012145996,1.2152369737625122,1.196113686842387,1.2592096214148811,1.1712643261101432,25.456652778197878,-0.011905698383636087
2018-05-25,1.1722642183303833,1.1733232736587524,1.1648359298706055,1.2140638422966004,1.195876378697989,1.2594361228112199,1.1686915617819809,27.21206657473762,-0.011947899692817288
2018-05-28,1.1688934564590454,1.1730204820632935,1.1608469486236572,1.2128801345825195,1.1956078919095416,1.2598210634767306,1.1659392056883084,25.46918273632943,-0.012113697680427027
2018-05-29,1.162696123123169,1.1639816761016846,1.1514369249343872,1.2114603662490844,1.1952804116231102,1.2600965390565728,1.162824193441596,22.60282080802685,-0.012599922721098
2018-05-30,1.1539349555969238,1.1670994758605957,1.1520073413848877,1.2100352668762206,1.1948690140507103,1.2611423762403724,1.158928157512069,19.296556006409787,-0.013536175957664875
2018-05-31,1.1667250394821167,1.1724016666412354,1.1642934083938599,1.2086744451522826,1.194588974502764,1.2607088076755153,1.15664008262905,34.38584067788463,-0.013095157688262526
2018-06-01,1.1693171262741089,1.1715501546859741,1.1629935503005981,1.2074108171463012,1.1943375133263594,1.2601476425451288,1.1546739917474735,36.95839568552432,-0.012393621833520552
2018-06-04,1.1668611764907837,1.174425721168518,1.1668747663497925,1.2060392951965333,1.1940641169399357,1.2593647140906044,1.1527138763024622,35.5367246195343,-0.011898663846469093
2018-06-05,1.1700559854507446,1.171385407447815,1.1655282974243164,1.2045254373550416,1.1938252300594463,1.2575463905109452,1.151504484199138,38.83292655825606,-0.011120422385774154
2018-06-06,1.1726216077804565,1.1797001361846924,1.1714677810668945,1.2031621265411376,1.1936142487432375,1.255882006136306,1.1504422469459692,41.42327990159758,-0.01017929555823538
2018-06-07,1.178550362586975,1.1841003894805908,1.1783559322357178,1.2021125984191894,1.1934643593287473,1.254657389853877,1.1495678069845017,47.0080657592376,-0.00885299301011977
2018-06-08,1.1795234680175781,1.181199550628662,1.1728416681289673,1.2010973739624022,1.1933256439923179,1.2533813458653018,1.1488134020595027,47.88630816906841,-0.0076353516288401035
2018-06-11,1.1783976554870605,1.1820330619812012,1.1776067018508911,1.2000369095802308,1.1931771067932606,1.2519601664021722,1.1481136527582894,46.917516241161856,-0.006684154946467569
2018-06-12,1.177412509918213,1.1808466911315918,1.174315333366394,1.19899973154068,1.1930202451328125,1.2506102997970336,1.1473891632843263,46.039765367069975,-0.005941329785468685
2018-06-13,1.17482590675354,1.1789672374725342,1.1733646392822266,1.1979391980171203,1.192839206939984,1.249308506698622,1.1465698893356187,43.72665379482333,-0.005497975512517961
2018-06-14,1.1807769536972046,1.1841607093811035,1.1628854274749756,1.1969810914993286,1.1927191845196579,1.2477939768347164,1.1461682061639409,49.95627147261231,-0.004613235793047288
2018-06-15,1.1566576957702637,1.1626555919647217,1.1545344591140747,1.195611047744751,1.1923603637360818,1.247013390304246,1.144208705185256,33.68174184063653,-0.005791534527884279
2018-06-18,1.159595012664795,1.1623716354370117,1.156644344329834,1.1942600584030152,1.1920343403423377,1.2458301010366055,1.1426900157694249,36.399138106461564,-0.006414386781222525
2018-06-19,1.1630746126174927,1.164686679840088,1.153322696685791,1.1928767442703248,1.1917461838475631,1.2439971326357733,1.1417563559048762,39.55863078836342,-0.006551703088537808
2018-06-20,1.1588560342788696,1.1600120067596436,1.1546010971069336,1.1913277077674866,1.1914189186777253,1.2417658080788823,1.140889607456091,37.149143479552386,-0.006921148574688729
2018-06-21,1.1579033136367798,1.1628313064575195,1.151410460472107,1.1897424864768982,1.1910854300703528,1.2392746384672828,1.1402103344865135,36.6068555260007,-0.007207727185433166
2018-06-22,1.1605775356292725,1.1675995588302612,1.1601735353469849,1.188294644355774,1.1907818689316356,1.2368927568242971,1.139696531887251,39.28594345340173,-0.007136786995755484
2018-06-25,1.1661399602890015,1.1700011491775513,1.1629935503005981,1.1869522714614869,1.1905366758108133,1.234169301059326,1.1397352418636477,44.536477623141685,-0.006556149985451398
2018-06-26,1.1702749729156494,1.17205810546875,1.1652023792266846,1.1855875158309936,1.1903350668267818,1.2306156318228518,1.1405593998391355,48.127737326571896,-0.005696662431828647
2018-06-27,1.1650259494781494,1.1671879291534424,1.1583592891693115,1.184141685962677,1.1900832348133625,1.226979328213097,1.141304043712257,44.21405088968759,-0.005377081033755671
2018-06-28,1.1563634872436523,1.1596999168395996,1.1528042554855347,1.1825106596946717,1.189747714937047,1.2231450144653893,1.1418763049239542,38.63097222808633,-0.005756442099171144
2018-06-29,1.1562966108322144,1.1682379245758057,1.15644371509552,1.1809455394744872,1.1894148681300336,1.2193663327574145,1.14252474619156,38.590457804833704,-0.005993396697783204
2018-07-02,1.1678558588027954,1.1678422689437866,1.1592589616775513,1.1797558522224427,1.1892003506242899,1.2159311996266808,1.1435805048182046,48.62054712808574,-0.0051886388192958766
2018-07-03,1.1642121076583862,1.1675423383712769,1.1622636318206787,1.1786221575737,1.1889517113907984,1.2130454493939404,1.1441988657534594,46.06633805806125,-0.004789670329786722
2018-07-04,1.1659224033355713,1.1681833267211914,1.1631423234939575,1.1774578046798707,1.1887225640469652,1.209449406275686,1.1454662030840554,47.46149005640622,-0.004286071199030683
2018-07-05,1.166235089302063,1.1719757318496704,1.165080189704895,1.1764391684532165,1.1884988080793542,1.2064523255217277,1.1464260113847053,47.72771880202715,-0.00381772574941297
2018-07-06,1.1695905923843384,1.1767336130142212,1.1680742502212524,1.1756117463111877,1.1883106666296526,1.2039760513313706,1.1472474412910048,50.61950744092875,-0.0031396061256345753
2018-07-09,1.1752262115478516,1.179078459739685,1.1742877960205078,1.174870615005493,1.1881804730467491,1.2011865284313317,1.1485547015796544,55.111122392179816,-0.002122971773441007
2018-07-10,1.1756960153579712,1.1762906312942505,1.1691941022872925,1.1742220664024352,1.1880562495871594,1.1987292235456053,1.1497149092592651,55.4747136255661,-0.0012647927403059978
2018-07-11,1.1727042198181152,1.1755163669586182,1.1698368787765503,1.1736930346488952,1.1879034930720445,1.1971215675517455,1.1502645017460449,52.5553279902143,-0.0008166784099430391
2018-07-12,1.1676785945892334,1.169700026512146,1.1650530099868774,1.1731446027755736,1.1877022503010712,1.195798784304212,1.1504904212469353,47.9869462827574,-0.0008571893840714218
2018-07-13,1.1665889024734497,1.1675423383712769,1.1614537239074707,1.172497866153717,1.1874921672381098,1.1939630603111964,1.1510326719962378,47.032304831418315,-0.0009660872176640023
2018-07-16,1.1679104566574097,1.1726078987121582,1.1676650047302246,1.17194607257843,1.1872973243467595,1.1923920381793671,1.151500106977493,48.37369182866773,-0.0009349733664287818
2018-07-17,1.170946478843689,1.1745359897613525,1.1664528846740723,1.1714975142478943,1.1871346293666294,1.1909863397865952,1.1520086887091934,51.41756758874517,-0.0006577516462829003
2018-07-18,1.1653246879577637,1.166534423828125,1.1603754758834839,1.1710682344436645,1.1869176150242526,1.1901230328935422,1.1520134359937868,46.00821080913649,-0.00088152134765207
2018-07-19,1.164564609527588,1.1657049655914307,1.157594919204712,1.1706650900840758,1.1866951970591118,1.1893909223526626,1.151939257815489,45.31408889491498,-0.0011074266995918514
2018-07-20,1.1655147075653076,1.172236680984497,1.1628042459487915,1.170140323638916,1.1864844459198698,1.1878997177610018,1.1523809295168304,46.40261465605083,-0.0011960065284493115
2018-07-23,1.1741912364959717,1.1750881671905518,1.1688660383224487,1.1697198605537416,1.1863621254280898,1.1859891845562245,1.1534505365512586,55.177164873880734,-0.0005596322172338741
2018-07-24,1.1694128513336182,1.1716599464416504,1.1657185554504395,1.169245755672455,1.1861934759346127,1.1840474148645064,1.1544440964804035,50.293837381583394,-0.00043585250239819295
2018-07-25,1.1685519218444824,1.1713716983795166,1.1667522192001343,1.1689750146865845,1.1860179380829696,1.1833055439491407,1.1546444854240283,49.444758877363206,-0.0004025852491400528
2018-07-26,1.1737502813339233,1.174315333366394,1.1650937795639038,1.1688160634040832,1.1858958718466606,1.1827411672002905,1.1548909596078758,54.445638969498695,4.275065213299456e-05
2018-07-27,1.1642934083938599,1.1663167476654053,1.1623716354370117,1.1685114622116088,1.185680921961558,1.1821437950804283,1.1548791293427894,45.607131369674214,-0.000363221063195196
2018-07-30,1.16604483127594,1.1719207763671875,1.1649445295333862,1.1682990717887878,1.1854855379746365,1.1817425446245549,1.1548555989530207,47.31300714164552,-0.0005374361536916172
2018-07-31,1.1707408428192139,1.1748120784759521,1.1692761182785034,1.168128981590271,1.1853388245900054,1.18121768969544,1.1550402734851017,51.68805473405719,-0.0002931942222390571
2018-08-01,1.168961763381958,1.169864296913147,1.166534423828125,1.1679310965538026,1.1851758687570895,1.1806518534279067,1.1552103396796984,49.99429921690792,-0.00024041620572812228
2018-08-02,1.1665889024734497,1.1669973134994507,1.1604158878326416,1.167842574119568,1.1849909238189438,1.1805373113981477,1.1551478368409882,47.74696368120638,-0.00038561417175331236
2018-08-03,1.1586008071899414,1.1612001657485962,1.1562163829803467,1.1675693058967591,1.1847283355937797,1.1804622430105074,1.1546763687830108,41.056118771207345,-0.0011322057726312895
2018-08-06,1.1562297344207764,1.1570056676864624,1.1530966758728027,1.1673160314559936,1.184444767422904,1.180594573284328,1.1540374896276593,39.295891754071555,-0.0018933849882651899
2018-08-07,1.1558021306991577,1.1609008312225342,1.1552013158798218,1.1671781516075135,1.1841597660624685,1.1807914458610755,1.1535648573539514,38.97138932133673,-0.0025022842718880334
2018-08-08,1.1602946519851685,1.1629259586334229,1.1574609279632568,1.1673053455352784,1.1839223022408039,1.1805267975597393,1.1540838935108175,44.18627911458222,-0.0025924482886983125
2018-08-09,1.1610760688781738,1.1621150970458984,1.156176209449768,1.1671923661231995,1.183694976535703,1.1805300896299868,1.1538546426164122,45.06557206934764,-0.0025712107914444005
2018-08-10,1.1523923873901367,1.1539349555969238,1.1396141052246094,1.16685387134552,1.183383507986991,1.1808159423172264,1.1528918003738138,37.91681914319973,-0.0032179855115423983
2018-08-13,1.1394712924957275,1.143379807472229,1.1365960836410522,1.166306073665619,1.1829465705194162,1.182272388774666,1.150339758556572,30.232017768220572,-0.004718788255201334
2018-08-14,1.1402509212493896,1.1431001424789429,1.134751796722412,1.1657099723815918,1.182521738188371,1.1832525775786487,1.148167367184535,31.13889387519211,-0.005778662888770825
2018-08-15,1.1345715522766113,1.1349449157714844,1.1302244663238525,1.1649489712715149,1.182044621910642,1.1844587303841252,1.1454392121589045,28.257380640294755,-0.006996250364310175
2018-08-16,1.134429931640625,1.140836238861084,1.1338382959365845,1.164066562652588,1.181570843898005,1.1850041916403953,1.1431289336647805,28.187334761252046,-0.007881768689448787
2018-08-17,1.1371389627456665,1.1422044038772583,1.1367381811141968,1.1632188725471497,1.1811287356278324,1.1850165667821149,1.1414211783121846,31.67628132924297,-0.008269625081797072
2018-08-20,1.1437721252441406,1.1449376344680786,1.1395231485366821,1.1625263619422912,1.1807570280618256,1.1845546564342702,1.1404980674503122,39.43525842796041,-0.007950119263025801
2018-08-21,1.149134635925293,1.1539082527160645,1.1486594676971436,1.1619608044624328,1.1804423773938004,1.1838808981224118,1.1400407108024537,44.88453290300446,-0.00718141591178223
2018-08-22,1.1576753854751587,1.162520408630371,1.1554415225982666,1.1616177940368653,1.1802158401607792,1.183251063673023,1.1399845244007076,52.25300376120633,-0.005816002599430936
2018-08-23,1.1584800481796265,1.1589634418487549,1.154521107673645,1.1611718559265136,1.1799995636236533,1.1821009078193059,1.1402428040337214,52.89200408149117,-0.004615765485415313
2018-08-24,1.154334545135498,1.1636972427368164,1.1539349555969238,1.1611253929138183,1.1797441903053631,1.1821056014636198,1.140145184364017,49.23616330018292,-0.003953502855613689
2018-08-27,1.164890170097351,1.1680878400802612,1.1597161293029785,1.1612312960624696,1.1795963891092636,1.182233419972376,1.140229172152563,57.32462593155035,-0.0025475378027652873
2018-08-28,1.1683608293533325,1.1732999086380005,1.1663440465927124,1.1613370203971862,1.1794845924947768,1.1824300434320572,1.1402439973623153,59.603736776762545,-0.001140104754583593
2018-08-29,1.1691256761550903,1.1706311702728271,1.1654006242752075,1.1615424132347107,1.179381518700352,1.1827365882328678,1.1403482382365537,60.109336160352925,3.659102238962042e-05
2018-08-30,1.1709738969802856,1.1717559099197388,1.1644154787063599,1.1618038249015807,1.179297860772789,1.1831367695235206,1.1404708802796408,61.367626384966854,0.001105523095562111
2018-08-31,1.1664663553237915,1.1689343452453613,1.1596487760543823,1.1619216012954712,1.1791701841016549,1.1832919026161712,1.1405512999747711,56.67244792630774,0.0015708309626798478
2018-09-03,1.1601063013076782,1.1627906560897827,1.1590977907180786,1.1618009281158448,1.1789804937255954,1.1831421260772046,1.140459730154485,50.77007894486555,0.0014101324645474644
2018-09-04,1.161548137664795,1.1615750789642334,1.153322696685791,1.1616263914108276,1.1788070374463835,1.1828269954884572,1.140425787333198,51.990806219332185,0.0013831774820820542
2018-09-05,1.1586545705795288,1.1632641553878784,1.1546810865402222,1.1614989638328552,1.1786065153880068,1.182692756911538,1.1403051707541725,49.34628972850541,0.0011154703353761786
2018-09-06,1.1635212898254395,1.165623426437378,1.1607661247253418,1.161642119884491,1.1784564136411155,1.1827909773281815,1.1404932624408006,53.61939469013579,0.001281244672127979
2018-09-07,1.1620069742202759,1.1650937795639038,1.1563901901245117,1.1617563271522522,1.1782927376269778,1.18284896071216,1.1406636935923444,52.14534332291048,0.0012757236663547555
2018-09-10,1.1561094522476196,1.161440134048462,1.1527643203735352,1.1615213990211486,1.178072008419223,1.1825983976690162,1.140444400373281,46.75455262875481,0.0007864023373307383
2018-09-11,1.159595012664795,1.1642799377441406,1.1566845178604126,1.1614290571212769,1.177888157715199,1.182498394803741,1.1403597194388126,50.04179336059226,0.0006721194793535279
2018-09-12,1.1596084833145142,1.1648223400115967,1.1570860147476196,1.1613027787208556,1.1777062704077295,1.1823378517631133,1.140267705678598,50.05462685432726,0.0005759967281597778
2018-09-13,1.1629259586334229,1.1700832843780518,1.16096830368042,1.1612365961074829,1.1775592026288806,1.1822291082178717,1.140244083997094,53.24038519267734,0.0007587647208622261
2018-09-14,1.1691803932189941,1.1721267700195312,1.1655691862106323,1.161228392124176,1.1774758313909712,1.182207895165161,1.140248889083191,58.60163226247034,0.0013922413804225986
2018-09-17,1.1628988981246948,1.1695905923843384,1.162358283996582,1.1609818458557128,1.177330787278869,1.181576122551599,1.1403875691598266,52.136248229045904,0.0013716010761974928
2018-09-18,1.1669156551361084,1.1720443964004517,1.1669156551361084,1.1608062386512756,1.1772271541232195,1.1810348973750575,1.1405775799274938,55.51600622169101,0.0016602241769181347
2018-09-19,1.167992353439331,1.1716461181640625,1.165338158607483,1.1607120013237,1.1771352655592007,1.180757495539394,1.140666507108006,56.404638934657555,0.001953323916179528
2018-09-20,1.167460560798645,1.1776995658874512,1.1672834157943726,1.1607076406478882,1.1770389998401902,1.1807470430632925,1.140668238232484,55.811609769976585,0.0021182781574700105
2018-09-21,1.1775927543640137,1.180163860321045,1.1735711097717285,1.1609277176856994,1.177044509835452,1.1814662277199022,1.1403892076514965,63.65274115322677,0.0030316420422429324
2018-09-24,1.1751019954681396,1.1815024614334106,1.172525405883789,1.161071548461914,1.177025181334285,1.181908210567207,1.1402348863566212,60.796706335002554,0.0035139988828671864
2018-09-25,1.175295352935791,1.1792453527450562,1.1732544898986816,1.161158525943756,1.1770079691114144,1.1821987470641762,1.1401183048233359,60.94321281867131,0.0038672927425094095
2018-09-26,1.1763184070587158,1.1776995658874512,1.1728966236114502,1.1613784003257752,1.1770011077974571,1.182822226202917,1.1399345744486333,61.75754646735776,0.004181629368929629
2018-09-27,1.1748534440994263,1.1759172677993774,1.1664528846740723,1.161584177017212,1.1769797380094171,1.1833478785131257,1.1398204755212982,59.83372561359429,0.004263387465595514
2018-09-28,1.1637378931045532,1.1653001308441162,1.1570591926574707,1.161548640727997,1.1768479783586225,1.1832919397483659,1.139805341707628,47.693587662065525,0.003392146721619138
2018-10-01,1.1605371236801147,1.1621285676956177,1.156510591506958,1.1612755584716796,1.176685681297145,1.182711566007337,1.1398395509360222,44.870364236496265,0.0024155617205812163
2018-10-02,1.157755732536316,1.1582117080688477,1.1506686210632324,1.1610424160957336,1.1764973235980323,1.182370486140005,1.139714346051462,42.51519668126789,0.0014010258966665745
2018-10-03,1.1551746129989624,1.159326195716858,1.1516358852386475,1.1607748699188232,1.1762851573234148,1.182054005802511,1.1394957340351353,40.39618522909809,0.00038429426644115416
2018-10-04,1.147631287574768,1.153599500656128,1.1464602947235107,1.1602524900436402,1.1760000441915874,1.1815138727087802,1.1389911073785002,34.91864143104942,-0.0010184165234596865
2018-10-05,1.1518083810806274,1.1542545557022095,1.1487782001495361,1.1600027894973755,1.1757593311258068,1.1813634910625879,1.138642087932163,39.7875107940096,-0.0017725851358949551
2018-10-08,1.1522595882415771,1.1531364917755127,1.146092414855957,1.1597270846366883,1.1755255028384015,1.1811253012083025,1.138328868065074,40.30700576239216,-0.0023072638463494943
2018-10-09,1.1494120359420776,1.150483250617981,1.1433275938034058,1.1593005084991455,1.1752656673468957,1.180652894950242,1.137948122048049,38.07441845285563,-0.0029270332320350256
2018-10-10,1.1506949663162231,1.1541999578475952,1.1480661630630493,1.1589351725578307,1.1750211827595258,1.1802378809810612,1.1376324641346003,39.69509596682696,-0.0032769090088420327
2018-10-11,1.1533360481262207,1.1597565412521362,1.1532163619995117,1.1586701154708863,1.1748054102756122,1.179913839788542,1.1374263911532305,43.00220143218338,-0.0033029999259550635
2018-10-12,1.1590440273284912,1.1609547138214111,1.1536953449249268,1.1586789798736572,1.1746485805945464,1.1799229560338147,1.1374350037134997,49.45382371643477,-0.0028304631306237393
2018-10-15,1.1551345586776733,1.1605640649795532,1.1543611288070679,1.1586570763587951,1.1744544112222393,1.179913614441631,1.1374005382759593,45.643111679238906,-0.002739852449667124
2018-10-16,1.1583458185195923,1.1620069742202759,1.156711220741272,1.1587079501152038,1.1742941267177351,1.179948769112039,1.1374671311183686,49.111803465886034,-0.002381468909395279
2018-10-17,1.1575279235839844,1.1582117080688477,1.1521799564361572,1.1586526155471801,1.174127298825857,1.17989097810726,1.1374142529871003,48.26697610609491,-0.0021387900176137453
2018-10-18,1.1500862836837769,1.1527377367019653,1.1482902765274048,1.1584328198432923,1.1738880847448414,1.1797959139970686,1.137069725689516,41.30489024200942,-0.0025179183990822196
2018-10-19,1.1460003852844238,1.151450276374817,1.1433666944503784,1.158304979801178,1.1736105951979716,1.1798909510596545,1.1367190085427015,38.058886904361664,-0.003112202691074817
2018-10-22,1.1509466171264648,1.1551998853683472,1.1462368965148926,1.1585344862937927,1.1733850829783548,1.1795393301726187,1.1375296424149668,43.81512197408405,-0.003147772143942129
2018-10-23,1.1467890739440918,1.1489763259887695,1.1439945697784424,1.1586652493476868,1.173120446072541,1.1792833580414048,1.1380471406539687,40.415327951360204,-0.0034714237680710802
2018-10-24,1.147315263748169,1.1475785970687866,1.138407588005066,1.1589201235771178,1.172863678089214,1.1786170545837145,1.1392231925705212,41.038896961743724,-0.003643461338011411
2018-10-25,1.1399258375167847,1.143079161643982,1.1366219520568848,1.159030041694641,1.1725359383820257,1.1782240685459997,1.1398360148432825,35.4311524179779,-0.004326197579778368
2018-10-26,1.1377859115600586,1.139847993850708,1.133619785308838,1.159042980670929,1.1721901669708619,1.1781775546244957,1.1399084067173624,33.982959395129654,-0.004982509838909799
2018-10-29,1.1398738622665405,1.1415785551071167,1.1364411115646362,1.1589650154113769,1.1718686117001722,1.1783832230895728,1.139546807733181,36.70152968011992,-0.005273373691115024
2018-10-30,1.137617588043213,1.1387057304382324,1.1347389221191406,1.1587346744537355,1.1715278054946303,1.1788881501090533,1.1385811987984176,35.0231285044419,-0.005621150736257796
2018-10-31,1.1346358060836792,1.1360150575637817,1.1311705112457275,1.1582738828659058,1.171160720923377,1.179548584784876,1.1369991809469358,32.88294505766015,-0.006067429879665909
2018-11-01,1.1316697597503662,1.1413179636001587,1.1313753128051758,1.1577376770973205,1.1707677760360833,1.1803034441406777,1.1351719100539632,30.862644730622705,-0.006584541965851898
2018-11-02,1.1403288841247559,1.1455409526824951,1.1375658512115479,1.1574575638771056,1.170464901489702,1.180537604131783,1.1343775236224283,42.055441441417635,-0.006223892887090798
2018-11-05,1.1397570371627808,1.1406410932540894,1.135524868965149,1.1569549012184144,1.1701593506008767,1.1804649731993921,1.1334448292374366,41.57673773776189,-0.005916022934747911
2018-11-06,1.141291856765747,1.1438113451004028,1.1393284797668457,1.1564135217666627,1.1698721118562485,1.1800975711052075,1.1327294724281178,43.43768460404285,-0.005484959466040218
2018-11-07,1.1438506841659546,1.149993658065796,1.1400558948516846,1.1559080219268798,1.1696131921777382,1.1795635314980017,1.1322525123557579,46.49746906652677,-0.004880602033092929
2018-11-08,1.1434059143066406,1.144426703453064,1.1405109167099,1.155356662273407,1.1693524232436974,1.1788635272898662,1.131849797256948,46.03135048941507,-0.004386963440123903
2018-11-09,1.1368415355682373,1.1369191408157349,1.132502794265747,1.154764165878296,1.169028931824041,1.178618909382747,1.1309094223738447,39.70497469204585,-0.004473869815760034
2018-11-12,1.132502794265747,1.1332728862762451,1.1241639852523804,1.1542120957374573,1.1686654876692322,1.1788277350866545,1.1295964563882601,36.166897275265285,-0.004837085002388664
2018-11-13,1.1233429908752441,1.1291906833648682,1.1223218441009521,1.1534479928016663,1.168214517551879,1.1794660874329814,1.1274298981703512,30.074037022418338,-0.00579722839625596
2018-11-14,1.1311193704605103,1.1339668035507202,1.126481294631958,1.1528972887992859,1.1678454116106713,1.179621619179129,1.1261729584194426,39.40679254988996,-0.00586307424053234
2018-11-15,1.131183385848999,1.1351124048233032,1.1274974346160889,1.152250530719757,1.167480615334436,1.1794857642810366,1.1250152971584775,39.47840251033742,-0.005842740563427373
2018-11-16,1.1324899196624756,1.141422152519226,1.1322592496871948,1.1516601896286012,1.1671324492083468,1.1793087173331633,1.124011661924039,41.01070204990297,-0.005656000762188418
2018-11-19,1.141396164894104,1.1462894678115845,1.1394453048706055,1.1513659238815308,1.1668763667773594,1.179134101132741,1.1235977466303206,50.25621110899308,-0.004734769095877667
2018-11-20,1.1455016136169434,1.1472758054733276,1.1387057304382324,1.1510840559005737,1.1666636826663104,1.1787973514439474,1.1233707603572,53.84714061916702,-0.0036315487287594816
2018-11-21,1.1372424364089966,1.1422044038772583,1.1366348266601562,1.1506367349624633,1.166370933947332,1.178509986645228,1.1227634832796987,46.564573680547156,-0.003384668859671036
2018-11-22,1.1388354301452637,1.1434059143066406,1.1386280059814453,1.1501549243927003,1.1660969488348736,1.1779939458363111,1.1223159029490895,48.02466854510999,-0.0030255963125103147
2018-11-23,1.1403158903121948,1.1419435739517212,1.1332343816757202,1.1495776343345643,1.1658404208893742,1.1770003436709389,1.1221549249981897,49.40823172536237,-0.002591692550705682
2018-11-26,1.1337354183197021,1.1383557319641113,1.132733702659607,1.1489943647384644,1.165520968127487,1.1765010550759711,1.1214876744009576,43.82405345190396,-0.0027471424398533006
2018-11-27,1.1333370208740234,1.1344943046569824,1.1279425621032715,1.1483227920532226,1.1652007298463578,1.1756828253761036,1.1209627587303417,43.50347956586717,-0.0028694081898108514
2018-11-28,1.1298797130584717,1.130799651145935,1.1267732381820679,1.1475605392456054,1.164849276942996,1.1748072638007543,1.1203138146904565,40.71975093532026,-0.003208297270478999
2018-11-29,1.1368545293807983,1.1401468515396118,1.1349579095840454,1.1469484186172485,1.1645707222408845,1.1737417732514486,1.1201550639830484,47.955114659045705,-0.002880851262150541
2018-11-30,1.1392766237258911,1.1401208639144897,1.1314777135849,1.1461820960044862,1.164319039668596,1.1715520055470752,1.1208121864618972,50.22700360732383,-0.0023982595271034857
2018-12-03,1.1342240571975708,1.1380059719085693,1.132169485092163,1.1453645372390746,1.1640195871066954,1.1695368941788862,1.121192180299263,45.74136922642005,-0.002395883736638016
2018-12-04,1.135486125946045,1.14177405834198,1.1343270540237427,1.1445683526992798,1.163735672070271,1.1672960999783077,1.1218406054202519,47.014288973094665,-0.0022660409950943095
2018-12-05,1.1342884302139282,1.1360280513763428,1.1315033435821533,1.143727753162384,1.1634426646886158,1.1647039769350143,1.1227515293897536,45.913458671020216,-0.002234031201915787
2018-12-06,1.13490629196167,1.1412267684936523,1.132336139678955,1.1429288101196289,1.1631587206813825,1.1620249537589198,1.123832666480338,46.60799698286125,-0.0021342051424615427
2018-12-07,1.1374752521514893,1.1410704851150513,1.1361312866210938,1.1424035573005675,1.1629031637805876,1.1605864084539832,1.1242207061471519,49.511044420590856,-0.0018267411190007188
2018-12-10,1.1400948762893677,1.1445575952529907,1.1362345218658447,1.1419947123527527,1.1626762156463466,1.1594167087720728,1.1245727159334327,52.35585743950255,-0.0013560600740196715
2018-12-11,1.1356538534164429,1.1399389505386353,1.1307612657546997,1.1415526747703553,1.1624073364201786,1.1584562907927218,1.1246490587479887,47.47240172348248,-0.0013261088283673672
2018-12-12,1.1323105096817017,1.138044834136963,1.1316184997558594,1.14109539270401,1.1621078655073578,1.157729817162991,1.1244609682450288,44.13486193023212,-0.0015542358845068716
2018-12-13,1.1373459100723267,1.139250636100769,1.1333627700805664,1.1408896851539612,1.1618614778910887,1.157448423799321,1.1243309465086013,49.85315637470369,-0.0013135714570504664
2018-12-14,1.1363636255264282,1.1366219520568848,1.1270780563354492,1.1405807900428773,1.1616077679173111,1.1568824022035813,1.1242791778821732,48.80369531108395,-0.0011884061120546185
2018-12-17,1.1305949687957764,1.1353960037231445,1.1304799318313599,1.1401474976539612,1.1612991828514252,1.1563333608032302,1.123961634504692,43.06958054556074,-0.0015369767506190346
2018-12-18,1.1349835395812988,1.1403002738952637,1.133863925933838,1.1398589277267457,1.1610373356547075,1.1558842971427268,1.1238335583107646,48.068515708464375,-0.0014424725814115025
2018-12-19,1.1375399827957153,1.1439684629440308,1.1375658512115479,1.1395958280563354,1.160803531148648,1.1553242616789459,1.123867394433725,50.77979504403969,-0.0011480596273905075
2018-12-20,1.1389521360397339,1.1484880447387695,1.1378376483917236,1.1393081498146058,1.1605861043316439,1.1545287914112377,1.124087508217974,52.262429875702736,-0.0007916605057440851
2018-12-21,1.1456853151321411,1.147446870803833,1.138783574104309,1.1390409755706787,1.1604378377724447,1.1532852767510187,1.1247966743903388,58.65705656298663,3.371104714222639e-05
2018-12-24,1.1372811794281006,1.143837571144104,1.137203574180603,1.1386839079856872,1.1602074232615558,1.1521557077825808,1.1252121081887936,49.706926079180974,9.570115923063227e-06
2018-12-25,1.140393853187561,1.1422044038772583,1.1370097398757935,1.1383248686790466,1.1600102733105708,1.1505577542672332,1.12609198309086,52.59218173813625,0.0002388516792162232
2018-12-26,1.1415525674819946,1.1419435739517212,1.137617588043213,1.138005361557007,1.1598266145461074,1.1489586547233308,1.127052068390683,53.65798843729322,0.0005081993243243321
2018-12-27,1.1361312866210938,1.1434321403503418,1.1359118223190308,1.137726261615753,1.1595908401388932,1.148119971921895,1.127332551309611,48.19827105659644,0.00028096838700841786
2018-12-28,1.143105387687683,1.147315263748169,1.1430922746658325,1.1376683616638184,1.159426805786145,1.1479050070215697,1.127431716306067,54.59826078839586,0.0006560750780473246
2018-12-31,1.1439945697784424,1.1465917825698853,1.14223051071167,1.137529320716858,1.1592732511990036,1.1472032129835228,1.1278554284501932,55.355597810327495,0.0010134173523059786
2019-01-01,1.1493064165115356,1.155001163482666,1.146499752998352,1.1375796675682068,1.159174078714551,1.1474739518889727,1.127685383247441,59.682254613278495,0.0017055745162333213
2019-01-02,1.14617121219635,1.1497001647949219,1.1345715522766113,1.1375567865371705,1.1590446969581512,1.1473640857399028,1.1277494873344382,56.21908167589017,0.0019783243771731573
2019-01-03,1.1318106651306152,1.1409143209457397,1.131733775138855,1.1373944830894471,1.1587737115668324,1.147309763317268,1.1274792028616263,43.708339244108636,0.0010239015749202718
2019-01-04,1.1391078233718872,1.14177405834198,1.1348161697387695,1.1374209213256836,1.1585780310872806,1.1473475046790043,1.127494337972363,49.81922498000505,0.0008465755174740242
2019-01-07,1.1410444974899292,1.147446870803833,1.1405240297317505,1.1374443340301514,1.1584035680664115,1.1474000110131901,1.1274886570471128,51.3293561127868,0.0008524897836779122
2019-01-08,1.1479737758636475,1.1486331224441528,1.1424654722213745,1.13765145778656,1.1582997890395184,1.148043208997952,1.127259706575168,56.386594642494764,0.0014001714319269443
2019-01-09,1.1456066370010376,1.1540148258209229,1.144164800643921,1.1378708744049073,1.158173489019235,1.1484640665996066,1.127277682210208,54.310484300418146,0.0016244787806098948
2019-01-10,1.1554949283599854,1.157139539718628,1.151145339012146,1.1383473777770996,1.1581468366743668,1.1499018389258728,1.1267929166283264,60.80295623512469,0.0025705151447577013
2019-01-11,1.151012897491455,1.1539002656936646,1.1459741592407227,1.1385610580444336,1.158075852204885,1.1506479857841518,1.1264741303047154,56.859009096973814,0.002924877182486574
2019-01-14,1.146013617515564,1.148369312286377,1.1451605558395386,1.1386861896514893,1.1579558299691703,1.150951876658325,1.1264205026446534,52.749042692169134,0.002770376362887017
2019-01-15,1.1472889184951782,1.1491611003875732,1.1386150121688843,1.138806130886078,1.1578496915465437,1.1512911418172096,1.1263211199549463,53.66906834293761,0.0027194908830801
2019-01-16,1.1416828632354736,1.14223051071167,1.1378893852233887,1.1387627744674682,1.1576888275832495,1.1511912110255482,1.1263343379093882,49.13957061844413,0.002201425305441873
2019-01-17,1.1398088932037354,1.1407711505889893,1.1372424364089966,1.13869083404541,1.1575109177884286,1.1510510261639424,1.1263306419268777,47.690635140965995,0.0016209555163793077
2019-01-18,1.13926362991333,1.1410315036773682,1.1354217529296875,1.138739275932312,1.157329352734945,1.1510888661501337,1.1263896857144904,47.254033985941824,0.0011042022793736894
2019-01-21,1.1365574598312378,1.1388224363327026,1.1357957124710083,1.1388203692436218,1.1571226672334156,1.151055529180623,1.1265852093066206,45.04970100471508,0.0004708783147220341
2019-01-22,1.136932134628296,1.1375269889831543,1.1336840391159058,1.1390921521186828,1.1569217664114742,1.1504997662645058,1.1276845379728597,45.42926255143,-7.932215184691671e-07
2019-01-23,1.1364023685455322,1.1393154859542847,1.1351640224456787,1.1391978120803834,1.1567175932983802,1.1504000306217732,1.1279955935389936,44.95641820251607,-0.0004125879505709751
2019-01-24,1.1388224363327026,1.1393414735794067,1.131324052810669,1.1393505930900574,1.15653953203504,1.1503124624574443,1.1283887237226704,47.637622681265356,-0.0005374634509880405
2019-01-25,1.1313496828079224,1.1411616802215576,1.1305822134017944,1.1393277883529662,1.1562888867690986,1.1503524780029086,1.1283030987030238,40.99694297327618,-0.0012252925321978303
2019-01-28,1.1413049697875977,1.1445575952529907,1.1390948295593262,1.1393259644508362,1.1561397930677901,1.1503492875046737,1.1283026413969988,50.83060216115595,-0.0009560725657391522
2019-01-29,1.143000841140747,1.1450556516647339,1.1411746740341187,1.1392759490013122,1.1560090572277202,1.1502072118832698,1.1283446861193547,52.28934853409654,-0.0005989666428691809
2019-01-30,1.1435366868972778,1.1450294256210327,1.140862226486206,1.1394018340110779,1.1558849540403526,1.150382371849855,1.1284212961723008,52.76618504171323,-0.0002696114390414728
2019-01-31,1.1487650871276855,1.1513707637786865,1.1450556516647339,1.1396004271507263,1.1558141095934604,1.1508938687056187,1.1283069855958339,57.25520094809627,0.00040858324261150436
2019-02-01,1.1449507474899292,1.1488442420959473,1.1435105800628662,1.139693124294281,1.1557060164382014,1.1510861824154253,1.1283000661731366,53.27711604767793,0.0006309983270187391
2019-02-04,1.1455278396606445,1.1462632417678833,1.1425436735153198,1.1399289727211,1.1556047410473798,1.151306860845017,1.128551084597183,53.800126532385235,0.000844100138084336
2019-02-05,1.1436283588409424,1.1442956924438477,1.1403288841247559,1.1401347994804383,1.1554855730652263,1.1513977187316664,1.1288718802292101,51.74688800832552,0.0008499153362009348
2019-02-06,1.140992522239685,1.141096591949463,1.1375399827957153,1.1403570556640625,1.1553413636042755,1.1512256681714317,1.1294884431566934,48.95485753984401,0.000634519590622995
2019-02-07,1.1365960836410522,1.1370097398757935,1.1326054334640503,1.1403518867492677,1.1551548434056365,1.151227541729466,1.1294762317690694,44.62947152534412,0.00010781819701000117
2019-02-08,1.1338768005371094,1.1350995302200317,1.132182240486145,1.140243890285492,1.154943121586049,1.1512693369629825,1.1292184436080013,42.14889100826026,-0.0005229911561011047
2019-02-11,1.1324259042739868,1.133144497871399,1.1273448467254639,1.1402079272270202,1.1547190696724963,1.1513248702059435,1.129090984248097,40.844430165915114,-0.0011269960075217522
2019-02-12,1.1279042959213257,1.1319899559020996,1.125885248184204,1.140056290626526,1.1544522560033303,1.1516334247144429,1.128479156538609,37.001155324701415,-0.0019480740245731987
2019-02-13,1.1334655284881592,1.134429931640625,1.1282861232757568,1.1400398325920105,1.1542434328439755,1.1516527188235541,1.1284269463604668,43.982729311576406,-0.0021255374055404452
2019-02-14,1.12649405002594,1.130825161933899,1.1250618696212769,1.139871587753296,1.1539673195821045,1.1520194656088307,1.127723709897761,38.25884175277534,-0.002796482354503471
2019-02-15,1.1295350790023804,1.1298158168792725,1.1234945058822632,1.1397127842903136,1.1537242127106644,1.1521916121809244,1.127233956399703,41.81592017631337,-0.003047693523182904
2019-02-18,1.1298030614852905,1.1334141492843628,1.1294840574264526,1.1395069479942321,1.1534861913054368,1.1522957256492783,1.126718170339186,42.13231205718669,-0.0031884023202557454
2019-02-19,1.131196141242981,1.1341854333877563,1.1277008056640625,1.139417793750763,1.1532643997625267,1.1523772216874788,1.1264583658140472,43.84188616328988,-0.0031511803165484853
2019-02-20,1.1343011856079102,1.1369578838348389,1.1325926780700684,1.139457607269287,1.153075711064471,1.152339915652591,1.126575298885983,47.560546158021495,-0.0028384110444579225
2019-02-21,1.1346358060836792,1.1365832090377808,1.1322592496871948,1.139403405189514,1.152892229422871,1.152344649198292,1.1264621611807362,47.96046946483775,-0.0025343239580641885
2019-02-22,1.1343011856079102,1.1355764865875244,1.131874680519104,1.1393621563911438,1.1527072439122743,1.1523559879517176,1.12636832483057,47.569777607989764,-0.0022938912763859065
2019-02-25,1.1342240571975708,1.1367511749267578,1.13379967212677,1.1394347381591796,1.1525233316066554,1.1522682367277426,1.1266012395906166,47.47378201041084,-0.0020855295753103853
2019-02-26,1.1367511749267578,1.1378635168075562,1.1346487998962402,1.1394700908660889,1.1523663947242684,1.1522632164104931,1.1266769653216846,50.96533911318554,-0.001696923072420864
2019-02-27,1.1393154859542847,1.140380859375,1.1363893747329712,1.1395056009292603,1.1522365349355124,1.152286710353571,1.1267244915049497,54.28598305884935,-0.0011685607095859307
2019-02-28,1.1380189657211304,1.1422044038772583,1.1360796689987183,1.1394869375228882,1.1520950665851206,1.1522740695484985,1.1266998054972779,52.355462558168576,-0.0008447107777067586
2019-03-01,1.1373459100723267,1.1408882141113281,1.135434627532959,1.1393201494216918,1.1519483088088738,1.1519943392695415,1.126645959573842,51.33486276806122,-0.0006350469138574066
2019-03-04,1.1375917196273804,1.1375269889831543,1.1310553550720215,1.1393263602256776,1.1518054571752272,1.1519967756268914,1.1266559448244637,51.70513987078338,-0.0004439346125595378
2019-03-05,1.1337354183197021,1.1339154243469238,1.1293182373046875,1.1391931915283202,1.1516256557935802,1.151957428458297,1.1264289545983435,45.815626447061945,-0.0005967688442058972
2019-03-06,1.1307101249694824,1.132502794265747,1.1291651725769043,1.1389763426780701,1.151417541059012,1.1519437585492711,1.1260089268068691,41.79366948460714,-0.0009510439215052457
2019-03-07,1.1314009428024292,1.1319899559020996,1.1208752393722534,1.1388817358016967,1.1512183709271058,1.152001995186172,1.1257614764172215,43.023652531198294,-0.0011626637826129826
2019-03-08,1.1198333501815796,1.1244546175003052,1.1186057329177856,1.1384162950515746,1.1509060821634687,1.1525379235124906,1.1242946665906586,31.15263750161178,-0.0022379840106980797
2019-03-11,1.1232421398162842,1.1257457733154297,1.1222589015960693,1.1380012464523315,1.1506308190555365,1.152663218236771,1.1233392746678919,36.695769374835635,-0.0027830410389286797
2019-03-12,1.1259232759475708,1.129433035850525,1.1250239610671997,1.1375335836410523,1.1503849728554572,1.15221540477493,1.1228517625071746,40.73735934009573,-0.0029644846484206955
2019-03-13,1.1287446022033691,1.1313753128051758,1.1279042959213257,1.1371850514411925,1.150169645784292,1.1518573167186934,1.1225127861636917,44.735730257630266,-0.002847794958546812
2019-03-14,1.133105993270874,1.133594036102295,1.1294713020324707,1.1372109580039977,1.1499998581970938,1.1518490252133577,1.1225728907946377,50.31622923352165,-0.002376000672393852
2019-03-15,1.1308379173278809,1.1343011856079102,1.1302244663238525,1.1370455598831177,1.1498091921187932,1.151782696410927,1.1223084233553084,47.62306295970171,-0.0021602134787250815
2019-03-18,1.1319772005081177,1.1359764337539673,1.1234692335128784,1.1368642139434815,1.1496317593664482,1.1516236358723504,1.1221047920146126,49.09692843641552,-0.0018756486319428944
2019-03-19,1.133619785308838,1.1363636255264282,1.1334270238876343,1.1365771341323851,1.149472436241497,1.1510093253960547,1.1221449428687156,51.227864022301205,-0.0015002916467206084
2019-03-20,1.135486125946045,1.1367511749267578,1.1336454153060913,1.1363747239112854,1.1493332689748756,1.150571991984645,1.1221774558379256,53.60443399753069,-0.0010402293237439242
2019-03-21,1.1427918672561646,1.1439945697784424,1.1355119943618774,1.136120662689209,1.1492681804005602,1.1493425054996351,1.122898819878783,61.51078279449957,-8.513299098922289e-05
2019-03-22,1.1375011205673218,1.139211654663086,1.1275609731674194,1.1358504271507264,1.1491510952280901,1.1483632302387126,1.1233376240627402,54.294805819087536,0.00024207816622978662
2019-03-25,1.129586100578308,1.1331701278686523,1.1290504932403564,1.1355218768119812,1.1489564186644108,1.147806061223252,1.1232376924007106,45.664230298884405,-0.00013571614750840233
2019-03-26,1.131580114364624,1.1328877210617065,1.1279551982879639,1.1352077007293702,1.1487835201141643,1.1470594324624288,1.1233559689963115,47.91065166489834,-0.00027109559386473414
2019-03-27,1.127484679222107,1.1285535097122192,1.1242650747299194,1.1349237370491028,1.1485715913490693,1.1468225073174871,1.1230249667807184,43.8965161431142,-0.0007007740820783592
2019-03-28,1.1251758337020874,1.1262998580932617,1.121516227722168,1.1346310758590699,1.1483387977406416,1.1467570753530645,1.1225050763650752,41.771698823758264,-0.0012136121518533383
2019-03-29,1.1230024099349976,1.1246063709259033,1.1210887432098389,1.1343058514595032,1.1480866943793915,1.146791647795542,1.1218200551234645,39.817795915478484,-0.0017749565565805536
2019-04-01,1.1223849058151245,1.1250239610671997,1.1209882497787476,1.134022400379181,1.1478309551896972,1.1469357286569848,1.1211090721013772,39.25596372863649,-0.0022437884666377528
2019-04-02,1.1205737590789795,1.1214005947113037,1.1184556484222412,1.1336952328681946,1.1475597393079986,1.1471261887316824,1.1202642770047069,37.58103401807459,-0.0027300156176668366
2019-04-03,1.1203854084014893,1.125499963760376,1.1202473640441895,1.1333748936653136,1.147289347955695,1.1472973510259634,1.1194524363046638,37.402308082847604,-0.003094876651946299
2019-04-04,1.1246949434280396,1.124985933303833,1.1209254264831543,1.1330923438072205,1.1470645280101461,1.14713644526682,1.119048242347621,43.968302976849024,-0.003001686615124788
2019-04-05,1.1225864887237549,1.1241512298583984,1.1211642026901245,1.132917079925537,1.146820965430182,1.1472653739389198,1.1185687859121543,41.66559757726784,-0.0030626630400067967
2019-04-08,1.121956706047058,1.1274083852767944,1.1215540170669556,1.1325301146507263,1.1465735598641809,1.1469981987979874,1.1180620305034652,40.97530689860099,-0.0031257735232830264
2019-04-09,1.1256444454193115,1.1287955045700073,1.1256444454193115,1.1321829867362976,1.146365309969207,1.1464572344473205,1.1179087390252747,46.55855328425151,-0.002845419068538746
2019-04-10,1.126697063446045,1.1282861232757568,1.123103380203247,1.1318461942672728,1.146169606023703,1.1458184866687253,1.1178739018658204,48.06855935412703,-0.0025093721851274786
2019-04-11,1.1276500225067139,1.1287446022033691,1.1256064176559448,1.1314238929748535,1.1459853315608473,1.1445603749718432,1.1182874109778638,49.46080831355397,-0.0021414712296365934
2019-04-12,1.1260753870010376,1.132502794265747,1.1258344650268555,1.1310463857650757,1.1457872226597547,1.1436711196335474,1.118421651896604,47.20865160046927,-0.0019544374589255398
2019-04-15,1.1305055618286133,1.1322463750839233,1.1299434900283813,1.130745940208435,1.1456351663330766,1.1426589564007668,1.1188329240161032,53.608909670131,-0.0014322239775768075
2019-04-16,1.1304928064346313,1.1314995288848877,1.128604531288147,1.1304832291603089,1.145484496085331,1.1418011793548637,1.119165278965754,53.58876472110325,-0.0010077782446715755
2019-04-17,1.128502607345581,1.13237464427948,1.1281843185424805,1.1302334308624267,1.14531552206802,1.141148814579418,1.1193180471454354,50.40603979428468,-0.0008225129596739489
2019-04-18,1.129713773727417,1.130600094795227,1.1237722635269165,1.130095784664154,1.145160280790999,1.1408561540912914,1.1193354152370165,52.264110954802874,-0.0005713714670685377
2019-04-19,1.1235954761505127,1.125112533569336,1.1233052015304565,1.129890158176422,1.1449457056204468,1.1407481160675292,1.1190322002853148,43.41525067067788,-0.0008561661560102518
2019-04-22,1.1244546175003052,1.1263798475265503,1.1236711740493774,1.1297307324409485,1.144741814196366,1.1406704972896908,1.118790967592206,44.82786075922945,-0.00100100352649668
2019-04-23,1.1258978843688965,1.1261261701583862,1.1193444728851318,1.1296906042099,1.1445543124070379,1.1406723531257525,1.1187088552940474,47.21196429992165,-0.0009879402514461066
2019-04-24,1.122435212135315,1.1224603652954102,1.1183055639266968,1.129469997882843,1.1443342218570705,1.1405845873630662,1.11835540840262,42.47020924826202,-0.0012426714790689797
2019-04-25,1.1153494119644165,1.1164003610610962,1.1121737957000732,1.1292471051216126,1.1440458157884867,1.141032060381941,1.1174621498612842,34.773607824646035,-0.0019933347453513495
2019-04-26,1.113684892654419,1.1172809600830078,1.112297534942627,1.1289301013946533,1.1437437170508344,1.141509379133402,1.1163508236559048,33.24926964749487,-0.0026915273377337012
2019-04-29,1.1150261163711548,1.116994023323059,1.1145538091659546,1.1286345624923706,1.14345796978039,1.1418103283612175,1.1154587966235237,35.695351651469224,-0.0031008794445304133
2019-04-30,1.1185182332992554,1.12296462059021,1.117655634880066,1.128381004333496,1.143209813198488,1.1418404634000958,1.1149215452668964,41.68707875431925,-0.00310768581947074
2019-05-01,1.121604323387146,1.1249985694885254,1.1214408874511719,1.1281270670890808,1.1429948332003652,1.1416097070900528,1.1146444270881088,46.436926137636306,-0.002831419401720936
2019-05-02,1.1200841665267944,1.1218183040618896,1.1173559427261353,1.1278360342979432,1.1427668663677923,1.141373326505941,1.1142987420899455,44.51351878785387,-0.0027039705401876724
2019-05-03,1.1173559427261353,1.1200717687606812,1.1141316890716553,1.1274971294403076,1.1425140213564327,1.1412209512640012,1.1137733076166139,41.214153054529575,-0.002790939051116492
2019-05-06,1.1185808181762695,1.1204482316970825,1.1179929971694946,1.1271842646598815,1.142275880031257,1.1409951154005225,1.1133734139192406,43.24799121516767,-0.0027295603380030897
2019-05-07,1.1201846599578857,1.121956706047058,1.1176055669784546,1.126852934360504,1.1420560668961985,1.1405211300770128,1.1131847386439953,45.8879194483631,-0.002522423707395083
2019-05-08,1.1191065311431885,1.1214998960494995,1.118956208229065,1.1264487552642821,1.1418277133066164,1.1398043726462634,1.1130931378823008,44.392995341450856,-0.0024173961819384804
2019-05-09,1.1198333501815796,1.1250998973846436,1.1175681352615356,1.1260850429534912,1.1416088639222877,1.1391417256552967,1.1130283602516857,45.677803902296674,-0.00224958111839646
2019-05-10,1.1222084760665894,1.1252391338348389,1.1218559741973877,1.1257822942733764,1.1414158252371562,1.138470005195066,1.1130945833516868,49.762693189453344,-0.0019029970963795328
2019-05-13,1.1236460208892822,1.126341700553894,1.1224100589752197,1.1255033802986145,1.1412390112635455,1.137736463878075,1.1132702967191541,52.109986578413036,-0.0014950943913207837
2019-05-14,1.1232547760009766,1.1246063709259033,1.120485782623291,1.12529376745224,1.1410600636489925,1.137308333386967,1.1132792015175133,51.40599612385143,-0.0011896848056118792
2019-05-15,1.1204482316970825,1.1222715377807617,1.1180429458618164,1.125088529586792,1.1408549707937496,1.137076009936087,1.113101049237497,46.548024509451395,-0.001160730005659083
2019-05-16,1.1207244396209717,1.122435212135315,1.1174308061599731,1.1248749995231628,1.1406546670009856,1.1367836316487248,1.112966367397601,47.07808527190355,-0.0011027832481702582
2019-05-17,1.1173559427261353,1.1184431314468384,1.1157352924346924,1.1248254513740539,1.1404228388987483,1.136839848672936,1.1128110540751717,41.65315124770695,-0.0013135280394904747
2019-05-20,1.1165324449539185,1.1177005767822266,1.1151255369186401,1.1246912574768066,1.1401851235361131,1.1369257087500277,1.1124568062035856,40.42668730270222,-0.0015293646294538554
2019-05-21,1.1168566942214966,1.11831796169281,1.1142433881759644,1.1245099258422853,1.139952999861341,1.1369370866120694,1.1120827650725011,41.16132141621624,-0.0016551726756930396
2019-05-23,1.1155484914779663,1.1172809600830078,1.1109507083892822,1.124246003627777,1.1397101689321532,1.1368651098220497,1.1116268974335044,39.068067074565235,-0.001839235920228166
2019-05-24,1.1184556484222412,1.1212018728256226,1.1178054809570312,1.1239529967308044,1.1394986811658854,1.1364117407263343,1.1114942527352745,45.679214464442495,-0.0017305751057739016
2019-05-27,1.1209630966186523,1.1218308210372925,1.118806004524231,1.12375550031662,1.1393142474887985,1.1360811358823404,1.1114298647508996,50.65251893429607,-0.001425695977860686
2019-05-28,1.1193821430206299,1.1199462413787842,1.1171810626983643,1.12350359916687,1.1391159180911052,1.135657016486742,1.111350181846998,47.68796321475286,-0.001296699273179991
2019-05-29,1.1170687675476074,1.1175681352615356,1.1125946044921875,1.1231725788116456,1.1388965434588316,1.1351008820793926,1.1112442755438985,43.661116535384906,-0.0013653990519968406
2019-05-30,1.1137346029281616,1.1146035194396973,1.1118524074554443,1.1227375483512878,1.1386461758913624,1.134416846280824,1.1110582504217517,38.60182451070074,-0.0016696368078690238
2019-05-31,1.1131147146224976,1.1179429292678833,1.1126564741134644,1.1221440052986145,1.1383921315006273,1.1326176147227276,1.1116703958745013,37.72653264925102,-0.0019384223012934854
2019-06-03,1.1174057722091675,1.1211000680923462,1.1162209510803223,1.1217420983314514,1.1381833120051899,1.1313138060414087,1.1121703906214941,46.730949587040136,-0.0017846123555949056
2019-06-04,1.124631643295288,1.1277772188186646,1.1227755546569824,1.121643009185791,1.1380484695304645,1.1309830508098273,1.1123029675617546,57.797278138296534,-0.0010673457604355452
2019-06-05,1.1254037618637085,1.130454421043396,1.123987078666687,1.1215194821357728,1.1379226515437306,1.1304787089592574,1.1125602553122882,58.78262116141601,-0.00043162776434924055
2019-06-06,1.1229015588760376,1.1307867765426636,1.1223849058151245,1.1214278197288514,1.1377731879350967,1.130230353406821,1.1126252860508818,54.35368705741699,-0.00012824521071275186
2019-06-07,1.1276500225067139,1.1348161697387695,1.1253150701522827,1.121477303504944,1.137672459920884,1.130392926600913,1.1125616804089749,60.44446534774129,0.0004897039766142974
2019-06-10,1.1320157051086426,1.1326953172683716,1.12920343875885,1.1216575694084168,1.1376161738033492,1.1310507465893198,1.1122643922275137,65.06048533955706,0.0013165311089859966
2019-06-11,1.1318106651306152,1.1332728862762451,1.1304799318313599,1.1218460845947265,1.137558407547899,1.1316674220934508,1.112024747096002,64.6787231334835,0.0019329704753150434
2019-06-12,1.1329518556594849,1.1343011856079102,1.1308507919311523,1.1220936465263367,1.1375125712107008,1.1323963059965816,1.1117909870560918,65.87878708174745,0.002484942779154231
2019-06-13,1.1295605897903442,1.1305004358291626,1.127116084098816,1.1222771501541138,1.1374334470174634,1.1327805108955933,1.1117737894126343,59.41814814983403,0.0026185529446907108
2019-06-14,1.1280443668365479,1.1290504932403564,1.1215037107467651,1.1223441386222839,1.1373400233340714,1.1329526368726088,1.111735640371959,56.738995672641884,0.002572439956193495
2019-06-17,1.1217050552368164,1.1246000528335571,1.1205360889434814,1.1223265099525452,1.137184451512208,1.1329362937923468,1.1117167261127436,47.16374197856264,0.002001295920711854
2019-06-18,1.1224603652954102,1.12440025806427,1.1182304620742798,1.1223365831375123,1.1370379431916429,1.1329458902747929,1.1117272760002317,48.28360458878552,0.001591264263162806
2019-06-19,1.1198208332061768,1.1222084760665894,1.1188685894012451,1.1222201108932495,1.1368666286644242,1.1328090418883725,1.1116311798981264,44.71672048317761,0.0010413193589544623
2019-06-20,1.1238480806350708,1.1315160989761353,1.1235828399658203,1.12216313123703,1.1367370908730874,1.1326841761436135,1.1116420863304464,50.70077395134312,0.0009198458601396009
2019-06-21,1.1295605897903442,1.1333370208740234,1.1283625364303589,1.1222013425827027,1.136665682902115,1.1328171764997614,1.1115855086656439,57.695787521019255,0.0012698904776125008
2019-06-24,1.1384724378585815,1.1401208639144897,1.1373846530914307,1.1224492835998534,1.1366836605633732,1.1339745591896906,1.1109240080100162,65.8391334950893,0.0022405869272001944
2019-06-25,1.140029788017273,1.141396164894104,1.1378376483917236,1.1226397681236266,1.1367169553639094,1.1349935596506715,1.1102859765965818,67.03338768436632,0.003099803395494094
2019-06-26,1.1369967460632324,1.1389521360397339,1.1350866556167603,1.1227698469161986,1.1367197393509674,1.1355893301832785,1.1099503636491188,62.45402385436228,0.003495701231635673
2019-06-27,1.1374752521514893,1.1383039951324463,1.1348419189453125,1.122949299812317,1.136727256891271,1.136335033419637,1.109563566204997,62.88480772085295,0.0038042119737540236
2019-06-28,1.1372941732406616,1.1393414735794067,1.1361312866210938,1.1231009078025818,1.1367328978499713,1.1369626062399563,1.1092392093652073,62.592135912531596,0.003988124784820579
2019-07-01,1.1364928483963013,1.1367511749267578,1.1305694580078125,1.1233588552474976,1.1367305092981936,1.137728805482495,1.1089889050125001,61.233969504207415,0.00402284395365804
2019-07-02,1.1287446022033691,1.1321053504943848,1.1276754140853882,1.1234446549415589,1.136651047536056,1.1378923282956581,1.1089969815874596,49.94817104655885,0.003386107492727941
2019-07-03,1.1293054819107056,1.1305310726165771,1.127039909362793,1.123512806892395,1.1365779573308286,1.1380396454580144,1.1089859683267755,50.65712065136188,0.0028933943163140796
2019-07-04,1.1287955045700073,1.1298158168792725,1.1274338960647583,1.1236400127410888,1.1365005199899247,1.138239544022668,1.1090404814595096,49.96414227172735,0.0024337103666884907
2019-07-05,1.128579020500183,1.1287955045700073,1.120824933052063,1.1239046049118042,1.1364216990994795,1.138369768208436,1.1094394416151725,49.653622065482,0.0020285551485434983
2019-07-08,1.1227376461029053,1.123721718788147,1.1208375692367554,1.124085659980774,1.1362855393681703,1.1382522543607883,1.1099190656007598,42.05814101327819,0.0012220298245895211
2019-07-09,1.121604323387146,1.1222084760665894,1.1195324659347534,1.1242172241210937,1.1361394576171153,1.1381608368047844,1.110273611437403,40.75553179017169,0.00048580298861522486
2019-07-10,1.120824933052063,1.1262998580932617,1.1202598810195923,1.1242633581161499,1.1359870742881097,1.1381451354086314,1.1103815808236683,39.841655196206034,-0.0001587227128938551
2019-07-11,1.125885248184204,1.1287955045700073,1.1251758337020874,1.124348976612091,1.1358865586054838,1.138216614346676,1.110481338877506,47.99528422353007,-0.0002582123236161138
2019-07-12,1.1252391338348389,1.1278001070022583,1.123974323272705,1.124452075958252,1.1357806140804028,1.1382668467022714,1.1106373052142324,47.117170473623425,-0.00038475931916126527
2019-07-15,1.1272051334381104,1.1285994052886963,1.1255683898925781,1.1246490597724914,1.1356952859148077,1.138331077611145,1.1109670419338378,50.10832608884895,-0.0003226892268726189
2019-07-16,1.1261768341064453,1.126633644104004,1.1209003925323486,1.124800980091095,1.1356005749515403,1.138376249616337,1.111225710565853,48.56116949741124,-0.000352411018894605
2019-07-17,1.1212271451950073,1.1233429908752441,1.1201093196868896,1.1248218297958374,1.1354575557499826,1.1383713382488514,1.1112723213428235,41.861116758829276,-0.000766528221888052
2019-07-18,1.12296462059021,1.1247328519821167,1.1206239461898804,1.1248989915847778,1.1353332479374476,1.1383593016061035,1.111438681563452,44.74316049613003,-0.0009436416317740726
2019-07-19,1.1261515617370605,1.1271415948867798,1.1215037107467651,1.1250253558158874,1.1352418878757522,1.1384099773603236,1.1116407342714512,49.67136888630715,-0.0008174230251636327
2019-07-22,1.1218308210372925,1.12271249294281,1.1208375692367554,1.1250178027153015,1.1351084444246233,1.1384093368627979,1.111626268567805,43.94847520064736,-0.0010538929131265196
2019-07-23,1.1206114292144775,1.121076226234436,1.1149640083312988,1.1249571108818055,1.1349641955170597,1.1384014229503514,1.1115127988132596,42.46159621583772,-0.0013244245899814988
2019-07-24,1.1151255369186401,1.1155734062194824,1.1130032539367676,1.1247945261001586,1.1347667959290157,1.1385166129221538,1.1110724392781635,36.48167735150004,-0.001958907487584538
2019-07-25,1.1142433881759644,1.1186933517456055,1.110383152961731,1.1246704292297363,1.1345625829165475,1.1386625207350403,1.1106783377244323,35.61314006194718,-0.002504056580705516
2019-07-26,1.1146159172058105,1.1153244972229004,1.1115680932998657,1.124548258781433,1.1343641086308687,1.1387855029816734,1.1103110145811927,36.30280314130032,-0.002872914020733086
2019-07-29,1.1132138967514038,1.1144545078277588,1.1114444732666016,1.1244654178619384,1.1341536587614212,1.138920018064947,1.1100108176589298,34.79236616682823,-0.003241007219160652
2019-07-30,1.1143054962158203,1.1158099174499512,1.1133253574371338,1.1244208788871766,1.1339561646067384,1.1389885317139166,1.1098532260604366,36.99053911563649,-0.003405385611432221
2019-07-31,1.1157974004745483,1.1164453029632568,1.1127803325653076,1.1243996930122375,1.1337754803865177,1.139015248834708,1.109784137189767,39.969061535848624,-0.0033763519823282184
2019-08-01,1.1071745157241821,1.1072970628738403,1.1027547121047974,1.1242322134971618,1.1335107941709721,1.139441603122782,1.1090228238715416,30.882430501391724,-0.004002993341522876
2019-08-02,1.1078859567642212,1.1114197969436646,1.1070764064788818,1.1240208196640014,1.1332558206644374,1.1398395242062354,1.1082021151217674,32.25095672937701,-0.004391580382239191
2019-08-05,1.1108025312423706,1.1199462413787842,1.1107407808303833,1.123817608356476,1.1330324048492924,1.1400522238076518,1.1075829929053,37.69713122501575,-0.004413321206398146
2019-08-06,1.1243788003921509,1.1249732971191406,1.1170687675476074,1.1239175415039062,1.1329462993323058,1.1401021545113033,1.1077329284965092,55.592385720525144,-0.0032970531312537243
2019-08-07,1.1206992864608765,1.1240994930267334,1.1180930137634277,1.1239901518821716,1.1328244385077146,1.1400816597208718,1.1078986440434713,51.29230373839088,-0.002678433350302045
2019-08-08,1.1204355955123901,1.1228384971618652,1.1184431314468384,1.1241241717338561,1.1327011664381093,1.1399768974275446,1.1082714460401677,50.98792228044274,-0.0021842714511415284
2019-08-09,1.1187183856964111,1.1219818592071533,1.1184055805206299,1.1242362451553345,1.1325620342914255,1.139848695773462,1.108623794537207,48.950703151176135,-0.0019092009861092496
2019-08-12,1.1208499670028687,1.1230276823043823,1.1163331270217896,1.1243051290512085,1.1324454963084547,1.1398246882568137,1.1087855698456033,51.539067565701785,-0.001501891987792714
2019-08-13,1.1218308210372925,1.1228259801864624,1.117817997932434,1.1242491126060485,1.13233987764904,1.1397840724989552,1.1087141527131419,52.726851234732784,-0.0010874149067325867
2019-08-14,1.1177055835723877,1.1191002130508423,1.1139951944351196,1.1240951490402222,1.1321942627826058,1.1397356323814025,1.108454665699042,47.458345781528536,-0.0010793687303762844
2019-08-15,1.1143302917480469,1.1158995628356934,1.1095577478408813,1.1239237236976622,1.132016511827038,1.139803659074049,1.1080437883212755,43.61801565918917,-0.001330018296364921
2019-08-16,1.1113580465316772,1.1113580465316772,1.1067456007003784,1.1235978841781615,1.1318109549584274,1.1398304129406092,1.107365355415714,40.50938181487841,-0.0017483414402958974
2019-08-19,1.109385371208191,1.1110000610351562,1.108819603919983,1.1231452775001527,1.1315878148216092,1.1396789951907715,1.1066115598095339,38.54585425910588,-0.00221352778752526
2019-08-20,1.1083157062530518,1.1099001169204712,1.1068925857543945,1.1226753783226013,1.1313562515522704,1.1395361376973194,1.1058146189478832,37.48485742762542,-0.002638094035621652
2019-08-21,1.1097793579101562,1.1107407808303833,1.1088809967041016,1.1222119283676149,1.1311415560931448,1.1391932045989799,1.1052306521362498,39.921706570422224,-0.002823909123043533
2019-08-22,1.10907781124115,1.1114000082015991,1.1064517498016357,1.1218022727966308,1.1309220163433737,1.1390461825020037,1.1045583630912579,39.13429026847719,-0.0029932732805393325
2019-08-23,1.1084016561508179,1.1149004697799683,1.105299711227417,1.1214094185829162,1.130697933157378,1.1389650752337863,1.103853761932046,38.34918856257821,-0.0031457929179139477
2019-08-26,1.1143054962158203,1.1152499914169312,1.110839605331421,1.1212614274024963,1.130534824332089,1.1389312944727195,1.1035915603322732,48.133463587842385,-0.0027584772677324843
2019-08-27,1.1103708744049072,1.1118524074554443,1.1088809967041016,1.1210196375846864,1.1303341880144055,1.138951458700859,1.1030878164685138,43.211460372098955,-0.0027374621618485584
2019-08-28,1.109004020690918,1.1100010871887207,1.107444167137146,1.120803301334381,1.1301219475435251,1.1390523447051926,1.1025542579635694,41.61927716866746,-0.002798837948817745
2019-08-29,1.1085859537124634,1.1090162992477417,1.1056197881698608,1.120498058795929,1.1299076590476937,1.1390473250335658,1.1019487925582923,41.12021121565496,-0.0028483788747948324
2019-08-30,1.1061947345733643,1.106096863746643,1.0987199544906616,1.1200307416915893,1.1296717095504367,1.1388238331424523,1.1012376502407264,38.291891960522165,-0.0030454853563883777
2019-09-02,1.0991789102554321,1.0997470617294312,1.0958784818649292,1.1192448711395264,1.129368298612178,1.1381760711671072,1.1003136711119457,31.45567143479836,-0.0037248740228121857
2019-09-03,1.0968520641326904,1.0977309942245483,1.0930395126342773,1.1183813166618348,1.1290447539904915,1.1373816825372935,1.099380950786376,29.570129860562318,-0.004400327238231139
2019-09-04,1.0974539518356323,1.103499412536621,1.0972732305526733,1.1175904607772826,1.1287304176506423,1.136719598829127,1.0984613227254383,30.726866457336868,-0.004831368462176799
2019-09-05,1.10349702835083,1.1082788705825806,1.1018311977386475,1.1169108963012695,1.1284793391501466,1.135564992678315,1.098256799924224,41.173531539867305,-0.004631951710925675
2019-09-06,1.1036310195922852,1.10574209690094,1.1021226644515991,1.116237633228302,1.128232092189372,1.1343098479056977,1.0981654185509062,41.38460204881866,-0.004412238981015282
2019-09-09,1.1020619869232178,1.106525182723999,1.1016126871109009,1.1155490159988404,1.1279716931319974,1.1330870238865887,1.098011008111092,39.593110906181806,-0.00431498245134132
2019-09-10,1.1048381328582764,1.1059499979019165,1.1031805276870728,1.1150708866119385,1.1277415084526567,1.1324432672603197,1.0976985059635573,44.19605571606231,-0.003968151791377439
2019-09-11,1.1050333976745605,1.1058276891708374,1.0986233949661255,1.1145854449272157,1.1275155571016309,1.1316887087628653,1.097482181091566,44.51629979005172,-0.003635620584792054
2019-09-12,1.1013457775115967,1.1077508926391602,1.0929558277130127,1.1140364503860474,1.1272551612848145,1.131039891243956,1.0970330095281386,39.863652207667194,-0.0036278279933754654
2019-09-13,1.1058276891708374,1.110913634300232,1.1057665348052979,1.1135814237594603,1.1270419526070634,1.1302099662630471,1.0969528812558735,47.10028046222969,-0.0032228485031424725
2019-09-16,1.1083402633666992,1.1084262132644653,1.099493145942688,1.1132934761047364,1.1268558661469603,1.1297728159915519,1.096814136217921,50.683179501130304,-0.0026683959922855216
2019-09-17,1.100594401359558,1.1068068742752075,1.0992876291275024,1.1128732776641845,1.126594558039623,1.1295578271792996,1.0961887281490694,41.37867369815519,-0.0028214903277417047
2019-09-18,1.1074687242507935,1.1077877283096313,1.1037527322769165,1.1126061534881593,1.1264042512357542,1.1291984961191794,1.0960138108571391,50.128968166992074,-0.002360903262171643
2019-09-19,1.1031439304351807,1.107499361038208,1.102353572845459,1.1121513271331787,1.126172805257639,1.1285029542127176,1.0957997000536397,45.52495346181043,-0.0023181373668916816
2019-09-20,1.1048502922058105,1.1068999767303467,1.0998800992965698,1.1117435503005981,1.1259606409486655,1.1277768135668182,1.095710287034378,47.57097457204832,-0.0021220937764436787
2019-09-23,1.1019041538238525,1.102803349494934,1.0968279838562012,1.1112375307083129,1.125721272917573,1.1268710977678913,1.0956039636487345,44.46567099550889,-0.0021793345519875995
2019-09-24,1.0993722677230835,1.1013944149017334,1.0985147953033447,1.1107014393806458,1.1254590937614088,1.1260802881391692,1.0953225906221224,41.93236815096622,-0.0024013194120677817
2019-09-25,1.1016855239868164,1.1019283533096313,1.094834566116333,1.1103106069564819,1.1252225408283283,1.1255905627883556,1.0950306511246082,45.01465786988309,-0.002363340447649742
2019-09-26,1.0952903032302856,1.0967316627502441,1.092514157295227,1.1097571206092836,1.1249247076183975,1.1251705045929756,1.0943437366255915,38.87155565462574,-0.0028168122544225405
2019-09-27,1.0922753810882568,1.0958423614501953,1.0905839204788208,1.1090795969963074,1.1245998386976996,1.124529697255896,1.0936294967367188,36.3528495692301,-0.0033805026185869114
2019-09-30,1.0942714214324951,1.0948106050491333,1.088767170906067,1.1085284090042113,1.1242980634015285,1.1240877529774174,1.0929690650310053,39.163381560465105,-0.003624387832353637
2019-10-01,1.0899657011032104,1.0937328338623047,1.0881510972976685,1.107915494441986,1.1239564478562716,1.1239395402734904,1.0918914486104816,35.51970282515127,-0.004117638691830683
2019-10-02,1.0934937000274658,1.0957943201065063,1.090524435043335,1.1074828577041627,1.123653335937577,1.1238761807929611,1.0910895346153642,40.411720840693285,-0.004175728326331285
2019-10-03,1.0963709354400635,1.0998317003250122,1.0941877365112305,1.1071254086494446,1.12338186926596,1.123695505433381,1.0905553118655082,44.134251436780076,-0.0039441304477829675
2019-10-04,1.0975382328033447,1.0992271900177002,1.0959144830703735,1.1067838549613953,1.1231247186543918,1.123427619724349,1.0901400901984417,45.61854247938059,-0.0036246140245244085
2019-10-07,1.098659634590149,1.1001100540161133,1.0963709354400635,1.1064927697181701,1.1228812849821108,1.1231865387634101,1.0897990006729301,47.0733719590612,-0.003243517948955388
2019-10-08,1.0972130298614502,1.0998003482818604,1.094666838645935,1.1061509203910829,1.1226258794585222,1.122891645289009,1.0894101954931568,45.38657810468329,-0.003023373902876436
2019-10-09,1.0960105657577515,1.0991994142532349,1.095554232597351,1.1057551836967467,1.1223610504664747,1.1225006424082056,1.089009724985288,43.9759615729826,-0.0029123650328488626
2019-10-10,1.0987803936004639,1.1033873558044434,1.0980443954467773,1.1055873012542725,1.1221264170648229,1.1224426309730071,1.088731971535538,47.98615934085768,-0.002571247998703896
2019-10-11,1.1011033058166504,1.1061996221542358,1.1003884077072144,1.105451648235321,1.121917231878274,1.122340609791495,1.088562686679147,51.14457223963989,-0.0020893855530117467
2019-10-14,1.1030004024505615,1.1043000221252441,1.1015156507492065,1.105295605659485,1.1217290047197894,1.1221268514271734,1.0884643598917965,53.621471187872764,-0.001536711990256956
2019-10-15,1.1029006242752075,1.1045451164245605,1.0992755889892578,1.104866042137146,1.1215416576506891,1.1207807487006272,1.0889513355736646,53.46793185753341,-0.0010941527628818282
2019-10-16,1.1034727096557617,1.1076282262802124,1.102353572845459,1.1045215106010438,1.1213618671233765,1.1197690429993048,1.0892739782027827,54.27634219413363,-0.0006893129075109528
2019-10-17,1.107493281364441,1.1139951944351196,1.1065863370895386,1.1042626643180846,1.121223871245178,1.1188318293940622,1.089693499242107,59.58985311594167,-4.3545899818475675e-05
2019-10-18,1.1127183437347412,1.1161960363388062,1.1115063428878784,1.1041426634788514,1.1211392391306463,1.1183193981382724,1.0899659288194303,65.24278701081849,0.0008797072542643392
2019-10-21,1.1155734062194824,1.118067979812622,1.1140000820159912,1.1040371322631837,1.1210838577086446,1.1177780993602104,1.090296165166157,67.88630673228081,0.0018207828608982624
2019-10-22,1.1151753664016724,1.116071343421936,1.1124708652496338,1.103904023170471,1.1210250667503663,1.1170578467422683,1.090750199598674,67.11985605798998,0.002505590682784442
2019-10-23,1.112928867340088,1.1133378744125366,1.1108025312423706,1.1038084888458253,1.1209445075522542,1.1166180549960847,1.0909989226955659,62.809698525550004,0.002834359385243568
2019-10-24,1.1132385730743408,1.1165698766708374,1.109385371208191,1.1037866544723511,1.1208678315872997,1.1165265496469572,1.091046759297745,63.160918020899345,0.003084347180669189
2019-10-25,1.1103955507278442,1.1125946044921875,1.1080454587936401,1.1037674045562744,1.120763629787703,1.1164634376343687,1.0910713714781801,57.76768040194164,0.003018263503510976
2019-10-28,1.1084262132644653,1.1106668710708618,1.107714056968689,1.1037482213974,1.1206408694242878,1.1164124662111894,1.0910839765836104,54.30834821148575,0.0027749942322654597
2019-10-29,1.1099148988723755,1.1118770837783813,1.1075055599212646,1.1037802052497865,1.1205341433491445,1.1164994908780774,1.0910609196214955,56.43227597679811,0.0026715303305557825
2019-10-30,1.1114816665649414,1.1125946044921875,1.1103339195251465,1.1038142514228821,1.1204440689532817,1.1166079759563012,1.091020526889463,58.61277307662032,0.0026850083963663174
2019-10-31,1.1154489517211914,1.1176930665969849,1.113374948501587,1.103941674232483,1.120394366294256,1.1170718602253962,1.0908114882395699,63.582920266654824,0.0029814483362164967
2019-11-01,1.1157102584838867,1.1174432039260864,1.1130775213241577,1.1040878462791444,1.1203477582563417,1.117578467903718,1.0905972246545708,63.89050603698671,0.0032005702150468274
2019-11-04,1.1166571378707886,1.1177005767822266,1.1141999959945679,1.1041348791122436,1.1203110356654407,1.1177863357775295,1.0904834224469577,65.04270540747419,0.003411307704082045
2019-11-05,1.1128545999526978,1.1138995885849,1.1064640283584595,1.1041845536231996,1.1202368422752642,1.1179462582894237,1.0904228489569754,57.15542526754277,0.0032342037638022347
2019-11-06,1.107419729232788,1.1095085144042969,1.1067456007003784,1.1041528677940369,1.120109308812155,1.1178765229610241,1.0904292126270496,48.16534285213154,0.002625039151866071
2019-11-07,1.1070396900177002,1.109139323234558,1.1038014888763428,1.1041219425201416,1.119979262854001,1.1178117506899838,1.0904321343502994,47.601509431284484,0.0020875419355914637
2019-11-08,1.1019697189331055,1.103813648223877,1.1017802953720093,1.1040374422073365,1.1198000634120022,1.1177271865259526,1.0903476978887203,40.74838911142372,0.0012381940934647062
2019-11-11,1.102244257926941,1.1043622493743896,1.101722002029419,1.1040987491607666,1.11962537878031,1.1177270022837194,1.0904704960378138,41.24169931494497,0.0005805406999281892
2019-11-12,1.1035456657409668,1.1041183471679688,1.1003884077072144,1.104232621192932,1.1194653816356401,1.1177008880248063,1.090764354361058,43.637254246444314,0.00016248535169594014
2019-11-13,1.1012367010116577,1.1020498275756836,1.1001100540161133,1.1043082761764527,1.1192840017289338,1.1176631440834661,1.0909534082694392,40.48366381933342,-0.00035109349329354167
2019-11-14,1.1013215780258179,1.1017826795578003,1.0990822315216064,1.1042647671699524,1.1191052711448233,1.1176445743040826,1.0908849600358221,40.65344941080889,-0.0007426981998532867
2019-11-15,1.1020498275756836,1.1055831909179688,1.1015278100967407,1.1042331433296204,1.1189355652386628,1.1176265318757104,1.0908397547835305,42.17762630856202,-0.000982953225802774
2019-11-18,1.105509877204895,1.1090999841690063,1.1053999662399292,1.1043021011352538,1.1188019763030035,1.1176853631928234,1.0909188390776843,48.89350409836747,-0.0008839701192928651
2019-11-19,1.1072357892990112,1.1085245609283447,1.1064271926879883,1.1043500542640685,1.118686889865153,1.117758314242036,1.090941794286101,51.894872238580504,-0.0006586659215643831
2019-11-20,1.1080001592636108,1.1082788705825806,1.1053632497787476,1.1044093894958495,1.1185805542372769,1.1178561943249008,1.0909625846667983,53.205582894014796,-0.0004136639925889085
2019-11-21,1.1078859567642212,1.1096439361572266,1.106378197669983,1.104540193080902,1.1184741403320724,1.1179925980219303,1.0910877881398737,52.97334689051653,-0.00022610696564973054
2019-11-22,1.1065863370895386,1.1078613996505737,1.102864146232605,1.1045553660392762,1.1183558537326441,1.1180154073778195,1.091095324700733,50.2835256628684,-0.000180257223827196
2019-11-25,1.1022562980651855,1.1033873558044434,1.100618600845337,1.1044336867332458,1.1181956591488882,1.1178640383031784,1.0910033351633133,42.53419129550116,-0.00048769706652040945
2019-11-26,1.1014429330825806,1.102657437324524,1.1008002758026123,1.1044506573677062,1.1180289653571835,1.1178633403707707,1.0910379743646417,41.24824595692667,-0.0007878947530943758
2019-11-27,1.1022562980651855,1.1022076606750488,1.09933602809906,1.104346408843994,1.117872023394079,1.1177443645142051,1.090948453173783,43.100817706397464,-0.0009492296969193514
2019-11-28,1.1004853248596191,1.1019283533096313,1.100158452987671,1.104293236732483,1.1176990214186118,1.1177317119535242,1.0908547615114417,40.13344661845559,-0.001206088501819691
2019-11-29,1.101176142692566,1.102669596672058,1.0982855558395386,1.104219753742218,1.1175346146651188,1.117685948836012,1.090753558648424,41.816215793569796,-0.0013384785816425993
2019-12-02,1.1019041538238525,1.1089179515838623,1.1003763675689697,1.104219753742218,1.117379087691574,1.117685948836012,1.090753558648424,43.61493567714994,-0.0013688747239464227
2019-12-03,1.1079105138778687,1.1092623472213745,1.1066476106643677,1.1043905186653138,1.1172848730267608,1.1178223148828206,1.090958722447807,55.765154787912884,-0.0008979498200301084
2019-12-04,1.1085245609283447,1.1113457679748535,1.1067945957183838,1.1045272994041442,1.1171977057421996,1.1179859251751745,1.0910686736331139,56.79027893319404,-0.0004697747052992973
2019-12-05,1.108303427696228,1.1104941368103027,1.1079963445663452,1.104787561893463,1.117109205463135,1.1180184754844589,1.0915566483024672,56.28441103056863,-0.00014659657175841723
2019-12-06,1.1105434894561768,1.1112345457077026,1.1042280197143555,1.1051529240608216,1.117043874955603,1.1179762151152959,1.0923296330063472,60.156223220201156,0.00028697067123117925
2019-12-09,1.105888843536377,1.108033299446106,1.1053999662399292,1.1053852725028992,1.1169328796180984,1.1178188869414416,1.0929516580643568,50.20576886184342,0.0002520789999569395
2019-12-10,1.106499433517456,1.1097548007965088,1.106353759765625,1.1057159471511842,1.1168290642340124,1.1173280337275304,1.0941038605748379,51.342761146772965,0.00027057755799120287
2019-12-11,1.1092746257781982,1.1098779439926147,1.1071745157241821,1.1060315656661988,1.1167538956921634,1.1171344129237821,1.0949287184086154,56.2342487756054,0.0005033700837124844
2019-12-12,1.1135857105255127,1.1153370141983032,1.1111851930618286,1.1063758611679078,1.1167223714616494,1.1173225120193393,1.0954292103164762,62.53506298443525,0.0010239251753461076
2019-12-13,1.1186057329177856,1.1186933517456055,1.111889362335205,1.1067972111701965,1.116741111376636,1.1179748001412104,1.0956196221991825,68.26449395936126,0.0018205564473730007
2019-12-16,1.1124460697174072,1.115785002708435,1.1123470067977905,1.1070729398727417,1.1166983746437082,1.1181104813790972,1.0960353983663862,56.78866339976302,0.0019325815311548311
2019-12-17,1.1136974096298218,1.1173185110092163,1.113089919090271,1.107402627468109,1.1166685142953112,1.118220661463872,1.0965845934723462,58.32152888478688,0.002098148737601724
2019-12-18,1.115138053894043,1.1151504516601562,1.1111358404159546,1.107785177230835,1.1166532858336071,1.1183076752473415,1.0972626792143283,60.07739484634081,0.0023188792966351013
2019-12-19,1.1115927696228027,1.1142433881759644,1.110987663269043,1.1080414247512818,1.1166029324384747,1.1182893107740923,1.0977935387284712,54.043446217806014,0.0021825756697204657
2019-12-20,1.1125946044921875,1.1125946044921875,1.1074320077896118,1.1082712507247925,1.1165630485783127,1.1183987552413148,1.0981437462082702,55.40643558152062,0.0021308308727470138
2019-12-23,1.1079840660095215,1.1097548007965088,1.1071499586105347,1.1083709239959716,1.116477685567678,1.1183841464999575,1.0983577014919856,48.30598162301566,0.0016982148608573056
2019-12-24,1.109385371208191,1.1097548007965088,1.1070642471313477,1.1085006189346314,1.1164071152755437,1.1183918871534202,1.0986093507158425,50.38705170238158,0.0014517028461837889
2019-12-25,1.1090162992477417,1.110864281654358,1.1077877283096313,1.108611490726471,1.1163335748175556,1.1183964311222048,1.0988265503307373,49.818202092868866,0.00121258139230207
2019-12-26,1.1095454692840576,1.1104941368103027,1.1082788705825806,1.1086525344848632,1.1162660314789137,1.1184355462554925,1.098869522714234,50.67798382765688,0.0010536299268608662
2019-12-27,1.110111951828003,1.118067979812622,1.1099998950958252,1.1086004066467285,1.1162047968555215,1.1183225794534541,1.098878233840003,51.63333730776375,0.000962277614971141
2019-12-30,1.1182304620742798,1.1220699548721313,1.1181554794311523,1.1086535477638244,1.116224952728345,1.1185586152593212,1.0987484802683276,62.764784595526294,0.0015273696111710588
2019-12-31,1.120229721069336,1.1241008043289185,1.1200717687606812,1.1087546348571777,1.1162648011695488,1.1190277011905023,1.0984815685238531,64.90672233828705,0.0021121846321736637
2020-01-01,1.1220825910568237,1.1228384971618652,1.115946888923645,1.1089377093315125,1.1163226896261387,1.119822445178502,1.098052973484523,66.81215081831603,0.002694109851252291
2020-01-02,1.1220825910568237,1.12271249294281,1.1166820526123047,1.109114589691162,1.1163800020781853,1.1205577062057046,1.0976714731766195,66.81215081831603,0.0031193320616274
2020-01-03,1.1171437501907349,1.118067979812622,1.112569808959961,1.1092495536804199,1.1163876015618923,1.120911426001501,1.0975876813593388,57.20959110650734,0.003022953814778795
2020-01-06,1.1161960363388062,1.120824933052063,1.1158099174499512,1.1094049501419068,1.1163856954402696,1.1212279969462173,1.0975819033375962,55.55943045347437,0.0028373930711991235
2020-01-07,1.1197994947433472,1.1199462413787842,1.1134865283966064,1.1096026420593261,1.116419663592539,1.121785573387264,1.0974197107313883,60.25382601210859,0.002947131129768632
2020-01-08,1.1154738664627075,1.1165200471878052,1.111086368560791,1.1096824860572816,1.1164102526758242,1.1219675808341272,1.097397391280436,53.01433916581942,0.0026544583369756403
2020-01-09,1.1113210916519165,1.1122233867645264,1.1095085144042969,1.109599928855896,1.1163596142576757,1.1217819016527946,1.0974179560589974,47.15648627724189,0.0020636305703998215
2020-01-10,1.1111111640930176,1.1120996475219727,1.1086229085922241,1.1095079469680786,1.1163073908729528,1.1215704722406115,1.0974454216955458,46.874519658494705,0.0015604678076102108
2020-01-13,1.1116669178009033,1.114466905593872,1.1114075183868408,1.1094081425666809,1.1162612170115394,1.1213107490346543,1.0975055360987074,47.764982094279574,0.0011928024880183408
2020-01-14,1.1135733127593994,1.1145787239074707,1.11055588722229,1.109422516822815,1.1162344716955976,1.1213438328103649,1.097501200835265,50.810758741970986,0.001043229513653765
2020-01-15,1.113089919090271,1.1163455247879028,1.112025499343872,1.1095359206199646,1.1162031826149477,1.12148731334017,1.0975845278997594,50.01440834468024,0.0008755927366153049
2020-01-16,1.1154004335403442,1.117193579673767,1.112978458404541,1.1097031354904174,1.1161951950619666,1.1217455832256975,1.0976606877551374,53.745969133288014,0.0009185896596068943
2020-01-17,1.1139578819274902,1.1145004034042358,1.1087580919265747,1.1099428987503053,1.116172933239733,1.121833297967451,1.0980524995331595,51.17717473416985,0.0008267331069695683
2020-01-20,1.1094592809677124,1.1104941368103027,1.1077508926391602,1.1100871992111205,1.1161061307295637,1.1217695536194279,1.0984048448028132,44.098695193235,0.00038648150789022395
2020-01-21,1.109693169593811,1.1119760274887085,1.1086474657058716,1.1102101492881775,1.116042320170999,1.1217399012847726,1.0986803972915824,44.52828265805369,5.580847584552018e-05
2020-01-22,1.108561396598816,1.1097793579101562,1.1071622371673584,1.1103566431999206,1.1159678831205295,1.1216036965343326,1.0991095898655086,42.81374214267132,-0.00029418571667738647
2020-01-23,1.1096439361572266,1.1103215217590332,1.1037039756774902,1.110523090362549,1.1159049582751235,1.121466614670421,1.0995795660546768,44.995367657301706,-0.00047868871508627286
2020-01-24,1.1055220365524292,1.1060845851898193,1.1021226644515991,1.1105925345420837,1.1158016456211663,1.1213592334076088,1.0998258356765587,38.90877301786657,-0.0009465997083524247
2020-01-27,1.1025358438491821,1.1039965152740479,1.1010063886642456,1.1105330538749696,1.1156696475935846,1.1214462253456612,1.099619882404278,35.19440210531276,-0.001540623981872935
2020-01-28,1.101976990699768,1.102657437324524,1.099855899810791,1.1104278779029846,1.1155334022513574,1.121569721192362,1.099286034613607,34.53004822620191,-0.0020330515245348124
2020-01-29,1.1022562980651855,1.1030223369598389,1.0993238687515259,1.110313000679016,1.115401291761943,1.1216733121543954,1.0989526892036368,35.1885350518953,-0.00237340697154953
2020-01-30,1.1016855239868164,1.1036553382873535,1.1008244752883911,1.110188992023468,1.1152648164606977,1.1217902523195142,1.0985877317274217,34.426517973772036,-0.0026585516844759294
2020-01-31,1.1029127836227417,1.1090162992477417,1.1017948389053345,1.110115520954132,1.115141910661315,1.1218556053741253,1.0983754365341387,37.55763811830187,-0.0027537577229685972
2020-02-03,1.1089794635772705,1.108905553817749,1.104349970817566,1.1102499842643738,1.1150805927798817,1.1217746927857764,1.0987252757429713,50.2132833013926,-0.0023130158168911397
2020-02-04,1.1062926054000854,1.1065618991851807,1.1033873558044434,1.1103469777107238,1.1149931501193862,1.1216486225799556,1.099045332841492,45.787127388443594,-0.0021556823169548434
2020-02-05,1.1047282218933105,1.1048502922058105,1.0998317003250122,1.1103964161872864,1.1148910115300719,1.1215745545699567,1.099218277804616,43.389007069561316,-0.0021326432754715796
2020-02-06,1.1002310514450073,1.1012852191925049,1.0965512990951538,1.110391330718994,1.1147451412804692,1.1215880891521934,1.0991945722857948,37.33522062699428,-0.0024490377570747235
2020-02-07,1.0982975959777832,1.0986994504928589,1.0946906805038452,1.1103337597846985,1.1145814841132782,1.1217513389691054,1.0989161806002916,35.0697444742064,-0.0028232516730144486
2020-02-10,1.0949305295944214,1.0961307287216187,1.090959906578064,1.1101942873001098,1.1143859522275184,1.122188000846444,1.0982005737537757,31.486567339611113,-0.0033528632938848446
2020-02-11,1.0913456678390503,1.0927003622055054,1.089348316192627,1.1098629903793336,1.114156695666439,1.1229769935471396,1.0967489872115275,28.184734778895063,-0.004015563783098974
2020-02-12,1.091941475868225,1.0924997329711914,1.0887079238891602,1.1095313286781312,1.1139356487032728,1.1235883801690318,1.0954742771872306,29.507824410981627,-0.00444148331183003
2020-02-13,1.0875948667526245,1.0890873670578003,1.0835527181625366,1.109117157459259,1.1136735513704306,1.124481394397826,1.0937529205206922,25.776782534526944,-0.00507130380297105
2020-02-14,1.0845986604690552,1.0862481594085693,1.0831302404403687,1.1085982608795166,1.1133842489734018,1.1254466650389106,1.0917498567201227,23.564889374151548,-0.005745973876452259
2020-02-17,1.0841753482818604,1.0854003429412842,1.0830246210098267,1.1081639909744263,1.1130936131456253,1.1263626678789889,1.0899653140698637,23.26119192262395,-0.006242848850648741
2020-02-18,1.0840108394622803,1.0839003324508667,1.078690528869629,1.1077142190933227,1.1128042323129552,1.1271503295893706,1.0882781085972748,23.136400529291464,-0.006574117994379902
2020-02-19,1.079540491104126,1.0808473825454712,1.0783600807189941,1.1071195363998414,1.112473249813365,1.1281175557366971,1.0861215170629857,19.99695218265397,-0.007115349608559196
2020-02-20,1.081009864807129,1.0821000337600708,1.0779578685760498,1.1064680194854737,1.1121601813058402,1.1286360435709961,1.0842999953999513,23.663564587329546,-0.007341089870043449
2020-02-21,1.078799843788147,1.0863661766052246,1.078771948814392,1.1056719017028809,1.1118282376489477,1.1288947344294304,1.0824490689763313,22.028299137695242,-0.007610590727477717
2020-02-24,1.0839051008224487,1.0863661766052246,1.0808473825454712,1.1051010823249816,1.11155039549147,1.1290364323896105,1.0811657322603527,33.466424448826714,-0.0073277507728455316
2020-02-25,1.0849199295043945,1.088174819946289,1.083177089691162,1.1045255327224732,1.1112854157304046,1.1289951828239115,1.080055882621035,35.49219345022463,-0.0069416903919061745
2020-02-26,1.0881996154785156,1.090358018875122,1.085564136505127,1.1039867639541625,1.111055706275162,1.128687838269422,1.079285689638903,41.67297116394452,-0.006298486478512277
2020-02-27,1.0885894298553467,1.1005700826644897,1.088565707206726,1.1035266971588136,1.110832161236159,1.1285048854206368,1.0785485088969904,42.379641850291954,-0.005691677861279443
2020-02-28,1.0997228622436523,1.10527765750885,1.095158338546753,1.1032692623138427,1.1107216209476762,1.1281310430306215,1.078407481597064,58.02259427316438,-0.004263258522086755
2020-03-02,1.1051311492919922,1.116407871246338,1.1037284135818481,1.1032122039794923,1.1106659943640376,1.1280428946445433,1.0783815133144412,63.242935933815886,-0.002664112112628292
2020-03-03,1.1144047975540161,1.120749592781067,1.1097301244735718,1.1033125925064087,1.1107031963858285,1.1282853310321044,1.078339853980713,70.10760511014294,-0.0006410811656532012
2020-03-04,1.118067979812622,1.1185681819915771,1.109693169593811,1.1034936261177064,1.1107764778129607,1.128764585455328,1.0782226667800847,72.30764839404807,0.001243440026146514
2020-03-05,1.113908290863037,1.1204482316970825,1.1121737957000732,1.1035808825492859,1.110807640131867,1.1289669975527807,1.078194767545791,66.33710269656243,0.0023739194479468484
2020-03-06,1.1223849058151245,1.135473370552063,1.1213905811309814,1.1038263416290284,1.110922836805332,1.129702807408997,1.0779498758490598,71.50128283640018,0.0039087666897184015
2020-03-09,1.1386020183563232,1.1495838165283203,1.1356796026229858,1.1042337727546692,1.111198251547133,1.1316326624169493,1.076834883092389,78.34562008684594,0.006360410780549941
2020-03-10,1.1397960186004639,1.1422958374023438,1.1334141492843628,1.1046250987052917,1.111482806443186,1.1334768815349658,1.0757733158756175,78.75026599792827,0.008303979124402838
2020-03-11,1.1316505670547485,1.1365960836410522,1.1259005069732666,1.1048164582252502,1.111683480678127,1.134261657119482,1.0753712593310185,69.24405731509538,0.009082306004123408
2020-03-12,1.1261515617370605,1.1332857608795166,1.1080824136734009,1.104897837638855,1.1118274416836886,1.1345595052787978,1.0752361699989121,63.65733097479064,0.00914993711241796
2020-03-13,1.1184931993484497,1.1221328973770142,1.1065373420715332,1.1049248266220093,1.1118937676306015,1.1346343908396288,1.0752152624043898,56.78583404357518,0.008487728164982888
2020-03-16,1.115536093711853,1.1235400438308716,1.1088687181472778,1.1049116277694702,1.1119300096811613,1.1346013334461371,1.0752219220928032,54.34639870242168,0.0076362827774349995
2020-03-17,1.1163206100463867,1.1189061403274536,1.0957943201065063,1.104842050075531,1.1119736972469845,1.1344053855789653,1.0752787145720966,54.899935252452906,0.0069447552694053005
2020-03-18,1.101552128791809,1.1045000553131104,1.0831888914108276,1.104563615322113,1.1118700000484256,1.1339801165102426,1.0751471141339835,44.06785834984207,0.00514570523831126
2020-03-19,1.0961546897888184,1.0945589542388916,1.0697933435440063,1.104260287284851,1.1117136288020615,1.1337051444827673,1.0748154300869348,40.89231401938589,0.003246987655439959
2020-03-20,1.0657345056533813,1.0829894542694092,1.0654505491256714,1.1033527541160584,1.1112561250891393,1.1346731729671837,1.072032335264933,28.449279897984084,-0.0007042956542571144
2020-03-23,1.0694386959075928,1.0824854373931885,1.0660412311553955,1.102508189678192,1.1108400312664373,1.1351625194848882,1.069853859871496,31.19478400086865,-0.0034965133193045617
2020-03-24,1.0764610767364502,1.0888501405715942,1.0753382444381714,1.101765944957733,1.1104979521168852,1.135074285713521,1.0684576042019451,36.19339672416299,-0.005084112012760045
2020-03-25,1.080263614654541,1.0849517583847046,1.0770175457000732,1.1011094188690185,1.1101971129381554,1.1347986040178137,1.0674202337202232,38.78666832616071,-0.005966682186385963
2020-03-26,1.0889569520950317,1.1025480031967163,1.0876539945602417,1.1005805492401124,1.109985768054144,1.1341841676616673,1.0669769308185575,44.35477968430162,-0.005896672558658889
2020-03-27,1.1048258543014526,1.1086474657058716,1.0955182313919067,1.1003979086875915,1.109934425628744,1.1338034447700016,1.0669923726051813,52.79567832909309,-0.00450872783034173
2020-03-30,1.113908290863037,1.1137841939926147,1.1012245416641235,1.100486888885498,1.1099739665763488,1.1340144184046714,1.0669593593663245,56.831805798207604,-0.002645400379250651
2020-03-31,1.1030466556549072,1.1043622493743896,1.0929678678512573,1.10035395860672,1.1099050381094688,1.1337850695179608,1.066922847695479,51.19435562343633,-0.002021836662044363
2020-04-01,1.102657437324524,1.1037527322769165,1.0918699502944946,1.1002358794212341,1.1098329226787729,1.1335902864750445,1.0668814723674238,50.99913001530896,-0.001541297472217762
2020-04-02,1.0953621864318848,1.0962989330291748,1.0844340324401855,1.0999502444267273,1.1096889352534307,1.1332203066457616,1.066680182207693,47.35407808692863,-0.0017291993465844424
2020-04-03,1.0847399234771729,1.085894227027893,1.0776199102401733,1.0995346021652221,1.109440686380035,1.133038984835754,1.0660302194946902,42.58179284126059,-0.0027040699471438945
2020-04-06,1.0806955099105835,1.083435297012329,1.0769248008728027,1.0990977954864503,1.1091546647236226,1.1330094739922476,1.065186116980653,40.89201088041689,-0.003759673124436702
2020-04-07,1.0803803205490112,1.0923351049423218,1.0791398286819458,1.098665862083435,1.1088683528412882,1.1329756744877808,1.0643560496790894,40.756272750332,-0.00456901068392912
2020-04-08,1.0895144939422607,1.0896213054656982,1.083177089691162,1.0984110260009765,1.10867577713085,1.1328011750061573,1.0640208769957957,46.317591311099626,-0.004422386556047764
2020-04-09,1.0863661766052246,1.0943553447723389,1.0841801166534424,1.0981046390533447,1.1084537910559682,1.1326483365288318,1.0635609415778575,44.758037488617084,-0.004508260356747007
2020-04-10,1.0927408933639526,1.0954102277755737,1.0921083688735962,1.097901201248169,1.1082974438152515,1.132449131099906,1.063353271396432,48.53654602011837,-0.004015639799826554
2020-04-13,1.0932666063308716,1.0968520641326904,1.089360237121582,1.0975869441032409,1.1081478832432676,1.1320091925385067,1.063164695667975,48.84728268275927,-0.003541984029381773
2020-04-14,1.0922993421554565,1.0983941555023193,1.0915720462799072,1.0973070788383483,1.1079901863170207,1.1316679144133766,1.06294624326332,48.269785286222266,-0.0032076823881332928
2020-04-15,1.098538875579834,1.0989010334014893,1.0857645273208618,1.0971832919120788,1.1078961434241135,1.1314795388789294,1.0628870449452281,52.19592906013592,-0.0024114698047188465
2020-04-16,1.0905101299285889,1.0907741785049438,1.0829660892486572,1.0969888734817506,1.107723148264954,1.1313247904623667,1.0626529565011344,47.22876219971305,-0.002400645128300072
2020-04-17,1.0858471393585205,1.0893245935440063,1.0812681913375854,1.0967398643493653,1.1075054765345418,1.131217335662511,1.0622623930362196,44.575559439980694,-0.002736782932954096
2020-04-20,1.0866966247558594,1.0897043943405151,1.084304690361023,1.096575186252594,1.1072984232830128,1.1311664006265216,1.0619839718786666,45.17975965580468,-0.002901185136437112
2020-04-21,1.0864840745925903,1.0879971981048584,1.0817945003509521,1.0964779543876648,1.1070913153358444,1.1311563877729909,1.0617995210023388,45.04743528534139,-0.0030138839113191818
2020-04-22,1.0856467485427856,1.0883169174194336,1.0824267864227295,1.096352059841156,1.106877936561784,1.1311432342452488,1.0615608854370633,44.49456816904591,-0.003134629657307375
2020-04-23,1.080964207649231,1.0843987464904785,1.0758357048034668,1.0962194466590882,1.106620088512903,1.1311969140445453,1.0612419792736312,41.43218068576481,-0.0035670447756466217
2020-04-24,1.077702283859253,1.0817711353302002,1.0727657079696655,1.096081519126892,1.1063323491631154,1.1312995872504525,1.0608634510033315,39.39793448653958,-0.004125391911145471
2020-04-27,1.08236825466156,1.0860357284545898,1.081221342086792,1.096045377254486,1.1060939004616075,1.1313169850249223,1.0607737694840498,43.65922759723907,-0.00414361616229364
2020-04-28,1.0824854373931885,1.0889687538146973,1.0811277627944946,1.0960148692131042,1.1058589903813247,1.1313315735770613,1.0606981648491471,43.766171964164215,-0.004101325814518608
2020-04-29,1.0836584568023682,1.0874292850494385,1.0831655263900757,1.0960972285270691,1.1056380895496933,1.1312760595086941,1.0609183975454441,44.893789772348335,-0.0039278793975576765
2020-04-30,1.087725043296814,1.0969964265823364,1.0835645198822021,1.0962315320968627,1.1054598502834954,1.1312260534140484,1.0612370107796771,48.73192923957261,-0.003422826109526378
2020-05-01,1.094546914100647,1.101624846458435,1.0935415029525757,1.0965464735031127,1.1053512638538152,1.1311822662122302,1.0619106807939953,54.461910164456285,-0.0024439277016803373
2020-05-04,1.0959625244140625,1.0957822799682617,1.0901321172714233,1.096787621974945,1.1052578435608824,1.1312315382201161,1.062343705729774,55.57157551391877,-0.001536207297862635
2020-05-05,1.0904293060302734,1.092132329940796,1.0826963186264038,1.0968978095054627,1.105110295923762,1.1312218062635007,1.0625738127474247,50.401688219094396,-0.001248920045739288
2020-05-06,1.0838581323623657,1.084481120109558,1.0784229040145874,1.0968109798431396,1.1048988316097184,1.1312465723232796,1.0623753873629995,45.0424816906102,-0.0015338009237579886
2020-05-07,1.0798553228378296,1.08157217502594,1.0767507553100586,1.0966362977027893,1.1046496424677095,1.1313297630507166,1.0619428323548619,42.10550213148147,-0.002058831420758356
2020-05-08,1.0837171077728271,1.0873347520828247,1.0816305875778198,1.0963161826133727,1.1044413585403972,1.1311883134577017,1.0614440517690438,45.77879551867394,-0.0021386550185138464
2020-05-11,1.0839520692825317,1.0853049755096436,1.0804269313812256,1.0958926010131835,1.1042374850154433,1.13084212623282,1.060943075793547,46.00327624488008,-0.0021580793690465505
2020-05-12,1.080940842628479,1.08804452419281,1.078539252281189,1.0952233219146728,1.1040056776285083,1.1300071511597531,1.0604394926695924,43.51672449767729,-0.002388916193074131
2020-05-13,1.0846810340881348,1.0893363952636719,1.0831419229507446,1.0945555830001832,1.1038133926181564,1.1288275131970666,1.0602836528032997,47.32516352653821,-0.0022441842869915796
2020-05-14,1.08236825466156,1.0824854373931885,1.0776559114456177,1.0939247822761535,1.1036000081608768,1.1279026044374858,1.0599469601148213,45.291545699409674,-0.0022897108186821225
2020-05-15,1.0806955099105835,1.0849517583847046,1.079086184501648,1.0930909943580627,1.10337210270565,1.1262545430548156,1.0599274456613097,43.82472653479586,-0.002432724510897266
2020-05-18,1.0821340084075928,1.0912741422653198,1.0800886154174805,1.091961634159088,1.1031607783842763,1.122544857917408,1.0613784104007682,45.46054332079351,-0.0024022969023484997
2020-05-19,1.0915124416351318,1.0975141525268555,1.090274691581726,1.0909959626197816,1.1030448745360262,1.1182862145419925,1.0637057106975707,54.71851216553868,-0.0016029438814610941
2020-05-20,1.0927767753601074,1.0999042987823486,1.0929200649261475,1.0902184867858886,1.1029427043949722,1.114868584539332,1.0655683890324452,55.807613960042474,-0.0008575444496401463
2020-05-21,1.0982975959777832,1.1008729934692383,1.093948245048523,1.0896614074707032,1.1028964844107216,1.1121622082230445,1.0671606067183619,60.29802868911071,0.00017663788324950858
2020-05-22,1.0952903032302856,1.0955302715301514,1.0886130332946777,1.0891973495483398,1.1028208010158915,1.110176734336129,1.0682179647605505,56.90604201594094,0.000744983732485105
2020-05-25,1.0907801389694214,1.0914647579193115,1.0872046947479248,1.0887022304534912,1.1027009934333396,1.108265142702249,1.0691393182047335,52.166423157693465,0.0008219939156921541
2020-05-26,1.0902997255325317,1.0991548299789429,1.0898351669311523,1.0881818127632141,1.102577597732834,1.106057580609869,1.0703060449165593,51.672733594838284,0.0008346384982740318
2020-05-27,1.0981770753860474,1.1029858589172363,1.0936611890792847,1.0881143116950989,1.1025338114408263,1.1058085740807306,1.070420049309467,58.592501830099295,0.001463426253588418
2020-05-28,1.1016855239868164,1.1071866750717163,1.0993118286132812,1.0882249283790588,1.102525370769642,1.1061914121581093,1.0702584446000083,61.253539497201864,0.002219265252217051
2020-05-29,1.1079105138778687,1.114466905593872,1.1070396900177002,1.0890684485435487,1.1025789542831568,1.1066818941407,1.0714550029463974,65.49106046108446,0.003282736421913679
2020-06-01,1.1118524074554443,1.115200161933899,1.1101489067077637,1.0899167227745057,1.1026712274490502,1.1077553716953903,1.072078073853621,67.88615704435573,0.004392983277044626
2020-06-02,1.1125946044921875,1.1195701360702515,1.1115680932998657,1.0906393933296203,1.1027699675191311,1.109167435760751,1.0721113508984896,68.3318270740096,0.005271978915454056
2020-06-03,1.118943691253662,1.1249985694885254,1.118105411529541,1.0914129948616027,1.102930900093604,1.1113492932026081,1.0714766965205973,71.92162388037447,0.006407051035744793
2020-06-04,1.1235954761505127,1.1360538005828857,1.1195951700210571,1.0921057653427124,1.1031365177658121,1.114004454717807,1.0702070759676179,74.2268201557712,0.0075944202837470165
2020-06-05,1.1337867975234985,1.1383945941925049,1.1285662651062012,1.0926849842071533,1.103441495673849,1.1173182160518285,1.0680517523624782,78.40901234774424,0.009251132137049645
2020-06-08,1.1319515705108643,1.131874680519104,1.126950979232788,1.0930458498001099,1.1037251780105357,1.1194155560073975,1.0666761435928223,76.01685437350135,0.010297299871397936
2020-06-09,1.1305567026138306,1.1363377571105957,1.1243661642074585,1.0935960507392883,1.103992158354847,1.1218948776050897,1.065297223873487,74.16481689392458,0.010888327296877165
2020-06-10,1.1332215070724487,1.1388872861862183,1.1334141492843628,1.094207332134247,1.1042829976455695,1.1245515800709434,1.0638630841975505,75.39799912190074,0.011439876464001353
2020-06-11,1.1365444660186768,1.1400169134140015,1.1326054334640503,1.0950309777259826,1.1046040072811227,1.1276533108222608,1.0624086446297043,76.8799980596218,0.012006712263424424
2020-06-12,1.1288082599639893,1.1339796781539917,1.1234692335128784,1.095912344455719,1.1048448456162756,1.1297581076863286,1.0620665812251096,66.79230962537866,0.011696852509169409
2020-06-15,1.1252011060714722,1.12920343875885,1.1228764057159424,1.0968024563789367,1.1050473954715512,1.1313484644211358,1.0622564483367376,62.66359443571048,0.011033037262880852
2020-06-16,1.1337740421295166,1.1349835395812988,1.1231664419174194,1.0978703308105469,1.10533323275173,1.1336242180492961,1.0621164435717976,67.76374140851611,0.011071102413434675
2020-06-17,1.1265701055526733,1.1296881437301636,1.1210259199142456,1.0986114430427552,1.1055445449189036,1.1351851764955563,1.062037709589954,60.308622504015986,0.0104000861245368
2020-06-18,1.1242902278900146,1.1262530088424683,1.1204607486724854,1.099369924068451,1.1057310691275715,1.1364762291672865,1.0622636189696153,58.12902364051482,0.00957397102909674
2020-06-19,1.1211000680923462,1.1252998113632202,1.1173933744430542,1.0999371075630189,1.105883994490405,1.1374940567142544,1.0623801584117833,55.12678371344684,0.008563139092637728
2020-06-22,1.1177555322647095,1.1267732381820679,1.1175556182861328,1.1004268860816955,1.1060021192443783,1.1382664300063998,1.0625873421569911,52.08933284898244,0.007406790539730146
2020-06-23,1.1279679536819458,1.1348998546600342,1.1234314441680908,1.1011402583122254,1.10622068476117,1.1396925702115477,1.062587946412903,59.438500670870965,0.00723107767783282
2020-06-24,1.1312345266342163,1.1326310634613037,1.1259866952896118,1.101794171333313,1.1064695787101555,1.1412646013949768,1.0623237412716493,61.47416570112527,0.007271586780198902
2020-06-25,1.1250872611999512,1.1259993314743042,1.119144082069397,1.1024857139587403,1.1066548292821932,1.1423587612599837,1.0626126666574969,55.79882832809065,0.006730077446496452
2020-06-26,1.1222084760665894,1.1238985061645508,1.1197832822799683,1.1032129406929017,1.1068095919367642,1.1431736214010932,1.06325225998471,53.316426720448234,0.0059994752804330975
2020-06-29,1.1225864887237549,1.1289230585098267,1.1220574378967285,1.1039307379722596,1.1069665759843959,1.1439697700071545,1.0638917059373647,53.60828309518966,0.005388850943143897
2020-06-30,1.1247202157974243,1.126164197921753,1.1192318201065063,1.1046954607963562,1.107143229116864,1.1448348570196545,1.0645560645730578,55.306776940063784,0.005019242001649715
2020-07-01,1.1235954761505127,1.1274592876434326,1.1189186573028564,1.1054544353485107,1.1073069330674474,1.1455587904030493,1.0653500802939722,54.180705338452434,0.004582740186746648
2020-07-02,1.1251378059387207,1.1303266286849976,1.1227755546569824,1.1063379073143005,1.107484354688057,1.1461856164333886,1.0664901981952124,55.518163756353864,0.004311561480833559
2020-07-03,1.1237848997116089,1.125112533569336,1.122107744216919,1.1072595596313477,1.1076465491659033,1.1465314694224646,1.0679876498402308,54.02836086226917,0.00394204078451299
2020-07-06,1.1247202157974243,1.1346874237060547,1.1248847246170044,1.108106598854065,1.1078164363960676,1.1470124393334815,1.0692007583746486,54.92882819212962,0.003682218835158624
2020-07-07,1.1312856674194336,1.1336582899093628,1.126037359237671,1.1090826034545898,1.1080499610828671,1.1478130536832565,1.070352153225923,60.741811933621086,0.003960431752546567
2020-07-08,1.1275228261947632,1.1345586776733398,1.1265194416046143,1.1099598908424377,1.1082437209347267,1.1483252218826758,1.0715945598021996,56.26303545099315,0.003833102040240899
2020-07-09,1.1339154243469238,1.137268304824829,1.1287955045700073,1.11088369846344,1.108499160769674,1.1492881691645616,1.0724792277623185,61.46189618209875,0.004199611069344744
2020-07-10,1.1287955045700073,1.1324771642684937,1.1257203817367554,1.1115686702728271,1.108701114439329,1.1500055246495873,1.073131815896067,55.74648514079119,0.004030476553596785
2020-07-13,1.1310042142868042,1.1370484828948975,1.130454421043396,1.112269504070282,1.1089230358308462,1.1508225996268022,1.0737164085137616,57.579141900386304,0.0040282257673440736
2020-07-14,1.134549617767334,1.140706181526184,1.1326310634613037,1.1131519103050231,1.109178026695886,1.151684331423043,1.0746194891870033,60.41311912142892,0.004263380833343877
2020-07-15,1.1410704851150513,1.1452995538711548,1.1393544673919678,1.114296157360077,1.109495364590604,1.1526755873555472,1.0759167273646066,65.03928869789327,0.004919216746599231
2020-07-16,1.1417193412780762,1.1442996263504028,1.1379542350769043,1.115533437728882,1.109816001174559,1.1533658606241852,1.0777010148335786,65.47167657275668,0.005428749458062487
2020-07-17,1.139211654663086,1.144164800643921,1.1378893852233887,1.116643328666687,1.1101084952391216,1.1539179476307269,1.0793687097026472,62.26646313012625,0.0055660465309981255
2020-07-20,1.1442956924438477,1.1467890739440918,1.1405240297317505,1.1178502011299134,1.1104486663555866,1.1547098064263026,1.0809905958335242,65.91020856596231,0.006015749000498394
2020-07-21,1.1458691358566284,1.1498006582260132,1.1426221132278442,1.1191487669944764,1.1108011088381842,1.1552683754967967,1.083029158492156,66.97316274205073,0.006425041304397139
2020-07-22,1.15340256690979,1.160092830657959,1.1508538722991943,1.1205231976509094,1.1112250039433742,1.1565192463744187,1.0845271489274,71.54758004951933,0.0072734495318702574
2020-07-23,1.1568717956542969,1.1624257564544678,1.15421462059021,1.1220132684707642,1.1116792008758212,1.1577297489922058,1.0862967879493226,73.3763583323119,0.008132016110997897
2020-07-24,1.1596084833145142,1.1640088558197021,1.1581714153289795,1.1235915279388429,1.1121561091587933,1.158826735718995,1.0883563201586908,74.75482783921328,0.00893032095231483
2020-07-27,1.1652567386627197,1.1779533624649048,1.1652567386627197,1.1252539825439454,1.1126844736314692,1.160348832992215,1.0901591320956758,77.3602338588848,0.009904576500185724
2020-07-28,1.1769275665283203,1.1775789260864258,1.1700997352600098,1.126962285041809,1.1133237083866616,1.16363340730166,1.090291162781958,81.58846799016808,0.011486015673691341
2020-07-29,1.171879529953003,1.1778993606567383,1.1714951992034912,1.128544340133667,1.1139063533773714,1.1660123806079585,1.0910762996593755,75.0587568292602,0.012191447827282209
2020-07-30,1.1782865524291992,1.1807351112365723,1.17326819896698,1.1301441192626953,1.1145469523729121,1.1691403720256157,1.091147866499775,77.51808728423691,0.013116304466205042
2020-07-31,1.1872254610061646,1.1907994747161865,1.180261254310608,1.131982822418213,1.115270121613044,1.1728939947912704,1.0910716500451554,80.41906939621659,0.014404509018894451
2020-08-03,1.1782310009002686,1.1787587404251099,1.1701380014419556,1.1337318396568299,1.1158965980238622,1.1749296195950036,1.0925340597186561,70.55382906483482,0.014532125352082259
2020-08-04,1.1763322353363037,1.1804981231689453,1.1724153757095337,1.1354524898529053,1.1164979476488615,1.17643213880893,1.0944728408968805,68.63955542594383,0.01431503291455316
2020-08-05,1.181544303894043,1.190532922744751,1.1799967288970947,1.137119834423065,1.1171451750741868,1.1786888666092659,1.0955508022368643,70.968089030343,0.014397589517510578
2020-08-06,1.187281847000122,1.1911852359771729,1.182075023651123,1.1388317608833314,1.117843052406783,1.1814806950197496,1.0961828267469131,73.3168455286175,0.014755891268830812
2020-08-07,1.1876484155654907,1.1883541345596313,1.1756545305252075,1.1404265189170837,1.1185376331347305,1.184301751566121,1.0965512862680464,73.46455308709722,0.014897695645947895
2020-08-10,1.1782727241516113,1.1801999807357788,1.174300193786621,1.141754925251007,1.1191320121498238,1.1861182799810037,1.0973915705210104,63.745035987954445,0.014091103228667912
2020-08-11,1.1737778186798096,1.1804981231689453,1.1723191738128662,1.1429785895347595,1.1196757515182814,1.1874341049368,1.098523074132719,59.669179757536895,0.012940007271753151
2020-08-12,1.1736538410186768,1.181265115737915,1.1713030338287354,1.1440727925300598,1.1202128469361958,1.1888060318875437,1.0993395531725758,59.556068438817206,0.011880797038846369
2020-08-13,1.179380178451538,1.186400055885315,1.179467797279358,1.1451884865760804,1.120801576603015,1.1906144258269633,1.0997625473251975,63.04100100037202,0.011372339619801775
2020-08-14,1.1816558837890625,1.183800458908081,1.178467035293579,1.1461458683013916,1.1214070920974035,1.192597171772872,1.0996945648299112,64.35549140104732,0.01102591398086794
2020-08-17,1.1852554082870483,1.1880717277526855,1.183039903640747,1.1472119450569154,1.1220423987261563,1.1947671684440344,1.0996567216697963,66.39159074796503,0.010915987996005683
2020-08-18,1.1876484155654907,1.1965157985687256,1.1875356435775757,1.1483537793159484,1.1226951949136124,1.1970057191830838,1.099701839448813,67.712065686372,0.010896360092801372
2020-08-19,1.1947859525680542,1.1954572200775146,1.1893434524536133,1.1495850682258606,1.1234125158852983,1.1997660023058045,1.0994041341459166,71.33028300882052,0.01132618323331247
2020-08-20,1.1843500137329102,1.1868449449539185,1.1806515455245972,1.1505411791801452,1.1240188591474636,1.2015232744767947,1.0995590838834957,60.631789878299045,0.01070136939662647
2020-08-21,1.1873664855957031,1.1886366605758667,1.1754900217056274,1.1517123436927796,1.1246491837887396,1.203342965914212,1.1000817214713472,62.38781090878404,0.010330520192874504
2020-08-24,1.1798018217086792,1.1852554082870483,1.1786198616027832,1.1528043580055236,1.1251979662556046,1.2044559635806167,1.1011527524304305,55.680310163872626,0.009318793125524083
2020-08-25,1.1794538497924805,1.184413194656372,1.178480863571167,1.153717954158783,1.125737825793285,1.2056110483358375,1.1018248599817284,55.38532854106705,0.008392173952655124
2020-08-26,1.183501958847046,1.1839923858642578,1.1776067018508911,1.1548565912246704,1.1263125932863574,1.2068167003492993,1.1028964821000415,58.16219442252461,0.007893479038632911
2020-08-27,1.1842728853225708,1.1898529529571533,1.1766228675842285,1.1560562443733216,1.1268893126101007,1.2079055203803706,1.1042069683662725,58.68952485546143,0.007474307881379483
2020-08-28,1.1819632053375244,1.1920371055603027,1.1811953783035278,1.1572735071182252,1.1274373115427119,1.2086285385564703,1.10591847567998,56.396089704161106,0.0068764721567313725
2020-08-31,1.1918240785598755,1.1963582038879395,1.188509464263916,1.1587548780441284,1.1280779758911412,1.2097288646240794,1.1077808914641774,63.03717780985025,0.007116340354226258
2020-09-01,1.193901538848877,1.2011290788650513,1.1937304735183716,1.160073549747467,1.1287329367165915,1.2112078369960735,1.1089392624988605,64.27178049556505,0.007388896710312398
2020-09-02,1.1923214197158813,1.1924351453781128,1.182410478591919,1.1612952876091003,1.1293656579404652,1.2125361088004263,1.1100544664177743,62.560182053994104,0.007392184674296809
2020-09-03,1.184735894203186,1.184805989265442,1.1789672374725342,1.162488260269165,1.1299166055649699,1.213061422618862,1.111915097919468,54.98939520077938,0.006705406147353932
2020-09-04,1.1839784383773804,1.186352252960205,1.178175449371338,1.1637236595153808,1.1304545342496704,1.2132884629943945,1.114158856036367,54.28297521333958,0.00603049309145276
2020-09-07,1.183445930480957,1.1848621368408203,1.1813768148422241,1.1649408483505248,1.130981811824111,1.2133581062631005,1.1165235904379491,53.76010062720413,0.005390512225816213
2020-09-08,1.1821727752685547,1.1828720569610596,1.1767197847366333,1.1660898995399476,1.1314911746444538,1.2133236233724212,1.118856175707474,52.459049709041885,0.004726110137780459
2020-09-09,1.177024483680725,1.183053970336914,1.175364375114441,1.1671584796905519,1.1319442423960586,1.2128609318249852,1.1214560275561185,47.457490052015004,0.0037410184590904727
2020-09-10,1.1806375980377197,1.1914690732955933,1.1802891492843628,1.1682684755325317,1.1324287533974682,1.2124767887006853,1.124060162364378,50.98916246315758,0.00321481594205264
2020-09-11,1.1824384927749634,1.1876484155654907,1.1825922727584839,1.169441547393799,1.1329263627445079,1.211910541286464,1.126972553501134,52.69587324545499,0.0029095740522782076
2020-09-14,1.1842728853225708,1.188800573348999,1.1833059787750244,1.1706326007843018,1.1334372734169265,1.2112837597091473,1.1299814418594563,54.43637593905536,0.002783600193121405
2020-09-15,1.187000036239624,1.1900993585586548,1.1841466426849365,1.1717468881607056,1.1339702362310826,1.2110271057543338,1.1324666705670774,56.97113750410266,0.0028707312861038226
2020-09-16,1.1844412088394165,1.1883004903793335,1.1814604997634888,1.1728852558135987,1.1344724349635038,1.2101833313551917,1.1355871802720057,53.93907035944439,0.0027021585174997753
2020-09-17,1.1803449392318726,1.1830118894577026,1.1741636991500854,1.1738138461112977,1.1349288777920448,1.2094256178341127,1.1382020743884826,49.40596766810376,0.0022125240603847462
2020-09-18,1.1848200559616089,1.1871000528335571,1.1831238269805908,1.1749343371391296,1.1354253074255727,1.2082137842096108,1.1416548900686485,53.9583954875244,0.002160682739827724
2020-09-21,1.1845533847808838,1.187300205230713,1.17326819896698,1.1760053205490113,1.1359141440161729,1.2068736514276883,1.1451369896703343,53.648611716689835,0.002074170240760065
2020-09-22,1.176800012588501,1.1773016452789307,1.169344425201416,1.1768503284454346,1.1363209685790816,1.2053055406614968,1.1483951162293724,45.474081514565135,0.0013642499000379171
2020-09-23,1.1708368062973022,1.172000527381897,1.1664936542510986,1.1774456548690795,1.1366644097504073,1.2040294593372811,1.1508618504008779,40.37813923099476,0.000316800129518624
2020-09-24,1.1658544540405273,1.168100118637085,1.1629664897918701,1.1779283571243286,1.136954857952299,1.2026775396967346,1.1531791745519226,36.67964483123609,-0.000904914259656886
2020-09-25,1.1673243045806885,1.168510913848877,1.1613458395004272,1.1784906101226806,1.1372570415008403,1.200807532272944,1.1561736879724174,38.47019956509954,-0.001734532450141435
2020-09-28,1.1635348796844482,1.167965054512024,1.1616694927215576,1.1788753938674927,1.1375185125275429,1.1993753291109177,1.1583754586240678,35.66974174964696,-0.0026670417654617307
2020-09-29,1.167883276939392,1.1741636991500854,1.1666569709777832,1.179315676689148,1.1378206494868648,1.1977652795156692,1.1608660738626266,40.979200782357275,-0.003020365900825883
2020-09-30,1.1742050647735596,1.1756407022476196,1.1686065196990967,1.1797317266464233,1.138182683469817,1.1966727415112313,1.1627907117816154,47.733134881764855,-0.0027584645169658195
2020-10-01,1.1726078987121582,1.1767003536224365,1.1718108654022217,1.1800464487075806,1.1385252229249647,1.1957969143116902,1.164295983103471,46.29184588398857,-0.0026492448904413823
2020-10-02,1.1744946241378784,1.1747002601623535,1.1697137355804443,1.180344171524048,1.1388831274146454,1.19504562411232,1.1656427189357759,48.278602539687824,-0.002382975121848263
2020-10-05,1.1720443964004517,1.1796625852584839,1.1719304323196411,1.1804799246788025,1.139213090290126,1.1947311970640153,1.1662286522935896,45.903758315804666,-0.002342662557168751
2020-10-06,1.1792453527450562,1.1807351112365723,1.1767336130142212,1.1805262804031371,1.139611421259827,1.1947454320271054,1.1663071287791689,53.19121831916824,-0.0017099463658167835
2020-10-07,1.1737639904022217,1.178139328956604,1.172540545463562,1.1805639696121215,1.1399512478184577,1.1946993170901516,1.1664286221340914,47.9014048486455,-0.0016320016578803553
2020-10-08,1.176747441291809,1.1781338453292847,1.173529863357544,1.1805331873893739,1.1403173790967995,1.1946954553793963,1.1663709193993514,50.77109908301611,-0.001314339474910442
2020-10-09,1.1767003536224365,1.1824523210525513,1.1758756637573242,1.1803226852416993,1.1406793987438206,1.1943915218555512,1.1662538486278473,50.72361011263941,-0.0010542369009105546
2020-10-12,1.181683897972107,1.182732105255127,1.1788004636764526,1.1803917431831359,1.1410874037112664,1.1944525682283789,1.166330918137893,55.470802894666775,-0.00044089103981548305
2020-10-13,1.1816140413284302,1.1814186573028564,1.1735711097717285,1.1804973793029785,1.1414906538368104,1.1945130113075717,1.1664817472983853,55.390249216304106,3.910237880977441e-05
2020-10-14,1.1742188930511475,1.177024483680725,1.1721680164337158,1.1803508710861206,1.141816307958346,1.1944745662625944,1.1662271759096468,47.52260025854299,-0.0001752063709257179
2020-10-15,1.1743981838226318,1.1760554313659668,1.1690163612365723,1.1800931978225708,1.14214050572814,1.1941707995420598,1.1660155961030818,47.71649769173803,-0.0003268130350055909
2020-10-16,1.1707134246826172,1.1746740341186523,1.169494867324829,1.1797544980049133,1.1424248133794281,1.1939048686218343,1.1656041273879922,44.109332048722926,-0.0007358097199126057
2020-10-19,1.1715501546859741,1.1795234680175781,1.1704941987991333,1.1796200466156006,1.142714617770538,1.1939544375347795,1.1652856556964217,45.1238095079162,-0.000981115729530302
2020-10-20,1.176885962486267,1.1839923858642578,1.1762629747390747,1.1796822094917296,1.143054631150794,1.1939399427307402,1.165424476252719,51.20611238035882,-0.0007364777560787683
2020-10-21,1.1829839944839478,1.1882128715515137,1.1829279661178589,1.1798688125610353,1.1434519382486366,1.1940485213950696,1.165689103727001,57.063274115682155,-4.996422428793501e-05
2020-10-22,1.1853959560394287,1.1869436502456665,1.1813349723815918,1.179989128112793,1.1438692916594901,1.1942537482740012,1.1657245079515848,59.15189252112198,0.0006808790853789493
2020-10-23,1.1815024614334106,1.1859582662582397,1.1788004636764526,1.17998605966568,1.1442437510602257,1.1942492823592985,1.1657228369720614,54.53980405442856,0.0009351256518985718
2020-10-26,1.1848480701446533,1.1851009130477905,1.1804006099700928,1.179977912902832,1.1446477741356926,1.1942293114943112,1.1657265143113529,57.599118535676396,0.0013905511422123151
2020-10-27,1.1809443235397339,1.183800458908081,1.179940938949585,1.179843831062317,1.1450089338312552,1.193925813684891,1.165761848439743,53.10810102437065,0.0014201092628096657
2020-10-28,1.1784114837646484,1.178828239440918,1.1719304323196411,1.1795163416862489,1.1453412975121844,1.192925520792604,1.1661071625798938,50.36424079853411,0.001225033856572244
2020-10-29,1.1748672723770142,1.1759172677993774,1.165623426437378,1.1793266868591308,1.1456350883068593,1.192725058813435,1.1659283149048265,46.72627233591129,0.0007755073864998963
2020-10-30,1.1678695678710938,1.1703435182571411,1.1643069982528687,1.1789367485046387,1.1458563269094886,1.1925137403292956,1.1653597566799818,40.50516480767953,-0.00014374484991508396
2020-11-02,1.1642121076583862,1.1656994819641113,1.162439227104187,1.178624954223633,1.1460389714940549,1.1928227007351146,1.1644272077121511,37.68131667787429,-0.0011540818059558866
2020-11-03,1.1642799377441406,1.1741995811462402,1.163805603981018,1.1783214759826661,1.146220473645797,1.193084345985559,1.1635586059797733,37.7679674341171,-0.0019270934677400042
2020-11-04,1.176221489906311,1.176885962486267,1.1607661247253418,1.1781758666038513,1.1465189912205285,1.1928736548189678,1.1634780783887348,50.7509634685766,-0.0015581657542895755
2020-11-05,1.17326819896698,1.1856770515441895,1.1712756156921387,1.1779557728767396,1.1467851524916375,1.1926104245378888,1.1633011212155904,48.079489639290095,-0.0014869531106578293
2020-11-06,1.1817537546157837,1.1890605688095093,1.1796208620071411,1.1779515838623047,1.1471330987814299,1.1926016789668596,1.1633014887577497,55.35175563245788,-0.0007373039721738639
2020-11-09,1.1893010139465332,1.1919234991073608,1.179746150970459,1.1779011225700378,1.1475526800268538,1.1923724761095835,1.163429769030492,60.633220130758595,0.000460490871794228
2020-11-10,1.182732105255127,1.184356927871704,1.178078293800354,1.1776777338981628,1.1479027240589759,1.191469851863667,1.1638856159326585,54.581434204172375,0.0008696708582460744
2020-11-11,1.1818794012069702,1.1832919120788574,1.1747292280197144,1.1774688935279847,1.148240800448508,1.1906590618022628,1.1642787252537066,53.8303478141556,0.0011123207143513003
2020-11-12,1.1780297756195068,1.182300090789795,1.1759587526321411,1.1773347711563111,1.1485372081616523,1.1903586658476295,1.1643108764649928,50.45474153593486,0.0009826623414810332
2020-11-13,1.1803393363952637,1.1833899021148682,1.1799688339233398,1.1772619891166687,1.148853647248554,1.1901745417509026,1.1643494364824347,52.38392606330325,0.0010541181814125444
2020-11-16,1.1845253705978394,1.186873197555542,1.1814744472503662,1.1772835779190063,1.1492085897694424,1.1902418593816269,1.1643252964563857,55.74725934611153,0.0014320180131150995
2020-11-17,1.1859441995620728,1.1892727613449097,1.1845533847808838,1.1773590064048767,1.1495741182250905,1.1904763779991345,1.1642416348106188,56.859536668689415,0.0018249570235548962
2020-11-18,1.186366319656372,1.1891002655029297,1.1851149797439575,1.1775458431243897,1.1499402097816207,1.1909076100809188,1.1641840761678606,57.20417610099031,0.0021456913894153384
2020-11-19,1.1847639083862305,1.1855363845825195,1.1817398071289062,1.1776283693313598,1.1502867142453481,1.1911184321514297,1.16413830651129,55.395030120468775,0.002244698994800176
2020-11-20,1.1866477727890015,1.1890889406204224,1.185185194015503,1.1777125549316407,1.150648515822897,1.191376554937077,1.1640485549262045,57.11230156964426,0.002446968222091339
2020-11-23,1.1866477727890015,1.1905895471572876,1.1803170442581177,1.1777600526809693,1.1510067173847487,1.1915332071647886,1.16398689819715,57.11230156964426,0.0025775555856717425
2020-11-24,1.1842728853225708,1.1893858909606934,1.1838942766189575,1.177705509662628,1.1513377240308962,1.1913503137275727,1.1640607055976835,54.06885531507844,0.002461044057414874
2020-11-25,1.1900511980056763,1.1928049325942993,1.1882835626602173,1.1778177094459534,1.1517229327271628,1.1917772142697425,1.1638582046221644,59.69644035900156,0.0028026620307102235
2020-11-26,1.1920002698898315,1.1940997838974,1.1886931657791138,1.1780508160591125,1.1521237022511694,1.1925609713727994,1.1635406607454257,61.41378885907143,0.0031938537893703156
2020-11-27,1.191599726676941,1.1961865425109863,1.1910717487335205,1.1781864094734191,1.1525164985141125,1.1930764898035346,1.1632963291433036,60.84005454042854,0.003431993699664071
2020-11-30,1.1971460580825806,1.2002063989639282,1.1944148540496826,1.1784382629394532,1.1529605737336994,1.1941700996896614,1.162706426189245,65.62840322177968,0.004021901904479153
2020-12-01,1.193816065788269,1.2053565979003906,1.1935994625091553,1.1787785840034486,1.1533670960427,1.1950912508163474,1.1624659171905498,60.81988383321247,0.004172606646546173
2020-12-02,1.2074378728866577,1.210741639137268,1.2040793895721436,1.1795106053352356,1.1539051137227394,1.1975609955777669,1.1614602150927043,70.38029288288709,0.005329768972007987
2020-12-03,1.2114603519439697,1.2175003290176392,1.2102434635162354,1.1804227232933044,1.154477802660264,1.2001844696500266,1.1606609769365823,72.51323073269118,0.006496521043856118
2020-12-04,1.2145650386810303,1.2177746295928955,1.2133712768554688,1.1813675379753112,1.1550756856057443,1.203001687985589,1.1597333879650336,74.06555712788276,0.007584275927675188
2020-12-07,1.212135910987854,1.2163525819778442,1.2080796957015991,1.1823395586013794,1.1556434490423821,1.2050442184537922,1.1596348987489666,70.70119051692696,0.008156298474486068
2020-12-08,1.2113136053085327,1.213415503501892,1.2097164392471313,1.1832081651687623,1.156197380945528,1.206954583635677,1.1594617467018475,69.54946642726367,0.008445917982902174
2020-12-09,1.2110936641693115,1.214900016784668,1.207394003868103,1.1839459371566772,1.1567436126193964,1.2088162319368532,1.1590756423765012,69.22464823479535,0.008559032914482456
2020-12-10,1.207875370979309,1.2158055305480957,1.2080358266830444,1.1846512866020202,1.1572523863344204,1.2102002830443868,1.1591022901596537,64.47927366211533,0.008293386946409909
2020-12-11,1.2144293785095215,1.2163970470428467,1.2107857465744019,1.185449981689453,1.1578213116296951,1.2121728736697794,1.1587270897091266,69.12155239329478,0.008513575042821131
2020-12-14,1.213340401649475,1.2174040079116821,1.2117539644241333,1.1862759017944335,1.158373740386111,1.2138468748714553,1.1587049287174118,67.54205098289039,0.008502196337010659
2020-12-15,1.214889645576477,1.2166485786437988,1.212694525718689,1.186988787651062,1.158936087701438,1.215639890443001,1.1583376848591231,68.63996641175805,0.008519976680344321
2020-12-16,1.2154301404953003,1.2212995290756226,1.2146978378295898,1.1878221106529236,1.159498217579984,1.2173146121491645,1.1583296091566828,69.03351308833834,0.008479929801205932
2020-12-17,1.2199585437774658,1.2263002395629883,1.2192445993423462,1.1886863327026367,1.160099812865531,1.219362923112843,1.1580097422924305,72.18318486388246,0.008713156812410361
2020-12-18,1.226271629333496,1.2268433570861816,1.2227181196212769,1.1896777582168578,1.1607582389000384,1.2219365918951202,1.1574189245385955,75.8682372730621,0.00930019725799558
2020-12-21,1.221612811088562,1.223466157913208,1.2130769491195679,1.190476336479187,1.1613637570312674,1.2238839070854528,1.1570687658729213,68.64150693109009,0.009282500456416543
2020-12-22,1.2236906290054321,1.2259002923965454,1.216604232788086,1.191317868232727,1.1619839249116073,1.22591295564766,1.156722780817794,70.01341577776326,0.009328603816566083
2020-12-23,1.2186651229858398,1.2219412326812744,1.2157758474349976,1.1922067928314208,1.1625479169322464,1.22728924258699,1.1571243430758518,62.85130009037428,0.008857520740287672
2020-12-24,1.2191405296325684,1.2217471599578857,1.2179378271102905,1.1931016397476197,1.163111027506379,1.228609932557129,1.1575933469381106,63.23445221817796,0.00842542232766852
2020-12-25,1.2184720039367676,1.2212995290756226,1.2167004346847534,1.1940568113327026,1.1636618829932486,1.2296762070820348,1.1584374155833703,62.2619559997843,0.007937537791305571
2020-12-28,1.2205095291137695,1.2252004146575928,1.218353271484375,1.1950359988212584,1.1642275312133532,1.2308214568855382,1.1592505407569786,64.07536627394552,0.0076273734217644495
2020-12-29,1.2223445177078247,1.2275993824005127,1.2220009565353394,1.1959451699256898,1.164805809685935,1.2321558230414669,1.1597345168099127,65.67507653886398,0.0074438263714018404
2020-12-30,1.225295066833496,1.2308752536773682,1.2252049446105957,1.1967913913726806,1.1654076928416321,1.2337358720368423,1.159846910708519,68.13234839918061,0.007450563212380246
2020-12-31,1.2299896478652954,1.230950951576233,1.222299575805664,1.197683265209198,1.1660502993592805,1.235643992307161,1.159722538111235,71.61429415386428,0.007745431153434179
2021-01-01,1.218026876449585,1.2216993570327759,1.2134994268417358,1.1984137535095214,1.1665674792308258,1.2365090360625586,1.1603184709564842,55.09464037608472,0.006933890867212744
2021-01-04,1.2250697612762451,1.23099946975708,1.2171372175216675,1.1992181873321532,1.167149591489984,1.2378392966789298,1.1605970779853767,60.824215207819,0.006780875576519518
2021-01-05,1.2251598834991455,1.2294830083847046,1.2249947786331177,1.2001024985313415,1.1677268083258963,1.2390393031707048,1.1611656938919783,60.89297664892689,0.006590906103569383
2021-01-06,1.230027437210083,1.2350252866744995,1.2266929149627686,1.2011348176002503,1.1683467150809628,1.2404593526590473,1.1618102825414534,64.51563852032332,0.006755254463770788
2021-01-07,1.2341108322143555,1.2345678806304932,1.2246646881103516,1.2023196887969971,1.1690010844056733,1.2419824210869352,1.162656956507059,67.25595482265996,0.007132775379212086
2021-01-08,1.227144479751587,1.2282146215438843,1.2214934825897217,1.203505187034607,1.1695796256528963,1.242502895168392,1.1645074789008218,58.89912974657361,0.006791548260328906
2021-01-11,1.2186205387115479,1.2199585437774658,1.2134743928909302,1.2045933556556703,1.170067594937062,1.2421247111543758,1.1670620001569647,50.61233438547859,0.0057668360100289195
2021-01-12,1.2160701751708984,1.217848777770996,1.2138868570327759,1.2056291604042053,1.1705253320538167,1.2414385008307502,1.1698198199776604,48.41738068040803,0.004694832044186414
2021-01-13,1.2208894491195679,1.2224938869476318,1.2155394554138184,1.2065225195884706,1.1710264675470081,1.2415577139668055,1.1714873252101357,52.600559392677454,0.004185884043557575
2021-01-14,1.2162491083145142,1.217285394668579,1.2113136053085327,1.2073821377754212,1.171476444072058,1.24117412314292,1.1735901524079224,48.520372114377906,0.003369263590883298
2021-01-15,1.2151259183883667,1.2162491083145142,1.208473801612854,1.208049581050873,1.1719107671995834,1.2410852846285743,1.1750138774731715,47.55874190724576,0.0026014658792563594
2021-01-18,1.2068113088607788,1.2086198329925537,1.205545425415039,1.2083997869491576,1.172258036270839,1.2409925422468222,1.175807031651493,41.069722346117636,0.00130699493627362
2021-01-19,1.207729458808899,1.2144912481307983,1.2078461647033691,1.2088997340202332,1.1726109857488296,1.2406412235134276,1.1771582445270388,42.010643972404125,0.00035115650174954993
2021-01-20,1.2138868570327759,1.2160005569458008,1.207773208618164,1.2095398831367492,1.1730216909357345,1.2403340382511299,1.1787457280223685,48.006266447578525,8.946691419242647e-05
2021-01-21,1.2115631103515625,1.2171964645385742,1.2109909057617188,1.2102105498313904,1.1734051876463398,1.239633776460669,1.1807873232021118,46.07036232521321,-0.0003019502120438222
2021-01-22,1.2166293859481812,1.2188003063201904,1.2151997089385986,1.2109363508224487,1.1738352791717312,1.2391161227840857,1.1827565788608116,50.73491362534013,-0.00020102768258967174
2021-01-25,1.216944694519043,1.218599796295166,1.2117246389389038,1.2115847373008728,1.1742642285781721,1.2387580428195697,1.184411431782176,51.01886427759286,-9.451359052570218e-05
2021-01-26,1.214624047279358,1.2175003290176392,1.2108443975448608,1.2121583342552185,1.174665818814005,1.2383142390137165,1.1860024294967204,48.78995655304244,-0.0001951081575670699
2021-01-27,1.216299295425415,1.2171372175216675,1.2061998844146729,1.2127569937705993,1.1750800822628746,1.2378520928365477,1.1876618947046509,50.472110824323266,-0.0001380600812608268
2021-01-28,1.2105072736740112,1.214399814605713,1.2082401514053345,1.2132718610763549,1.1754325916301496,1.2370442562471033,1.1894994659056064,44.971806339920754,-0.0005538325819163248
2021-01-29,1.2120037078857422,1.2157005071640015,1.2095993757247925,1.2137789797782899,1.1757964833341854,1.2362810624490277,1.191276897107552,46.591228145928355,-0.0007538951158880813
2021-02-01,1.2123857736587524,1.2136069536209106,1.2069132328033447,1.2142937397956848,1.1761605558747283,1.2353965984127584,1.1931908811786112,47.019927141013845,-0.0008715696877810153
2021-02-02,1.2068694829940796,1.208795189857483,1.2018364667892456,1.214745671749115,1.1764661173386024,1.2341215585589624,1.1953697849392675,41.80271971191978,-0.001393878426043882
2021-02-03,1.203905463218689,1.204999327659607,1.200494647026062,1.2150227570533751,1.1767391456558172,1.2333236668058465,1.1967218473009038,39.28066981121496,-0.0020236560415112237
2021-02-04,1.2042388916015625,1.2043839693069458,1.1967161893844604,1.2152675294876099,1.1770127749687103,1.2326141084229703,1.1979209505522495,39.721244524075615,-0.0024674116693375048
2021-02-05,1.1966731548309326,1.2039779424667358,1.1953572034835815,1.2153689980506897,1.1772084006389811,1.2322022562989436,1.1985357398024357,33.73907038069042,-0.0033904993632192237
2021-02-08,1.2048773765563965,1.2068549394607544,1.2021398544311523,1.215523624420166,1.1774837138321892,1.231806696285076,1.1992405525552559,43.6497395133662,-0.003420610218067166
2021-02-09,1.2053595781326294,1.211475133895874,1.2050195932388306,1.2157544946670533,1.1777610856162732,1.2310805307808215,1.2004284585532852,44.17821529568797,-0.003366753808028422
2021-02-10,1.2119992971420288,1.2143733501434326,1.2110203504562378,1.2158457231521607,1.1781017643379226,1.23102328344132,1.2006681628630014,50.99356343412135,-0.0027565268557323552
2021-02-11,1.2121212482452393,1.2150993347167969,1.2114311456680298,1.215858941078186,1.1784402666653586,1.2310220572219692,1.2006958249344026,51.111625571382945,-0.0022372871115892146
2021-02-12,1.2131506204605103,1.213592290878296,1.2083992958068848,1.2158306527137757,1.1787856433200368,1.2310088914937338,1.2006524139338175,52.159300211590114,-0.0017228640343431856
2021-02-15,1.2122093439102173,1.214699387550354,1.2117393016815186,1.215832121372223,1.1791182174552624,1.2310089150854888,1.200655327658957,51.08131601680973,-0.0013752798207482542
2021-02-16,1.2132196426391602,1.2171002626419067,1.2095847129821777,1.2158702421188354,1.1794575351187837,1.2310102417790971,1.2007302424585737,52.222668472531424,-0.0010066896713694096
2021-02-17,1.2092483043670654,1.2098335027694702,1.202558994293213,1.2158333349227906,1.1797539606834433,1.2310297529475787,1.2006369168980024,47.528379923220754,-0.001023237881779604
2021-02-18,1.2048004865646362,1.2089003324508667,1.2036300897598267,1.215771837234497,1.1800031798464403,1.2311237943232967,1.2004198801456973,42.879433397302854,-0.001379353849881193
2021-02-19,1.209189772605896,1.2147716283798218,1.208299994468689,1.2156670451164246,1.1802935937047434,1.231127551732293,1.2002065385005563,48.258109707155526,-0.0012925004785797611
2021-02-22,1.2126356363296509,1.2155098915100098,1.2092190980911255,1.2156529498100281,1.1806154050741453,1.231123396235954,1.2001825033841023,52.073569525027956,-0.0009348398994133422
2021-02-23,1.2166796922683716,1.2178784608840942,1.213680624961853,1.215688750743866,1.1809742537029437,1.2311602722076245,1.2002172292801077,56.15943854454242,-0.0003213652978391046
2021-02-24,1.215214490890503,1.2174040079116821,1.2111302614212036,1.21568443775177,1.1813149525804318,1.231156373699119,1.200212501804421,54.351491643761435,4.605731767082233e-05
2021-02-25,1.2171372175216675,1.224155068397522,1.2156577110290527,1.215628011226654,1.1816713930276084,1.2310568424760542,1.2001991799772538,56.33791709238266,0.0004867790717082432
2021-02-26,1.2160420417785645,1.2182493209838867,1.2091752290725708,1.2154234194755553,1.182013389532593,1.230544401353735,1.2003024375973756,54.87318956920959,0.0007391621066556997
2021-03-01,1.208956003189087,1.2101556062698364,1.2029930353164673,1.215170283317566,1.1822814752406179,1.2302921154814819,1.20004845115365,46.45706417230951,0.00036320656727850675
2021-03-02,1.2051095962524414,1.2080358266830444,1.1994003057479858,1.214798662662506,1.1825086207233226,1.2299789968416683,1.1996183284833437,42.634542152774664,-0.00024232048065297995
2021-03-03,1.208546757698059,1.2110495567321777,1.2044709920883179,1.2145962953567504,1.18276770666337,1.2298359063643494,1.1993566843491514,46.84358461319874,-0.0004397852549584691
2021-03-04,1.2050660848617554,1.2064006328582764,1.2025011777877808,1.2143148064613343,1.1829895810733042,1.2297307362210952,1.1988988767015734,43.3730175834976,-0.0008671428370972123
2021-03-05,1.1967735290527344,1.196859359741211,1.1897962093353271,1.2138808369636536,1.1831267347845422,1.2300236209152293,1.1977380530120778,36.445145150883135,-0.0018535996074457994
2021-03-08,1.1925631761550903,1.1932177543640137,1.1848341226577759,1.21332190990448,1.1832206297235526,1.2304340351741931,1.196209784634767,33.51782109777896,-0.002941209563428915
2021-03-09,1.185171127319336,1.191599726676941,1.1836141347885132,1.2125784420967103,1.1832400376598289,1.2312496598729632,1.1939072243204574,29.098701646340885,-0.004349486677511116
2021-03-10,1.1897906064987183,1.1925063133239746,1.187000036239624,1.2118683528900147,1.1833052174492704,1.2312525198874564,1.192484185892573,34.87708883290236,-0.005034765431470634
2021-03-11,1.1926058530807495,1.1977769136428833,1.1917104721069336,1.2111206769943237,1.1833977610873945,1.2305357968120696,1.1917055571765778,38.1835586302469,-0.005289710420975258
2021-03-12,1.1986095905303955,1.1990407705307007,1.191057562828064,1.21073233127594,1.1835491225743895,1.2303592397594088,1.1911054227924711,44.63898234966297,-0.004950241423367752
2021-03-15,1.1950000524520874,1.1965444087982178,1.1911852359771729,1.2101309370994568,1.1836630621751625,1.2298074003493076,1.1904544738496061,41.81191940968036,-0.004915803036350974
2021-03-16,1.1925773620605469,1.1953001022338867,1.188438892364502,1.2094792866706847,1.1837517616765096,1.229281936723138,1.1896766366182314,39.98165863763337,-0.005026063897855426
2021-03-17,1.190164566040039,1.1917999982833862,1.1887637376785278,1.208682029247284,1.1838155706751516,1.2283171219443325,1.1890469365502354,38.18875975929988,-0.005247647287873969
2021-03-18,1.1982792615890503,1.1990997791290283,1.1910150051116943,1.2079653978347777,1.183959487997678,1.226390629258593,1.1895401664109624,46.82524084227127,-0.004714124119017393
2021-03-19,1.1918240785598755,1.1937447786331177,1.1874933242797852,1.2072589898109436,1.1840377426301376,1.2253888986087706,1.1891290810131165,41.81949118341875,-0.004757342799659003
2021-03-22,1.1883116960525513,1.1937447786331177,1.1876062154769897,1.2066528129577636,1.1840802695298631,1.2252528769096924,1.1880527490058348,39.35425394884042,-0.005017178914140441
2021-03-23,1.193303108215332,1.1943150758743286,1.186436653137207,1.2061974716186523,1.184172039069022,1.224970444509781,1.1874244987275235,44.37275306052364,-0.0047654030602029
2021-03-24,1.1840205192565918,1.1851149797439575,1.1813349723815918,1.2054600930213928,1.1841705314091968,1.2247663823957786,1.186153803647007,38.06431432266162,-0.005254327615106247
2021-03-25,1.1813069581985474,1.1830118894577026,1.1775233745574951,1.2047612500190734,1.1841420381434191,1.2249815245663986,1.1845409754717482,36.43365435156671,-0.00579397619562827
2021-03-26,1.1776621341705322,1.1804006099700928,1.1772600412368774,1.2040119743347169,1.1840775614869725,1.2254069841204867,1.182616964548947,34.307678248420174,-0.006441504764418848
2021-03-29,1.1788004636764526,1.179356575012207,1.1761800050735474,1.2034517574310302,1.184025053051047,1.2259842478640635,1.1809192669979969,35.57213932906372,-0.006784613343319146
2021-03-30,1.177100658416748,1.1775789260864258,1.1713168621063232,1.2028391814231874,1.1839561536019496,1.2265324681750847,1.17914589467129,34.50412344164894,-0.0071117100757862595
2021-03-31,1.1723604202270508,1.1758618354797363,1.1704530715942383,1.2020086526870728,1.1838407731703586,1.2269971722603246,1.177020133113821,31.65027505846102,-0.007665075974466751
2021-04-01,1.1728830337524414,1.1775789260864258,1.1714814901351929,1.2012350511550904,1.1837317409373445,1.2273842477380854,1.1750858545720955,32.314962896937715,-0.007969583494490617
2021-04-02,1.177994966506958,1.1787004470825195,1.1751433610916138,1.2004623627662658,1.1836746586047038,1.2270346738532028,1.173890051679329,38.604342220612835,-0.0077095467905079484
2021-04-05,1.176816701889038,1.1816140413284302,1.1739431619644165,1.1996598029136658,1.1836064202294236,1.2266213317106252,1.1726982741167065,37.733999415888924,-0.007511948866133267
2021-04-06,1.1818934679031372,1.1855363845825195,1.1796486377716064,1.1990051913261413,1.1835893759276697,1.2260729184207604,1.1719374642315221,43.63090584481293,-0.006866545239174959
2021-04-07,1.1874228715896606,1.1914690732955933,1.1865352392196655,1.1984276628494264,1.1836275201631123,1.2252201302650374,1.1716351954338153,49.266549206741296,-0.005841543867115551
2021-04-08,1.1873664855957031,1.1914832592010498,1.1861833333969116,1.19796484708786,1.1836647237992575,1.2247050446406849,1.1712246495350354,49.212516633987555,-0.00497640784160569
2021-04-09,1.1915684938430786,1.1923214197158813,1.186859130859375,1.1975561428070067,1.1837433682773055,1.2240440134021247,1.1710682722118888,53.32112048619752,-0.003906680578619426
2021-04-12,1.1900511980056763,1.1920371055603027,1.1873382329940796,1.1971094512939453,1.1838061327522147,1.223328495417947,1.1708904071699435,51.69488585271096,-0.0031450924413305437
2021-04-13,1.1914690732955933,1.1953144073486328,1.1884304285049438,1.1968014430999756,1.1838823809168255,1.2229141205415575,1.1706887656583937,53.13335404699954,-0.0023994582087452088
2021-04-14,1.1954143047332764,1.198193073272705,1.1951857805252075,1.1966316199302673,1.183997126427437,1.2226660494331343,1.1705971904274004,56.972806593661055,-0.0014732082741266694
2021-04-15,1.1986095905303955,1.199313998222351,1.1957861185073853,1.196519033908844,1.1841425240802028,1.222467733878899,1.1705703339387892,59.84224411477246,-0.00047583058912392673
2021-04-16,1.1971746683120728,1.199472188949585,1.1950900554656982,1.1965290641784667,1.1842721971571368,1.2224783950133948,1.1705797333435386,57.972512749124505,0.00019654651520428779
2021-04-19,1.1969454288482666,1.2048193216323853,1.1943435668945312,1.1963704252243041,1.1843982989650088,1.2222081857833436,1.1705326646652647,57.662549013688825,0.0007028109386881809
2021-04-20,1.204529047012329,1.2081671953201294,1.2028772830963135,1.1963538146018982,1.1845986049157284,1.2221690456067795,1.1705385835970168,64.43680088710462,0.0016964086062012385
2021-04-21,1.2032392024993896,1.204529047012329,1.2000004053115845,1.1961786127090455,1.1847840834986505,1.2216774130288137,1.1706798123892772,62.60207598988022,0.0023526424460273976
2021-04-22,1.2037750482559204,1.2070006132125854,1.2003936767578125,1.1960116887092591,1.184973048322106,1.221191787818332,1.1708315896001862,63.0724834534583,0.0028827205581383186
2021-04-23,1.2014753818511963,1.2077994346618652,1.2013888359069824,1.1957781839370727,1.1851372506457785,1.2205223290350953,1.17103403883905,59.60722719126097,0.003081723234108935
2021-04-26,1.2089852094650269,1.2118273973464966,1.2063744068145752,1.195713701248169,1.185374543768358,1.2202993705153586,1.1711280319809791,66.14800636148959,0.003801592225968653
2021-04-27,1.2081671953201294,1.209189772605896,1.2057925462722778,1.1956126523017883,1.185601336321112,1.2199448705826952,1.1712804340208813,64.91494123007965,0.0042570144704141555
2021-04-28,1.2090305089950562,1.2102141380310059,1.205763578414917,1.1956082963943482,1.1858344624173702,1.2199306272633725,1.1712859655253238,65.6428531623671,0.004634182112120078
2021-04-29,1.213592290878296,1.215214490890503,1.2104192972183228,1.1957841324806213,1.186110659715489,1.2205016138141747,1.171066651147068,69.27078168803273,0.005240775461839098
2021-04-30,1.2127091884613037,1.2128562927246094,1.2024723291397095,1.1958545207977296,1.186375321693059,1.2207472435759443,1.1709617980195148,67.77868821267647,0.005585855808419193
2021-05-03,1.2027760744094849,1.2077994346618652,1.201489806175232,1.1956573295593262,1.1865385132623767,1.2201606263408706,1.1711540327777819,53.753422547108414,0.005000176260342215
2021-05-04,1.2061271667480469,1.2063002586364746,1.2000048160552979,1.1954462790489198,1.1867334252373585,1.219385815414701,1.1715067426831385,56.987138914264456,0.00475165205725725
2021-05-05,1.2015043497085571,1.2029350996017456,1.198724627494812,1.1951720762252807,1.1868803996102062,1.2184935226545606,1.1718506297960007,51.624448274927715,0.0041340177518922605
2021-05-06,1.2007973194122314,1.2070006132125854,1.1994003057479858,1.194845278263092,1.1870188764241567,1.2173542096638896,1.1723363468622945,50.8365003107105,0.003546603639983159
2021-05-07,1.2068549394607544,1.2165449857711792,1.205342173576355,1.1946615362167359,1.1872162501857149,1.2166071611043903,1.1727159113290815,56.905445303886616,0.003529190722671771
2021-05-10,1.2171076536178589,1.217730164527893,1.2137395143508911,1.1948245692253112,1.1875136770855372,1.2173179159889522,1.1723312224616702,64.82091147134254,0.004293209757565197
2021-05-11,1.2140932083129883,1.2179675102233887,1.2125474214553833,1.1950042414665223,1.1877781500330742,1.2179714408130604,1.1720370421199842,61.25827038526241,0.004602406130867376
2021-05-12,1.2144500017166138,1.2150667905807495,1.2068113088607788,1.1951223063468932,1.1880435415921144,1.2184317962096574,1.171812816484129,61.5277947994111,0.004820667080827956
2021-05-13,1.2078505754470825,1.2106537818908691,1.205312967300415,1.1951779961585998,1.1882406265060943,1.2185974995025397,1.1717584928146598,54.03917376963724,0.004410282913787977
2021-05-14,1.207729458808899,1.2147716283798218,1.2071462869644165,1.1953971147537232,1.1884345452354754,1.219081069139918,1.1717131603675284,53.909492260875176,0.004028835496522332
2021-05-17,1.2150373458862305,1.2169995307922363,1.2127532958984375,1.195846598148346,1.1886992497195625,1.2201558211786105,1.1715373751180813,60.12705741979128,0.004267033378092311
2021-05-18,1.2156872749328613,1.2232415676116943,1.2154065370559692,1.1964569211006164,1.188967787283874,1.2212005973418405,1.1717132448593923,60.63565083217389,0.0044568746807278625
2021-05-19,1.2223997116088867,1.2247997522354126,1.2191851139068604,1.1971091032028198,1.1893004432473069,1.2228350975211404,1.1713831088844993,65.52642593695639,0.005090285183378951
2021-05-20,1.217285394668579,1.2229005098342896,1.2170928716659546,1.1976026940345763,1.1895789004753794,1.2239163437556038,1.1712890443135489,59.46432414428793,0.005120558326304758
2021-05-21,1.222538709640503,1.2242000102996826,1.2173744440078735,1.1980812764167785,1.18990685877553,1.2253237087440072,1.1708388440895499,63.22754616293565,0.005504990520644348
2021-05-24,1.2183235883712769,1.2229423522949219,1.217581868171692,1.1985477471351624,1.1901896123038458,1.2263674530632824,1.1707280412070424,58.53209019243793,0.005407199910452132
2021-05-25,1.2214635610580444,1.2267003059387207,1.2212398052215576,1.1991254711151123,1.1905007958735394,1.2276304184043902,1.1706205238258343,60.86367880082416,0.005519444975366161
2021-05-26,1.2249093055725098,1.2265002727508545,1.2200031280517578,1.1998203659057618,1.190843169104375,1.2291167146447886,1.170524017166735,63.3021745171623,0.0058193608139842645
2021-05-27,1.21925950050354,1.2216993570327759,1.2175670862197876,1.2002399706840514,1.1911259186705359,1.2300428374801675,1.1704371038879353,57.027887841602436,0.005537323407809991
2021-05-28,1.2193188667297363,1.2201074361801147,1.2133419513702393,1.2007898664474488,1.191406445516896,1.230971143134403,1.1706085897604945,57.07603118658966,0.005257986296711259
2021-05-31,1.2190067768096924,1.2233912944793701,1.2184126377105713,1.2014037680625915,1.1916810756790133,1.2317970383195196,1.1710104978056635,56.71629642389937,0.004954316300983974
2021-06-01,1.223286509513855,1.2254151105880737,1.2214635610580444,1.202003436088562,1.1919955576077181,1.2329229522008212,1.171083919976303,60.402023875665094,0.005001341946817561
2021-06-02,1.2217769622802734,1.2229423522949219,1.2165746688842773,1.2027585649490355,1.1922918899925197,1.2337296481034377,1.1717874817946334,58.50950604761994,0.004860770329372377
2021-06-03,1.220986247062683,1.2215979099273682,1.2120903730392456,1.2035521507263183,1.1925774059832674,1.2343124298349288,1.1727918716177077,57.49334132988995,0.004632165479778516
2021-06-04,1.2133007049560547,1.2187690734863281,1.210551142692566,1.2042649221420287,1.1927836079630962,1.2342175720408737,1.1743122722431838,48.649255113845484,0.003787179227519255
2021-06-07,1.2168411016464233,1.220199704170227,1.2145060300827026,1.2050257349014282,1.1930229860096966,1.2342622859470538,1.1757891838558026,52.290129996731906,0.003364419031077537
2021-06-08,1.2193634510040283,1.219660997390747,1.2166634798049927,1.2058709907531737,1.1932850801887447,1.2342432139004424,1.177498767605905,54.7516305429466,0.0031960687514969166
2021-06-09,1.217285394668579,1.221899390220642,1.2171818017959595,1.2067694902420043,1.1935238892880466,1.2336144837410963,1.1799244967429123,52.35507630521724,0.002861977072627031
2021-06-10,1.218200445175171,1.2192147970199585,1.2145354747772217,1.207675838470459,1.1937694271575703,1.2328597480926857,1.182491928848232,53.32392720202464,0.002640604691444226
2021-06-11,1.2172558307647705,1.2195003032684326,1.2094998359680176,1.2084610557556152,1.194003122715851,1.232278906641189,1.1846432048700415,52.14510570728649,0.0023617185744009284
2021-06-14,1.2110203504562378,1.2131506204605103,1.2095261812210083,1.2091451287269592,1.1941724483650091,1.231149005604504,1.1871412518494144,45.06323048749925,0.0016188866509723177
2021-06-15,1.212224006652832,1.2149192094802856,1.2102874517440796,1.209751739501953,1.1943520658604103,1.230314272223595,1.1891892067803111,46.57165529007846,0.0011144651351828738
2021-06-16,1.2127091884613037,1.2134994268417358,1.2110350131988525,1.210257465839386,1.1945347237967376,1.2297968507999597,1.1907180808788125,47.20097765265764,0.0007452665974461148
2021-06-17,1.1995586156845093,1.2007685899734497,1.19070303440094,1.2105013084411622,1.1945847127707454,1.229159114432893,1.1918435024494314,35.12457951578229,-0.0006015331234019428
2021-06-18,1.1913414001464844,1.1927480697631836,1.1851149797439575,1.2104967665672302,1.1945524410033397,1.229173485044087,1.1918200480903733,29.965495657626832,-0.0023053673849526835
2021-06-21,1.1873664855957031,1.1920514106750488,1.1848762035369873,1.2104430723190307,1.1944809389594826,1.229373421950726,1.1915127226873354,27.83563865991266,-0.0039310954755753524
2021-06-22,1.1912561655044556,1.1917530298233032,1.1882412433624268,1.210438814163208,1.1944488516614227,1.2293866717837638,1.1914909565426524,32.864309288519934,-0.004849727400287218
2021-06-23,1.1936734914779663,1.1969999074935913,1.1915826797485352,1.2104039978981018,1.1944411366347216,1.2294705635285619,1.1913374322676418,35.8558407439497,-0.005321350598111341
2021-06-24,1.1933174133300781,1.1956716775894165,1.191994547843933,1.2102981543540954,1.1944299553083073,1.2296879765628712,1.1909083321453195,35.60416825492365,-0.005658618874892163
2021-06-25,1.1930327415466309,1.1974470615386963,1.1927907466888428,1.2102153158187867,1.194416052683813,1.2298675977076825,1.190563033929891,35.39030120630005,-0.0058810835773186465
2021-06-28,1.1942152976989746,1.1946003437042236,1.1904619932174683,1.2101607131958008,1.1944140551217748,1.229977961618756,1.1903434647728455,37.08107822485639,-0.0058940234251601
2021-06-29,1.1928904056549072,1.1930327415466309,1.1880435943603516,1.2099279403686523,1.1943988944305621,1.2302813476520789,1.1895745330852256,35.946109444069805,-0.0059426825182931076
2021-06-30,1.1901928186416626,1.1910432577133179,1.1845815181732178,1.209667012691498,1.194357042930175,1.2306937812598124,1.1886402441231834,33.68536011920645,-0.006128274988119964
2021-07-01,1.1856770515441895,1.188399314880371,1.1838102340698242,1.209305052757263,1.1942706748566827,1.2313445042994806,1.1872656012150455,30.255009107128856,-0.00656407643535406
2021-07-02,1.1846235990524292,1.1860989332199097,1.1819353103637695,1.2089680171012878,1.1941746840526604,1.2319897002367415,1.185946333965834,29.50027913774811,-0.00691474812201287
2021-07-05,1.1856207847595215,1.1882002353668213,1.1852006912231445,1.2085007286071778,1.194089570626858,1.2324507603346073,1.1845506968797483,31.248601914266658,-0.007031142770287824
2021-07-06,1.186380386352539,1.1896264553070068,1.1814996004104614,1.208064992427826,1.194012862325621,1.2328190549482279,1.183310929907424,32.619369399391715,-0.006981613176527235
2021-07-07,1.1824523210525513,1.1841325759887695,1.1782448291778564,1.2075334286689758,1.1938978320641973,1.233322689128312,1.1817441682096397,29.359444401036257,-0.007176595334388747
2021-07-08,1.17933988571167,1.186633825302124,1.1784253120422363,1.2068483805656434,1.19375297687661,1.233775348243925,1.1799214128873616,27.052457673241776,-0.007495860011365929
2021-07-09,1.184800386428833,1.1874650716781616,1.1825222969055176,1.206290204524994,1.1936638963746422,1.2338704272659553,1.1787099817840325,36.482383372904486,-0.007224977749379358
2021-07-12,1.187295913696289,1.1882128715515137,1.183670163154602,1.20598060131073,1.1936005333629174,1.2340647789681638,1.177896423653296,40.281815879580556,-0.0067313387279188674
2021-07-13,1.186521053314209,1.1877895593643188,1.1793426275253296,1.2055884790420532,1.193530090775368,1.2342067224145012,1.1769702356696052,39.49190437816213,-0.006329686320183825
2021-07-14,1.1775373220443726,1.1828006505966187,1.1772600412368774,1.2051091384887695,1.193370958748194,1.2347897459641548,1.1754285310133843,31.724410242810492,-0.0066595191354190675
2021-07-15,1.1833338737487793,1.1851149797439575,1.1805957555770874,1.2047598695755004,1.1932710872556624,1.2350522772837988,1.174467461867202,39.93363012522053,-0.006379640217825111
2021-07-16,1.1811814308166504,1.182300090789795,1.1793996095657349,1.2042463994026185,1.193150792166717,1.2352557303800602,1.1732370684251767,38.1016255746207,-0.006259364260246869
2021-07-19,1.1814005374908447,1.1823265552520752,1.176429033279419,1.2035322570800782,1.1930338742097433,1.2349742795621523,1.172090234598004,38.41136534906623,-0.006076320578615846
2021-07-20,1.1793843507766724,1.1804006099700928,1.175709843635559,1.2028380799293519,1.1928980580561803,1.2348557448490707,1.170820415009633,36.59660867849991,-0.006024499875578515
2021-07-21,1.1784114837646484,1.1802752017974854,1.175364375114441,1.2021173095703126,1.1927539130383542,1.2346858551779885,1.1695487639626367,35.71966156179478,-0.005992851965319401
2021-07-22,1.179273009300232,1.1829839944839478,1.1766643524169922,1.2015457582473754,1.1926197746927012,1.2347013686855517,1.1683901478091991,37.15580264581233,-0.005831036300992132
2021-07-23,1.1772738695144653,1.178550362586975,1.1755993366241455,1.2009366464614868,1.1924670791187884,1.23474123887968,1.1671320540432937,35.191037206555436,-0.005797282628933642
2021-07-26,1.1773432493209839,1.1817537546157837,1.1764568090438843,1.200182764530182,1.1923165932501536,1.2343827705045303,1.1659827585558336,35.31886823370064,-0.0056992369739072846
2021-07-27,1.1807769536972046,1.183712124824524,1.1771769523620605,1.1994845581054687,1.1922017709660446,1.2338177586097105,1.165151357601227,41.4717843264285,-0.005283558268602162
2021-07-28,1.1823126077651978,1.1830118894577026,1.1785781383514404,1.198682816028595,1.1921033713322053,1.232702675951163,1.1646629561060269,44.03584619239668,-0.004775170260234107
2021-07-29,1.1845955848693848,1.189202070236206,1.184174656867981,1.1980290198326111,1.1920286669892917,1.2318455353285103,1.164212504336712,47.703818432140174,-0.0041403248406917115
2021-07-30,1.1892997026443481,1.1911001205444336,1.1855504512786865,1.197364239692688,1.1920015131152126,1.2305144227202938,1.1642140566650823,54.34393749323882,-0.0032204983807604393
2021-08-02,1.186704158782959,1.1898996829986572,1.1859582662582397,1.1967318511009217,1.1919488031218568,1.2294536799721159,1.1640100222297276,50.531498250790406,-0.002670187720118733
2021-08-03,1.1874650716781616,1.1895995140075684,1.185564637184143,1.196051881313324,1.191904188878636,1.2280817071013546,1.1640220555252936,51.603407140248066,-0.002147903550253849
2021-08-04,1.1869436502456665,1.190199851989746,1.18343186378479,1.1952925682067872,1.191854830285273,1.2263143188827388,1.1642708175308356,50.79121950488894,-0.001755823889843633
2021-08-05,1.1837401390075684,1.1859005689620972,1.1829839944839478,1.1945821809768677,1.1917740870884799,1.2249843663301465,1.164179995623589,46.00088100952781,-0.0016841803356968388
2021-08-06,1.1835720539093018,1.1835720539093018,1.1756407022476196,1.193867244720459,1.1916924748180402,1.223568272385077,1.1641662170558411,45.757030851322014,-0.0016222649055495086
2021-08-09,1.1749500036239624,1.177163004875183,1.1741775274276733,1.1929861092567444,1.1915258830648652,1.222253903418431,1.1637183150950579,35.39278599250811,-0.0022430671992157425
2021-08-10,1.17384672164917,1.174399495124817,1.171069860458374,1.1919973134994506,1.1913499710109776,1.2204150606054802,1.163579566393421,34.32149684775763,-0.002791899840969503
2021-08-11,1.172333002090454,1.1746878623962402,1.1706448793411255,1.1910084342956544,1.191160747439629,1.2186263460409268,1.163390522550382,32.85223093091278,-0.003310832959950716
2021-08-12,1.1741899251937866,1.175100564956665,1.1725116968154907,1.1900725078582763,1.1909918835366853,1.2166977543208835,1.1634472613956692,36.4464706402737,-0.003531543583844554
2021-08-13,1.173626184463501,1.1803003549575806,1.1731030941009521,1.1892790174484253,1.1908190905110814,1.2154394674053923,1.1631185674914584,35.81961641424088,-0.0037091902724013526
2021-08-16,1.179467797279358,1.18035888671875,1.1768028736114502,1.188531551361084,1.190706142319721,1.213590141101329,1.1634729616208388,46.15435909189785,-0.00334010457274192
2021-08-17,1.177994966506958,1.1784114837646484,1.1710561513900757,1.1877041816711427,1.1905796629583998,1.2112965789622545,1.1641117843800308,44.22092255017159,-0.00313036176912318
2021-08-18,1.1709738969802856,1.1731003522872925,1.1696864366531372,1.1867779517173767,1.1903845807098612,1.20923939076274,1.1643165126720134,36.394132603242554,-0.0034904450417021504
2021-08-19,1.1703298091888428,1.1706860065460205,1.1668747663497925,1.1858205389976502,1.190185030744478,1.2068504697196318,1.1647906082756685,35.76869292876947,-0.0037841646370093684
2021-08-20,1.1676595211029053,1.1690996885299683,1.1664936542510986,1.1848286128044128,1.1899608963201838,1.2044372519967492,1.1652199736120763,33.2198152127053,-0.004184176877942702
2021-08-23,1.1697548627853394,1.174329161643982,1.1695605516433716,1.1840033030509949,1.1897598412601356,1.2025577204543016,1.1654488856476881,37.012788054700685,-0.004282744090583046
2021-08-24,1.1744533777236938,1.17648446559906,1.172814130783081,1.1832478904724122,1.18960753814037,1.2001111436438954,1.166384637300929,44.609995112633484,-0.003936352605796278
2021-08-25,1.175309181213379,1.1760554313659668,1.1728553771972656,1.1824998903274535,1.1894652659321412,1.1972096089858266,1.1677901716690804,45.8901889136944,-0.003551835322461061
2021-08-26,1.1774401664733887,1.1781338453292847,1.1747844219207764,1.1820575213432312,1.1893456132012084,1.1959827444150992,1.1681322982713631,49.048071777458546,-0.003040105460673681
2021-08-27,1.1756407022476196,1.18035888671875,1.1735987663269043,1.1817435073852538,1.1892092459280383,1.1955215583537189,1.1679654564167887,46.57616990775003,-0.002748079433572137
2021-08-30,1.1799006462097168,1.1811953783035278,1.1784532070159912,1.1815941905975342,1.189116623045269,1.1952850587359574,1.167903322459111,52.65883097573407,-0.0021481423790821186
2021-08-31,1.1796904802322388,1.1845533847808838,1.1796486377716064,1.1813628768920899,1.1890228305794677,1.1947754310622047,1.167950322721975,52.34219972472606,-0.0016703913473681276
2021-09-01,1.1810280084609985,1.1860004663467407,1.1795096397399902,1.1811099672317504,1.1889432801106272,1.1940433797596504,1.1681765547038505,54.22846708029979,-0.001170351776097256
2021-09-02,1.1840906143188477,1.1872254610061646,1.1834795475006104,1.1809254312515258,1.1888949948788683,1.1934031863011825,1.1684476762018692,58.298464534663495,-0.0005209351002462004
2021-09-03,1.1876484155654907,1.1907596588134766,1.186816930770874,1.180817744731903,1.188882591104606,1.1929573670973406,1.1686781223664655,62.47308329836755,0.0002776169258678074
2021-09-06,1.1885942220687866,1.1886366605758667,1.1857051849365234,1.1807053232192992,1.188879721760966,1.1924357477339127,1.1689748987046857,63.518624789953606,0.0009755483263527154
2021-09-07,1.1875073909759521,1.1887779235839844,1.1838297843933105,1.1805976629257202,1.188866066728279,1.1919648099344724,1.169230515916968,61.40161613662893,0.0014245445406790846
2021-09-08,1.184356927871704,1.185400128364563,1.1803170442581177,1.180480945110321,1.1888211996749798,1.1915622081655022,1.16939968205514,55.61517087688309,0.0015087690815851484
2021-09-09,1.1819101572036743,1.1841325759887695,1.1806097030639648,1.1804056072235107,1.1887524330832255,1.1913935064072352,1.1694177080397863,51.55186098520153,0.0013623790351977583
2021-09-10,1.1825922727584839,1.185300350189209,1.1819353103637695,1.1803649806976317,1.1886911379556162,1.1913041376592954,1.169425823735968,52.59175696926741,0.0012865740683527527
2021-09-13,1.1811953783035278,1.1817537546157837,1.1770604848861694,1.180276472568512,1.188616553282461,1.1911131922639973,1.1694397528730267,50.21472922829833,0.0011010877239236994
2021-09-14,1.1811953783035278,1.1846994161605835,1.1801999807357788,1.1801727724075317,1.1885427107453572,1.190869411157251,1.1694761336578123,50.21472922829833,0.000943215656648233
2021-09-15,1.1804981231689453,1.183300256729126,1.1800997257232666,1.1801336884498597,1.1884626650978307,1.1908105932216424,1.169456783678077,48.9343808306135,0.000753156326461335
2021-09-16,1.1819995641708374,1.1823126077651978,1.1751710176467896,1.1801868820190429,1.1883983556358706,1.1908741413098476,1.1694996227282382,51.785255595646184,0.0007154395371327116
2021-09-17,1.176747441291809,1.1789672374725342,1.1729655265808105,1.1800258231163026,1.1882824261399099,1.190671940901169,1.169379705331436,42.7867545140811,0.00025876342366637495
2021-09-20,1.1729930639266968,1.1737089157104492,1.1700559854507446,1.1797397661209106,1.1881302931825644,1.1903571446251016,1.1691223876167196,37.73854953106177,-0.00040147461371531357
2021-09-21,1.1730204820632935,1.1748948097229004,1.1715912818908691,1.1794697546958923,1.1879799468032681,1.1900698875828426,1.168869621808942,37.796269855118204,-0.0009119927162806185
2021-09-22,1.17229163646698,1.1744533777236938,1.1717147827148438,1.1793648409843445,1.1878238442128572,1.1901453420971126,1.1685843398715763,36.81911114321128,-0.0013597197363295344
2021-09-23,1.168770432472229,1.175100564956665,1.1684194803237915,1.1790735721588135,1.1876342580263834,1.1901978484110591,1.1679492959065678,32.45373927628519,-0.0019759013984979035
2021-09-24,1.1740258932113647,1.1748120784759521,1.1701655387878418,1.1789304614067078,1.1874988514113087,1.1901279232416864,1.1677329995717292,43.26556367073029,-0.0020169083808527777
2021-09-27,1.1723054647445679,1.1728004217147827,1.1686612367630005,1.1787485599517822,1.1873476734345252,1.190076972865041,1.1674201470385233,40.95451059810056,-0.002163293804483768
2021-09-28,1.1696795225143433,1.1705996990203857,1.1669973134994507,1.1785544633865357,1.187171870937807,1.1901673979086032,1.1669415288644682,37.648890319920305,-0.002462807191169869
2021-09-29,1.1686338186264038,1.1691995859146118,1.1610087156295776,1.1783589100837708,1.1869874127058526,1.1903061571757563,1.1664116629917853,36.389289209958775,-0.0027528204716154026
2021-09-30,1.1601601839065552,1.161170482635498,1.1570056676864624,1.1779766535758973,1.1867204751058595,1.1909808186556028,1.1649724884961918,28.165909657922754,-0.0036246271450961487
2021-10-01,1.1574475765228271,1.1608995199203491,1.1563901901245117,1.1775801277160645,1.1864292024831429,1.1918219581755096,1.1633382972566193,26.13017589023285,-0.004482750601994434
2021-10-04,1.160725712776184,1.1640088558197021,1.1588560342788696,1.1772477769851684,1.1861734463666558,1.1922665586768684,1.1622289952934683,32.48123871979993,-0.004842480326054277
2021-10-05,1.1618449687957764,1.16225004196167,1.1583056449890137,1.1768691372871398,1.1859313719629654,1.1924681419746956,1.161270132599584,34.55030356671918,-0.004979849511990597
2021-10-06,1.1596084833145142,1.1599582433700562,1.1530168056488037,1.1764150547981262,1.185669452672931,1.1926751069181698,1.1601550026780827,32.412889272089245,-0.005209133618998774
2021-10-07,1.1555349826812744,1.157139539718628,1.1549345254898071,1.175833842754364,1.1853696072003772,1.1929551025555762,1.1587125829531517,28.905357775338487,-0.005654360435756622
2021-10-08,1.1559758186340332,1.1583727598190308,1.1542545557022095,1.1751673650741576,1.1850771316922544,1.1927376018396365,1.1575971283086788,29.790823218198085,-0.0059035813080874355
2021-10-11,1.1566041707992554,1.1587486267089844,1.15529465675354,1.1745653653144836,1.184793818648543,1.1925792178798311,1.1565515127491361,31.107911503969305,-0.005981437587381899
2021-10-12,1.1553747653961182,1.1570056676864624,1.1533892154693604,1.1739235591888428,1.184501091750509,1.1923435844006107,1.155503533977075,29.925053463955336,-0.006072343791781787
2021-10-13,1.15340256690979,1.1579005718231201,1.1530567407608032,1.1732527375221253,1.1841916536923924,1.1921735834828229,1.1543318915614278,28.080438036173533,-0.006231692477422834
2021-10-14,1.1599582433700562,1.162500023841858,1.1584665775299072,1.172777099609375,1.1839505252314737,1.1918171796963029,1.153737019522447,41.08138545180813,-0.005762561929713916
2021-10-15,1.159151554107666,1.1619800329208374,1.1588828563690186,1.1722886896133422,1.1837037692998935,1.1914509914534699,1.1531263877732145,40.12029225340204,-0.005393690565064668
2021-10-18,1.1597026586532593,1.1612108945846558,1.1573002338409424,1.1719837427139281,1.183464952278534,1.1914559628994734,1.1525115225283828,41.133505816134615,-0.00499925946872426
2021-10-19,1.161386251449585,1.1670000553131104,1.1614537239074707,1.1717345333099365,1.183245263713072,1.191427132171238,1.152041934448635,44.237705885854076,-0.004498956939762433
2021-10-20,1.1631964445114136,1.1654006242752075,1.1618045568466187,1.1715518021583557,1.183045772974747,1.1913907501908394,1.151712854125872,47.44659641107961,-0.003911308994022589
2021-10-21,1.1655012369155884,1.1669973134994507,1.1633182764053345,1.1713780283927917,1.182871200476646,1.1912747865200988,1.1514812702654846,51.29006568470766,-0.0032224696539329134
2021-10-22,1.1625338792800903,1.1654061079025269,1.1622366905212402,1.1711561822891234,1.182668839071705,1.191197458139252,1.151114906438995,46.567991221868745,-0.0028827697013789066
2021-10-25,1.1640088558197021,1.1668611764907837,1.159326195716858,1.1708470034599303,1.1824831675965608,1.190841835019315,1.1508521719005456,49.07761277222563,-0.0024661089923561086
2021-10-26,1.161170482635498,1.1629002094268799,1.1585874557495117,1.1705105137825011,1.1822711010795353,1.1905804897456427,1.1504405378193596,44.72430474983974,-0.0023379845428035395
2021-10-27,1.1598236560821533,1.162439227104187,1.1585336923599243,1.1702875089645386,1.1820477434178698,1.1905829912240715,1.1499920267050057,42.78496453944822,-0.002318397596067001
2021-10-28,1.1600120067596436,1.1693171262741089,1.158319115638733,1.1700811529159545,1.1818284823565939,1.19058363831455,1.149578667517359,43.15618662730511,-0.0022616060869316
2021-10-29,1.1683608293533325,1.1691803932189941,1.1546677350997925,1.170095179080963,1.1816944758590489,1.1905918612275483,1.1495984969343778,56.59843124735827,-0.0015253350841302193
2021-11-01,1.1556684970855713,1.159326195716858,1.1546677350997925,1.1698134517669678,1.1814355108961287,1.1907125115392272,1.1489143919947085,40.801686843458825,-0.0019435955895161783
2021-11-02,1.1599582433700562,1.1614995002746582,1.1579166650772095,1.169523549079895,1.1812218067416405,1.190561580935694,1.148485517224096,46.26088164623203,-0.001906941346375035
2021-11-03,1.1579434871673584,1.159900426864624,1.1563634872436523,1.1691762351989745,1.1809901816712496,1.1903969952626843,1.1479554751352647,44.19925605033763,-0.0020172134017202303
2021-11-04,1.1615750789642334,1.1617100238800049,1.152923822402954,1.1688589334487915,1.1807969965696874,1.1900497652217437,1.1476681016758394,48.642112225586104,-0.0017909210692432787
2021-11-05,1.1555349826812744,1.1564704179763794,1.151410460472107,1.1684568190574647,1.1805456332474147,1.1898841133611038,1.1470295247538256,42.57100764823743,-0.00207504819236215
2021-11-08,1.1568851470947266,1.1595547199249268,1.1551746129989624,1.1679965090751647,1.1803102055245023,1.189409222593212,1.1465837955571174,44.24617213381217,-0.0021663022166116264
2021-11-09,1.159151554107666,1.1609008312225342,1.157019019126892,1.1675857305526733,1.1800996716795586,1.1888704380931043,1.1463010230122423,47.03884240421406,-0.0020323143289757706
2021-11-10,1.1595547199249268,1.1598236560821533,1.1513441801071167,1.167156264781952,1.1798952442989157,1.1881990884628055,1.1461134411010985,47.542210216474224,-0.001872016410744859
2021-11-11,1.148593544960022,1.1491611003875732,1.1454885005950928,1.1664463233947755,1.1795837846040014,1.187552288859575,1.145340357929976,37.192253083051575,-0.002599489077015127
2021-11-12,1.145081877708435,1.1459873914718628,1.1434059143066406,1.1655949926376343,1.1792404820478266,1.1866441661773406,1.144545819097928,34.59389179885761,-0.003419955487159454
2021-11-15,1.144164800643921,1.1464208364486694,1.1416958570480347,1.164706404209137,1.178891470292564,1.1855427705965618,1.1438700378217124,33.92727961938816,-0.00409695434370505
2021-11-16,1.1366478204727173,1.1387006044387817,1.1330673694610596,1.1636892127990723,1.1784711354684858,1.184943847285,1.1424345783131447,28.995276603548618,-0.005180322756721978
2021-11-17,1.1321182250976562,1.1334000825881958,1.127052664756775,1.1626444387435912,1.1780099124797214,1.1848660478150284,1.1404228296721541,26.49578451866246,-0.006331415899327064
2021-11-18,1.1321182250976562,1.1359764337539673,1.1315033435821533,1.161648600101471,1.1775532787744272,1.1847899509798483,1.1385072492230937,26.495784518662447,-0.007161116613341623
2021-11-19,1.1368415355682373,1.1370097398757935,1.1252391338348389,1.160733585357666,1.1771481868022262,1.1841116431027203,1.1373555276126115,33.43523909924194,-0.007352770564123423
2021-11-22,1.1275737285614014,1.1290504932403564,1.123822808265686,1.1596611523628235,1.1766549086107752,1.1841033739608462,1.1352189307648008,27.87446979978445,-0.008158446776088901
2021-11-23,1.12421452999115,1.1273448467254639,1.12271249294281,1.1585215353965759,1.1761331137986397,1.1841503229703267,1.132892747822825,26.17519451438976,-0.00896467108136867
2021-11-24,1.1244926452636719,1.1254544258117676,1.1187809705734253,1.1574014258384704,1.175619278290829,1.1839874255307787,1.130815426146162,26.57429211139589,-0.009471980973094762
2021-11-25,1.1202975511550903,1.1230907440185547,1.1203980445861816,1.1561673855781556,1.1750688133442047,1.1838005137878151,1.128534257368496,24.429010862370504,-0.010096154566748838
2021-11-26,1.1209630966186523,1.1322002410888672,1.1207997798919678,1.1550516986846924,1.174530448003652,1.1837763452095567,1.126327052159828,25.45714378142233,-0.01041703162375196
2021-11-29,1.1293182373046875,1.12980055809021,1.125885248184204,1.1541782021522522,1.174080575260379,1.1833290536936705,1.125027350610834,37.037836173043736,-0.009883211466976682
2021-11-30,1.1293437480926514,1.1381744146347046,1.1246063709259033,1.1533046674728393,1.1736354327014962,1.1827668871238455,1.1238424478218332,37.06998322362187,-0.009350312062292643
2021-12-01,1.1330289840698242,1.1358473300933838,1.1304160356521606,1.1525194144248962,1.1732313884365044,1.1820090064543372,1.1230298223954553,41.70072688582623,-0.00853226308252597
2021-12-02,1.1319515705108643,1.1348161697387695,1.1301862001419067,1.151783037185669,1.1728206439795328,1.1814545304245347,1.1221115439468032,40.75646763577206,-0.0078800552702325
2021-12-03,1.1306205987930298,1.1331830024719238,1.1267352104187012,1.1509149312973022,1.1724007430324035,1.1804698518419647,1.1213600107526396,39.56460679668575,-0.007385439425895424
2021-12-06,1.1304799318313599,1.1310003995895386,1.1269001960754395,1.150078420639038,1.1719836205328906,1.1795296463865255,1.1206271948915505,39.4333563709892,-0.006924976633959412
2021-12-07,1.128668189048767,1.1299434900283813,1.1231285333633423,1.1492581939697266,1.1715526212146405,1.1787655728925037,1.1197508150469495,37.698715649207855,-0.006629824564427622
2021-12-08,1.1276500225067139,1.1339025497436523,1.12696373462677,1.1484385180473327,1.1711157794364522,1.1780258858643826,1.1188511502302827,36.72109935041303,-0.0064042477718309065
2021-12-09,1.1345586776733398,1.1345586776733398,1.1279425621032715,1.1479264879226685,1.1707520271801028,1.1775719368579638,1.1182810389873732,46.80194589450189,-0.005603413145856662
2021-12-10,1.1293309926986694,1.1322592496871948,1.1267352104187012,1.1473641562461854,1.1703398775832727,1.1773373079606726,1.1173910045316982,41.42428212602568,-0.00532914535259299
2021-12-13,1.131183385848999,1.1316057443618774,1.126354455947876,1.1467733097076416,1.1699502607500958,1.1768359741875107,1.1167106452277724,43.88475748520995,-0.004905762923057111
2021-12-14,1.1285407543182373,1.13275945186615,1.1266590356826782,1.1461072254180908,1.1695382258602265,1.176282487959636,1.1159319628765456,41.22437770550641,-0.004728955125469447
2021-12-15,1.1261261701583862,1.1278001070022583,1.1249226331710815,1.1454375791549682,1.1691062651069744,1.1758748435730608,1.1150003147368757,38.90371799633454,-0.004729155671444607
2021-12-16,1.1290758848190308,1.1363636255264282,1.1282098293304443,1.1449083971977234,1.1687079528653033,1.175548476799811,1.1142683175956358,43.11647308923497,-0.004440114409220541
2021-12-17,1.1334141492843628,1.13490629196167,1.1268366575241089,1.14445716381073,1.1683567707401197,1.1750965098568507,1.1138178177646092,48.71719375017686,-0.0038169856064349528
2021-12-20,1.1243535280227661,1.130454421043396,1.1237343549728394,1.1438121509552002,1.1679189275290016,1.1747640306700573,1.112860271240343,39.884583038042074,-0.004008065470061384
2021-12-21,1.1277517080307007,1.1303266286849976,1.1261768341064453,1.143259689807892,1.167519253703148,1.1743549537261946,1.1121644258895893,43.98637467226911,-0.0038410160694770656
2021-12-22,1.128757357597351,1.134199619293213,1.1265320777893066,1.142766785621643,1.1671335631946327,1.1739868812877015,1.1115466899555846,45.17850457838226,-0.0035861418891214303
2021-12-23,1.1328877210617065,1.1345586776733398,1.1291524171829224,1.142225375175476,1.1667928085465438,1.1731662661664681,1.111284484184484,49.895177011209505,-0.0030160987433771602
2021-12-24,1.132733702659607,1.134429931640625,1.1308379173278809,1.141697018146515,1.1664539119705544,1.172359150298143,1.1110348859948869,49.72338043250008,-0.002547398615757812
2021-12-27,1.1324259042739868,1.1335002183914185,1.1304160356521606,1.1411514830589295,1.166115324829295,1.171474785608885,1.1108281805089741,49.35762682297786,-0.0021757069497720938
2021-12-28,1.1330032348632812,1.1336004734039307,1.1290377378463745,1.1405838227272034,1.165785851297295,1.1704197604931044,1.1107478849613024,50.09907278485428,-0.0018136462875344428
2021-12-29,1.1314777135849,1.137000560760498,1.1275355815887451,1.1399494481086732,1.1654444767926941,1.1691653411639533,1.110733555053393,48.09530884253378,-0.0016310061978739299
2021-12-30,1.1360150575637817,1.1359764337539673,1.1300712823867798,1.139359724521637,1.1651516467506153,1.1676460301550462,1.1110734188882276,53.9897132306958,-0.0011073717794785054
2021-12-31,1.132502794265747,1.1379153728485107,1.1305055618286133,1.1387591028213502,1.1648267825467857,1.1663025357297645,1.1112156699129359,49.32062646237146,-0.0009646778198439954
2022-01-03,1.1373459100723267,1.1375917196273804,1.1285407543182373,1.1382258439064026,1.164553341029627,1.1647889414704407,1.1116627463423645,55.08832612343478,-0.00045554165812577985
2022-01-04,1.1302244663238525,1.1323001384735107,1.1273448467254639,1.1376069235801696,1.1642117601867834,1.1634194183282356,1.1117944288321036,46.676380627450236,-0.0006195468257961245
2022-01-05,1.1283625364303589,1.1345586776733398,1.1277644634246826,1.1369777011871338,1.1638550514926895,1.1621044318797613,1.1118509704945063,44.75226208048661,-0.0008895105603372588
2022-01-06,1.1313496828079224,1.1330673694610596,1.1285535097122192,1.1364044547080994,1.1635316149883634,1.160679635741167,1.1121292736750317,48.42548802934294,-0.0008525928571625485
2022-01-07,1.1296881437301636,1.1359764337539673,1.1290504932403564,1.135631000995636,1.1631948640305705,1.1581512349709768,1.1131107670202953,46.57073958108335,-0.0009464970006827222
2022-01-10,1.1353960037231445,1.1359764337539673,1.1288337707519531,1.1352255511283875,1.1629182584553723,1.156990634546928,1.113460467709847,53.2018616475002,-0.0005539544698047738
2022-01-11,1.1330417394638062,1.136899709701538,1.1315544843673706,1.1346872210502625,1.1626209796594364,1.155253944704413,1.114120497396112,50.422173935715776,-0.00042789858772751543
2022-01-12,1.1366478204727173,1.1433000564575195,1.1355764865875244,1.1342613077163697,1.1623625402645439,1.1537141264530948,1.1148084889796446,54.35602229483624,-3.6595937665584444e-05
2022-01-13,1.144164800643921,1.1479079723358154,1.1436413526535034,1.1339131021499633,1.1621814682285176,1.1519414780542896,1.115884726245637,61.25707238660486,0.0008700424022527464
2022-01-14,1.1457115411758423,1.148369312286377,1.1410053968429565,1.1337166333198547,1.1620175883573467,1.1509811801778265,1.116452086461883,62.51301823629389,0.001693843281917573
2022-01-17,1.1410704851150513,1.143458366394043,1.1393154859542847,1.1334003400802612,1.1618091594693636,1.149470563827112,1.1173301163334104,56.58556460704484,0.0019497415698892517
2022-01-18,1.1410574913024902,1.1423349380493164,1.1329647302627563,1.1330384588241578,1.1616026752089967,1.1474735271121947,1.1186033905361208,56.56939186446934,0.002126975860945901
2022-01-19,1.1329647302627563,1.1356796026229858,1.1319515705108643,1.1325066590309143,1.1613177205329148,1.144746773539567,1.1202665445222615,47.469478046882394,0.0015960192156019293
2022-01-20,1.1343399286270142,1.136893391609192,1.1330161094665527,1.1322215867042542,1.1610492847925578,1.1435634348276364,1.120879738580872,48.971653223835155,0.0012715417223461145
2022-01-21,1.1313753128051758,1.1361054182052612,1.1302244663238525,1.131947455406189,1.160754021389698,1.1426660499772154,1.1212288608351626,45.92287592939556,0.000766337390305738
2022-01-24,1.1341469287872314,1.1340954303741455,1.1291396617889404,1.1317470979690551,1.1604892741996238,1.141892764806037,1.1216014311320732,49.1125129200851,0.0005828864120300814
2022-01-25,1.1324130296707153,1.132502794265747,1.1266844272613525,1.131662402153015,1.1602099085824207,1.1417113274508452,1.1216134768551849,47.235481797678304,0.0002941976942625324
2022-01-26,1.130454421043396,1.1313496828079224,1.1272051334381104,1.13162912607193,1.1599138340795447,1.1416829083819537,1.1215753437619063,45.13692924908499,-9.157788900826525e-05
2022-01-27,1.1243535280227661,1.12447988986969,1.1133501529693604,1.131473832130432,1.1595600001884325,1.141734521522218,1.121213142738646,39.28254122242543,-0.0008794610184130747
2022-01-28,1.1147029399871826,1.1170064210891724,1.1123347282409668,1.131031060218811,1.1591136612809574,1.1422154138417036,1.1198467065959183,32.17374372808584,-0.002256573501344894
2022-01-31,1.1152374744415283,1.121692419052124,1.114504098892212,1.1307843351364135,1.1586770823074308,1.1427938217921123,1.1187748484807147,32.89807652085338,-0.0032671509203738847
2022-02-01,1.12296462059021,1.1279042959213257,1.1222084760665894,1.1307593369483948,1.1583217344296475,1.1428296903399087,1.118688983556881,42.463644383485544,-0.003405270847406161
2022-02-02,1.1273956298828125,1.132939100265503,1.126697063446045,1.1308173966407775,1.1580140119963456,1.1427922651675462,1.1188425281140089,47.118909391248174,-0.0031212071333075464
2022-02-03,1.1299946308135986,1.1450687646865845,1.1272051334381104,1.1310113382339477,1.157735212183582,1.1425986226487608,1.1194240538191347,49.69015462134565,-0.002655753070708311
2022-02-04,1.14357590675354,1.148369312286377,1.1413440704345703,1.1314635944366456,1.1575943235723378,1.1432141398872073,1.1197130489860838,60.49881833061826,-0.0011774094643948185
2022-02-07,1.145514726638794,1.1460003852844238,1.1416698694229126,1.1317875242233277,1.1574741285779742,1.1441725312350293,1.1194025172116262,61.761802789388035,0.00014891841703223996
2022-02-08,1.1442956924438477,1.145081877708435,1.1397050619125366,1.1320865631103516,1.1573429998602216,1.1449437659720754,1.1192293602486278,60.45301571972802,0.0010891222240574372
2022-02-09,1.142126202583313,1.1447004079818726,1.1403288841247559,1.1322685074806214,1.1571915889420434,1.145433922647349,1.1191030923138938,58.09360379631038,0.0016402727708968445
2022-02-10,1.142152190208435,1.1494252681732178,1.1380836963653564,1.1324725198745726,1.1570419431835002,1.145930771571846,1.1190142681772992,58.1146920765225,0.0020554663971097398
2022-02-11,1.1415525674819946,1.1419005393981934,1.1371259689331055,1.132691159248352,1.1568878200421917,1.1463798350201617,1.1190024834765422,57.39698683550224,0.002309503278248526
2022-02-14,1.1365057229995728,1.136893391609192,1.1292799711227417,1.1328116750717163,1.1566850131064441,1.1465269674766247,1.1190963826668079,51.61876385107658,0.002079618616403378
2022-02-15,1.1306334733963013,1.1368803977966309,1.1305822134017944,1.132850980758667,1.1564257938058455,1.1465290194643807,1.1191729420529535,45.83664169328392,0.0014073686296096621
2022-02-16,1.1356796026229858,1.1393154859542847,1.1345458030700684,1.1330115723609924,1.156219364042832,1.1466287846127927,1.119394360109192,50.9239473388405,0.0012671788787845806
2022-02-17,1.1375269889831543,1.1386927366256714,1.13275945186615,1.1330709385871887,1.1560333702611436,1.1467414579971384,1.1194004191772389,52.67639133923778,0.0012902726710715129
2022-02-18,1.1366478204727173,1.137669324874878,1.131580114364624,1.1332172751426697,1.1558404792184727,1.14688103371928,1.1195535165660593,51.72968896299076,0.0012235290354658535
2022-02-21,1.131721019744873,1.1385631561279297,1.1314136981964111,1.133228027820587,1.1556004845968448,1.146886098468813,1.1195699571723612,46.66801322407954,0.000764272521753373
2022-02-22,1.1309658288955688,1.1363766193389893,1.1289101839065552,1.1332765293121339,1.1553553636445932,1.1468837898014568,1.119669268822811,45.926205379174974,0.00033550336181464857
2022-02-23,1.13291335105896,1.1359764337539673,1.1307356357574463,1.1334122729301452,1.1551320600367758,1.1468629015831482,1.1199616442771423,48.21237514071694,0.00015110760154279923
2022-02-24,1.1305694580078125,1.1305949687957764,1.1110494136810303,1.1334421443939209,1.1548876560364876,1.1468600596379857,1.120024229149856,45.70770187013801,-0.00018206125860831257
2022-02-25,1.11906898021698,1.1266082525253296,1.1168068647384644,1.1331552410125731,1.154531251301965,1.1471755379425468,1.1191349440825995,35.86301108359902,-0.001358433251914315
2022-02-28,1.118105411529541,1.1244546175003052,1.1143178939819336,1.1330302786827087,1.1541688051350751,1.147475709653811,1.1185848477116063,35.17933282244249,-0.0023414773784093956
2022-03-01,1.1215918064117432,1.1232168674468994,1.1102105379104614,1.1329070806503296,1.153844655894047,1.1476384986440145,1.1181756626566448,39.66140450083171,-0.002806868172058774
2022-03-02,1.1132758855819702,1.1141936779022217,1.1058521270751953,1.1325974512100219,1.153440986537708,1.1483034227278675,1.1168914796921763,33.67938403022447,-0.0038028817868707154
2022-03-03,1.1112345457077026,1.111605167388916,1.1039842367172241,1.132164387702942,1.153021021952335,1.1489917516082448,1.115337023797639,32.38800520220367,-0.0047027385771991614
2022-03-04,1.1066844463348389,1.1069294214248657,1.0890042781829834,1.1316434025764466,1.1525599614984294,1.149947063799404,1.1133397413534891,29.65824086325449,-0.005717133008742437
2022-03-07,1.087453007698059,1.0930753946304321,1.0808590650558472,1.130743944644928,1.1519121311123561,1.152904346239298,1.1085835430505577,21.435040951481867,-0.007980865824894101
2022-03-08,1.0865312814712524,1.0922157764434814,1.0851165056228638,1.1298145055770874,1.1512615753945343,1.1552450576334472,1.1043839535207276,21.132611910038733,-0.009737023646810616
2022-03-09,1.0898232460021973,1.1091147661209106,1.0897876024246216,1.1289814162254332,1.150650248733914,1.1568060370469277,1.1011567954039387,25.192217503726837,-0.010739360682632038
2022-03-10,1.107382893562317,1.1116174459457397,1.0982131958007812,1.128408772945404,1.150219727786933,1.1568150021009078,1.1000025437899001,42.26398599474772,-0.010001511994418344
2022-03-11,1.1013944149017334,1.104191541671753,1.0934697389602661,1.1277866053581238,1.1497339037781251,1.157172642062148,1.0984005686540996,38.99560421999176,-0.00978716146809333
2022-03-14,1.093206763267517,1.0986958742141724,1.0902509689331055,1.1269038224220276,1.1491714446685668,1.1577342003819588,1.0960734444620963,35.00927653564466,-0.010160834417228148
2022-03-15,1.0943193435668945,1.1018311977386475,1.093948245048523,1.1261857199668883,1.148625652617804,1.158344398666835,1.0940270412669417,35.967168958709294,-0.010249052294608818
2022-03-16,1.0969363451004028,1.1038745641708374,1.0955781936645508,1.1255571961402893,1.148111331149969,1.1587538862049263,1.0923605060756523,38.27182489992676,-0.009992606893363787
2022-03-17,1.1021955013275146,1.1110494136810303,1.1021226644515991,1.1249741125106811,1.1476544572213874,1.158774202342173,1.0911740226791893,42.732574390666116,-0.00925827843958893
2022-03-18,1.1099518537521362,1.1117905378341675,1.1005337238311768,1.1245793867111207,1.1472793069381113,1.1586149265212993,1.090543846900942,48.62875323170101,-0.007958702067976775
2022-03-21,1.1043134927749634,1.1066721677780151,1.1026087999343872,1.123957736492157,1.1468517863991745,1.1583207504702229,1.089594722514091,45.00156084675731,-0.007299601774232167
2022-03-22,1.101722002029419,1.1045695543289185,1.0961546897888184,1.1233313417434692,1.1464027338183809,1.1581572002998834,1.0885054831870549,43.39927000826003,-0.006906754916678137
2022-03-23,1.1029735803604126,1.1042001247406006,1.096575379371643,1.122657856941223,1.145970602938202,1.157734130624801,1.0875815832576452,44.428375559434905,-0.0064204184529690345
2022-03-24,1.1006306409835815,1.101333737373352,1.0969964265823364,1.1217871737480163,1.145519459038156,1.1568456917143537,1.0867286557816789,42.8574628785769,-0.006153119596044254
2022-03-25,1.1009578704833984,1.1038745641708374,1.0982975959777832,1.1208921003341674,1.145076060147064,1.1557420970270607,1.0860421036412742,43.15975278743366,-0.005847472615892135
2022-03-28,1.098189115524292,1.0996744632720947,1.094534993171692,1.1200344729423524,1.1446095233846483,1.1549680891378573,1.0851008567468474,41.174964797239994,-0.005762237085549238
2022-03-29,1.0993843078613281,1.1136353015899658,1.097044587135315,1.119201009273529,1.1441595212401376,1.1540758394506907,1.0843261790963672,42.40622178022934,-0.005534447613687377
2022-03-30,1.1091516017913818,1.1170001029968262,1.108905553817749,1.1187247467041015,1.1438111837331848,1.1534825889577927,1.0839669044504103,51.36513563314742,-0.004513752100131052
2022-03-31,1.1161835193634033,1.1183055639266968,1.1074001789093018,1.1183616185188294,1.1435362816001522,1.1528317758609536,1.0838914611767052,56.59944375265542,-0.003101672423079238
2022-04-01,1.1072357892990112,1.1075423955917358,1.1029735803604126,1.117878828048706,1.1431750826717826,1.1522811564084885,1.0834764996889235,49.32496110524603,-0.0026737745339666663
2022-04-04,1.1047282218933105,1.1057054996490479,1.0980926752090454,1.1172904539108277,1.142792526843141,1.1515631901954646,1.0830177176261908,47.48311403365353,-0.0025080904021086425
2022-04-05,1.0975863933563232,1.0991426706314087,1.092132329940796,1.1165939211845397,1.1423427145696403,1.1510274126588642,1.0821604297102152,42.60361985757045,-0.0029194171860580376
2022-04-06,1.090643286705017,1.0937448740005493,1.0875712633132935,1.1157976984977722,1.141828292401833,1.1507600967253406,1.0808353002702038,38.465215856549314,-0.003762278106509198
2022-04-07,1.0898232460021973,1.0935057401657104,1.08672034740448,1.1151070928573608,1.1413108292535779,1.1507374479007992,1.0794767378139223,37.99576745834056,-0.004445180614705668
2022-04-08,1.0864840745925903,1.0891940593719482,1.0836936235427856,1.114542715549469,1.1407652894062048,1.1510815790687052,1.0780038520302326,36.06557533207858,-0.005195933511469963
2022-04-11,1.0884946584701538,1.0932785272598267,1.0874648094177246,1.1140078592300415,1.1402451836257466,1.1512807631352617,1.0767349553248213,38.1044608211324,-0.005564528850479977
2022-04-12,1.0877959728240967,1.0903936624526978,1.0851871967315674,1.1133044862747192,1.1397233009312029,1.1512094721800237,1.0753995003694148,37.65506831896406,-0.005845636545395827
2022-04-13,1.0826143026351929,1.0873819589614868,1.0810343027114868,1.1124088597297668,1.1391550521919391,1.1510636608045852,1.0737540586549483,34.41352526718717,-0.006412613283884427
2022-04-14,1.089656949043274,1.0922634601593018,1.0758588314056396,1.1116021060943604,1.1386625337526488,1.1504421440196868,1.072762068169034,41.752815953088366,-0.006221941063151215
2022-04-15,1.0820988416671753,1.0823447704315186,1.0798786878585815,1.110372564792633,1.1380997109458282,1.148972818341165,1.071772311244101,36.97129249225198,-0.006604574628896298
2022-04-18,1.081525444984436,1.081583857536316,1.0783647298812866,1.109092779159546,1.1375367829263119,1.1471770487713142,1.0710085095477777,36.62858197871015,-0.006874833999782171
2022-04-19,1.0781787633895874,1.081209659576416,1.0761945247650146,1.1077704405784607,1.136946155866245,1.1454550006187063,1.0700858805382152,34.6119231693156,-0.007275201736677506
2022-04-20,1.0794472694396973,1.08672034740448,1.0784810781478882,1.1065168619155883,1.1363740276430954,1.1437034899365228,1.0693302338946538,36.04913756501259,-0.0074047805152996915
2022-04-21,1.0849870443344116,1.0934697389602661,1.082438588142395,1.105373558998108,1.1358627143763422,1.1415907657703361,1.0691563522258798,42.04057865504876,-0.0069799980224447555
2022-04-22,1.0835175514221191,1.0854227542877197,1.077284336090088,1.1042128586769104,1.135341866983763,1.139402789360636,1.0690229279931849,40.9447487217368,-0.006684871594864639
2022-04-25,1.0811045169830322,1.081221342086792,1.0700336694717407,1.1031048345565795,1.1348021918593776,1.1376270403186368,1.0685826287945221,39.140558993524856,-0.006569959088683408
2022-04-26,1.0714209079742432,1.0738831758499146,1.0644639730453491,1.1019205832481385,1.134171532318232,1.1366501632417592,1.0671910032545178,32.8792600466394,-0.00717753822455669
2022-04-27,1.0643619298934937,1.0656436681747437,1.0516685247421265,1.1004942297935485,1.133476909408533,1.1354221643408529,1.0655662952462441,29.21090247586669,-0.00813487581922323
2022-04-28,1.0555092096328735,1.056222677230835,1.0472848415374756,1.098853874206543,1.132701111400815,1.1343816224385985,1.0633261259744875,25.385669896460215,-0.009498421410544466
2022-04-29,1.0504201650619507,1.0590416193008423,1.0505415201187134,1.0971293210983277,1.1318823955168462,1.133529526965511,1.0607291152311444,23.48199793414844,-0.010864445911846543
2022-05-02,1.0535964965820312,1.056769609451294,1.0503981113433838,1.0955668306350708,1.1311034313483406,1.1326077853166425,1.058525875953499,27.153843290108213,-0.011557499107426095
2022-05-03,1.0509058237075806,1.0577645301818848,1.0494390726089478,1.093965630531311,1.1303054452026613,1.1316763666617973,1.0562548944008248,26.014999038415468,-0.012183420682466695
2022-05-04,1.0528532266616821,1.0566357374191284,1.0506519079208374,1.0923644280433655,1.1295347763614576,1.1301239600862358,1.0546048960004952,28.356996492901956,-0.012379624294123426
2022-05-05,1.0622477531433105,1.0639996528625488,1.0504642724990845,1.0909979939460754,1.1288652537423716,1.1280526864209826,1.0539433014711683,38.47506573507843,-0.011642845817039227
2022-05-06,1.0539740324020386,1.0598385334014893,1.048536777496338,1.0896960949897767,1.1281200674603782,1.1272953913195944,1.052096798659959,33.93020119004724,-0.01159292762982922
2022-05-09,1.053219199180603,1.0572165250778198,1.0496593713760376,1.0883983707427978,1.1273747851889375,1.1264715355765917,1.0503252059090038,33.54093067159117,-0.011481919419567665
2022-05-10,1.056579828262329,1.0585819482803345,1.0527312755584717,1.0870981311798096,1.126670357756832,1.1249843909945254,1.0492118713650938,37.006049877734746,-0.01099601471931555
2022-05-11,1.0532968044281006,1.0575631856918335,1.0507071018218994,1.0858985495567322,1.1259402726490835,1.12419766386927,1.0475994352441944,35.081705645844025,-0.010751903083736414
2022-05-12,1.05124831199646,1.0529751777648926,1.0373551845550537,1.0846988248825074,1.1251970690605002,1.123513224400825,1.0458844253641897,33.897248134130535,-0.010601531220393756
2022-05-13,1.0379581451416016,1.041938066482544,1.0351966619491577,1.0833242988586427,1.1243290200662823,1.1237931714768234,1.042855426240462,27.4272783387744,-0.011423087586876157
2022-05-16,1.0400632619857788,1.0437977313995361,1.0391337871551514,1.0823765039443969,1.12349055481175,1.1246310711789969,1.040121936709797,29.715651728853942,-0.011768649919634555
2022-05-17,1.0438958406448364,1.055375576019287,1.0432424545288086,1.0815237951278687,1.1226985676061092,1.125135146575308,1.0379124436804292,33.8078753151148,-0.011599541199909025
2022-05-18,1.0547856092453003,1.0564124584197998,1.0492409467697144,1.0808230423927307,1.1220228167766484,1.1250122313691455,1.036633853416316,43.817426769783786,-0.01046616062003114
2022-05-19,1.0472739934921265,1.0598047971725464,1.0466053485870361,1.079620864391327,1.1212790473907328,1.1241301943602398,1.0351115344224142,39.39236125599312,-0.010058129107616054
2022-05-20,1.057898759841919,1.05988347530365,1.0541073083877563,1.0787509512901305,1.1206483977633814,1.1232235160491408,1.0342783865311203,47.47268473077216,-0.008776264035995629
2022-05-23,1.0569819211959839,1.069027066230774,1.0568702220916748,1.0780264544487,1.1200149004841038,1.1227175354532897,1.0333353734441102,46.891712093128135,-0.007745077515330712
2022-05-24,1.0682048797607422,1.0746333599090576,1.0662003755569458,1.077504165172577,1.1194993778898414,1.1220281340678382,1.0329801962773157,54.269365437547144,-0.0059536261106087895
2022-05-25,1.0736525058746338,1.0736525058746338,1.064407229423523,1.0770384883880615,1.1190431901085955,1.1212186247918003,1.0328583519843226,57.36537975254606,-0.004047651261805285
2022-05-26,1.0686614513397217,1.0728693008422852,1.0664504766464233,1.0763678073883056,1.1185418792750745,1.120003959171067,1.0327316556055441,53.773407326894166,-0.00290638584445313
2022-05-27,1.0732953548431396,1.0765074491500854,1.0698047876358032,1.0756346774101258,1.1180916651016224,1.1181860352490605,1.033083319571191,56.49699719766847,-0.001609454701303914
2022-05-30,1.0731456279754639,1.078515887260437,1.0727427005767822,1.0750113201141358,1.1176444408516109,1.1167533494020678,1.0332692908262038,56.381406424405924,-0.0005869432173257749
2022-05-31,1.0773539543151855,1.0774933099746704,1.068216323852539,1.074523959159851,1.1172435404880643,1.115556066779841,1.033491851539861,58.925121397404645,0.000556565524769681
2022-06-01,1.0734105110168457,1.0736640691757202,1.063173770904541,1.0739326977729797,1.1168073909410872,1.1141351386083391,1.0337302569376203,55.65010378126879,0.00113155763195949
2022-06-02,1.0654165744781494,1.0738486051559448,1.064565896987915,1.0732284164428711,1.1162960395334958,1.112749878064221,1.0337069548215212,49.62847642347661,0.0009314618367055605
2022-06-03,1.0751069784164429,1.0765421390533447,1.0706638097763062,1.072711398601532,1.115886198129346,1.1114202317734037,1.0340025654296603,55.86316735657635,0.001537100353032006
2022-06-06,1.0726046562194824,1.0752688646316528,1.0686043500900269,1.0721997094154359,1.11545553602079,1.1102038817652131,1.0341955370656586,54.00431732198795,0.0017944712050625977
2022-06-07,1.0691413879394531,1.0708931684494019,1.0652804374694824,1.0715948510169984,1.1149946987264485,1.1087870631976111,1.0344026388363856,51.45248159120767,0.0016993931071918045
2022-06-08,1.0698620080947876,1.0748296976089478,1.0673270225524902,1.0708090591430663,1.114545617227626,1.1063877304616876,1.035230387824445,51.9611349598356,0.001663020785271918
2022-06-09,1.071765422821045,1.0770059823989868,1.0647132396697998,1.0699206972122193,1.114119943651441,1.1030058394993667,1.0368355549250718,53.3514236430687,0.0017674114994206125
2022-06-10,1.0619205236434937,1.0642147064208984,1.0507733821868896,1.0690143918991089,1.1136005464374317,1.1003645454392397,1.037664238358978,45.94493410668885,0.0010437095718471845
2022-06-13,1.0489987134933472,1.0497585535049438,1.041905403137207,1.0678998017311097,1.1129577421295305,1.0980053679974828,1.0377942354647365,38.40814301454691,-0.0005659871591332521
2022-06-14,1.0415147542953491,1.0482399463653564,1.0398253202438354,1.0667783689498902,1.1122468666286929,1.0965457996581667,1.0370109382416137,34.8431476893051,-0.0024177065606350023
2022-06-15,1.0440592765808105,1.0507181882858276,1.0386265516281128,1.065846688747406,1.1115683831456293,1.0954811221295486,1.0362122553652635,36.9847596459619,-0.0036379498232488316
2022-06-16,1.0456204414367676,1.0530306100845337,1.0382598638534546,1.0649626326560975,1.1109121847206656,1.094313561629175,1.03561170368302,38.32419785768024,-0.004427985384385824
2022-06-17,1.0546854734420776,1.0551751852035522,1.0445609092712402,1.0643266606330872,1.1103527149566996,1.0931474554990808,1.0355058657670937,45.56020265578602,-0.0042733612864551684
2022-06-20,1.049141764640808,1.0545185804367065,1.048635721206665,1.0635396027565003,1.109743650774452,1.0918106438228663,1.0352685616901343,42.29235599185391,-0.0045457509569932775
2022-06-21,1.0520778894424438,1.058189868927002,1.0514252185821533,1.0628252410888672,1.1091698621044819,1.0903908479503106,1.0352596342274238,44.56041715430069,-0.004473137455922593
2022-06-22,1.053263545036316,1.0602879524230957,1.0471861362457275,1.0622382259368897,1.1086135803426096,1.089329767783114,1.0351466840906653,45.49206097077194,-0.0042706883982401855
2022-06-23,1.0564124584197998,1.058066725730896,1.0484488010406494,1.0615733361244202,1.108094166194124,1.0875261297728138,1.0356205424760265,47.991766761164705,-0.0038122102808806346
2022-06-24,1.052011489868164,1.0569148063659668,1.0513699054718018,1.06097158908844,1.107536129613766,1.0863712265656682,1.0355719516112116,44.893059348455694,-0.0037606342012463934
2022-06-27,1.0566133260726929,1.0614246129989624,1.0550860166549683,1.060473346710205,1.1070294350511682,1.085195650272772,1.035751043147638,48.62819382827949,-0.0033102713168271514
2022-06-28,1.0580891370773315,1.0605015754699707,1.0505746603012085,1.06007155418396,1.106542466912125,1.0842667407666753,1.0358763676012448,49.803253131690134,-0.0028019705002673145
2022-06-29,1.0523545742034912,1.053629755973816,1.0468025207519531,1.0595297002792359,1.1060032839000988,1.0831606892112846,1.0358987113471871,45.45265961503195,-0.0028292558390494715
2022-06-30,1.04465913772583,1.047877550125122,1.0383893251419067,1.0587231421470642,1.105392894385927,1.081546724701596,1.0358995595925324,40.357761658557536,-0.003432271982022117
2022-07-01,1.0477677583694458,1.0477896928787231,1.036989450454712,1.0580081462860107,1.104819509947952,1.0798814676111985,1.0361348249608229,43.1309009852299,-0.003617625182501083
2022-07-04,1.0433948040008545,1.0463534593582153,1.041807770729065,1.0572539520263673,1.1042083188440008,1.0784673166245373,1.0360405874281973,40.2927434573704,-0.004070458093390794
2022-07-05,1.0433186292648315,1.0448557138442993,1.0237300395965576,1.056691906452179,1.1036024512859992,1.0778623124011815,1.0355215005031764,40.2430659584702,-0.004384931343333065
2022-07-06,1.0257673263549805,1.0273902416229248,1.0162187814712524,1.0559200143814087,1.1028279724309642,1.0787020142662258,1.0331380144965916,30.815739193583923,-0.00598144672748302
2022-07-07,1.0186411142349243,1.0219202041625977,1.015331506729126,1.0551826524734498,1.1019902922499092,1.0802870900210702,1.0300782149258294,27.952532333387992,-0.007732585995553931
2022-07-08,1.0169836282730103,1.0191082954406738,1.007973074913025,1.054513921737671,1.1011444547974027,1.0818209078136845,1.0272069356616573,27.316783612209193,-0.009148661669829972
2022-07-11,1.0166114568710327,1.0167768001556396,1.0054292678833008,1.0537742209434509,1.1003033304399266,1.083110933397314,1.0244375084895878,27.16737013960652,-0.010183553302314019
2022-07-12,1.004752516746521,1.007384181022644,1.0001100301742554,1.0528511548042296,1.0993525760748182,1.0852959842975336,1.0204063253109257,22.87407038617623,-0.011824326263026874
2022-07-13,1.0033109188079834,1.011623501777649,0.9998899698257446,1.0518603086471559,1.0983969376940537,1.0872015794780867,1.016519037816225,22.41043470449104,-0.013090081252836061
2022-07-14,1.0032706260681152,1.0049240589141846,0.9953616261482239,1.0506807661056519,1.0974504072301141,1.0884597243598242,1.0129018078514795,22.396770444131576,-0.013935809155692258
2022-07-15,1.0025665760040283,1.009795069694519,1.0010610818862915,1.0496526169776916,1.0965062895064714,1.089790220922436,1.0095150130329473,22.142715209443153,-0.014495767384914648
2022-07-18,1.009631872177124,1.0198878049850464,1.008237361907959,1.048780870437622,1.095641867443493,1.0904658172845514,1.0070959235906927,30.64493704719844,-0.014205673797022422
2022-07-19,1.0145177841186523,1.0268205404281616,1.0125659704208374,1.0479396295547485,1.0948346626342904,1.090666839497983,1.005212419611514,35.861138678994735,-0.01342674511832942
2022-07-20,1.0231330394744873,1.0271897315979004,1.0175942182540894,1.0473363542556762,1.0941212136476257,1.0906032033141477,1.0040695051972046,43.87658147733895,-0.01197620518363629
2022-07-21,1.0182781219482422,1.0275379419326782,1.016311764717102,1.046676950454712,1.0933665560187762,1.0906988230971262,1.0026550778122978,40.783514611918726,-0.011090548169276682
2022-07-22,1.0221081972122192,1.025514841079712,1.0133970975875854,1.0463599514961244,1.0926575176226911,1.09086371535611,1.0018561876361387,44.129683026940135,-0.009964736263244234
2022-07-25,1.0200231075286865,1.0256409645080566,1.0180604457855225,1.0459591484069823,1.0919347871739946,1.0910514484125493,1.0008668484014154,42.714594624540375,-0.009135463590671744
2022-07-26,1.022494912147522,1.0249052047729492,1.011398434638977,1.0455311298370362,1.0912438431438805,1.0911070528280908,0.9999552068459816,44.96751563781785,-0.008184459691390922
2022-07-27,1.0129557847976685,1.0171905755996704,1.0107442140579224,1.0446945333480835,1.0904648574886944,1.0911051068249296,0.9982839598712373,38.650195813329056,-0.008107056998308604
2022-07-28,1.0209290981292725,1.0233110189437866,1.0115723609924316,1.0441676354408265,1.0897729593856156,1.0910544226874335,0.9972808481942195,45.53745982130404,-0.007317977961625477
2022-07-29,1.0192328691482544,1.0253781080245972,1.014857530593872,1.0433943176269531,1.0890710679404678,1.090630882757191,0.9961577524967152,44.39562301933073,-0.006751669598474841
2022-08-01,1.0208247900009155,1.0277491807937622,1.0209603309631348,1.0426711750030517,1.0883920004982832,1.0901650664588214,0.9951772835472822,45.76997112119574,-0.006104047769031062
2022-08-02,1.0261356830596924,1.0293148756027222,1.0183714628219604,1.0418297910690308,1.087772534653123,1.088966596055166,0.9946929860828957,50.192898466301926,-0.005103428966128032
2022-08-03,1.015568733215332,1.020762324333191,1.0123199224472046,1.0406681156158448,1.0870540888676725,1.0874655459453988,0.9938706852862909,42.72616489836392,-0.005104257196838047
2022-08-04,1.015764594078064,1.0232481956481934,1.0155996084213257,1.0396101784706115,1.0863447406608107,1.0862158544730351,0.9930045024681879,42.89573124159719,-0.005031113693993117
2022-08-05,1.024779200553894,1.0249052047729492,1.014363408088684,1.0386398553848266,1.085732148221936,1.084395444886851,0.9928842658828023,50.20322422201278,-0.004197358994900258
2022-08-08,1.0170871019363403,1.0221813917160034,1.0160020589828491,1.037518684864044,1.085049112935512,1.0825649674696025,0.9924724022584857,44.92083490547078,-0.0041099139323970135
2022-08-09,1.0197629928588867,1.0246951580047607,1.0189213752746582,1.0363668656349183,1.0843994998004212,1.0801840967461365,0.9925496345237002,47.00966773629507,-0.0037811048333962205
2022-08-10,1.0208144187927246,1.0369141101837158,1.0203040838241577,1.0353149437904359,1.0837668124272102,1.0780134160700054,0.9926164715108664,47.846606855345065,-0.003396526919703158
2022-08-11,1.0300782918930054,1.036591649055481,1.0276330709457397,1.0346081781387328,1.0832325982925415,1.0764339028394585,0.9927824534380071,54.64383908648627,-0.002317514154027034
2022-08-12,1.0316723585128784,1.0327378511428833,1.0239607095718384,1.0337394857406617,1.0827195610808036,1.073903209510409,0.9935757619709142,55.713435851140865,-0.0013185613547863628
2022-08-15,1.0256409645080566,1.0267151594161987,1.0182262659072876,1.032800211906433,1.0821516148462489,1.0714210801836102,0.9941793436292559,50.829237386948726,-0.001002016531210126
2022-08-16,1.0161981582641602,1.019440770149231,1.0123404264450073,1.0317413473129273,1.0814953615469247,1.0691804274764123,0.9943022671494425,44.28369980886582,-0.0014958646287053234
2022-08-17,1.0170663595199585,1.019783854484558,1.0148060321807861,1.0306854343414307,1.0808542769496414,1.066686636975351,0.9946842317075105,44.985180041298435,-0.0017964775436167812
2022-08-18,1.0180189609527588,1.0193679332733154,1.0113166570663452,1.029610505104065,1.0802290499247968,1.0637675986001018,0.9954534116080281,45.79162560188666,-0.0019355368066020784
2022-08-19,1.0089900493621826,1.011224627494812,1.003623127937317,1.0285518956184387,1.0795202041480543,1.061892921871292,0.9952108693655856,39.831792908048115,-0.002742684027772224
2022-08-22,1.0035223960876465,1.0048232078552246,0.99277263879776,1.0276423692703247,1.0787640070529259,1.0611872657326396,0.9940974728080099,36.71543761549413,-0.0037799747440048215
2022-08-23,0.9939467906951904,1.0019036531448364,0.9903146624565125,1.0266910099983215,1.0779200546513563,1.061310964949052,0.9920710550475912,31.994366116146608,-0.005313456222571178
2022-08-24,0.9966909885406494,0.9998200535774231,0.9911981225013733,1.0257436442375183,1.0771118052373194,1.0610100938066263,0.9904771946684103,34.590152023467425,-0.006235439248333474
2022-08-25,0.9969095587730408,1.0030593872070312,0.995678722858429,1.0247694265842437,1.0763137729341923,1.060483098138623,0.9890557550298643,34.803607754497435,-0.006869295683046728
2022-08-26,0.9971283078193665,1.0088272094726562,0.9947279095649719,1.0236182832717895,1.0755258578584228,1.0591058696675244,0.9881306968760545,35.03211671503337,-0.007270174211584823
2022-08-29,0.993867814540863,1.0031095743179321,0.9914930462837219,1.0225128042697906,1.074713340014467,1.0581982849423732,0.9868273235972079,33.166179844010315,-0.007761498172552672
2022-08-30,1.0014019012451172,1.0052272081375122,0.998342752456665,1.0214992845058442,1.0739838729620357,1.0566317110675156,0.9863668579441727,40.98792148815894,-0.0074569787106062435
2022-08-31,1.0025062561035156,1.0077394247055054,0.9971680045127869,1.0204841387271881,1.0732726528937917,1.0547939652908027,0.9861743121635735,42.05835747030566,-0.007045318588347449
2022-09-01,1.003905177116394,1.0045808553695679,0.9917388558387756,1.01943399310112,1.0725824292542157,1.0524449856499478,0.9864230005522922,43.45750649931788,-0.00653090948197943
2022-09-02,0.995232880115509,1.0033310651779175,0.9951239228248596,1.0182984209060668,1.0718127819991041,1.050634744475821,0.9859620973363125,37.4242485441489,-0.006745263253619349
2022-09-05,0.9909427762031555,0.9943521022796631,0.9880836606025696,1.0169850099086761,1.0710081053245175,1.0482874975667165,0.9856825222506357,34.84691968366265,-0.007178565657415703
2022-09-06,0.9952229857444763,0.9985321760177612,0.9865143895149231,1.015727686882019,1.0702540245326762,1.0452933917830811,0.9861619819809571,39.33573358898344,-0.007094799364701476
2022-09-07,0.9897951483726501,0.9955201148986816,0.9877811670303345,1.0144764983654022,1.0694534387002381,1.042991868578973,0.9859611281518315,35.95292548733937,-0.0073813079642909285
2022-09-08,0.9995701909065247,1.00290846824646,0.9933445453643799,1.0135747194290161,1.068758083000798,1.041026114198829,0.9861233246592032,45.10824917811262,-0.0067418875713607385
2022-09-09,1.0012015104293823,1.011224627494812,1.000930905342102,1.012643394470215,1.068085878298595,1.0384715672648972,0.9868152216755326,46.483145799183326,-0.0060339527993342745
2022-09-12,1.0071406364440918,1.0196797847747803,1.0064716339111328,1.0119183111190795,1.0674794579816347,1.0362128500382914,0.9876237721998674,51.26876932452377,-0.004936763620085216
2022-09-13,1.0129557847976685,1.018744945526123,0.9995802044868469,1.0113110542297363,1.0669369338703514,1.033856989084616,0.9887651193748566,55.46776465025341,-0.0035569965754298494
2022-09-14,0.9982032775878906,1.0022751092910767,0.9963633418083191,1.0107597732543945,1.0662530168924165,1.03321070733874,0.988308839170049,44.89820861482968,-0.003612285117571945
2022-09-15,0.9984025359153748,1.0017931461334229,0.9957482218742371,1.0103550016880036,1.0655778877284658,1.03295523319013,0.9877547701858773,45.05051392478935,-0.0035985414578829644
2022-09-16,0.9988313317298889,1.0035626888275146,0.994579553604126,1.009991955757141,1.0649137428926592,1.032740275892273,0.9872436356220091,45.4002646346643,-0.003512558679956035
2022-09-19,1.002234935760498,1.002807855606079,0.9966810345649719,1.0097044253349303,1.064290073169951,1.032474660510568,0.9869341901592927,48.21767243356281,-0.003133651524666048
2022-09-20,1.0029587745666504,1.0050251483917236,0.9957084655761719,1.009668550491333,1.0636798114923063,1.0324762510837422,0.9868608498989238,48.82249199133709,-0.0027433336888378346
2022-09-21,0.997078537940979,0.9974067807197571,0.9869135022163391,1.009543902873993,1.0630171122529897,1.0325605860182627,0.9865272197297232,44.29614528108991,-0.0028753447598086623
2022-09-22,0.983071506023407,0.9906188249588013,0.9811038970947266,1.0091399204730989,1.0622216335840386,1.0332873047746367,0.9849925361715609,35.785365860489236,-0.004063374842913192
2022-09-23,0.9841550588607788,0.9852216839790344,0.9703933596611023,1.0087716901302337,1.0614448517459962,1.0338709751650672,0.9836724050954003,36.797014385992576,-0.0048614241136701875
2022-09-26,0.968992292881012,0.9699885249137878,0.9582307934761047,1.0079588985443115,1.0605249257871407,1.0354614948784207,0.9804563022102024,29.73699699103743,-0.006640840924031943
2022-09-27,0.9623712301254272,0.9670057892799377,0.9594534635543823,1.006915967464447,1.0595482720989644,1.0372160221996407,0.9766159127292533,27.27601692884636,-0.008487467751125188
2022-09-28,0.9596191644668579,0.9686262011528015,0.954016387462616,1.0056456899642945,1.058553952620038,1.0383970190048475,0.9728943609237415,26.301677657355995,-0.010057069873307678
2022-09-29,0.9708172082901001,0.9787322282791138,0.9638276100158691,1.0046964716911315,1.0576809501888944,1.0386812835051822,0.9707116598770809,36.276336423768456,-0.010278913397684275
2022-09-30,0.9829555749893188,0.9849985241889954,0.9736055731773376,1.0039134192466737,1.056937414117257,1.0380645729477878,0.9697622655455596,44.97068981150399,-0.009367281055902787
2022-10-03,0.9792688488960266,0.9844263195991516,0.9753623604774475,1.0030983340740205,1.056164592572767,1.0376234571519902,0.9685732109960508,43.04950130478563,-0.008840387359032809
2022-10-04,0.9832068681716919,0.998013973236084,0.9806710481643677,1.0023125731945037,1.0554386450662887,1.0368241834033236,0.967800962985684,45.71712707037553,-0.008012689764178127
2022-10-05,0.998432457447052,0.9994204044342041,0.9835453629493713,1.0020221066474915,1.0548714193188335,1.036412347888469,0.967631865406514,54.57625998406647,-0.00605831911645216
2022-10-06,0.9910998940467834,0.9926347136497498,0.9789333343505859,1.0014255225658417,1.0542368767788133,1.0355106036968111,0.9673404414348722,50.317222585329965,-0.0050430102008311994
2022-10-07,0.9789045453071594,0.9816046953201294,0.9731696844100952,1.0006189560890197,1.0534873013412844,1.0348921997826144,0.9663457123954251,44.146611961953965,-0.005162918383481929
2022-10-10,0.9735012650489807,0.9752291440963745,0.96825110912323,0.9996724855899811,1.052691420383152,1.0342802937577584,0.9650646774222039,41.706216394595636,-0.005629057767880918
2022-10-11,0.9710057377815247,0.975809633731842,0.9673987030982971,0.9985698866844177,1.0518786275214442,1.0332492049025839,0.9638905684662515,40.5901925628645,-0.006129191281063151
2022-10-12,0.9700167775154114,0.9733022451400757,0.9669683575630188,0.9976588475704193,1.05106408175024,1.032904162522547,0.9624135326182918,40.13187830301393,-0.006530076860698508
2022-10-13,0.9707984328269958,0.979508638381958,0.9635953307151794,0.9967595243453979,1.0502654185768743,1.0324115494816277,0.9611074992091683,40.701786614253365,-0.006707389904096139
2022-10-14,0.975134015083313,0.9803825616836548,0.9709492325782776,0.9957666206359863,1.0495178424227094,1.030996289240217,0.9605369520317558,43.892217164963576,-0.006424014474298634
2022-10-17,0.973937451839447,0.9847074747085571,0.9724504947662354,0.9949036276340485,1.0487657987353138,1.0301155792558614,0.9596916760122356,43.201376047369855,-0.006224240883805021
2022-10-18,0.9846396446228027,0.9873617887496948,0.9814602136611938,0.9942011606693267,1.0481277275501149,1.028784673485913,0.9596176478527405,50.678711547609815,-0.005143055416981901
2022-10-19,0.9863878488540649,0.9866993427276611,0.9760192036628723,0.9935126292705536,1.0475134003989104,1.0272950250045576,0.9597302335365496,51.79507232468417,-0.004097904580743661
2022-10-20,0.9766482710838318,0.9845135807991028,0.9755526185035706,0.9924440288543701,1.0468082747340839,1.0248579075337836,0.9600301501749566,45.60224431201378,-0.004009300818002992
2022-10-21,0.9778899550437927,0.9856975078582764,0.9707323908805847,0.9913683807849885,1.0461225203093047,1.0219887521999957,0.9607480093699812,46.48079306958442,-0.003795140165853139
2022-10-24,0.9860085844993591,0.9889631271362305,0.9808922410011292,0.9905757331848144,1.0455243716942804,1.019584374323563,0.9615670920460657,51.94559497499834,-0.002936461063971496
2022-10-25,0.9886503219604492,0.9975360631942749,0.9852216839790344,0.9900247764587402,1.0449584607516553,1.0180778039711762,0.9619717489463042,53.60564624826726,-0.002019505946638467
2022-10-26,0.9963731169700623,1.0080543756484985,0.9944608211517334,0.9896109116077423,1.044475024495122,1.0166270085879843,0.9625948146275004,58.156433451370255,-0.0006620160853213486
2022-10-27,1.009193778038025,1.0094891786575317,0.9976455569267273,0.9894344079494476,1.0441239673164444,1.0158004576091035,0.9630683582897915,64.39950155352119,0.0014318194876314916
2022-10-28,0.9967803955078125,0.9998999834060669,0.9931473135948181,0.9891902148723603,1.0436528869999406,1.0150380805304735,0.9633423492142469,55.72950428239157,0.002065730580980585
2022-10-31,0.9955002665519714,0.9968101382255554,0.9873520135879517,0.9890297722816467,1.0431737564482195,1.014612758004056,0.9634467865592374,54.908539340714306,0.0024367249330704555
2022-11-01,0.9886307716369629,0.9951634407043457,0.9862127304077148,0.9889234519004821,1.042631040181441,1.0144671864995958,0.9633797173013685,50.600771053918905,0.0021516271822790145
2022-11-02,0.9877909421920776,0.9913553595542908,0.9867576956748962,0.9887454509735107,1.0420853675646313,1.0141921104436853,0.9632987915033362,50.08345294522185,0.0018367450892489146
2022-11-03,0.9814409017562866,0.9839614629745483,0.9731224179267883,0.9884360778331757,1.0414819400441502,1.013853717624609,0.9630184380417424,46.23454755781576,0.0010625550945411177
2022-11-04,0.9749630093574524,0.993818461894989,0.9748489260673523,0.9879927718639374,1.0408200601368198,1.0135643341251153,0.9624212096027597,42.63497518901376,-7.286785728266576e-05
2022-11-07,0.9928810596466064,1.0005003213882446,0.9919454455375671,0.9879730367660522,1.0403430551568176,1.0135276098447663,0.9624184636873381,53.434209858433235,0.0004677462959193912
2022-11-08,1.0018634796142578,1.0094178915023804,0.9976056814193726,0.987982268333435,1.0399601738081354,1.0135569676523741,0.962407569014496,57.73019998477751,0.0016025202732444788
2022-11-09,1.008084774017334,1.0088781118392944,1.0012515783309937,0.9880938386917114,1.039643005651013,1.0139740042451464,0.9622136731382764,60.451628807390705,0.002969611458308763
2022-11-10,1.0019538402557373,1.018298864364624,0.9937788844108582,0.9880548119544983,1.0392679890799157,1.0138433815430057,0.9622662423659909,56.58528184736207,0.003517775232481757
2022-11-11,1.0192224979400635,1.0338374376296997,1.016621708869934,0.9885346043109894,1.0390685314566335,1.0157229217140455,0.9613462869079332,63.63936964748863,0.005284716406637746
2022-11-14,1.0328551530838013,1.0350252389907837,1.0273585319519043,0.9893728518486022,1.0390067067962072,1.0193097040194428,0.9594359996777617,68.05250490843295,0.0076963525926520004
2022-11-15,1.0319278240203857,1.0475481748580933,1.031385064125061,0.9901069486141205,1.0389362701516718,1.022341284320953,0.9578726129072881,67.45277766298986,0.009424128453072944
2022-11-16,1.0357863903045654,1.0437324047088623,1.0336451530456543,0.9910267734527588,1.0389049280636409,1.025753228895396,0.9563003180101214,68.68923769398194,0.010978207381165506
2022-11-17,1.0395010709762573,1.040571928024292,1.0309491157531738,0.9918253910541535,1.0389108598339156,1.0290971237399422,0.9545536583683648,69.87572464044021,0.012367010613382412
2022-11-18,1.036172866821289,1.0395874977111816,1.0328017473220825,0.9925248181819916,1.0388836161223471,1.031774731511085,0.9532749048528982,67.41097349057557,0.01304867195260484
2022-11-21,1.0330898761749268,1.0333247184753418,1.022704005241394,0.9930438029766083,1.0388259669686415,1.033742037211813,0.9523455687414037,65.1195514526444,0.013188097714364355
2022-11-22,1.0245691537857056,1.0290182828903198,1.0243382453918457,0.993276070356369,1.0386841081310003,1.0345663865829726,0.9519857541297654,59.136546809130344,0.012467326964302305
2022-11-23,1.0311086177825928,1.0382059812545776,1.0298130512237549,0.9939341771602631,1.0386087301175833,1.03657197218694,0.9512963821335864,62.02061971124029,0.012282209379654185
2022-11-24,1.0416233539581299,1.0448229312896729,1.0383676290512085,0.9947985935211182,1.0386387263747032,1.0395082735572891,0.9500889134849474,66.15666455685101,0.01283598840990563
2022-11-25,1.040810227394104,1.0429050922393799,1.0356147289276123,0.9956381714344025,1.0386603333500206,1.0421953714168803,0.9490809714519247,65.56205162154632,0.013058717002175646
2022-11-28,1.0367528200149536,1.0496704578399658,1.0342438220977783,0.9963285291194915,1.038641353117831,1.0442875549999782,0.9483695032390049,62.541381029951914,0.012760734347615266
2022-11-29,1.034554123878479,1.039414644241333,1.032545804977417,0.9969604361057282,1.0386006841701756,1.0460942439268117,0.9478266282846447,60.90382311161584,0.012206456116231168
2022-11-30,1.0324499607086182,1.0394577980041504,1.0292301177978516,0.9976678645610809,1.0385394829417023,1.0478166841311007,0.947519044991061,59.303497361655566,0.011465234159388826
2022-12-01,1.042535424232483,1.053141474723816,1.0397928953170776,0.9988571429252624,1.0385792435515608,1.0503942508990478,0.9473200349514769,64.16403266249418,0.011558385167648177
2022-12-02,1.052842140197754,1.0545185804367065,1.0434166193008423,1.000230884552002,1.0387211629211746,1.0537905180771503,0.9466712510268538,68.32718925756146,0.012321835405905368
2022-12-05,1.0544185638427734,1.0594117641448975,1.0492409467697144,1.001939409971237,1.0388773559651707,1.0568644221003467,0.9470143978421275,68.92188603568954,0.012905314995528272
2022-12-06,1.0496923923492432,1.0532081127166748,1.0477018356323242,1.0036858332157135,1.0389849682674999,1.059027060044847,0.9483446063865799,64.98251647390029,0.012838371477993604
2022-12-07,1.0469011068344116,1.0546187162399292,1.0443755388259888,1.0054314720630646,1.0390637358154293,1.0606052645109294,0.9502576796151997,62.703027221022325,0.012416949974719316
2022-12-08,1.051325798034668,1.0563119649887085,1.049163818359375,1.007041643857956,1.039185746384775,1.0627883849979025,0.9512949027180093,64.81029642378397,0.012298239548246048
2022-12-09,1.0559661388397217,1.0588396787643433,1.0520004034042358,1.008501855134964,1.0393527154639286,1.0654846102825886,0.9515190999873394,66.9211057984553,0.012435251562685767
2022-12-12,1.0522217750549316,1.0579211711883545,1.0507071018218994,1.009960913658142,1.0394807658081178,1.0676204289441502,0.9523013983721337,63.60565943194855,0.012102189202988
2022-12-13,1.0541739463806152,1.066894292831421,1.0529308319091797,1.0113802552223206,1.0396269666098341,1.0698399941332564,0.9529205163113847,64.5906265162364,0.011859054990424944
2022-12-14,1.062665343284607,1.0669853687286377,1.0620108842849731,1.0126649129390717,1.0398562041886876,1.072763387006201,0.9525664388719423,68.57458479929224,0.012210795688131881
2022-12-15,1.0676347017288208,1.0725586414337158,1.0607378482818604,1.0141956090927124,1.040132607149286,1.0759286431316175,0.9524625750538075,70.65538697132597,0.012743637698259702
2022-12-16,1.064056158065796,1.0663254261016846,1.0599396228790283,1.0158986413478852,1.0403706524320375,1.0783518571376196,0.9534454255581508,67.20443902582588,0.012730411998622682
2022-12-19,1.05850350856781,1.0659003257751465,1.0577198266983032,1.0175986862182618,1.040551078861249,1.0799689306649116,0.955228441771612,62.133400879210065,0.01213202766432575
2022-12-20,1.0614584684371948,1.065552830696106,1.058066725730896,1.019407740831375,1.0407591125883728,1.0815085307167227,0.9573069509460275,63.703058590805924,0.011760674598097154
2022-12-21,1.062699317932129,1.0643506050109863,1.0597037076950073,1.0212613916397095,1.0409774230893059,1.082875805937436,0.9596469773419831,64.37094886144061,0.011434688826738038
2022-12-22,1.0610079765319824,1.0657458305358887,1.05840265750885,1.0230655825138093,1.0411767320787852,1.083927180047814,0.9622039849798044,62.67798773383674,0.010914055203846695
2022-12-23,1.060333013534546,1.063117265701294,1.0587948560714722,1.024769562482834,1.0413673418445142,1.0849203193702577,0.9646188055954101,61.97746177986909,0.010327931468693707
2022-12-26,1.0667804479599,1.0637166500091553,1.060895323753357,1.0266264224052428,1.0416202085720303,1.0861006532342679,0.9671521915762177,65.89828335252764,0.010265345744671084
2022-12-27,1.064022183418274,1.0668998956680298,1.0612443685531616,1.0282140731811524,1.0418431137943809,1.087350737666819,0.969077408695486,62.90955625082804,0.009879294849370668
2022-12-28,1.0637166500091553,1.067429542541504,1.0613908767700195,1.0297606492042541,1.042060760920896,1.088475756852108,0.9710455415564004,62.57102954581059,0.009439875729540637
2022-12-29,1.062925100326538,1.0670194625854492,1.0612331628799438,1.0314861857891082,1.0422683662881163,1.0888866868486196,0.9740856847295969,61.645517718275535,0.008924880994541473
2022-12-30,1.066075325012207,1.0697933435440063,1.0639203786849976,1.0332498931884766,1.04250525144955,1.0893328012440473,0.977166985132906,63.932054102606784,0.008670987020455323
2023-01-02,1.0709733963012695,1.071237325668335,1.0653257369995117,1.0349491894245149,1.0427885165724529,1.090334131834979,0.9795642470140506,67.20567882599047,0.008763981906888985
2023-01-03,1.0677714347839355,1.068261981010437,1.0521553754806519,1.0365316116809844,1.0430371028233134,1.0910314051748968,0.982031818187072,63.16932343718788,0.008481539581123743
2023-01-04,1.0546854734420776,1.063151240348816,1.0545964241027832,1.0376978588104249,1.0431530070085748,1.0911761688476167,0.9842195487732329,49.96241766466369,0.007119702784878612
2023-01-05,1.0606365203857422,1.06326425075531,1.0515578985214233,1.0387267136573792,1.0433269723158103,1.0919454847846986,0.9855079425300599,54.61000359846477,0.0064463278114190725
2023-01-06,1.0522217750549316,1.062225103378296,1.0485258102416992,1.0398355412483216,1.043415477815702,1.0917821847911247,0.9878888977055185,47.84319941167307,0.005174030665522356
2023-01-09,1.0656323432922363,1.0759514570236206,1.0652804374694824,1.0412381827831267,1.0436365411537771,1.0920740908682123,0.9904022746980412,56.99004381306201,0.005188042269114623
2023-01-10,1.073318362236023,1.0756852626800537,1.0713175535202026,1.042931934595108,1.0439318826570831,1.092233758416927,0.993630110773289,61.19085687678646,0.0057530267487084785
2023-01-11,1.0738946199417114,1.077470064163208,1.0726851224899292,1.0446540081501008,1.0442300193464824,1.0920736178182056,0.997234398481996,61.494516407435995,0.006176086123787394
2023-01-12,1.0766000747680664,1.0838346481323242,1.0738024711608887,1.0465571916103362,1.0445521094501797,1.0911772533620592,1.0019371298586133,62.959841294373945,0.006652979909512524
2023-01-13,1.0860239267349243,1.0867793560028076,1.0780625343322754,1.0487784099578858,1.0449647643485354,1.0897605784127544,1.0077962415030173,67.58689771646934,0.007702557477912375
2023-01-16,1.082461953163147,1.0875475406646729,1.080263614654541,1.0505700278282166,1.0453378707048997,1.0893513769004868,1.0117886787559465,64.31649491812807,0.008152951612922621
2023-01-17,1.0830129384994507,1.086909294128418,1.0787020921707153,1.0521930170059204,1.045712747001363,1.0894153765465504,1.0149706574652904,64.60182895973625,0.008456866627431392
2023-01-18,1.0793308019638062,1.0884472131729126,1.0767043828964233,1.0536179375648498,1.0460472550109394,1.0893742864546412,1.0178615886750584,61.086424361514446,0.008304870443619938
2023-01-19,1.0797853469848633,1.0833063125610352,1.0782949924468994,1.0551745676994324,1.04638295741864,1.0884406274377882,1.0219085079610766,61.36591216832055,0.008127402717884813
2023-01-20,1.083388328552246,1.0856584310531616,1.0804619789123535,1.056457884311676,1.0467511700667356,1.0890059289928247,1.0239098396305275,63.597736145864275,0.008183158411440461
2023-01-23,1.086507797241211,1.0919533967971802,1.0847516059875488,1.0575309371948243,1.04714675839683,1.090438578606397,1.0246232957832515,65.45826617278374,0.008382432785722704
2023-01-24,1.0874292850494385,1.089680790901184,1.0839285850524902,1.0586409664154053,1.0475475795575524,1.09176715203981,1.0255147807910006,66.0109051794006,0.008516542131634663
2023-01-25,1.088814616203308,1.0922634601593018,1.0858116149902344,1.0597015309333802,1.0479581968376097,1.093234145297034,1.0261689165697263,66.86908735885376,0.008635069692624953
2023-01-26,1.0922038555145264,1.0932546854019165,1.0851635932922363,1.0607555866241456,1.0483984521478278,1.0950021531077752,1.026509020140516,68.93559158623793,0.008899894482413906
2023-01-27,1.0894432067871094,1.0901559591293335,1.0838816165924072,1.061820993423462,1.0488068576666265,1.0962599953707666,1.0273819914761573,65.35952666389335,0.008785732302626581
2023-01-30,1.0871455669403076,1.0915005207061768,1.0854581594467163,1.0629021072387694,1.0491883373608921,1.0970523945912856,1.0287518198862533,62.455580086389496,0.008412879184784838
2023-01-31,1.0850694179534912,1.0868383646011353,1.0804152488708496,1.0641121125221253,1.0495453630384304,1.0969819668971457,1.031242258147105,59.86718934160075,0.007859265806504201
2023-02-01,1.0860947370529175,1.092442512512207,1.085293173789978,1.0652118349075317,1.0499090384017586,1.0972434142250294,1.033180255590034,60.73270473222798,0.007417750685509095
2023-02-02,1.1012852191925049,1.102657437324524,1.088767170906067,1.0664050722122191,1.050420244180771,1.0992838877456261,1.0335262566788121,70.78522502870776,0.00819907786184193
2023-02-03,1.0905125141143799,1.094067931175232,1.0811045169830322,1.0673991179466247,1.050819172239812,1.1001244667759047,1.0346737691173447,59.20894132208944,0.007858430909866598
2023-02-06,1.079086184501648,1.0800302028656006,1.0718343257904053,1.0682457852363587,1.0511004360434122,1.0999081213997912,1.0365834490729262,49.88927436757483,0.006590485426706483
2023-02-07,1.0730764865875244,1.0745997428894043,1.0669511556625366,1.0690162324905395,1.0513191032130054,1.099171201540788,1.038861263440291,45.8055037656939,0.0050425694974434165
2023-02-08,1.0729728937149048,1.0760208368301392,1.0716849565505981,1.0698266911506653,1.0515345638150142,1.0980891884256683,1.0415641938756623,45.73600544679375,0.0037640858536529542
2023-02-09,1.0715816020965576,1.0790396928787231,1.0711569786071777,1.0704076147079469,1.051734036832741,1.0975524418066072,1.0432627876092866,44.75389473536599,0.0026085430879245752
2023-02-10,1.0742292404174805,1.0751763582229614,1.0669283866882324,1.0708353567123412,1.051957869704231,1.0975205522339546,1.0441501611907278,47.082658358310056,0.001884683942792842
2023-02-13,1.0677714347839355,1.0725010633468628,1.065723180770874,1.0711024141311645,1.0521152186104967,1.097381188652247,1.0448236396100818,42.38922930798151,0.0007809273660930316
2023-02-14,1.0730419158935547,1.0798436403274536,1.0709964036941528,1.0715694046020507,1.0523234444541092,1.0971148822735235,1.046023926930578,47.030187851599784,0.00032769859974712823
2023-02-15,1.0735719203948975,1.0744600296020508,1.0665984153747559,1.0721028208732606,1.0525348720754106,1.0966397709685822,1.047565870777939,47.48830235689795,1.1149941323784773e-05
2023-02-16,1.0691757202148438,1.0722250938415527,1.0655754804611206,1.072459819316864,1.0527004526539125,1.0962716143113898,1.0486480243223382,44.08268220834671,-0.0005876793631582888
2023-02-17,1.0665756464004517,1.0681477785110474,1.0613795518875122,1.0726720094680786,1.0528385142832313,1.0960693756686524,1.0492746432675049,42.157052820576375,-0.001257563716670962
2023-02-20,1.0684444904327393,1.0705492496490479,1.0671560764312744,1.0729964637756348,1.0529937976280024,1.0956752256241455,1.0503177019271241,44.04889719919616,-0.0016189890997055922
2023-02-21,1.068261981010437,1.0695644617080688,1.0644866228103638,1.0732782244682313,1.0531457198507133,1.095344275850382,1.0512121730860806,43.897897655995,-0.001898266272811755
2023-02-22,1.065200924873352,1.0665528774261475,1.0619093179702759,1.073328936100006,1.0532656721394957,1.0953069140897553,1.0513509581102567,41.33834334755924,-0.0023396273250946287
2023-02-23,1.0605803728103638,1.0630381107330322,1.0582010746002197,1.073187849521637,1.053338455230748,1.0954043030072134,1.0509713960360605,37.75941396123428,-0.003027351649428134
2023-02-24,1.0598047971725464,1.0614246129989624,1.053774118423462,1.073102822303772,1.0534027969416118,1.095493781096918,1.0507118635106258,37.17758384479233,-0.0035935365510033623
2023-02-27,1.0554758310317993,1.0618642568588257,1.0533522367477417,1.0730422687530519,1.0534234241464893,1.0956100563620175,1.0504744811440863,34.02601529086472,-0.004341507359180374
2023-02-28,1.0611205101013184,1.0645002126693726,1.058234691619873,1.0730355095863342,1.053500012066438,1.0956176559123134,1.050453363260355,41.044013554827615,-0.004427760717771179
2023-03-01,1.0577309131622314,1.0691070556640625,1.0565686225891113,1.0729361414909362,1.053542110584804,1.0957465015401666,1.0501257814417058,38.40226847246081,-0.004715274521292168
2023-03-02,1.066894292831421,1.067270040512085,1.0583466291427612,1.073053867816925,1.053674968119596,1.0956729103269207,1.0504348253069293,48.12317522900195,-0.004155817447633492
2023-03-03,1.0599732398986816,1.062925100326538,1.0591312646865845,1.0730466723442078,1.053737637490532,1.0956824547164912,1.0504108899719244,42.64862700051282,-0.004222243422191907
2023-03-06,1.0626201629638672,1.0693814754486084,1.062304139137268,1.072963466644287,1.0538260208285752,1.0957235081681627,1.0502034251204115,45.21550656482452,-0.004015019272589626
2023-03-07,1.0688328742980957,1.06963312625885,1.0571606159210205,1.0730596804618835,1.0539753427536451,1.0957058337091925,1.0504135272145745,50.78347954989057,-0.0033113080600841727
2023-03-08,1.05507493019104,1.0573283433914185,1.0526647567749023,1.0728868460655212,1.0539862839221765,1.0959520713879174,1.049821620743125,40.8759683422259,-0.003819731476945254
2023-03-09,1.0549525022506714,1.0586491823196411,1.053851842880249,1.0727273941040039,1.0539958980348978,1.0961806731460892,1.0492741150619185,40.799688348320174,-0.004184305539792321
2023-03-10,1.0584698915481567,1.0698620080947876,1.0575743913650513,1.0725752854347228,1.0540404153832885,1.0963017180414032,1.0488488528280424,44.03125235756897,-0.004141666636072072
2023-03-13,1.0683646202087402,1.0737217664718628,1.0652350187301636,1.0725231099128723,1.0541829447845368,1.0962753801640264,1.0487708396617181,51.97341240362121,-0.003271738523354939
2023-03-14,1.0725010633468628,1.0747140645980835,1.0679652690887451,1.0726177024841308,1.0543652146209779,1.096330372605209,1.0489050323630527,54.857363039728604,-0.0022229134721925004
2023-03-15,1.0727657079696655,1.0760092735290527,1.052033543586731,1.0729793071746827,1.0545483041070345,1.0961203662616528,1.0498382480877126,55.04336630807279,-0.0013547408442811104
2023-03-16,1.0583354234695435,1.063456416130066,1.0555092096328735,1.0729332852363587,1.0545859868867609,1.0961834308759788,1.0496831395967385,44.320024575448386,-0.0018102437786133851
2023-03-17,1.0614134073257446,1.0669625997543335,1.0612106323242188,1.0731171178817749,1.054653921418492,1.095838185685499,1.0503960500780507,46.705020214877884,-0.0019009525645201641
2023-03-20,1.0678855180740356,1.0730534791946411,1.0632416009902954,1.0731621813774108,1.0547855790966567,1.0958315368433305,1.0504928259114912,51.4173338206162,-0.001434063689631726
2023-03-21,1.071914792060852,1.0787253379821777,1.070491909980774,1.0731341099739076,1.0549560190266487,1.0958061519741684,1.0504620679736467,54.13617416745264,-0.0007305013905327673
2023-03-22,1.0774236917495728,1.0801469087600708,1.0759514570236206,1.0732046914100648,1.055179577959215,1.0959083480122502,1.0505010348078794,57.62763974778789,0.0002685038205740842
2023-03-23,1.0870392322540283,1.0928997993469238,1.0868619680404663,1.0734134745597839,1.0554965894447355,1.0964343571030752,1.0503925920164925,62.931969531227445,0.0018151920026163726
2023-03-24,1.0835057497024536,1.0839003324508667,1.0718917846679688,1.0733631110191346,1.0557752875567525,1.096282181314619,1.0504440407236502,59.961440168977475,0.0027244255371094983
2023-03-27,1.077818512916565,1.0795999765396118,1.074806571006775,1.0732702422142029,1.055994623132472,1.0960761791270193,1.0504643053013865,55.42658241153499,0.0029520577018737892
2023-03-28,1.0807071924209595,1.08489990234375,1.0804035663604736,1.073224127292633,1.0562405193442976,1.0959588684134882,1.050489386171778,57.1972851660473,0.003327196279155231
2023-03-29,1.0839520692825317,1.0871999263763428,1.0821340084075928,1.0733165526390076,1.0565162561596033,1.096189776805183,1.0504433284728323,59.15992152693773,0.0038420420790405974
2023-03-30,1.0843634605407715,1.0923947095870972,1.0826963186264038,1.0734081149101258,1.0567933427703613,1.0964232446143252,1.0503929852059264,59.414010713567755,0.004234444876428212
2023-03-31,1.0904649496078491,1.0925856828689575,1.086059331893921,1.0735496473312378,1.0571283836344159,1.0968998783167503,1.0501994163457253,63.08257764516335,0.004980355656069246
2023-04-03,1.0803335905075073,1.0915720462799072,1.078934907913208,1.0734261631965638,1.0573592812152426,1.0965610005831021,1.0502913258100255,54.304965137792635,0.004699802912386808
2023-04-04,1.091226577758789,1.0971648693084717,1.0883879661560059,1.0735021090507508,1.0576962692405514,1.0968485374090917,1.05015568069241,60.64549305773983,0.005295393872140952
2023-04-05,1.0960105657577515,1.0969241857528687,1.0905362367630005,1.0736460280418396,1.058077506021817,1.0974617399686253,1.049830316115054,63.06916221201437,0.006083307269333815
2023-04-06,1.090334177017212,1.0930156707763672,1.0885539054870605,1.0736086344718934,1.0583984679222687,1.0973110171823353,1.0499062517614515,58.46803648047466,0.006178475561116281
2023-04-07,1.0920130014419556,1.0925379991531372,1.0881037712097168,1.0736600303649901,1.0587329408926138,1.097513222606986,1.0498068381229944,59.411166230668954,0.006316550951112054
2023-04-10,1.0913575887680054,1.0918222665786743,1.0832475423812866,1.073744270801544,1.059057564254558,1.0978205612995746,1.0496679803035136,58.84931077646805,0.006300462556735553
2023-04-11,1.086932897567749,1.0926692485809326,1.0868029594421387,1.0737815403938293,1.059334930755187,1.0979350318431764,1.0496280489444823,55.06338378508534,0.0058630907268559795
2023-04-12,1.0917507410049438,1.099855899810791,1.091524362564087,1.0738946604728699,1.0596574761308064,1.0983348066507381,1.0494545142950016,58.21548813571475,0.005837934032033143
2023-04-13,1.0999890565872192,1.1068999767303467,1.0981649160385132,1.0738687372207643,1.060058785389079,1.098192774764061,1.0495446996774676,62.99546306504177,0.006408882775905678
2023-04-14,1.1054610013961792,1.1075423955917358,1.0978032350540161,1.0741677069664002,1.0605105487324333,1.0996658574083265,1.048669556524474,65.7944140165364,0.007219680006994578
2023-04-17,1.098659634590149,1.0999042987823486,1.0910717248916626,1.07455917596817,1.06089014162654,1.1009508996693207,1.0481674522670195,59.74540798248546,0.0072300852718167885
2023-04-18,1.0925379991531372,1.0983458757400513,1.0922753810882568,1.0749484062194825,1.061205045681531,1.1018205485885,1.048076263850465,54.8568392734298,0.006667507820257157
2023-04-19,1.0975382328033447,1.098659634590149,1.0918341875076294,1.0754397130012512,1.0615665699314993,1.1030524887084354,1.047826937294067,57.88788029440651,0.006549638053151341
2023-04-20,1.095218300819397,1.0989010334014893,1.0934339761734009,1.075912446975708,1.0619014130249114,1.1040597774083367,1.0477651165430792,56.008881975152974,0.006197584395837286
2023-04-21,1.0970927476882935,1.099251389503479,1.0939722061157227,1.0763697171211242,1.0622515755588755,1.1051413751328176,1.0475980591094307,57.21722505825063,0.006000659663599084
2023-04-24,1.0992271900177002,1.103423833847046,1.0968761444091797,1.0769988322257995,1.0626194921206549,1.1063724231000815,1.0476252413515175,58.61135247898116,0.005948259222583241
2023-04-25,1.1059499979019165,1.1068068742752075,1.0969241857528687,1.0776569938659668,1.0630506414319112,1.1081231008560075,1.047190886875926,62.730762198422106,0.006375710682948954
2023-04-26,1.0978394746780396,1.109410047531128,1.0969241857528687,1.0781423449516296,1.0633967989766488,1.1091118710436638,1.0471728188595955,55.54780158898825,0.00599095757354795
2023-04-27,1.1047282218933105,1.1065618991851807,1.0994206666946411,1.078853394985199,1.0638080569161181,1.1106052971670732,1.0471014928033249,59.76217907834636,0.00617076950132045
2023-04-28,1.1032048463821411,1.1043744087219238,1.0965633392333984,1.0795859789848328,1.0642000647715015,1.1118674723094837,1.0473044856601819,58.44264248514554,0.006119802799951168
2023-05-01,1.1010911464691162,1.103557825088501,1.0966956615447998,1.0802389121055602,1.0645671402112789,1.1129187877284532,1.0475590364826672,56.5760534668299,0.0058415160431390944
2023-05-02,1.0969241857528687,1.1005216836929321,1.0943553447723389,1.080812156200409,1.064889100863434,1.1136397278065058,1.047984584594312,52.98336810355288,0.005224508002253714
2023-05-03,1.1010911464691162,1.1058155298233032,1.100594401359558,1.0815299606323243,1.0652493202226947,1.1145333254548133,1.0485265958098353,55.992867687674945,0.005013965713941415
2023-05-04,1.1068925857543945,1.109139323234558,1.0986838340759277,1.0824562048912048,1.0656636810737563,1.1156586779973894,1.0492537317850201,59.84647517410324,0.005254664596693992
2023-05-05,1.102292776107788,1.1048002243041992,1.0971648693084717,1.0833059644699097,1.0660281496810602,1.11631647660933,1.0502954523304893,55.68300137742617,0.005016427742748686
2023-05-08,1.10186767578125,1.1053388118743896,1.1012487411499023,1.0842338013648987,1.066384761881062,1.1166541617512251,1.0518134409785722,55.30010655867256,0.004738696532067932
2023-05-09,1.0996140241622925,1.1001100540161133,1.0944032669067383,1.0850036716461182,1.066715401306746,1.117009307834221,1.0529980354580155,53.21110317944237,0.004287320137776218
2023-05-10,1.096467137336731,1.100473165512085,1.0942834615707397,1.0857783961296081,1.0670114384811737,1.1169540236452373,1.054602768613979,50.350884088443294,0.003633785607585205
2023-05-11,1.098406195640564,1.0998680591583252,1.0901321172714233,1.086408634185791,1.0673238241245508,1.1172988399017791,1.055518428469803,52.06082848859926,0.003235029181016813
2023-05-12,1.0912145376205444,1.0935176610946655,1.085564136505127,1.0870334601402283,1.0675615426667995,1.116990920013814,1.0570760002666426,45.765332711618704,0.0023120532306153407
2023-05-15,1.0852696895599365,1.0892059803009033,1.0848575830459595,1.0874864506721496,1.0677377431333979,1.1166105300034683,1.0583623713408308,41.31749197219574,0.0010883428460570777
2023-05-16,1.0873701572418213,1.090358018875122,1.0856702327728271,1.0878571963310242,1.0679330905374618,1.1164796963393888,1.0592346963226595,43.41020953049663,0.00028475130176941477
2023-05-17,1.0865668058395386,1.0875475406646729,1.081162929534912,1.088487033843994,1.06811850063997,1.1155062036482146,1.0614678640397734,42.78181072769855,-0.0004121732542137213
2023-05-18,1.0838346481323242,1.0849517583847046,1.0765421390533447,1.0890646767616272,1.0682748802170083,1.1143359908916293,1.0637933626316252,40.62778209004891,-0.0011714495382035839
2023-05-19,1.0775396823883057,1.082391619682312,1.0761018991470337,1.08944607257843,1.06836706730329,1.1133725639478849,1.0655195812089753,36.11585104114092,-0.002255136776884381
2023-05-22,1.0822745561599731,1.0830715894699097,1.0796570777893066,1.0897242712974549,1.0685054502769882,1.1129638863241333,1.0664846562707764,41.38842242708567,-0.002700769192619301
2023-05-23,1.0811045169830322,1.0821340084075928,1.0763798952102661,1.0898963403701782,1.0686308141248095,1.1127394740944898,1.0670532066458667,40.498915308864326,-0.0031124698607416512
2023-05-24,1.076971173286438,1.0799369812011719,1.0749683380126953,1.0899804496765138,1.068713802773184,1.1125959671029084,1.067364932250119,37.43788480475188,-0.003729283045343923
2023-05-25,1.0757315158843994,1.0754191875457764,1.0709964036941528,1.0903283715248109,1.0687836307643404,1.1114422066226988,1.069214536426923,36.54571890957969,-0.004268932335490083
2023-05-26,1.0724436044692993,1.0757546424865723,1.0702054500579834,1.0905489754676818,1.0688200484131458,1.1106351842233126,1.070462766712051,34.21668727338293,-0.00490536921603435
2023-05-29,1.0723055601119995,1.0745755434036255,1.0706294775009155,1.0906373763084412,1.068854730121592,1.1103519363459011,1.0709228162709812,34.1183743878113,-0.00535911254164656
2023-05-30,1.0707669258117676,1.0745755434036255,1.067338466644287,1.0906144189834595,1.0688737569443798,1.1104204287683896,1.0708084091985293,32.980913183346644,-0.005776276999718721
2023-05-31,1.073306918144226,1.0738831758499146,1.06516695022583,1.0905320835113526,1.0689178680010947,1.1105944782917028,1.0704696887310023,36.73083362676232,-0.0058346682608643174
2023-06-01,1.0695186853408813,1.0753995180130005,1.0664163827896118,1.0901816725730895,1.0689238462830826,1.1110873785307096,1.0692759666154694,33.7020464424365,-0.006116119663329478
2023-06-02,1.0760787725448608,1.077934741973877,1.071811318397522,1.0900331330299378,1.0689950395792196,1.1112358769372177,1.0688303891226578,42.53840422651673,-0.005743618852255938
2023-06-05,1.0698620080947876,1.0722709894180298,1.0674750804901123,1.0898740029335021,1.0690036661316134,1.1115647354507994,1.0681832704162049,37.44501710692642,-0.0058822433711955835
2023-06-06,1.0711798667907715,1.073306918144226,1.0667349100112915,1.0896834564208984,1.0690253198695154,1.1118647160369672,1.0675021968048295,39.10944334608079,-0.005818689883264172
2023-06-07,1.0698047876358032,1.074021577835083,1.0668829679489136,1.0894005107879638,1.0690330757676874,1.1122315872998678,1.0665694342760599,37.97408362753931,-0.005812280332337938
2023-06-08,1.0707440376281738,1.078283429145813,1.0702168941497803,1.089128122329712,1.0690501002638118,1.1125225111771742,1.0657337334822499,39.27092453594612,-0.005666095866182719
2023-06-09,1.078271746635437,1.0787487030029297,1.0747718811035156,1.0888842582702636,1.0691418579391514,1.1124751486151867,1.0652933679253405,48.5547161925317,-0.004886491980539587
2023-06-12,1.0750954151153564,1.0789697170257568,1.073433518409729,1.0887794947624208,1.0692010973140391,1.1125710441466352,1.0649879453782063,45.400869547405655,-0.004473387268540074
2023-06-13,1.0762988328933716,1.0822510719299316,1.076055645942688,1.0884809398651123,1.0692717215486593,1.1125205080552416,1.064441371674983,46.81051602712793,-0.00400275181937082
2023-06-14,1.078934907913208,1.085835337638855,1.077574610710144,1.0881394267082214,1.0693678726567644,1.1122275051772332,1.0640513482392095,49.86403013996787,-0.0033781197499849203
2023-06-15,1.084304690361023,1.0938525199890137,1.0804269313812256,1.0880188369750976,1.069516497708548,1.1121224337137003,1.0639152402364949,55.47183120322092,-0.0024218798450850176
2023-06-16,1.0945948362350464,1.0970999002456665,1.0920130014419556,1.0880704736709594,1.0697660334152794,1.1122200136620843,1.0639209336798345,63.822656143220726,-0.0008242229285593261
2023-06-19,1.0942115783691406,1.0949305295944214,1.0911003351211548,1.0881275534629822,1.0700092726685517,1.112322254498558,1.0639328524274063,63.346149462003815,0.00040632215267533134
2023-06-20,1.0924304723739624,1.0945229530334473,1.0894551277160645,1.0882375049591064,1.0702323691830333,1.112459997508232,1.0640150124099808,61.06441200767843,0.0012237114428859108
2023-06-21,1.0920368432998657,1.0961307287216187,1.0906671285629272,1.0882432270050049,1.0704493291244943,1.1124692419258153,1.0640172120841944,60.54536293008964,0.0018187701179903648
2023-06-22,1.0992635488510132,1.1011154651641846,1.095110297203064,1.0882287168502807,1.0707360377784896,1.1124268699099105,1.0640305637906509,66.22201030704385,0.002840746786405779
2023-06-23,1.0958904027938843,1.0958904027938843,1.0845046043395996,1.0880373048782348,1.0709863299676976,1.1118270520516036,1.064247557704866,61.75568570965745,0.00333998469828356
2023-06-26,1.0906671285629272,1.0921800136566162,1.088814616203308,1.0878774547576904,1.0711821588094412,1.1114825689485772,1.0642723405668035,55.51217927143497,0.003276391560125047
2023-06-27,1.091048002243042,1.0976104736328125,1.0903223752975464,1.0878476548194884,1.0713798288933576,1.1114325075182068,1.06426280212077,55.86259310913421,0.0032196131664190553
2023-06-28,1.0957223176956177,1.0962508916854858,1.0899657011032104,1.087811336517334,1.0716220427122856,1.1113408086205667,1.0642818644141014,60.024182336450394,0.0035113177867531764
2023-06-29,1.0915838479995728,1.094067931175232,1.0862362384796143,1.0877386474609374,1.0718206676405173,1.1111970713716874,1.0642802235501874,55.07311866670245,0.0033697119404727527
2023-06-30,1.0868029594421387,1.0933741331100464,1.0836466550827026,1.0875328516960143,1.0719697451708818,1.1108363593023172,1.0642293440897115,49.9475722938103,0.0028389844900535977
2023-07-03,1.0907504558563232,1.093135118484497,1.0871810913085938,1.0873633170127868,1.0721566179140205,1.110441822420276,1.0642848116052976,53.77311401473451,0.0027057192842747657
2023-07-04,1.091309905052185,1.0918222665786743,1.0890754461288452,1.0870705151557922,1.0723471978855446,1.1095502339051917,1.0645907964063928,54.30614103598523,0.002615103240850125
2023-07-05,1.0884946584701538,1.0906195640563965,1.086507797241211,1.0868836188316344,1.0725078691351426,1.1091522912214804,1.0646149464417884,51.112250276102856,0.0022897279439781926
2023-07-06,1.0856584310531616,1.0901559591293335,1.083435297012329,1.0865022230148316,1.072638720497511,1.1081685172946418,1.0648359287350213,48.046464235528525,0.0017824587528341151
2023-07-07,1.0890636444091797,1.096467137336731,1.0868619680404663,1.0862193989753723,1.072802152576234,1.1073585502937127,1.065080247657032,51.78568256697846,0.0016363536570864756
2023-07-10,1.0969723463058472,1.0992755889892578,1.0944511890411377,1.086137022972107,1.0730426520163296,1.1070707342153894,1.0652033117288247,59.14096539667383,0.002134129546396357
2023-07-11,1.100594401359558,1.1025601625442505,1.0978635549545288,1.0862104272842408,1.0733167987759638,1.107323498509581,1.0650973560589005,62.000135088556306,0.0027887432013209423
2023-07-12,1.101406455039978,1.1125946044921875,1.1012852191925049,1.086216733455658,1.0735962978432674,1.1073481265457952,1.065085340365521,62.63148774680505,0.003334615809157837
2023-07-13,1.1144545078277588,1.1196202039718628,1.113065242767334,1.0863679718971253,1.0740028471963468,1.1081999847345645,1.0645359590596861,70.97587940000959,0.004765162766355413
2023-07-14,1.1223469972610474,1.12447988986969,1.1206114292144775,1.0867690563201904,1.0744838835153985,1.1104534575448861,1.0630846550954947,74.66158990561848,0.006461258111928103
2023-07-17,1.1227755546569824,1.125112533569336,1.1205486059188843,1.087187213897705,1.0749643976561107,1.1126324810919384,1.0617419467034717,74.84836033694116,0.00775066208534958
2023-07-18,1.1237596273422241,1.1275737285614014,1.1220070123672485,1.0876701259613037,1.0754499223296043,1.1149298150987712,1.0604104368238363,75.29860961648548,0.008751053764940231
2023-07-19,1.1228890419006348,1.123974323272705,1.1176306009292603,1.0881985640525818,1.075921953370112,1.1171275873653288,1.0592695407398347,74.03591571518686,0.009365660900162887
2023-07-20,1.120523452758789,1.12296462059021,1.1133129596710205,1.0886409091949463,1.0763657493839298,1.1188548430009282,1.0584269753889644,70.57284505668358,0.009551751562880462
2023-07-21,1.113709807395935,1.1147029399871826,1.110962986946106,1.089090814590454,1.0767373320507159,1.1201201060210486,1.0580615231598596,61.63071472313296,0.009045158559563893
2023-07-24,1.112532615661621,1.114504098892212,1.1068804264068604,1.089636073112488,1.0770935040269438,1.1213420682322646,1.0579300779927112,60.21122199249405,0.008451269446426934
2023-07-25,1.1063170433044434,1.1088933944702148,1.1022076606750488,1.0900150108337403,1.0773842855122922,1.1220615328227972,1.0579684888446834,53.238811805606275,0.007393831811385976
2023-07-26,1.1050456762313843,1.1086474657058716,1.1038380861282349,1.0903845882415772,1.07765952323089,1.1226939363089963,1.0580752401741582,51.91456414049237,0.006379675244641225
2023-07-27,1.1078368425369263,1.115200161933899,1.0984907150268555,1.090864632129669,1.077959795064781,1.1234884728193257,1.0582407914400125,54.585333752194295,0.005735062423335879
2023-07-28,1.0978755950927734,1.1046794652938843,1.0947027206420898,1.0912713503837586,1.0781579622292385,1.123723747987854,1.0588189527796632,44.98286905931354,0.0043700376256474716
2023-07-31,1.1024264097213745,1.1045451164245605,1.100618600845337,1.0916743874549866,1.0783994393187124,1.1241712418699146,1.0591775330400586,49.365300087847494,0.0036138007018124974
2023-08-01,1.0997591018676758,1.1002310514450073,1.095446228981018,1.0920474791526795,1.0786119732744235,1.1244772947659334,1.0596176635394257,47.00208652613448,0.0027673477765548515
2023-08-02,1.1007881164550781,1.1007033586502075,1.0919772386550903,1.0925238180160521,1.0788326314155245,1.1247487891041283,1.060298846927976,48.035609413126586,0.002154722314717805
2023-08-03,1.0944151878356934,1.0953983068466187,1.0913575887680054,1.0928974914550782,1.0789876817281632,1.1247589410126548,1.0610360418975016,42.50690899143864,0.001141808090766805
2023-08-04,1.095158338546753,1.1040940284729004,1.0936251878738403,1.093351786136627,1.0791485837860597,1.1246659185147168,1.0620376537585374,43.326063189972935,0.00039448494535365697
2023-08-07,1.1002674102783203,1.1012003421783447,1.096611499786377,1.0939110231399536,1.079358721363097,1.124685100870266,1.063136945409641,48.73397312409191,0.00021204108129069255
2023-08-08,1.100315809249878,1.1009820699691772,1.0930992364883423,1.0945020008087158,1.0795672496007764,1.1245892163465991,1.0644147852708326,48.783830793832784,7.054519599480891e-05
2023-08-09,1.0958904027938843,1.0994327068328857,1.0955902338027954,1.0949536705017089,1.0797296690355336,1.1244136987044773,1.0654936422989405,44.52036532192527,-0.0003941412142847156
2023-08-10,1.0977671146392822,1.1058399677276611,1.096803903579712,1.095518639087677,1.0799091461062176,1.1240567768049734,1.0669805013703806,46.64974197066199,-0.0006040109188392151
2023-08-11,1.0981649160385132,1.1004369258880615,1.0951822996139526,1.09596036195755,1.0800907955582804,1.1239487682954505,1.0679719556196494,47.11310392102312,-0.0007298219897755587
2023-08-14,1.094439148902893,1.0960345268249512,1.087748646736145,1.0964519047737122,1.0802335652433013,1.123413945652325,1.0694898638950994,43.318300060159714,-0.001117287050589777
2023-08-15,1.0909883975982666,1.0949664115905762,1.0900845527648926,1.096848075389862,1.0803405785005646,1.122859821780644,1.0708363289990799,40.09692480032447,-0.0016833975350658559
2023-08-16,1.0904173851013184,1.0934697389602661,1.0897756814956665,1.0972603273391723,1.0804408452329104,1.1221519305831942,1.0723687240951505,39.572503794938875,-0.0021532982273884116
2023-08-17,1.0874884128570557,1.0917268991470337,1.0862362384796143,1.09759521484375,1.0805109702838969,1.1214600897811549,1.0737303399063451,36.90612533956079,-0.0027305652368427857
2023-08-18,1.0874648094177246,1.089561939239502,1.0846457481384277,1.0977790760993957,1.0805801627130893,1.1211733167576534,1.074384835441138,36.88455695836717,-0.0031536053022382937
2023-08-21,1.087559461593628,1.0913575887680054,1.0870628356933594,1.0980283570289613,1.0806496084730948,1.1206901896756905,1.0753665243822321,37.04344822486709,-0.003441557826026065
2023-08-22,1.0898351669311523,1.093199610710144,1.0834001302719116,1.0982990837097169,1.0807410070647172,1.1202124289487343,1.0763857384706994,40.89602407420107,-0.0034464038752763937
2023-08-23,1.0846692323684692,1.0870510339736938,1.0802985429763794,1.098413770198822,1.08078009388366,1.1199705844790608,1.076856955918583,35.57417389259972,-0.0038230227237032732
2023-08-24,1.086578607559204,1.0876895189285278,1.081548810005188,1.0984592485427855,1.080837790537148,1.1199038720358077,1.0770146250497634,38.74692851489965,-0.003922212430489624
2023-08-25,1.07991361618042,1.0839755535125732,1.076669692993164,1.098165624141693,1.0808285947724043,1.1202195960141828,1.0761116522692034,32.69432924260175,-0.0044869078101199555
2023-08-28,1.0797386169433594,1.0821340084075928,1.0799369812011719,1.0978761649131774,1.0808177492218667,1.1205141451128622,1.0752381847134926,32.550553946631226,-0.004892160165663073
2023-08-29,1.0825556516647339,1.0856702327728271,1.0783531665802002,1.097678668498993,1.0808350417834873,1.1206799455255096,1.0746773914724763,37.32831001097633,-0.004929193740914384
2023-08-30,1.0869210958480835,1.094546914100647,1.085611343383789,1.0975763535499572,1.080895599535374,1.1207251030374794,1.074427604062435,43.95372739840202,-0.004553794940619804
2023-08-31,1.0932546854019165,1.0939722061157227,1.0837171077728271,1.0974561762809754,1.0810185755141455,1.12063154928247,1.0742808032794806,51.89889479277614,-0.0037025403612729324
2023-09-01,1.0844104290008545,1.0880801677703857,1.0785857439041138,1.0972265768051148,1.0810523253000828,1.1206909284433064,1.0737622251669232,42.77911754412448,-0.003698933547780614
2023-09-04,1.07758629322052,1.080905795097351,1.0774004459381104,1.0969649600982665,1.081017837418694,1.1210122701621585,1.0729176500343744,37.32858795627299,-0.0041983301117347605
2023-09-05,1.0794472694396973,1.07991361618042,1.0707554817199707,1.0967329454421997,1.0810022098766146,1.121232863462474,1.0722330274219254,39.58906592258958,-0.0043932970647360126
2023-09-06,1.0726161003112793,1.0748181343078613,1.0705147981643677,1.096270821094513,1.0809187660003425,1.121702500193127,1.070839141995899,34.648724656376146,-0.005040919456223536
2023-09-07,1.0724204778671265,1.0734220743179321,1.068764328956604,1.095887553691864,1.080834205919415,1.1221708806904702,1.0696042266932577,34.51589070053737,-0.005506474750441415
2023-09-08,1.0697818994522095,1.0742061138153076,1.0695072412490845,1.0955471324920654,1.0807242327207363,1.1227360312738746,1.0683582337102562,32.69517742493363,-0.006018959088121889
2023-09-11,1.071811318397522,1.0756852626800537,1.0711455345153809,1.0951683497428895,1.0806355470060773,1.1231462573586048,1.067190442127174,35.512797292375865,-0.0061899950597481546
2023-09-12,1.0750375986099243,1.0762641429901123,1.070617914199829,1.0948429036140441,1.080579846027011,1.1233770426943115,1.0663087645337768,39.82563198650733,-0.0059960892649078
2023-09-13,1.075326681137085,1.0765421390533447,1.0717424154281616,1.094579544067383,1.080527575729599,1.1235918978058457,1.06556719032892,40.21147580665187,-0.005752776554362793
2023-09-14,1.0734220743179321,1.0755001306533813,1.065507411956787,1.0943348169326783,1.0804568742230152,1.1238562887462349,1.0648133451191217,38.46164506383164,-0.005648522677778711
2023-09-15,1.0637166500091553,1.068764328956604,1.0634677410125732,1.0938278770446777,1.0802903048278525,1.1245643134220453,1.06309144066731,31.047424729625007,-0.006276693543516565
2023-09-18,1.0668259859085083,1.0698162317276,1.0656323432922363,1.093224949836731,1.080156331505272,1.1248786406768152,1.0615712589966468,35.347357915001666,-0.006449282742154727
2023-09-19,1.0692671537399292,1.071926236152649,1.0676347017288208,1.0925984048843385,1.0800479814777562,1.1248904422054269,1.06030636756325,38.585506490179,-0.006316269065166358
2023-09-20,1.0682048797607422,1.0726966857910156,1.0675777196884155,1.0919343733787537,1.0799301396696266,1.124846646927288,1.0590220998302193,37.70062993358493,-0.0062248156007354005
2023-09-21,1.065303087234497,1.0673611164093018,1.0619093179702759,1.0909513449668884,1.079784596859327,1.1240537453266193,1.0578489446071575,35.3179358053183,-0.006313707981400407
2023-09-22,1.0661548376083374,1.0671560764312744,1.0615260601043701,1.0898275017738341,1.0796489773642923,1.122390405119773,1.0572645984278952,36.584839040819695,-0.0062434560221118485
2023-09-25,1.0648492574691772,1.0655415058135986,1.0577309131622314,1.088668975830078,1.0795017164698135,1.1205621996539397,1.0567757520062164,35.43901711605692,-0.006221413660299158
2023-09-26,1.0591648817062378,1.060895323753357,1.0568143129348755,1.0873770809173584,1.0792993599050018,1.1186965216625706,1.0560576401721462,30.90112471754159,-0.0065866991794518714
2023-09-27,1.0569483041763306,1.057373046875,1.0509058237075806,1.0860582661628724,1.0790769613405375,1.116822627638791,1.0552939046869538,29.324294518920595,-0.006974650438387853
2023-09-28,1.0505305528640747,1.0578652620315552,1.049185872077942,1.084658408164978,1.0787929174751,1.115391428275898,1.0539253880540578,25.29899219394234,-0.0077110750286928376
2023-09-29,1.0562450885772705,1.0617965459823608,1.0558546781539917,1.0835091137886048,1.078568560968654,1.1141054200715819,1.0529128075056278,33.98811289484925,-0.007744309963876983
2023-10-02,1.0565240383148193,1.0590976476669312,1.0492738485336304,1.0823889422416686,1.0783492124845362,1.1127483302730712,1.052029554210266,34.38930621047378,-0.007659842085440571
2023-10-03,1.0480751991271973,1.049428105354309,1.0449867248535156,1.0812241053581237,1.0780479785207815,1.1122971189241309,1.0501510917921166,28.699891783984242,-0.008180353374163118
2023-10-04,1.0472300052642822,1.0532413721084595,1.045369029045105,1.0800677919387818,1.0777413320207168,1.1118181545258545,1.048317429351709,28.19732243248933,-0.00856236083588291
2023-10-05,1.0507071018218994,1.0536853075027466,1.0500892400741577,1.078925197124481,1.0774723347053057,1.1107085215695527,1.0471418726794095,33.36685363849308,-0.008486702445615446
2023-10-06,1.0546631813049316,1.0598160028457642,1.0483938455581665,1.0780609488487243,1.0772453779550533,1.1100901231210258,1.0460317745764227,38.76841099937718,-0.00801512668313431
2023-10-09,1.056747317314148,1.0576413869857788,1.0521442890167236,1.0771473670005798,1.077041417152656,1.1089448725784228,1.0453498614227368,41.46070149185981,-0.007388062154151553
2023-10-10,1.0578875541687012,1.061954379081726,1.0555983781814575,1.0763099360466004,1.0768508314513232,1.107881470601566,1.0447384014916348,42.938924776373376,-0.006721618775193283
2023-10-11,1.0604791641235352,1.063354730606079,1.0592771768569946,1.0755037569999695,1.0766879292888576,1.106578739088016,1.044428774911923,46.26050938405358,-0.005916138766504986
2023-10-12,1.0624282360076904,1.0639089345932007,1.0545964241027832,1.0748640179634095,1.0765460417935226,1.1056657294192147,1.0440623065076042,48.68005838850256,-0.0050621627829958715
2023-10-13,1.0536741018295288,1.0558546781539917,1.0496152639389038,1.074034333229065,1.0763184603013436,1.1048396677264625,1.0432289987316674,39.974544275586155,-0.005033740305478984
2023-10-16,1.0521553754806519,1.055464744567871,1.0516352653503418,1.0730720925331116,1.07607803159666,1.1035366384883487,1.0426075465778746,38.68212142053627,-0.005075259380206809
2023-10-17,1.0554312467575073,1.0595004558563232,1.0533411502838135,1.0721744012832641,1.0758725909514943,1.102000799292892,1.0423480032736363,42.96553917215296,-0.004788627791253441
2023-10-18,1.057305932044983,1.0595465898513794,1.0527091026306152,1.071402711868286,1.0756878480768028,1.1007168014603341,1.042088622276238,45.31961839446222,-0.00435994008134899
2023-10-19,1.053851842880249,1.0585371255874634,1.0528864860534668,1.0705244064331054,1.075470574393255,1.0992397573619903,1.0418090555042205,41.88899144765414,-0.0042499275915011125
2023-10-20,1.0586491823196411,1.0601080656051636,1.056579828262329,1.0697340917587281,1.0753031973576967,1.0975039810526974,1.0419642024647588,47.7993612509617,-0.00373260950210752
2023-10-23,1.0589966773986816,1.064736008644104,1.057183027267456,1.0690252423286437,1.0751409434277563,1.096019756582481,1.0420307280748065,48.21025816715649,-0.0032570460411252
2023-10-24,1.0669853687286377,1.0690499544143677,1.0584250688552856,1.0685451817512512,1.0750597934307502,1.0947887497244622,1.0423016137780403,56.65697521830109,-0.002210061730089752
2023-10-25,1.059535264968872,1.0606703758239746,1.0566803216934204,1.0679275393486023,1.0749053205107315,1.0935154681810981,1.0423396105161065,48.68271577478052,-0.0019588992594867793
2023-10-26,1.056725025177002,1.0569707155227661,1.0526316165924072,1.0673122715950012,1.0747244220496994,1.0924559916770213,1.042168551512981,46.04983727890579,-0.001963974580622363
2023-10-27,1.0564459562301636,1.0597710609436035,1.053629755973816,1.06669189453125,1.0745425467679128,1.0913317332258863,1.0420520558366138,45.7850285315089,-0.001967831405412346
2023-10-30,1.0562450885772705,1.0625998973846436,1.054841160774231,1.066065607070923,1.0743604825073094,1.09012558115591,1.0420056329859357,45.58184928622564,-0.0019644513355450144
2023-10-31,1.061503529548645,1.0669056177139282,1.0567585229873657,1.0654989743232728,1.0742325526271237,1.0885889947238616,1.042408953922684,51.63298409994839,-0.0015199394502054542
2023-11-01,1.0579099655151367,1.0580778121948242,1.0522881746292114,1.064963788986206,1.0740701388250145,1.0874733767114941,1.042454201260918,47.72716806803759,-0.0014410199820262815
2023-11-02,1.05870521068573,1.067008137702942,1.0584250688552856,1.0644063210487367,1.0739172539679072,1.0860966833493662,1.0427159587481072,48.652848848971146,-0.0012993282485389557
2023-11-03,1.0619093179702759,1.0736998319625854,1.0615485906600952,1.0640462350845337,1.073797772017682,1.0852787774586978,1.0428136927103695,52.31673441255167,-0.00091791074520442
2023-11-06,1.0732147693634033,1.075700283050537,1.0723400115966797,1.0639157581329346,1.0737919709962465,1.0848325328533674,1.0429989834125017,62.487747843659655,0.0002932405237567881
2023-11-07,1.0721560716629028,1.0721560716629028,1.0664732456207275,1.063707766532898,1.0737756933909395,1.0840674095945049,1.0433481234712911,61.171860609549135,0.0011543519233445654
2023-11-08,1.0696102380752563,1.071604609489441,1.0660640001296997,1.0633615493774413,1.0737342460743655,1.0826716857661156,1.044051412988767,58.00843465720145,0.0016127704040829194
2023-11-09,1.0710422992706299,1.0728002786636353,1.0681477785110474,1.0629173016548157,1.0737074605340298,1.0803513131842855,1.045483290125346,59.28395621741166,0.0020677895324510143
2023-11-10,1.0667576789855957,1.0692557096481323,1.0657685995101929,1.0625642466545104,1.0736383084788215,1.078902220122843,1.0462262731861778,53.998938935035866,0.0020589283762983968
2023-11-13,1.069015622138977,1.0705492496490479,1.0665528774261475,1.0623928332328796,1.073592311599818,1.0782605879920506,1.0465250784737086,56.214214352336654,0.002208643125151788
2023-11-14,1.0701825618743896,1.08672034740448,1.0693585872650146,1.0622075390815735,1.0735583837418536,1.0774671522718757,1.0469479258912713,57.35716135688914,0.002393860492746036
2023-11-15,1.0878314971923828,1.0887316465377808,1.0832945108413696,1.0625118470191957,1.0737004047712122,1.079162157800479,1.0458615362379122,70.07846426589795,0.003919585629558631
2023-11-16,1.0854581594467163,1.0893957614898682,1.0830950736999512,1.0627726006507874,1.073817397355048,1.0804339387274433,1.0451112625741314,67.17626608586514,0.004880960596016282
2023-11-17,1.0853756666183472,1.089229702949524,1.0825204849243164,1.06308447599411,1.0739324050094092,1.0817719378554156,1.0443970141328045,67.07229155602795,0.005571970494014478
2023-11-20,1.090702772140503,1.0945110321044922,1.0897995233535767,1.0634623050689698,1.0740992743340967,1.083579177550207,1.0433454325877325,70.2721741347022,0.006474816062657984
2023-11-21,1.0945948362350464,1.0967316627502441,1.0922993421554565,1.0638534498214722,1.0743032102734096,1.0855847067346969,1.0421221929082476,72.38376769541985,0.007418864671699499
2023-11-22,1.0918222665786743,1.0922515392303467,1.0854581594467163,1.064183361530304,1.074477529241621,1.0870943869365788,1.0412723361240293,68.6432461598784,0.00785278478116136
2023-11-23,1.0890873670578003,1.0927051305770874,1.0888028144836426,1.0644966673851013,1.0746229007621801,1.0883331125431313,1.0406602222270713,65.07115072053531,0.007885091631283592
2023-11-24,1.0906314849853516,1.0944151878356934,1.089561939239502,1.0650349640846253,1.0747821901574355,1.0899889454687488,1.0400809827005018,66.14243500735105,0.007943722170400402
2023-11-27,1.0940439701080322,1.0959264039993286,1.0925856828689575,1.0655793237686157,1.0749738496594314,1.0918457574393206,1.039312890097911,68.44574984717948,0.00817135206501729
2023-11-28,1.0958423614501953,1.1007153987884521,1.0935057401657104,1.066110827922821,1.0751814965429216,1.0937228843908142,1.038498771454828,69.61875851521981,0.008400035171399534
2023-11-29,1.100594401359558,1.1016855239868164,1.096118688583374,1.0667586183547975,1.0754343612674653,1.0960404501893999,1.037476786520195,72.52518107377446,0.008862556057529503
2023-11-30,1.0973695516586304,1.098538875579834,1.0894907712936401,1.06739994764328,1.0756526218683724,1.0979297056656145,1.0368701896209456,67.7859589341789,0.008866679213739515
2023-12-01,1.0892059803009033,1.0913456678390503,1.0831537246704102,1.0678609704971314,1.0757874811562582,1.0990040054739905,1.0367179355202722,57.53617663926655,0.008117639763843165
2023-12-04,1.088814616203308,1.0887316465377808,1.0805671215057373,1.068340277671814,1.0759171043905573,1.1000270530918443,1.0366535022517838,57.09049557513736,0.007407056850710747
2023-12-05,1.0837758779525757,1.0848339796066284,1.078260064125061,1.0688324975967407,1.0759953011424181,1.1007016044015125,1.0369633907919689,51.55358448716813,0.0063639708121501215
2023-12-06,1.0793657302856445,1.0803686380386353,1.0773192644119263,1.069280846118927,1.0760288377508085,1.1010982508442175,1.0374634413936363,47.23552610550014,0.005122407625463898
2023-12-07,1.076669692993164,1.0796804428100586,1.0757662057876587,1.0698036289215087,1.0760352144198866,1.1012200034383737,1.0383872544046437,44.76696036537682,0.003876229417401067
2023-12-08,1.079214334487915,1.0800535678863525,1.0731456279754639,1.0702630138397218,1.0760668474553894,1.1015415985957824,1.0389844290836612,47.55296768076892,0.00305869675918502
2023-12-11,1.0765769481658936,1.077934741973877,1.0743216276168823,1.070664072036743,1.0760719230843496,1.1017371915605463,1.0395909525129399,45.01839282243217,0.0021729329840776135
2023-12-12,1.076658010482788,1.0822042226791382,1.0761829614639282,1.071235728263855,1.0760777547997569,1.101657498595942,1.040813957931768,45.1152226926468,0.001460662256961287
2023-12-13,1.0798670053482056,1.0808240175247192,1.0774004459381104,1.0718884682655334,1.0761154587853135,1.1016001454602111,1.0421767910708557,48.94821168488013,0.0011419578616531645
2023-12-14,1.0886130332946777,1.1004126071929932,1.088020920753479,1.072646586894989,1.076239812760531,1.102085454274568,1.0432077195154101,57.632679095849845,0.0015769357600714518
2023-12-15,1.0993602275848389,1.100594401359558,1.0902271270751953,1.0735405278205872,1.0764698666393797,1.1034610809675867,1.0436199746735877,65.4176304079672,0.002757085672177695
2023-12-18,1.0895264148712158,1.0930036306381226,1.0894551277160645,1.0741961097717285,1.076599782542184,1.10405117622526,1.044341043318197,55.388641949968026,0.0028658210771892456
2023-12-19,1.092382788658142,1.098799705505371,1.091607689857483,1.0748860144615173,1.0767568273791588,1.1047970649655001,1.0449749639575345,57.43011023623007,0.0031462125817574016
2023-12-20,1.0981045961380005,1.09797203540802,1.0935654640197754,1.0756385231018066,1.0769692429886994,1.1059605374367927,1.0453165087668206,61.254974520754345,0.003786478743766475
2023-12-21,1.0945708751678467,1.099976897239685,1.0936251878738403,1.0762813758850098,1.0771443836073973,1.1068223621472424,1.0457403896227773,57.80089926460973,0.003963068750641563
2023-12-22,1.100618600845337,1.1040574312210083,1.0994206666946411,1.0772202658653258,1.0773779579082723,1.1078108420075,1.0466296897231517,61.77370353329369,0.00453869922317085
2023-12-25,1.102657437324524,1.1042402982711792,1.0999890565872192,1.0782303071022035,1.0776294950168919,1.108777878325393,1.047682735879014,63.03708691233958,0.005100610916817905
2023-12-26,1.1020255088806152,1.1039965152740479,1.1009578704833984,1.0791621923446655,1.077872241423496,1.1097137637172694,1.0486106209720616,62.34926741525259,0.0054323182548698945
2023-12-27,1.1043012142181396,1.1122480630874634,1.1029249429702759,1.0801020979881286,1.078135216277174,1.1108004127246882,1.049403783251569,63.877835949244066,0.005811833908418107
2023-12-28,1.110864281654358,1.113945484161377,1.1071009635925293,1.0812423467636108,1.0784608786192356,1.1121951912817123,1.0502895022455092,67.92254188968292,0.006566493046042732
2023-12-29,1.1068191528320312,1.1086474657058716,1.1043256521224976,1.0822057461738586,1.07874305050195,1.1132866513414725,1.0511248410062446,63.22357469400235,0.0067602300364628665
2024-01-01,1.1055831909179688,1.1053388118743896,1.1039965152740479,1.0831374764442443,1.0790101165757413,1.1141716454256432,1.0521033074628454,61.81639496047199,0.006736383365881338
2024-01-02,1.1038745641708374,1.1046061515808105,1.0941996574401855,1.0838752603530883,1.0792575240144986,1.115095525373601,1.0526549953325757,59.833756221443444,0.006504631466186073
2024-01-03,1.0941756963729858,1.0967004299163818,1.0898706912994385,1.0845680689811708,1.0794059635404536,1.1151138526570004,1.0540222853053411,50.0255364112467,0.005475233755015685
2024-01-04,1.0927767753601074,1.0970205068588257,1.0917030572891235,1.0852891039848327,1.0795390064441317,1.1148380301752734,1.055740177794392,48.783390146536256,0.004494734911846043
2024-01-05,1.0947387218475342,1.0996382236480713,1.0879853963851929,1.0860549592971802,1.0796902473934191,1.1145176016447658,1.0575923169495947,50.63470944582821,0.003831824313922816
2024-01-08,1.0942236185073853,1.0978153944015503,1.092454433441162,1.0868145298957825,1.0798348580512696,1.1140298404748685,1.0595992193166965,50.122444502933554,0.003227691535550248
2024-01-09,1.095170259475708,1.0967316627502441,1.0912623405456543,1.0874878644943238,1.0799874491102193,1.113798021368534,1.0611777076201137,51.101522440372406,0.002793100843009988
2024-01-10,1.0932426452636719,1.0969723463058472,1.0923351049423218,1.0881945180892945,1.0801193416092587,1.1131238807851265,1.0632651553934624,48.992593059790906,0.0022670095559511605
2024-01-11,1.0975141525268555,1.0991426706314087,1.0931470394134521,1.088970696926117,1.0802924243049563,1.1125315766950774,1.0654098171571567,53.565713964069076,0.0021697419240542803
2024-01-12,1.0981649160385132,1.098659634590149,1.0937089920043945,1.0896958088874817,1.0804702600435987,1.1120584699974119,1.0673331477775516,54.2388503892756,0.002120721445018958
2024-01-15,1.0945708751678467,1.0958904027938843,1.0934100151062012,1.0901229310035705,1.0806105646717006,1.1120115273045459,1.068234334702595,49.93357003044635,0.0017714432060060847
2024-01-16,1.0945708751678467,1.094666838645935,1.086708426475525,1.0905712270736694,1.0807494732338512,1.1118680279117557,1.069274426235583,49.933570030446354,0.001477604777081254
2024-01-17,1.087878942489624,1.0884946584701538,1.0845398902893066,1.0909366011619568,1.080820413226446,1.1113751473141744,1.0704980550097392,42.62699858951819,0.0006967212954491764
2024-01-18,1.0885775089263916,1.0907504558563232,1.084869384765625,1.091287305355072,1.0808975982582865,1.1109183427649003,1.0716562679452437,43.55550192681322,0.00013270425157152488
2024-01-19,1.0879143476486206,1.0892653465270996,1.0868265628814697,1.0917104387283325,1.0809674166601804,1.1100532027382533,1.0733676747184118,42.846596411907605,-0.00036360349728981056
2024-01-22,1.089229702949524,1.0909883975982666,1.0880327224731445,1.0921147203445434,1.0810496284640545,1.109268348662784,1.0749610920263029,44.766829327502144,-0.0006433763420827798
2024-01-23,1.088020920753479,1.0918222665786743,1.0824267864227295,1.0924714875221253,1.0811189945564865,1.1084661315079718,1.0764768435362788,43.32620058240355,-0.0009516667364957154
2024-01-24,1.0857881307601929,1.0931470394134521,1.0851871967315674,1.0924306201934815,1.08116545362319,1.1084839879100619,1.076377252476901,40.71954775947536,-0.0013604738912809111
2024-01-25,1.088174819946289,1.0900371074676514,1.0826143026351929,1.0924849534034728,1.0812351985617283,1.108460199704865,1.0765097071020806,44.55922359883976,-0.0014748692610533354
2024-01-26,1.0847046375274658,1.0883287191390991,1.0813382863998413,1.0924715328216552,1.081269720342482,1.1084722634356265,1.0764708022076839,40.456154977050346,-0.0018245113048431794
2024-01-29,1.0843517780303955,1.084975242614746,1.079715371131897,1.0923445129394531,1.0813003875831577,1.1085026134749587,1.0761864124039475,40.05229321000667,-0.002105803563364095
2024-01-30,1.0834470987319946,1.085564136505127,1.0812681913375854,1.0921215581893922,1.0813217478930963,1.108459559945235,1.0757835564335494,38.977946117375474,-0.0023743596237486564
2024-01-31,1.08433997631073,1.088565707206726,1.0807656049728394,1.0919719123840332,1.081351780016655,1.1084575027265817,1.0754863220414848,40.66946722889215,-0.0024864818627978735
2024-02-01,1.0803920030593872,1.086555004119873,1.078027606010437,1.091798005104065,1.0813422299971798,1.108588433501488,1.075007576706642,35.927249026437195,-0.0028609289833816387
2024-02-02,1.0874648094177246,1.0897995233535767,1.0783065557479858,1.0917346715927123,1.0814031511854438,1.1085668970258844,1.0749024461595402,47.69422664646095,-0.0025574835822235187
2024-02-05,1.0780043601989746,1.0787487030029297,1.072466492652893,1.0914138793945312,1.081369332369658,1.1086724411130975,1.0741553176759648,37.71657242551287,-0.003045276056518942
2024-02-06,1.0741831064224243,1.076310396194458,1.0724550485610962,1.090980694293976,1.0812978276338647,1.1088616282434751,1.0730997603444767,34.570643496513085,-0.0036975750079393244
2024-02-07,1.075719952583313,1.0784345865249634,1.0756388902664185,1.090483205318451,1.0812423263895807,1.1086541793616904,1.0723122312752116,36.8519611192865,-0.004043900418492008
2024-02-08,1.077574610710144,1.0789813995361328,1.074310064315796,1.0900873064994812,1.0812058317062032,1.1085067525273637,1.0716678604715986,39.58939986598155,-0.0041212037195652584
2024-02-09,1.0777255296707153,1.0794472694396973,1.0763914585113525,1.0898576974868774,1.0811712018352033,1.108605283295526,1.071110111678229,39.81802060904144,-0.004122764580023697
2024-02-12,1.0798202753067017,1.0805437564849854,1.0757662057876587,1.0896778106689453,1.0811577597801934,1.1086376512334615,1.0707179701044292,43.040153613927195,-0.0039099021882809115
2024-02-13,1.0772264003753662,1.079563856124878,1.0702054500579834,1.089546821117401,1.0811186417761653,1.108761871414924,1.070331770819878,40.17199714557647,-0.003905491167184305
2024-02-14,1.0708931684494019,1.0734450817108154,1.069553017616272,1.0893773698806763,1.081016895772914,1.1091015721401665,1.0696531676211862,34.18245855936628,-0.004362743299539673
2024-02-15,1.0732147693634033,1.0786322355270386,1.072524070739746,1.089308271408081,1.080939262674312,1.1092373226457877,1.0693792201703745,37.84110216483297,-0.004486072466512336
2024-02-16,1.0773887634277344,1.0780508518218994,1.0734450817108154,1.0892717599868775,1.0809039343235998,1.1092828124908534,1.0692607074829017,43.88109700975553,-0.0041986063618122405
2024-02-19,1.0784927606582642,1.0789813995361328,1.0762988328933716,1.089310076236725,1.0808799425458353,1.1092290394012578,1.069391113072192,45.39252072575716,-0.0038374681091208895
2024-02-20,1.0775396823883057,1.0838581323623657,1.0762524604797363,1.0893277096748353,1.0808467061263574,1.109202469080563,1.0694529502691075,44.28368781542846,-0.0035868222391273186
2024-02-21,1.0813149213790894,1.0822510719299316,1.0791910886764526,1.089356667995453,1.0808513649845937,1.1091793146469022,1.0695340213440037,49.5416276187735,-0.0030484131367150002
2024-02-22,1.0820403099060059,1.0886249542236328,1.0805087089538574,1.0892252135276794,1.0808631952823191,1.109154874045909,1.06929555300945,50.50807564387952,-0.0025339771410914924
2024-02-23,1.0825674533843994,1.0839403867721558,1.0813733339309692,1.0888893580436707,1.0808801530743797,1.108687444072448,1.0690912720148935,51.2389805571139,-0.0020600004323854115
2024-02-26,1.0820051431655884,1.0859060287475586,1.0813382863998413,1.088738932609558,1.0808913470056356,1.1086313304189965,1.0688465348001195,50.38420368825904,-0.001710032026410957
2024-02-27,1.0850930213928223,1.0866140127182007,1.0833649635314941,1.0885931372642517,1.0809331547109806,1.1084833849567028,1.0687028895718005,54.83953082981054,-0.001170026242618416
2024-02-28,1.084481120109558,1.0847163200378418,1.0798670053482056,1.088320667743683,1.0809684578492749,1.1080517119265942,1.0685896235607717,53.808395757725876,-0.0007824237936666645
2024-02-29,1.0838816165924072,1.085587739944458,1.0805671215057373,1.088106882572174,1.0809974445034354,1.107793099978172,1.068420665166176,52.761664080327776,-0.0005176537932218839
2024-03-01,1.0804970264434814,1.0841518640518188,1.079925298690796,1.087704451084137,1.0809924652192566,1.1071681208915094,1.0682407812767645,47.18139507250287,-0.0005743095165116063
2024-03-04,1.084269404411316,1.0866494178771973,1.0838581323623657,1.0873366904258728,1.0810250715793766,1.1063365127066496,1.068336868145096,53.13134047419264,-0.00031122262972882453
2024-03-05,1.0855170488357544,1.0875357389450073,1.084269404411316,1.0870065212249755,1.0810697678704848,1.1055323253909413,1.0684807170590098,54.93928238269806,-2.0265377960182462e-06
2024-03-06,1.0855995416641235,1.0914051532745361,1.084293007850647,1.0866324877738953,1.081114840246541,1.1044756698127487,1.068789305735042,55.062711847848426,0.00024682483151194923
2024-03-07,1.089953899383545,1.0940918922424316,1.086932897567749,1.086214280128479,1.081202791083725,1.102665200549994,1.0697633597069642,61.117120804266996,0.0007863372058065643
2024-03-08,1.0950144529342651,1.0978032350540161,1.0927051305770874,1.0859781861305238,1.0813402205548746,1.1015367570521168,1.0704196152089307,66.7276847736835,0.0016037618597324332
2024-03-11,1.0942955017089844,1.09505033493042,1.0914647579193115,1.0857524323463439,1.0814691288250649,1.1004538695075494,1.0710509951851384,65.28637690731595,0.002168565557974178
2024-03-12,1.093135118484497,1.0942115783691406,1.0903223752975464,1.0855376434326172,1.0815852083241637,1.0994510954398693,1.071624191425365,62.92397624551649,0.0024937963970022015
2024-03-13,1.0927767753601074,1.0949305295944214,1.0920488834381104,1.0855096650123597,1.0816965672001433,1.0993576906747755,1.0716616393499439,62.17574761630786,0.0026916017749563093
2024-03-14,1.0955302715301514,1.0954701900482178,1.0884116888046265,1.0855647349357604,1.0818342159994467,1.099551917867564,1.071577552003957,65.56417895212802,0.0030355560900525713
2024-03-15,1.0883406400680542,1.0901559591293335,1.0873819589614868,1.0854367733001709,1.0818989565374428,1.0991966103377728,1.0716769362625689,52.3715681466017,0.0026969108802306074
2024-03-18,1.0882576704025269,1.0907504558563232,1.0880801677703857,1.0853174543380737,1.08196222732217,1.0988681682238464,1.071766740452301,52.24092927792836,0.0023942378692427546
2024-03-19,1.087393879890442,1.0877841711044312,1.0835057497024536,1.0851619267463684,1.0820162736163819,1.098426555039129,1.0718972984536077,50.819640921178234,0.0020609097671429044
2024-03-20,1.0863306522369385,1.0874292850494385,1.0836936235427856,1.0850236868858338,1.082059202756885,1.0980871250382729,1.0719602487333948,49.0506775789567,0.0016914532388121462
2024-03-21,1.0937210321426392,1.0944511890411377,1.0856467485427856,1.0849478244781494,1.0821752408602259,1.097756777589901,1.0721388713663977,59.582083399412625,0.0019722631508161115
2024-03-22,1.0862362384796143,1.08695650100708,1.080905795097351,1.0847092509269713,1.0822156487967372,1.0969449341464843,1.0724735677074584,48.620668567995246,0.0015727174261244148
2024-03-25,1.0807539224624634,1.0843634605407715,1.080263614654541,1.0844329118728637,1.0822011042560977,1.0963802320884686,1.0724855916572589,42.45910812680138,0.0008044245700704611
2024-03-26,1.0838228464126587,1.0864133834838867,1.082602620124817,1.08421795129776,1.0822172409939739,1.095801999501892,1.0726339030936283,46.5430600877313,0.0004381329373364107
2024-03-27,1.0832358598709106,1.0839285850524902,1.081174612045288,1.0841250896453858,1.082227376505187,1.0956637030784666,1.072586476212305,45.87243083828309,9.93342082191706e-05
2024-03-28,1.0813382863998413,1.0828369855880737,1.0775513648986816,1.0839803051948547,1.0822185298374722,1.0954724647493068,1.0724881456404025,43.68125224128689,-0.0003186117875930705
2024-03-29,1.0794472694396973,1.0807305574417114,1.0768898725509644,1.0838109636306763,1.082190955107146,1.0953160365219747,1.0723058907393779,41.551196054957416,-0.0007932818063451919
2024-04-01,1.0792726278305054,1.0801469087600708,1.0731571912765503,1.083611822128296,1.0821619170247914,1.0950786971950173,1.0721449470615747,41.35064945745293,-0.0011700655470541221
2024-04-02,1.0737217664718628,1.0778765678405762,1.072535514831543,1.0833258390426637,1.0820779354272498,1.0950541467669854,1.071597531318342,35.48780646542474,-0.0018947361583041555
2024-04-03,1.076855182647705,1.0831888914108276,1.0764726400375366,1.0831471800804138,1.0820259677379012,1.094993947616373,1.0713004125444545,40.607021995251834,-0.0021909464732241535
2024-04-04,1.0838346481323242,1.087583065032959,1.0835057497024536,1.0830603766441345,1.0820439645577462,1.094820065643734,1.071300687644535,50.10456346435266,-0.0018412855533973538
2024-04-05,1.0837054252624512,1.084845781326294,1.0791677236557007,1.0830403923988343,1.0820604965050566,1.0947920697297915,1.0712887150678772,49.94531591317204,-0.0015566597562191031
2024-04-08,1.0830481052398682,1.085835337638855,1.0821573734283447,1.0830143189430237,1.0820703234576419,1.0947599038089482,1.0712687340770992,49.09061123206205,-0.0013683584097334833
2024-04-09,1.0863661766052246,1.0888501405715942,1.0849870443344116,1.0830727005004883,1.0821130682650806,1.0948560235070806,1.071289377493896,53.42353808745328,-0.0009405455830882037
2024-04-10,1.0859296321868896,1.0868383646011353,1.073375940322876,1.0831044936180114,1.0821510440254967,1.0949103296662255,1.0712986575697974,52.786980504874805,-0.0006294701815314774
2024-04-11,1.074171543121338,1.0755810737609863,1.0700452327728271,1.0829800844192505,1.0820716460065498,1.0950311449564596,1.0709290238820415,39.22876171628062,-0.0013165439071189944
2024-04-12,1.0726851224899292,1.072961449623108,1.062371850013733,1.0826844906806945,1.0819782477626032,1.0950085121412938,1.0703604692200952,37.903372792716596,-0.0019584210483940545
2024-04-15,1.0649627447128296,1.0665528774261475,1.0623606443405151,1.0824236583709717,1.0818089392745458,1.0956695385003101,1.0691777782416332,31.87753460600574,-0.0030550281920287414
2024-04-16,1.0625749826431274,1.065405249595642,1.0604116916656494,1.0821914958953858,1.0816175566214967,1.0963989147130424,1.0679840770777291,30.274856196785777,-0.0040698549432627296
2024-04-17,1.0621461868286133,1.0652689933776855,1.0608166456222534,1.0819200205802917,1.0814238116484332,1.0971164763467156,1.0667235648138678,29.98332460837638,-0.004852772947885775
2024-04-18,1.0669398307800293,1.0691757202148438,1.0647813081741333,1.0817073249816895,1.0812796924358121,1.0974402536889627,1.0659743962744164,37.257222338336135,-0.005028469041447492
2024-04-19,1.0644185543060303,1.0680338144302368,1.0611768960952759,1.0814411854743957,1.081111919917108,1.097883259914336,1.0649991110344554,35.18668332023597,-0.005309945653514836
2024-04-22,1.065825343132019,1.067121982574463,1.0625072717666626,1.0811612868309022,1.0809598146754653,1.0981822755918245,1.06414029806998,37.281106591145196,-0.005357741091055468
2024-04-23,1.065405249595642,1.0709964036941528,1.0639317035675049,1.0809248638153077,1.0808050428836262,1.0984886758724055,1.06336105175821,36.897663561116076,-0.005367642515494264
2024-04-24,1.0704345703125,1.0715816020965576,1.0679197311401367,1.0809156918525695,1.0807018541018238,1.0985013514575317,1.0633300322476074,44.285665721902454,-0.004913030953062947
2024-04-25,1.0699878931045532,1.0731916427612305,1.0678740739822388,1.0808511543273926,1.0805952475247367,1.0985753065670305,1.0631270020877548,43.795235097964316,-0.004536497216144797
2024-04-26,1.072961449623108,1.0752919912338257,1.0675548315048218,1.0807626080513,1.0805192893366609,1.0986012282321027,1.0629239878704972,47.92927898565952,-0.0039525873898296204
2024-04-29,1.0706866979599,1.0735372304916382,1.0690956115722656,1.0806064867973328,1.0804214526065439,1.0986615128862673,1.0625514607083983,45.19088893258306,-0.0036315261213790695
2024-04-30,1.0715701580047607,1.0736525058746338,1.068433165550232,1.0804870963096618,1.0803333800234416,1.0987031261218907,1.0622710664974329,46.47006042179383,-0.0032681220342978268
2024-05-01,1.0666552782058716,1.0688670873641968,1.0650080442428589,1.0801939034461976,1.0801972795078438,1.0988227742499304,1.0615650326424648,40.769447994372186,-0.003338230359894334
2024-05-02,1.0721560716629028,1.0730764865875244,1.0675777196884155,1.0799962186813354,1.080117267489486,1.098754444513569,1.0612379928491018,48.399068556186876,-0.002916306289531212
2024-05-03,1.073306918144226,1.080940842628479,1.0725010633468628,1.079811007976532,1.080049502819384,1.0986483147277615,1.0609737012253024,49.854415691194056,-0.0024606993209130845
2024-05-06,1.0758124589920044,1.079214334487915,1.0756388902664185,1.0796871542930604,1.0800073431793107,1.098546997643195,1.0608273109429258,52.96471114939452,-0.0018758279323332072
2024-05-07,1.0767507553100586,1.0789813995361328,1.0755810737609863,1.079520308971405,1.0799749393199152,1.0983324954014533,1.0607081225413566,54.11256331092825,-0.0013213685577055934
2024-05-08,1.0750491619110107,1.0758472681045532,1.0735719203948975,1.079331669807434,1.0799259266093788,1.0981299701237717,1.0605333694910963,51.65083591482951,-0.00100764437799028
2024-05-09,1.0746910572052002,1.078283429145813,1.0725126266479492,1.0791478586196899,1.079873838356601,1.0979443001045208,1.060351417134859,51.1237234958457,-0.0007789327108367328
2024-05-10,1.078515887260437,1.0793308019638062,1.0762062072753906,1.079108235836029,1.0798603264053952,1.0979014211809792,1.060315050491079,56.25833937308035,-0.00028575128389296545
2024-05-13,1.077040672302246,1.0807305574417114,1.0766464471817017,1.0789636611938476,1.0798322701456624,1.0977059386354788,1.0602213837522163,53.90613066533037,-1.3780119460404805e-05
2024-05-14,1.079354166984558,1.0828369855880737,1.0776442289352417,1.0788404035568238,1.0798275129002783,1.0974875892354843,1.0601932178781632,56.94629694423242,0.00038401202242410726
2024-05-15,1.0814552307128906,1.0874292850494385,1.0813616514205933,1.078757517337799,1.0798437090974187,1.0973187181590078,1.0601963165165902,59.55528084062183,0.0008589025504066594
2024-05-16,1.0889805555343628,1.089680790901184,1.0855170488357544,1.0787380504608155,1.0799346229923137,1.09725330671001,1.060222794211621,67.21777308416422,0.0018214905275997229
2024-05-17,1.0867793560028076,1.087890625,1.0836349725723267,1.0785733485221862,1.080002729788438,1.0966386839762605,1.060508013068112,63.43215716430749,0.002379302905759717
2024-05-20,1.0875475406646729,1.0884946584701538,1.0855052471160889,1.0784383893013,1.0800778025334752,1.096121090524678,1.060755688077922,64.19011707056386,0.0028505005208685485
2024-05-21,1.086082935333252,1.0875475406646729,1.0845986604690552,1.0782973456382752,1.0801375550986472,1.0956102053648158,1.0609844859117346,61.569797390138284,0.0030703534917848607
2024-05-22,1.0855170488357544,1.0864840745925903,1.0822510719299316,1.078152151107788,1.080191082399514,1.0950870113682678,1.0612172908473083,60.541467501295166,0.0031624712442206437
2024-05-23,1.0825204849243164,1.086130142211914,1.0813032388687134,1.0778919553756714,1.0802142605340892,1.0941221098695906,1.0616618008817522,55.276627587571824,0.0029595615787580964
2024-05-24,1.0812681913375854,1.0856584310531616,1.0806137323379517,1.077750506401062,1.0802247474077558,1.0937303228142259,1.061770689987898,53.194689549657944,0.002666961508257515
2024-05-27,1.0847634077072144,1.08672034740448,1.0841753482818604,1.0776806211471557,1.0802699082067553,1.0935026649694946,1.0618585773248168,57.95458582103208,0.0026861443940950913
2024-05-28,1.0861891508102417,1.0889450311660767,1.0859060287475586,1.0776565265655518,1.0803288061431084,1.0934217628510658,1.0618912902800377,59.75259593093554,0.0027842968810287694
2024-05-29,1.0851871967315674,1.085894227027893,1.080952525138855,1.0776336574554444,1.0803771483380185,1.0933507796867603,1.0619165352241284,57.87937689316336,0.0027495391379512846
2024-05-30,1.0801819562911987,1.0845986604690552,1.0788999795913696,1.0773628759384155,1.0803752061285974,1.0924005598372346,1.0623251920395964,49.52657977080154,0.0022916950689242377
2024-05-31,1.0835410356521606,1.0882576704025269,1.081162929534912,1.0773089718818665,1.0804067069198766,1.092235742903978,1.062382200859755,54.293780015702254,0.0021748298918553566
2024-06-03,1.0853049755096436,1.0890873670578003,1.0828019380569458,1.07739999294281,1.0804554459108195,1.092467346999711,1.062332638885909,56.61131014459523,0.002199197620482707
2024-06-04,1.0907385349273682,1.0918222665786743,1.0860711336135864,1.0775383067131044,1.0805577652045166,1.0929689026371774,1.0621077107890313,62.85862496318889,0.0026266733999325
2024-06-05,1.0881866216659546,1.0889924764633179,1.0860947370529175,1.0776373219490052,1.0806336742240334,1.0932792321826006,1.0619954117154098,58.591662267354664,0.0027280852928937005
2024-06-06,1.087453007698059,1.0898706912994385,1.0863661766052246,1.0777596163749694,1.0807015282884516,1.093613804929974,1.0619054278199649,57.38567198793767,0.0027179278521292094
2024-06-07,1.0894432067871094,1.090179681777954,1.0804970264434814,1.0779595351219178,1.0807885101640602,1.0941491314217813,1.0617699388220543,59.802893209929344,0.0028377585269856453
2024-06-10,1.0778882503509521,1.078283429145813,1.073364496231079,1.0779318475723267,1.080759651857462,1.0941170124510513,1.0617466826936022,44.14592025948476,0.0019775409237525743
2024-06-11,1.0764262676239014,1.0773539543151855,1.0721101760864258,1.0779859375953675,1.0807165336063818,1.094131703042451,1.061840172148284,42.6253307823924,0.0011644197814690838
2024-06-12,1.0740330219268799,1.0851753950119019,1.073502779006958,1.077929494380951,1.0806500310026057,1.0941110862948757,1.0617479024670262,40.18517793652181,0.00032317512970148066
2024-06-13,1.0813149213790894,1.0817828178405762,1.075384497642517,1.0778790998458863,1.0806566468272474,1.0940012136393291,1.0617569860524434,49.63310480418958,0.00024128967359593467
2024-06-14,1.0738831758499146,1.0745755434036255,1.0668145418167114,1.0776826548576355,1.08058924910608,1.0937542880890136,1.0616110216262573,42.29120283836013,-0.00041846113535082274
2024-06-17,1.0702168941497803,1.0726161003112793,1.068764328956604,1.0774260306358336,1.0804860415940771,1.0935576317961626,1.0612944294755047,39.209780459048325,-0.0012230580456717988
2024-06-18,1.0740677118301392,1.0761250257492065,1.0711110830307007,1.077180061340332,1.0804221776163265,1.0931292839852755,1.0612308386953884,43.838409766048166,-0.0015323145217560619
2024-06-19,1.0742292404174805,1.075326681137085,1.0726275444030762,1.0769460535049438,1.0803605563506664,1.0927136028007545,1.061178504209133,44.03091741867648,-0.0017442617365441837
2024-06-20,1.0751532316207886,1.0750375986099243,1.0707554817199707,1.076965687274933,1.0803087421742497,1.0927215757379993,1.0612097988118665,45.18832102809967,-0.0018167309200995962
2024-06-21,1.0706409215927124,1.0722709894180298,1.0671902894973755,1.0769248032569885,1.080212544954533,1.0927365377559453,1.0611130687580317,40.75588247849692,-0.0022127616397105143
2024-06-24,1.0687757730484009,1.074702501296997,1.0684444904327393,1.0770010638237,1.080098746229099,1.0926128311709373,1.0613892964764626,39.05079909897656,-0.0026466122396389125
2024-06-25,1.0732723474502563,1.0745755434036255,1.0692213773727417,1.0772150111198426,1.0800308218631403,1.0923043018530045,1.0621257203866807,45.02244171894749,-0.0025976617631995325
2024-06-26,1.0709619522094727,1.0720411539077759,1.0667691230773926,1.0773913264274597,1.0799405843541485,1.0919589419999962,1.0628237108549232,42.707100209489965,-0.0027140123007161066
2024-06-27,1.068010926246643,1.0726161003112793,1.0677828788757324,1.077412748336792,1.0798218812884022,1.0919206607138556,1.0629048359597282,39.885639508522566,-0.003009650692663346
2024-06-28,1.0708472728729248,1.0720986127853394,1.0686043500900269,1.0775413227081299,1.0797325817021786,1.0916886638731431,1.0633939815431166,43.73329651465835,-0.0029807169304949532
2024-07-01,1.0735257863998413,1.077818512916565,1.072075605392456,1.0776953315734863,1.0796708225449414,1.0914852373104365,1.0639054258365361,47.1720504217937,-0.002710409149663251
2024-07-02,1.0737102031707764,1.0746102333068848,1.0710651874542236,1.077861430644989,1.0796115128994273,1.091241080334288,1.06448178095569,47.41035976938112,-0.0024530303863765646
2024-07-03,1.0748412609100342,1.081560492515564,1.0737102031707764,1.0779495644569397,1.079564047705503,1.0911868305244543,1.064712298389425,48.931942965764605,-0.0021331987677197795
2024-07-04,1.0793308019638062,1.0816657543182373,1.0784229040145874,1.0781364226341248,1.0795617268523519,1.0911772773261275,1.0650955679421221,54.55282247010882,-0.001500168455164097
2024-07-05,1.0810693502426147,1.0838346481323242,1.0810693502426147,1.0782985806465148,1.0795767280801156,1.091278281041134,1.0653188802518958,56.547352917539705,-0.0008484209862749115
2024-07-08,1.082602620124817,1.0847163200378418,1.0815136432647705,1.0785368990898132,1.07960683645867,1.0913830335433117,1.0656907646363147,58.28607950700129,-0.0002058118848751178
2024-07-09,1.0830950736999512,1.0834236145019531,1.0806254148483276,1.078767397403717,1.0796415452869415,1.0915165273081218,1.0660182674993124,58.855532495468715,0.0003392862647777495
2024-07-10,1.0814785957336426,1.0828721523284912,1.081186294555664,1.0790638637542724,1.079659824395864,1.091344166177702,1.066783561330843,56.14605652403571,0.0006335411452302875
2024-07-11,1.083329677581787,1.0898351669311523,1.0832945108413696,1.0792873358726502,1.0796963403479627,1.091460756148599,1.0671139155967015,58.50200424284039,0.0010045275249783714
2024-07-12,1.0872756242752075,1.091119408607483,1.086307168006897,1.0795667099952697,1.0797717561084328,1.0918208182951508,1.0673126016953887,63.058040759343626,0.0015985151367918782
2024-07-15,1.0885539054870605,1.0921919345855713,1.088435411453247,1.0798215389251709,1.0798591406793643,1.0922851258177229,1.0673579520326189,64.42079091121411,0.002147644500419821
2024-07-16,1.0901559591293335,1.0906314849853516,1.0872164964675903,1.0800896430015563,1.0799615965843392,1.0928566405309075,1.0673226454722051,66.10822182399713,0.002681198628567083
2024-07-17,1.0902509689331055,1.0947147607803345,1.0896332263946533,1.0803936791419984,1.080063978398755,1.0933926679999448,1.0673946902840519,66.21057153200097,0.0030762495266634104
2024-07-18,1.094020128250122,1.0942115783691406,1.0905362367630005,1.0807802605628967,1.0802028455614552,1.09422892614384,1.0673315949819533,70.07186384783415,0.00365137904161017
2024-07-19,1.0901559591293335,1.0901559591293335,1.0877368450164795,1.0810130620002747,1.0803018815173546,1.0947025706722089,1.0673235533283405,62.22151862284323,0.00375211512440754
2024-07-22,1.0899182558059692,1.0901559591293335,1.0873701572418213,1.0812706136703492,1.0803975668336592,1.0951384692870914,1.067402758053607,61.76312542737221,0.0037693181706108803
2024-07-23,1.0889805555343628,1.0900371074676514,1.084445834159851,1.0814631414413451,1.080482969706303,1.0954887898893768,1.0674374929933135,59.8887512826115,0.003665038847016966
2024-07-24,1.0850694179534912,1.0866494178771973,1.0826728343963623,1.0815354251861573,1.08052860600727,1.0955981110763449,1.0674727392959698,52.704253406771066,0.0032295721186954562
2024-07-25,1.0839520692825317,1.0864368677139282,1.0829308032989502,1.0814348554611206,1.0805626703184668,1.0953513817878215,1.0675183291344197,50.82827914300589,0.0027624570145643457
2024-07-26,1.0851283073425293,1.0868501663208008,1.084269404411316,1.081401834487915,1.0806080995425869,1.0952743657602493,1.0675293032155808,52.73552737677595,0.0024588336071160732
2024-07-29,1.0853756666183472,1.0871928930282593,1.0803102254867554,1.0813583970069884,1.0806555380209526,1.0951658323433349,1.067550961670642,53.147099500504694,0.0022126634881591833
2024-07-30,1.081946611404419,1.0837758779525757,1.0799952745437622,1.081275670528412,1.0806683845222806,1.0950169746126759,1.067534366444148,47.03284706755097,0.001721036756946237
2024-07-31,1.0816072225570679,1.0851871967315674,1.0808707475662231,1.081197474002838,1.0806777261942686,1.0948846556023468,1.0675102924033293,46.463103041576396,0.0012891724098316182
2024-08-01,1.082391619682312,1.0837758779525757,1.0778300762176514,1.081194896697998,1.0806947798608162,1.094881109962299,1.067508683433697,48.03004868395523,0.000998698718694957
2024-08-02,1.0787602663040161,1.0926215648651123,1.0782949924468994,1.0811447381973267,1.0806755309697038,1.0948482267144792,1.0674412496801742,41.9139248581246,0.00047005782259912365
2024-08-05,1.0910836458206177,1.1007397174835205,1.089372158050537,1.0812711429595947,1.0807790943015536,1.0952251834903415,1.067317102428848,60.36112779531816,0.0010335853119098903
2024-08-06,1.0950982570648193,1.0963108539581299,1.0904649496078491,1.0814493250846864,1.0809215735330289,1.0958791033005923,1.0670195468687804,64.33487800314975,0.001783570591540773
2024-08-07,1.0926215648651123,1.093637228012085,1.0906909704208374,1.0815980124473572,1.0810379913572288,1.0963349394879163,1.0668610854067981,60.31755955728916,0.0021532694175823153
2024-08-08,1.0928125381469727,1.0946906805038452,1.0882340669631958,1.0818506240844727,1.0811551510267785,1.096917788592996,1.0667834595759496,60.522264002712845,0.002433615148018653
2024-08-09,1.0915720462799072,1.093135118484497,1.0909645557403564,1.0820112442970276,1.0812588017258147,1.0973212299222737,1.0667012586717814,58.41434272128728,0.002526569116679811
2024-08-12,1.091381311416626,1.0939722061157227,1.0913337469100952,1.0821327710151671,1.0813595232152755,1.0976446042558639,1.0666209377744704,58.07939107114304,0.00255538817292833
2024-08-13,1.0936251878738403,1.0962508916854858,1.0915720462799072,1.0821905040740967,1.0814815696297886,1.0978538180453998,1.0665271901027935,60.918532538347606,0.0027278446646055166
2024-08-14,1.0996986627578735,1.1048502922058105,1.098828673362732,1.082420744895935,1.0816628342380283,1.09876734626129,1.0660741435305803,67.36183062373661,0.003316367323596081
2024-08-15,1.1013215780258179,1.1016855239868164,1.09505033493042,1.0826981163024902,1.0818584436289516,1.099844331301389,1.0655519013035915,68.84017515210104,0.0038691305413465216
2024-08-16,1.0972732305526733,1.1004369258880615,1.0973695516586304,1.0828547167778015,1.0820118245933668,1.1003909695178047,1.0653184640377984,61.3724251607418,0.0039351693831355394
2024-08-19,1.1024993658065796,1.1072603464126587,1.1023900508880615,1.0833469390869142,1.0822156807248415,1.101677808041213,1.0650160701326152,66.43449908807622,0.004358963659685022
2024-08-20,1.1086474657058716,1.1117286682128906,1.107248067855835,1.0839913630485534,1.0824786835604738,1.1035533234489818,1.064429402648125,71.21376185064085,0.005131768128609604
2024-08-21,1.112792730331421,1.1148271560668945,1.11055588722229,1.0847665572166443,1.0827803158666525,1.1057388713468908,1.0637942430863978,73.91101093634016,0.006009436407684365
2024-08-22,1.115536093711853,1.1157476902008057,1.1099271774291992,1.0854509806632995,1.0831062440044157,1.1081278479975853,1.0627741133290136,75.54419052378424,0.006847428446906223
2024-08-23,1.111716389656067,1.1195951700210571,1.110679268836975,1.0862076449394227,1.0833909220706013,1.1098147597147763,1.062600530164069,69.06165730986687,0.00712123580712376
2024-08-26,1.1187934875488281,1.1201093196868896,1.1152873039245605,1.0871791768074035,1.083743186403718,1.1120639130559038,1.0622944405589032,73.58451068751019,0.007819158376436208
2024-08-27,1.1164700984954834,1.1179554462432861,1.1151255369186401,1.0880272245407105,1.0840688273200538,1.1139563304525846,1.0620981186288365,69.96818535921945,0.008091515013363804
2024-08-28,1.117793083190918,1.1181930303573608,1.1105434894561768,1.0888985013961792,1.0844043920550874,1.11584299133518,1.0619540114571784,70.84677338513808,0.008318226086223346
2024-08-29,1.1124955415725708,1.1140199899673462,1.1056320667266846,1.0896453475952148,1.0846839059806346,1.1171000475653745,1.062190647625055,62.91026531004393,0.007978458209806805
2024-08-30,1.1080454587936401,1.109570026397705,1.1053999662399292,1.0903934383392333,1.0849163592424556,1.1177728297240648,1.0630140469544018,57.12148253242625,0.007266343347516635
2024-09-02,1.1044842004776,1.1077632904052734,1.1042524576187134,1.0911076068878174,1.0851110641303674,1.1180447293325348,1.0641704844431,52.92445157269185,0.006341522283787482
2024-09-03,1.1067456007003784,1.107051968574524,1.1033751964569092,1.09177707195282,1.0853263331509646,1.118568398795258,1.064985745110382,55.1766450651705,0.005725075915061106
2024-09-04,1.1048868894577026,1.1093976497650146,1.1040817499160767,1.0924555706977843,1.0855209655520266,1.118810024612454,1.0661011167831147,52.93497247655369,0.005028588821457403
2024-09-05,1.1080454587936401,1.112112045288086,1.1075178384780884,1.0932562613487244,1.0857450898628884,1.1190050871932353,1.0675074355042136,56.19208419525623,0.004677567839632468
2024-09-06,1.1111111640930176,1.1149640083312988,1.1067211627960205,1.0940615391731263,1.085997488611447,1.1194659997573853,1.0686570785888674,59.147240195112886,0.004593803472174418
2024-09-09,1.1087212562561035,1.109139323234558,1.10349702835083,1.0947654485702514,1.08622359575219,1.1197950666278522,1.0697358305126505,55.97713330650478,0.004285177163418474
2024-09-10,1.1037527322769165,1.1050333976745605,1.101624846458435,1.0953662991523743,1.0863980150210928,1.1197673674542306,1.070965230850518,49.97971777335799,0.003598192505359199
2024-09-11,1.1020983457565308,1.1054977178573608,1.100279450416565,1.0959114408493043,1.0865542372174652,1.1196497813651642,1.0721731003334443,48.13058169138961,0.0028869777658762086
2024-09-12,1.1010911464691162,1.1047526597976685,1.1006548404693604,1.0963466477394104,1.0866988830806659,1.1196379256734736,1.073055369805347,46.990724803956894,0.0022165118272181594
2024-09-13,1.1077877283096313,1.1102476119995117,1.1073951721191406,1.0968810153007507,1.0869087223366756,1.1199667464037326,1.0737952841977687,54.67630986262379,0.0022001588673739025
2024-09-16,1.1088441610336304,1.1135361194610596,1.1087088584899902,1.097405846118927,1.087126985408287,1.120359430925415,1.0744522613124392,55.76588150667213,0.0022465475193547135
2024-09-17,1.1129536628723145,1.1146159172058105,1.1113086938858032,1.0980030179023743,1.0873839672736008,1.1209905515622587,1.07501548424249,59.81301874749534,0.002585113732176625
2024-09-18,1.1123099327087402,1.1140819787979126,1.110913634300232,1.0986196446418761,1.0876319868301694,1.1214515002568568,1.0757877890268954,58.90387246790045,0.0027695604815134445
2024-09-19,1.1114816665649414,1.118067979812622,1.107051968574524,1.0991826844215393,1.0878692970762864,1.1218635129763264,1.0765018558667523,57.68886000037547,0.002816435587254862
2024-09-20,1.1161960363388062,1.1181679964065552,1.1137346029281616,1.0997610926628112,1.088151155178401,1.1226763635013013,1.076845821824321,62.43808776675542,0.003197140047078495
2024-09-23,1.1160838603973389,1.1168192625045776,1.1084877252578735,1.100311691761017,1.0884290925437636,1.1234497279332938,1.0771736555887401,62.259014286216505,0.0034500296194490687
2024-09-24,1.1111727952957153,1.1163455247879028,1.1103955507278442,1.1007320284843445,1.0886553980437832,1.1238806297310173,1.0775834272376716,54.84310562429987,0.0032170800213824347
2024-09-25,1.1191190481185913,1.1212396621704102,1.1141688823699951,1.1013093900680542,1.08895851894005,1.1248280667503283,1.07779071338578,62.604693808824486,0.0036317968860171135
2024-09-26,1.1131023168563843,1.118956208229065,1.112681269645691,1.1016910338401795,1.0891987557352374,1.125345825060064,1.078036242620295,54.90891913057922,0.0034353623415401824
2024-09-27,1.117717981338501,1.1199839115142822,1.1126564741134644,1.1022422742843627,1.0894825291243246,1.1260837385164721,1.0784008100522533,59.06599531777439,0.003610512359779383
2024-09-30,1.1169815063476562,1.1208375692367554,1.1136106252670288,1.1027835392951966,1.0897561507882383,1.1267116697725266,1.0788554088178666,58.14487317827194,0.003647842575827731
2024-10-01,1.113660216331482,1.1145787239074707,1.1061090230941772,1.103277132511139,1.0899940021866785,1.1270608553350647,1.0794934096872133,54.05115315003673,0.003370572828412133
2024-10-02,1.1063904762268066,1.108217477798462,1.1034117937088013,1.1037035536766053,1.0901571511821027,1.126912423046295,1.0804946843069156,46.35763853262714,0.002535005321905537
2024-10-03,1.1048502922058105,1.1048502922058105,1.1009578704833984,1.1041215181350708,1.0903033515902987,1.1266203915262663,1.0816226447438753,44.89949691320945,0.0017286057829744017
2024-10-04,1.103557825088501,1.1039965152740479,1.0956143140792847,1.1044901084899903,1.0904352368987384,1.1263126286377618,1.0826675883422188,43.65847754093639,0.0009740092712289261
2024-10-07,1.0974539518356323,1.0985027551651,1.095554232597351,1.104731674194336,1.0905050748583096,1.125949595261445,1.0835137531272272,38.27760689843033,-0.00011521730682018116
2024-10-08,1.0975743532180786,1.0997470617294312,1.096166729927063,1.105044229030609,1.0905754159365162,1.1253322284340086,1.0847562296272095,38.43878343099362,-0.0009576822670132046
2024-10-09,1.0975743532180786,1.098056435585022,1.094067931175232,1.1053635716438293,1.090645057103497,1.1246223730866876,1.086104770200971,38.43878343099362,-0.001606819403722426
2024-10-10,1.0943313837051392,1.095446228981018,1.0914051532745361,1.1056023669242858,1.0906817369701798,1.1239742398114547,1.087230494037117,35.53974409787776,-0.00235578972093764
2024-10-11,1.0933860540390015,1.0954222679138184,1.0927408933639526,1.1058948826789856,1.0907086455977304,1.12294020437936,1.0888495609786113,34.71776395831317,-0.0029911541340494896
2024-10-14,1.0925379991531372,1.0939722061157227,1.0905719995498657,1.105923969745636,1.0907268481206698,1.1228708084678125,1.0889771310234595,33.958964821812245,-0.0035225106408123263
2024-10-15,1.0909169912338257,1.0918222665786743,1.0885775089263916,1.1058403444290161,1.090728740091945,1.1230445362226928,1.0886361526353394,32.496912089311294,-0.004027984197898515
2024-10-16,1.0884116888046265,1.0901559591293335,1.0868147611618042,1.1057561469078063,1.0907056848552552,1.1232629364471387,1.088249357368474,30.32394102431256,-0.004577960720476115
2024-10-17,1.0862481594085693,1.0869920253753662,1.0813850164413452,1.1056248593330382,1.0906613313682234,1.1236194998658546,1.0876302188002218,28.548591537458933,-0.005129272754426317
2024-10-18,1.0829542875289917,1.0863661766052246,1.0828253030776978,1.10545250415802,1.090584644364848,1.124147968592679,1.0867570397233612,26.048218393160937,-0.005765518141738868
2024-10-21,1.0868619680404663,1.08695650100708,1.0821105241775513,1.1053621172904968,1.0905476028093815,1.1243762384906428,1.0863479960903508,33.490419122327054,-0.005886573283114371
2024-10-22,1.0817828178405762,1.0837758779525757,1.0801936388015747,1.1051252698898315,1.0904603910186472,1.1250111665993332,1.0852393731803298,29.355233844958107,-0.00631950797354941
2024-10-23,1.079727053642273,1.0808473825454712,1.0762641429901123,1.1047258377075195,1.090353591641768,1.1258221047096464,1.0836295707053927,27.85603049033425,-0.0067506772200678355
2024-10-24,1.0780508518218994,1.0810226202011108,1.0771567821502686,1.1042604231834412,1.0902311763201773,1.1266503411979165,1.0818705051689659,26.660446443254855,-0.007145271194092473
2024-10-25,1.0824151039123535,1.0842459201812744,1.081186294555664,1.1039632606506347,1.0901534044554229,1.127113189175519,1.0808133321257503,34.53843701757688,-0.007024852959185868
2024-10-28,1.0796570777893066,1.0827198028564453,1.078271746635437,1.1035064148902893,1.0900489633940684,1.1276542963977423,1.0793585333828364,32.185498066484044,-0.0070704663637704
2024-10-29,1.0816774368286133,1.0826259851455688,1.077040672302246,1.1029670143127441,1.0899656646222728,1.1278401593285567,1.0780938692969315,35.644180339102846,-0.006864460003956019
2024-10-30,1.0820636749267578,1.0866730213165283,1.0809992551803589,1.1023524332046508,1.0898870378591334,1.1277477049110471,1.0769571614982545,36.31291022691423,-0.006594020528990718
2024-10-31,1.0859178304672241,1.0888383388519287,1.0845046043395996,1.1017600679397583,1.0898475432582189,1.127281583935252,1.0762385519442648,42.71023977202125,-0.005999538213137479
2024-11-01,1.0886130332946777,1.0904054641723633,1.084845781326294,1.1012980008125306,1.0898352595769896,1.1269201391443506,1.0756758624807106,46.739276966288195,-0.005250402974160462
2024-11-04,1.087453007698059,1.0915838479995728,1.0870392322540283,1.1006711912155152,1.0898115555781942,1.1260788847798378,1.0752634976511926,45.26378798711942,-0.004696177658177536
2024-11-05,1.0874056816101074,1.0921800136566162,1.0873347520828247,1.1000899028778077,1.0897876165337357,1.1253517510132771,1.0748280547423383,45.2010947563091,-0.004212213150868838
2024-11-06,1.093445897102356,1.0933382511138916,1.068376064300537,1.0996029591560363,1.0898240173354135,1.1244064421365654,1.0747994761755073,53.9649447231808,-0.003303195698172612
2024-11-07,1.073306918144226,1.082602620124817,1.0714094638824463,1.0988191866874695,1.08965966808973,1.1244235621665117,1.0732148112084272,34.28001831393719,-0.0041598875173849414
2024-11-08,1.0795172452926636,1.0797386169433594,1.0710422992706299,1.09824862241745,1.0895587484599083,1.1242816755055085,1.0722155693293913,41.38105521009106,-0.004288267973389548
2024-11-11,1.0714898109436035,1.0728462934494019,1.0628799200057983,1.09758873462677,1.0893789580368605,1.1246298177520906,1.0705476515014496,35.970760501694286,-0.004980346934305269
2024-11-12,1.066439151763916,1.0663481950759888,1.0597037076950073,1.0967826056480408,1.089150701258025,1.1250833279045713,1.0684818833915102,33.04349990736371,-0.005868719536999967
2024-11-13,1.061672568321228,1.0649060010910034,1.0559773445129395,1.0959183192253112,1.0888772869999475,1.1258039365932946,1.066032701857328,30.519265596482427,-0.006878098237821151
2024-11-14,1.0564124584197998,1.0580891370773315,1.0499238967895508,1.0948856592178344,1.088554253879747,1.1265747292787964,1.0631965891568724,27.97916629104334,-0.00801014902703634
2024-11-15,1.0530084371566772,1.0591648817062378,1.052443265914917,1.0937236046791077,1.0882005641611094,1.1271952879996803,1.060251921358535,26.445234097578563,-0.009077345512203072
2024-11-18,1.0533745288848877,1.0586491823196411,1.0531193017959595,1.0926166701316833,1.0878540364469182,1.12768649502122,1.0575468452421466,26.909338428343702,-0.00978081868309233
2024-11-19,1.059490442276001,1.0601080656051636,1.0528532266616821,1.0917314243316651,1.0875718116292972,1.1278721206570896,1.0555907280062407,34.36053359979216,-0.00973263142471903
2024-11-20,1.0607603788375854,1.0612331628799438,1.0508506298065186,1.090904664993286,1.087305031203509,1.1279571844783576,1.0538521455082146,35.82353657890424,-0.009482659215386047
2024-11-21,1.0546187162399292,1.0557432174682617,1.0469120740890503,1.0899752163887024,1.0869797942386972,1.1282946095062527,1.0516558232711521,32.09755478822696,-0.009668680749022052
2024-11-22,1.0469341278076172,1.0498688220977783,1.0339871644973755,1.088758144378662,1.0865813298960993,1.12860355089488,1.048912737862444,28.15205747116984,-0.010317255321268703
2024-11-25,1.0479873418807983,1.0529640913009644,1.0449539422988892,1.0875410079956054,1.0861973101148525,1.1285820828641036,1.0464999331271072,29.432370186350852,-0.01062380515612249
2024-11-26,1.0444300174713135,1.0543851852416992,1.0427310466766357,1.0861705350875854,1.0857817151631755,1.1283096390845804,1.0440314310905905,27.640761232415073,-0.011026685690099347
2024-11-27,1.0491198301315308,1.0583466291427612,1.0475481748580933,1.0849067330360413,1.0854169202872388,1.127632246990673,1.0421812190814097,33.39687414981012,-0.010842556486672539
2024-11-28,1.0562450885772705,1.0565240383148193,1.0529197454452515,1.083802001476288,1.08512665330505,1.1265793014626222,1.0410247014899536,41.06733107701718,-0.010006337132342669
2024-11-29,1.0563008785247803,1.0595465898513794,1.0542962551116943,1.0826040983200074,1.0848398296753956,1.125031883544381,1.0401763130956336,41.124505423121555,-0.009232696706415577
2024-12-02,1.0545074939727783,1.0545742511749268,1.0462220907211304,1.081372570991516,1.0845380153897974,1.1234066917064072,1.039338450276625,39.788212464350686,-0.008664414266245979
2024-12-03,1.0501223802566528,1.0530306100845337,1.048185110092163,1.0801515626907348,1.0841955712591194,1.122199254239603,1.0381038711418664,36.65209770342997,-0.008470248613652975
2024-12-04,1.0510826110839844,1.0540074110031128,1.0473946332931519,1.0787908339500427,1.083866089068322,1.1200882246447765,1.037493443255309,37.80807939253447,-0.008144997866977866
2024-12-05,1.051414132118225,1.0588284730911255,1.050894856452942,1.0775570702552795,1.0835431840240424,1.1183533882755148,1.0367607522350442,38.227197235950776,-0.0077709051724983436
2024-12-06,1.058559536933899,1.0626428127288818,1.0546075105667114,1.0763739013671876,1.083294590520658,1.1158254192464472,1.036922383487928,46.58289898681143,-0.006819251478735744
2024-12-09,1.0565463304519653,1.0592771768569946,1.0533078908920288,1.0751651978492738,1.0830284386791784,1.1132170201906941,1.0371133755078534,44.74640326682502,-0.006156539255927962
2024-12-10,1.0555204153060913,1.056747317314148,1.0500340461730957,1.074002401828766,1.0827547270038242,1.1107849684645499,1.037219835192982,43.798785315606295,-0.005648999671280075
2024-12-11,1.0532968044281006,1.0540739297866821,1.0481630563735962,1.0729405283927917,1.0824616133463543,1.1089644223257882,1.0369166344597953,41.73571044377389,-0.005364360697264425
2024-12-12,1.0506850481033325,1.052997350692749,1.0464848279953003,1.0718572235107422,1.082145428617568,1.1072159996295692,1.0364984473919152,39.38886270944096,-0.0052885658723358375
2024-12-13,1.0474056005477905,1.0522992610931396,1.045434594154358,1.070734179019928,1.0817997586865256,1.105546057856154,1.0359223001837021,36.605462120814444,-0.005430522257551029
2024-12-16,1.051005244255066,1.0524100065231323,1.0475043058395386,1.0698052048683167,1.0814933456076057,1.1041830626962243,1.035427347040409,41.49262066929775,-0.005192704289175731
2024-12-17,1.0517348051071167,1.0532857179641724,1.047998309135437,1.0688884139060975,1.0811972407270038,1.102683586906765,1.0350932409054299,42.46079844245293,-0.004889004966334376
2024-12-18,1.0495051145553589,1.0515247583389282,1.0467805862426758,1.067927029132843,1.0808818961879825,1.101120966608175,1.0347330916575113,40.267647725119765,-0.004773215797680308
2024-12-19,1.0350252389907837,1.0422203540802002,1.0352503061294556,1.066740906238556,1.0804256110417416,1.1003199359808666,1.0331618764962454,29.581784515838507,-0.005783191955052391
2024-12-20,1.0364949703216553,1.0433076620101929,1.0344257354736328,1.065603084564209,1.0799884902385568,1.099352005636462,1.031854163491956,31.566862655014475,-0.006391334969846341
2024-12-23,1.0433076620101929,1.0448229312896729,1.038594126701355,1.06461847782135,1.0796235068731004,1.0980308636733112,1.031206091969389,40.00885934248949,-0.0062515019838345065
2024-12-24,1.0405826568603516,1.0411244630813599,1.0387451648712158,1.0636117911338807,1.0792350407038194,1.0968225408063614,1.0304010414614,37.99010931621488,-0.0062880833659058055
2024-12-25,1.0402579307556152,1.0432968139648438,1.0401498079299927,1.0626487159729003,1.0788472087640364,1.0957165835762537,1.029580848369547,37.74569403803161,-0.006270988999918847
2024-12-26,1.0399551391601562,1.042535424232483,1.0391446352005005,1.0617228555679321,1.0784602229968336,1.0946858913957282,1.028759819740136,37.50340165331247,-0.006210286031334
2024-12-27,1.0423181056976318,1.0444954633712769,1.0406694412231445,1.060910131931305,1.0781005999391302,1.093740090665508,1.028080173197102,40.702357285792395,-0.005903455479950859
2024-12-30,1.0429377555847168,1.0458500385284424,1.0374196767807007,1.06003164768219,1.0777507208908277,1.0923742620412045,1.0276890333231756,41.547305053409175,-0.005546354567163014
2024-12-31,1.040615200996399,1.0424268245697021,1.0348539352416992,1.0592082953453064,1.0773812132301865,1.0913864184294388,1.0270301722611739,39.28759795704664,-0.005388643339777177
2025-01-02,1.0351860523223877,1.0375596284866333,1.0231853723526,1.0583174753189086,1.0769613608828452,1.0906428717487537,1.0259920788890635,34.55623565178146,-0.005636765852546688
2025-01-03,1.0268205404281616,1.0305347442626953,1.0265464782714844,1.057292869091034,1.07646244724648,1.0903056281939456,1.0242801099881222,28.800771867936078,-0.006434261466905067
2025-01-06,1.0305347442626953,1.0435036420822144,1.029632806777954,1.0562552618980408,1.0760054551769898,1.0893063748886587,1.0232041489074228,34.052588437105626,-0.006689465286602969
2025-01-07,1.0386372804641724,1.043623447418213,1.035947322845459,1.055434865951538,1.0756336325430313,1.088149716431811,1.022720015471265,43.79275706804647,-0.006166821912327203
2025-01-08,1.034554123878479,1.0358400344848633,1.0276752710342407,1.0544923996925355,1.0752248812130358,1.0868344786769415,1.0221503207081295,40.543045413668516,-0.006012788205273845
2025-01-09,1.0314701795578003,1.0323113203048706,1.0286160707473755,1.0534805297851562,1.074789511047312,1.0854655731789737,1.0214954863913386,38.23522822596176,-0.00606959737541124
2025-01-10,1.0297601222991943,1.0311936140060425,1.0221186876296997,1.0523573756217957,1.0743414574279277,1.0836292998534687,1.0210854513901226,36.97827115451358,-0.006181351607682073
2025-01-13,1.0244431495666504,1.025020718574524,1.0183818340301514,1.0510739779472351,1.0738449568521937,1.081529107975225,1.0206188479192453,33.311457362363186,-0.00662261156196986
2025-01-14,1.0265253782272339,1.0303966999053955,1.0239711999893188,1.0498554253578185,1.0733741152738359,1.0792257067396105,1.0204851439760265,35.9884623683931,-0.006726752982724626
2025-01-15,1.0306835174560547,1.0350252389907837,1.0270631313323975,1.0487209820747376,1.0729493332059974,1.0765105803758985,1.0209313837735767,41.07532966694687,-0.006399983696028677
2025-01-16,1.0295268297195435,1.0311510562896729,1.0263779163360596,1.0474426007270814,1.0725172684946895,1.0725896640850165,1.0222955373691462,40.120211404611425,-0.0061633049723728295
2025-01-17,1.0301949977874756,1.0329724550247192,1.0266518592834473,1.0465803623199463,1.0720961513732248,1.0710551479847448,1.022105576655148,40.974045278830104,-0.0058543346738058055
2025-01-20,1.0277386903762817,1.0427310466766357,1.0279394388198853,1.0455447912216187,1.0716547836021109,1.0686761558285278,1.0224134266147096,38.78459986161654,-0.005741492613157151
2025-01-21,1.0420682430267334,1.0434056520462036,1.034457802772522,1.0449563598632812,1.07136039016355,1.0668580234211602,1.0230546963054021,54.17002489182144,-0.004444555258901639
2025-01-22,1.0405935049057007,1.0458062887191772,1.0400739908218384,1.044439446926117,1.0710542520017803,1.0654744601517576,1.0234044337004762,52.701968953756506,-0.0034954289738107214
2025-01-23,1.0410159826278687,1.042546272277832,1.0385618209838867,1.0440263152122498,1.0707553637493035,1.0644833085603023,1.0235693218641972,53.09414782221572,-0.0026782756390073548
2025-01-24,1.041601538658142,1.051934003829956,1.0413196086883545,1.0437300968170167,1.070465275937451,1.0638816872180465,1.0235785064159868,53.66757136666675,-0.0019608231077408167
2025-01-27,1.0467586517333984,1.0533745288848877,1.045434594154358,1.043605101108551,1.0702293891294505,1.0635987003828484,1.0236115018342535,58.481632871489694,-0.0009649772255855282
2025-01-28,1.0445064306259155,1.0455766916275024,1.0415256023406982,1.0434277391433715,1.0699734392935945,1.0632239704045034,1.0236315078822396,55.75695795314396,-0.00035342356323364577
2025-01-29,1.0429050922393799,1.0444954633712769,1.0383461713790894,1.0430960321426392,1.0697041025069853,1.0623418601239565,1.023850204161322,53.83639755758411,1.9994469564466044e-06
2025-01-30,1.0425245761871338,1.0465506315231323,1.0391337871551514,1.04273131608963,1.0694336594590266,1.0612897065408027,1.0241729256384575,53.36599673289918,0.00025008742573562337
2025-01-31,1.0397279262542725,1.0412328243255615,1.0362050533294678,1.042433500289917,1.0691380800241534,1.0606887094281428,1.0241782911516912,49.914045423229695,0.00021851376858816884
2025-02-03,1.024779200553894,1.032652497291565,1.0213043689727783,1.0419904017448425,1.0686966981388772,1.0608647379076102,1.0231160655820748,36.37123423548725,-0.0010012045516412105
2025-02-04,1.0323113203048706,1.0351966619491577,1.0279605388641357,1.041676881313324,1.0683346545783399,1.0606650699124838,1.022688692714164,44.53683970000301,-0.0013445617220946282
