date,close,high,low,sma,ewma,upperband,lowerband,rsi,macd
2003-12-01,1.7185969352722168,1.7272051572799683,1.7183902263641357,,,,,,0
2003-12-02,1.7303134202957153,1.7321116924285889,1.7172982692718506,,,,,,0.0009346483779428816
2003-12-03,1.7281005382537842,1.7318116426467896,1.7252088785171509,,,,,,0.001479745281784517
2003-12-04,1.7206965684890747,1.7289971113204956,1.7183016538619995,,,,,,0.0012993222447974517
2003-12-05,1.7331022024154663,1.7331022024154663,1.71980881690979,,,,,,0.0021327812926272838
2003-12-08,1.7342143058776855,1.736201524734497,1.7275035381317139,,,,,,0.002850185879307743
2003-12-09,1.7454140186309814,1.747793436050415,1.7336128950119019,,,,,,0.004273198628345298
2003-12-10,1.7397961616516113,1.7480071783065796,1.7359001636505127,,,,,,0.004891249101421025
2003-12-11,1.7462064027786255,1.74770188331604,1.7378911972045898,,,,,,0.005831094216083521
2003-12-12,1.747304916381836,1.7510987520217896,1.7442874908447266,,,,,,0.0065886196022879595
2003-12-15,1.747304916381836,1.7485880851745605,1.7388886213302612,,,,,,0.00710703841367577
2003-12-16,1.7542012929916382,1.7561112642288208,1.7440136671066284,,,,,,0.007982353412397725
2003-12-17,1.7655055522918701,1.7690974473953247,1.7503937482833862,,,,,,0.009478938801017023
2003-12-18,1.7710086107254028,1.7748117446899414,1.763792872428894,,,,,,0.010982445532655705
2003-12-19,1.7651938199996948,1.7727981805801392,1.7626113891601562,,,,,76.05690438233668,0.011571392623112242
2003-12-22,1.7642908096313477,1.7671903371810913,1.760594367980957,,,,,74.75263280360227,0.011828915668893769
2003-12-23,1.7641974687576294,1.8343911170959473,1.7630153894424438,,,,,74.61020609649901,0.01188843028556108
2003-12-24,1.775599718093872,1.7766090631484985,1.7635129690170288,,,,,79.6987270374078,0.012709159003099879
2003-12-25,1.775410532951355,1.7762936353683472,1.772295594215393,,,,,79.4143382378483,0.013192254664980974
2003-12-26,1.7720128297805786,1.7762936353683472,1.7701934576034546,,,,,74.28738599159743,0.013149367484284635
2003-12-29,1.7744970321655273,1.777303695678711,1.7706009149551392,,,,,75.53121035894762,0.013164086065908576
2003-12-30,1.777998924255371,1.7815150022506714,1.7728923559188843,,,,,77.20518678041722,0.013304952858497199
2003-12-31,1.7888127565383911,1.7943978309631348,1.7778093814849854,,,,,81.43002213657529,0.01412633707631028
2004-01-01,1.785204291343689,1.7888127565383911,1.7817054986953735,,,,,76.34511990606893,0.014321033048223963
2004-01-02,1.7936897277832031,1.7950098514556885,1.7792011499404907,,,,,79.5750646458153,0.01498727088409213
2004-01-05,1.8072071075439453,1.8103152513504028,1.7951065301895142,,,,,83.45152490275566,0.016416766481323508
2004-01-06,1.8212946653366089,1.8277859687805176,1.805510401725769,,,,,86.35752536494483,0.018473449790462837
2004-01-07,1.8177852630615234,1.8255836963653564,1.8127107620239258,,,,,82.4721999085505,0.019594335394875984
2004-01-08,1.8338866233825684,1.8356033563613892,1.811102032661438,,,,,85.65999631453684,0.021533663852492557
2004-01-09,1.848087191581726,1.8506865501403809,1.8290897607803345,,,,,87.77221464925006,0.023940491715771728
2004-01-12,1.845597267150879,1.8578037023544312,1.8453929424285889,,,,,85.39702966968335,0.025354730494902666
2004-01-13,1.8488048315048218,1.8537055253982544,1.8406038284301758,,,,,85.92541397221747,0.02642968361225817
2004-01-14,1.8317031860351562,1.8489073514938354,1.764103889465332,,,,,71.14461412377206,0.02560645654579985
2004-01-15,1.8251838684082031,1.835300087928772,1.8185124397277832,,,,,66.45181388019266,0.02414960707852365
2004-01-16,1.7990142107009888,1.8268845081329346,1.7944945096969604,,,,,51.70751062563335,0.02064538358103918
2004-01-19,1.7832940816879272,1.8021913766860962,1.782785415649414,,,,,45.21722162814917,0.016410606918651593
2004-01-20,1.8188101053237915,1.822190761566162,1.7829124927520752,,,,,58.03359354898791,0.015738933562449153
2004-01-21,1.8328109979629517,1.8367160558700562,1.8155081272125244,,,,,61.82512564192739,0.016150213011711267
2004-01-22,1.8436918258666992,1.8475067615509033,1.8327102661132812,,,,,64.5087696677077,0.01715637876044407
2004-01-23,1.8277859687805176,1.8518861532211304,1.8178843259811401,,,,,58.08098815504667,0.0164803276705483
2004-01-26,1.8150137662887573,1.8302949666976929,1.8112989664077759,,,,,53.47340102120984,0.014743982855241144
2004-01-27,1.8266842365264893,1.8291902542114258,1.8028087615966797,,,,,56.84242309813834,0.014146553826825503
2004-01-28,1.815112590789795,1.838505744934082,1.8128092288970947,,,,,52.76278431164917,0.012594174115289736
2004-01-29,1.8170915842056274,1.8266842365264893,1.8096927404403687,,,,,53.379044626553494,0.011392267273437229
2004-01-30,1.8252837657928467,1.8262839317321777,1.8065868616104126,,,,,55.94146214749401,0.010974283324260758
2004-02-02,1.821593165397644,1.8273851871490479,1.8141906261444092,,,,,54.488495387332925,0.010227333095240043
2004-02-03,1.837897539138794,1.8400956392288208,1.8290897607803345,,,,,59.493847563283026,0.010826198677549081
2004-02-04,1.8322064876556396,1.8400956392288208,1.8290897607803345,,,,,57.13192643905072,0.010718032862439442
2004-02-05,1.836210012435913,1.8424009084701538,1.8308981657028198,,,,,58.38360406913675,0.01083051423919934
2004-02-06,1.8475067615509033,1.8504126071929932,1.8324079513549805,1.7915646171569823,,1.8713680424981558,1.7117611918158089,61.775166184909935,0.011696381181854232
2004-02-09,1.8597038984298706,1.8626830577850342,1.8451887369155884,1.7943867564201355,,1.873636113633765,1.715137399206506,65.08381861134397,0.01321446584599606
2004-02-10,1.8673090934753418,1.8733959197998047,1.8583905696868896,1.797126669883728,,1.8768059049479073,1.7174474348195488,67.00175219137051,0.01485993844009359
2004-02-11,1.8925056457519531,1.8937959671020508,1.8658108711242676,1.8004147720336914,,1.8820133527198792,1.7188161913475035,72.40913987289508,0.017989763720326124
2004-02-12,1.8930072784423828,1.8953033685684204,1.888609766960144,1.8038609862327575,,1.8862681798873804,1.7214537925781346,72.50573786338839,0.02027691076452731
2004-02-13,1.8852983713150024,1.8978933095932007,1.8800880908966064,1.8069049096107483,,1.8898856312022176,1.723924188019279,68.53469130069843,0.021222803626437692
2004-02-16,1.8887882232666016,1.8917896747589111,1.8819986581802368,1.8099963879585266,,1.8934397052338976,1.7265530706831556,69.3530041776913,0.022000425213800634
2004-02-17,1.9055966138839722,1.9079962968826294,1.8873978853225708,1.8132000398635864,,1.8987949542018763,1.7276051255252964,72.9957089944404,0.023699796076923185
2004-02-18,1.8926130533218384,1.9140952825546265,1.8850141763687134,1.8162563776969909,,1.9020661968342216,1.7304465585597602,66.42764623160627,0.023725403220260066
2004-02-19,1.8991910219192505,1.8999125957489014,1.8873978853225708,1.8193160700798034,,1.9058378862937688,1.732794253865838,67.9986972641442,0.023999829067166356
2004-02-20,1.8619892597198486,1.9000930786132812,1.858597993850708,1.8216097569465637,,1.90640297347675,1.7368165404163773,52.916732521327624,0.020973670805192857
2004-02-23,1.868390440940857,1.870802402496338,1.8470972776412964,1.8240314674377442,,1.9070609120331303,1.7410020228423582,54.775447917965295,0.018874368437457267
2004-02-24,1.890001893043518,1.8934013843536377,1.8629953861236572,1.8267474794387817,,1.9093367725814994,1.744158186296064,60.451939538654315,0.018738513833461257
2004-02-25,1.872308611869812,1.8945852518081665,1.8699977397918701,1.8288835406303405,,1.910526991054004,1.7472400902066771,54.42854181901325,0.017007100886747395
2004-02-26,1.8633078336715698,1.878004789352417,1.8560106754302979,1.830729525089264,,1.9111972347864992,1.7502618153920286,51.61124871890482,0.014738756859841162
2004-02-27,1.8695082664489746,1.8695082664489746,1.8477116823196411,1.8328158140182496,,1.9117426066488055,1.7538890213876936,53.40066616619021,0.013288222623170975
2004-03-01,1.8679020404815674,1.875011682510376,1.8652888536453247,1.834888038635254,,1.9118885867945232,1.7578874904759847,52.855378390638535,0.01187219945318696
2004-03-02,1.8382015228271484,1.8694034814834595,1.8357045650482178,1.8363681197166444,,1.910618427000354,1.7621178124329349,43.923922413660726,0.00825821180679931
2004-03-03,1.8275855779647827,1.8405020236968994,1.8169924020767212,1.8374078369140625,,1.9096126806799796,1.7652029931481454,41.24138587978098,0.004485773327796316
2004-03-04,1.8229877948760986,1.837188482284546,1.8205983638763428,1.8383593821525575,,1.908452532082288,1.7682662322228269,40.0991540759931,0.0011122644915564361
2004-03-05,1.8453929424285889,1.8492833375930786,1.8182148933410645,1.8398269844055175,,1.9072729697848956,1.7723809990261394,47.70068415343807,0.00024383185206233726
2004-03-08,1.8527096509933472,1.8547024726867676,1.842808485031128,1.841391236782074,,1.9062303706728183,1.7765521028913296,49.93505096977144,0.000144326258170846
2004-03-09,1.826083779335022,1.8584941625595093,1.8233866691589355,1.842352933883667,,1.9047341696976634,1.7799716980696707,42.77351515257373,-0.002059279866575503
2004-03-10,1.8033939599990845,1.8584941625595093,1.7981083393096924,1.842644557952881,,1.9041341465533919,1.78115496935237,37.798573740183166,-0.005572298402886311
2004-03-11,1.810184121131897,1.8142893314361572,1.7943012714385986,1.843144154548645,,1.9031160475191706,1.7831722615781196,40.0458975839672,-0.007719496101334267
2004-03-12,1.804109811782837,1.8110036849975586,1.7914083003997803,1.8433525562286377,,1.902692091433605,1.7840130210236704,38.69890410910041,-0.009798362324814569
2004-03-15,1.8048911094665527,1.8117910623550415,1.7953965663909912,1.8433062362670898,,1.9027644311634988,1.7838480413706808,38.98319388757736,-0.011253115678129921
2004-03-16,1.8132038116455078,1.8198031187057495,1.801185131072998,1.8431444191932678,,1.9028904667914543,1.7833983715950812,42.06189589007163,-0.011601517525533067
2004-03-17,1.816794514656067,1.8182148933410645,1.8075010776519775,1.8431246042251588,,1.9029056271043545,1.783343581345963,43.390601209523034,-0.011455833062963494
2004-03-18,1.8354012966156006,1.8390127420425415,1.8162004947662354,1.8431548976898193,,1.9029183458989452,1.7833914494806935,49.81345660635805,-0.009726840315597673
2004-03-19,1.8341892957687378,1.8368847370147705,1.8266842365264893,1.8428769397735596,,1.9026760222879944,1.7830778572591248,49.42012416085874,-0.008358053013387101
2004-03-22,1.8475067615509033,1.8498990535736084,1.8270846605300903,1.84291512966156,,1.9027237413870401,1.7831065179360799,53.74228222392086,-0.006128030899250403
2004-03-23,1.8520920276641846,1.8539118766784668,1.841315507888794,1.8429808735847473,,1.9028231279236676,1.783138619245827,55.16293423170243,-0.003945251252080784
2004-03-24,1.8252837657928467,1.8540836572647095,1.8228882551193237,1.842852485179901,,1.9028209094645954,1.7828840608952068,46.22444696043578,-0.004328686934182091
2004-03-25,1.8079913854599,1.826083779335022,1.799985647201538,1.842508635520935,,1.9030846464916227,1.7819326245502474,41.54779111374725,-0.005959218883366146
2004-03-26,1.8176862001419067,1.8227885961532593,1.8010878562927246,1.8428820753097535,,1.902587622162905,1.783176528456602,44.91278237930663,-0.006395414323240534
2004-03-29,1.8196043968200684,1.8226888179779053,1.8075010776519775,1.8436082816123962,,1.901201484537571,1.7860150786872213,45.58032236415014,-0.006511262134305973
2004-03-30,1.8275855779647827,1.8296921253204346,1.819008708000183,1.8437837910652162,,1.9011214631494622,1.7864461189809702,48.383029230740185,-0.005891148252407996
2004-03-31,1.843385934829712,1.8465856313705444,1.8254836797714233,1.8439952898025513,,1.9012457066842496,1.786744872920853,53.48988441822187,-0.00407774112206738
2004-04-01,1.8564931154251099,1.8593926429748535,1.8387084007263184,1.8442513155937195,,1.9016105853998375,1.7868920457876014,57.26692974667346,-0.0015649235095229752
2004-04-02,1.8280866146087646,1.8572860956192017,1.8280866146087646,1.8442573285102843,,1.9016096158372033,1.7869050411833654,48.14213217699982,-0.001844403524821736
2004-04-05,1.8237859010696411,1.8305965662002563,1.8118896484375,1.844432771205902,,1.9014727457014469,1.7873927967103573,46.92310458054154,-0.002385427368705839
2004-04-06,1.8434878587722778,1.8448141813278198,1.8203001022338867,1.8447688436508178,,1.9015795419102492,1.7879581453913864,52.8173003003414,-0.0012104559496728395
2004-04-07,1.840197205543518,1.843997836112976,1.8342901468276978,1.8452705359458923,,1.9014518393092372,1.7890892325825474,51.782960266854204,-0.0005386021786544237
2004-04-08,1.8310993909835815,1.8466880321502686,1.8293908834457397,1.8455506920814515,,1.9012964667275887,1.7898049174353143,48.92996106198269,-0.0007318346912856821
2004-04-09,1.8337857723236084,1.835098147392273,1.8301945924758911,1.8457207322120666,,1.9012656865316153,1.7901757778925178,49.80929401016523,-0.0006605894624758246
2004-04-12,1.837897539138794,1.840705394744873,1.831803798675537,1.8460468196868896,,1.9012037091741048,1.7908899301996744,51.19445987057708,-0.0002692382755873357
2004-04-13,1.8181158304214478,1.8420956134796143,1.8136969804763794,1.8456511855125428,,1.901327995749315,1.7899743752757706,44.79003822706736,-0.0015375839011970704
2004-04-14,1.789805293083191,1.8184133768081665,1.786192774772644,1.8448031616210938,,1.9025682805021722,1.7870380427400154,37.55006951057028,-0.004772170103217066
2004-04-15,1.7914083003997803,1.7987875938415527,1.7769880294799805,1.843907127380371,,1.9035748706065405,1.7842393841542017,38.159605820119104,-0.007124131129650602
2004-04-16,1.796299695968628,1.8057060241699219,1.7841849327087402,1.8428829860687257,,1.9040378592298164,1.781728112907635,40.081418737737295,-0.008495452160484973
2004-04-19,1.8071091175079346,1.8141906261444092,1.7987875938415527,1.8418310904502868,,1.903611150719128,1.7800510301814456,44.20777650518134,-0.00861074467255607
2004-04-20,1.7852998971939087,1.8036867380142212,1.7822134494781494,1.8401909065246582,,1.9035445566979423,1.7768372563513741,38.45381259983258,-0.01034271228202055
2004-04-21,1.769504427909851,1.7854912281036377,1.7669093608856201,1.8377308821678162,,1.9023331513246804,1.773128613010952,34.9098174706195,-0.012841838730534239
2004-04-22,1.7752845287322998,1.7769880294799805,1.7633886337280273,1.8353764271736146,,1.9003358780195074,1.7704169763277218,37.19101579793117,-0.014192407378370575
2004-04-23,1.7732068300247192,1.7815150022506714,1.7650070190429688,1.8331345963478087,,1.898794986447897,1.7674742062477204,36.69320417577555,-0.015254550718694526
2004-04-26,1.7860013246536255,1.789709210395813,1.7670029401779175,1.8310788583755493,,1.8960599732616361,1.7660977434894625,41.8546047776661,-0.014892229824406744
2004-04-27,1.7918899059295654,1.7941080331802368,1.7830078601837158,1.8288047242164611,,1.8910422374295628,1.7665672110033594,44.11300153433243,-0.013968903781805153
2004-04-28,1.7710086107254028,1.7969130277633667,1.7707891464233398,1.8263726353645324,,1.887933031251404,1.7648122394776609,38.415061318621696,-0.014752054747257937
2004-04-29,1.7733955383300781,1.7805951833724976,1.758891224861145,1.823856725692749,,1.8835232643633213,1.7641901870221766,39.37898135167379,-0.015007109800191376
2004-04-30,1.7785998582839966,1.7800878286361694,1.7669093608856201,1.822188937664032,,1.882165934651308,1.7622119406767558,41.52792211954209,-0.014620758636790132
2004-05-03,1.7713849544525146,1.7796127796173096,1.7697862386703491,1.8202488279342652,,1.880401325682249,1.7600963301862815,39.44057035439387,-0.014726991408297252
2004-05-04,1.7956867218017578,1.7994996309280396,1.7713849544525146,1.81836252450943,,1.875422719366774,1.7613023296520858,48.7793935591711,-0.012703790726680264
2004-05-05,1.790991187095642,1.8009905815124512,1.7878854274749756,1.8167361760139464,,1.872131685891718,1.7613406661361748,47.26282538736938,-0.011348462012776839
2004-05-06,1.7945910692214966,1.7980114221572876,1.7890048027038574,1.815361840724945,,1.869435231810383,1.761288449639507,48.58267049264474,-0.009870097500245478
2004-05-07,1.7891968488693237,1.7986905574798584,1.7833895683288574,1.813755612373352,,1.8660045731417367,1.7615066516049673,46.69677308401778,-0.009029663138176325
2004-05-10,1.7772090435028076,1.7878854274749756,1.7711968421936035,1.8119417524337769,,1.8627966857061384,1.7610868191614153,42.727258584815345,-0.009224593189859354
2004-05-11,1.7603154182434082,1.777588129043579,1.7538937330245972,1.8103840303421022,,1.8627061291986562,1.7580619314855481,37.84493915428297,-0.010619832217541925
2004-05-12,1.7722011804580688,1.7799928188323975,1.7573148012161255,1.8092763423919678,,1.8624501528914346,1.756102531892501,42.79744978883905,-0.010643792507376792
2004-05-13,1.7603154182434082,1.7748117446899414,1.7579944133758545,1.808022894859314,,1.8628077614093261,1.7532380283093019,39.415259814360034,-0.011489420005056372
2004-05-14,1.758612871170044,1.7638862133026123,1.74871027469635,1.806287293434143,,1.8617343735588443,1.7508402133094416,38.94053838914578,-0.012156830830970522
2004-05-17,1.7711968421936035,1.774402379989624,1.7579017877578735,1.8046570372581483,,1.8593208011262523,1.7499932733900443,44.2821471520938,-0.011537342127673877
2004-05-18,1.7667845487594604,1.7715104818344116,1.762300968170166,1.8034710526466369,,1.858806356258979,1.7481357490342948,42.866141903496086,-0.011272485871943738
2004-05-19,1.7820864915847778,1.7855867147445679,1.7636995315551758,1.8030449032783509,,1.8587098354197358,1.747379971136966,48.96152182521964,-0.00971584822828997
2004-05-20,1.7755050659179688,1.7839939594268799,1.7656925916671753,1.8023513221740723,,1.8585151377343956,1.746187506613749,46.65598188052195,-0.008910552427015661
2004-05-21,1.7896130084991455,1.7950098514556885,1.7745914459228516,1.8020613861083985,,1.8583377108419477,1.7457850613748493,51.88615640752312,-0.0070526579901739606
2004-05-24,1.7916971445083618,1.7936897277832031,1.782785415649414,1.8017975068092347,,1.8581433640482568,1.7454516495702126,52.62512434552524,-0.005350414655842739
2004-05-25,1.8125134706497192,1.8149150609970093,1.7901897430419922,1.8017836999893189,,1.858118486431425,1.7454489135472127,59.341959601934256,-0.0022952132099098854
2004-05-26,1.8149150609970093,1.8197038173675537,1.8097909688949585,1.8017461109161377,,1.8580425112365089,1.7454497105957665,60.04577514240864,0.0003161992692790605
2004-05-27,1.8366146087646484,1.840197205543518,1.8108068704605103,1.8017703771591187,,1.8581270029875308,1.7454137513307066,65.80553820591035,0.004089592352452209
2004-05-28,1.8329116106033325,1.8421974182128906,1.829993486404419,1.8017448234558104,,1.8580425785876797,1.7454470683239411,64.10715415087654,0.006703953548879316
2004-05-31,1.8326095342636108,1.837188482284546,1.8303955793380737,1.8014468789100646,,1.8569075786931708,1.7459861791269584,63.96212868659287,0.008651746646627823
2004-06-01,1.8406038284301758,1.841010332107544,1.8283874988555908,1.8012171149253846,,1.855911321594868,1.7465229082559013,66.14490815843543,0.010716921438531424
2004-06-02,1.8342901468276978,1.8485996723175049,1.8312000036239624,1.8013972425460816,,1.8564729518008727,1.7463215332912905,62.90435834021084,0.01170915020534058
2004-06-03,1.8395878076553345,1.842808485031128,1.8290897607803345,1.8020291709899903,,1.858129233415787,1.7459291085641935,64.47695943282048,0.012775705228773582
2004-06-04,1.8389114141464233,1.843895673751831,1.835300087928772,1.8024536752700806,,1.8593528380668192,1.745554512473342,64.10329992555151,0.013411775862048447
2004-06-07,1.841213583946228,1.848087191581726,1.8358055353164673,1.8028858590126038,,1.8606386040039344,1.7451331140212731,64.8499549271204,0.013940929922153344
2004-06-08,1.8394863605499268,1.845699429512024,1.8336846828460693,1.8031238746643066,,1.8613879375622546,1.7448598117663585,63.77810761254312,0.014058854115155839
2004-06-09,1.8280866146087646,1.8417903184890747,1.8259837627410889,1.8028178882598878,,1.8603753208540201,1.7452604556657554,57.07328268847073,0.013081648560347992
2004-06-10,1.8419936895370483,1.8445079326629639,1.8201011419296265,1.8025278997421266,,1.8591195410093104,1.7459362584749427,62.28262164637765,0.013276349347181249
2004-06-11,1.8177852630615234,1.8418920040130615,1.816794514656067,1.8023218727111816,,1.8586079036559355,1.7460358417664277,50.73964508344836,0.011346438742268594
2004-06-14,1.8141906261444092,1.8189092874526978,1.8050867319107056,1.802129967212677,,1.858182244621096,1.7460776898042578,49.279191839044,0.009418344710931725
2004-06-15,1.833583950996399,1.833583950996399,1.8114956617355347,1.8019318890571594,,1.8574551323875117,1.746408645726807,56.54611787820011,0.009347444022596463
2004-06-16,1.8251838684082031,1.835098147392273,1.8241850137710571,1.801631622314453,,1.8564683643012423,1.7467948803276638,53.00379986267761,0.008515279413331411
2004-06-17,1.8343911170959473,1.8379987478256226,1.8244845867156982,1.8016974568367004,,1.8566862903802817,1.746708623293119,56.23970648602336,0.008500739749672137
2004-06-18,1.8392833471298218,1.8398925065994263,1.8257837295532227,1.8018074083328246,,1.8570793810947503,1.7465354355708989,57.89850057415095,0.00878273711275912
2004-06-21,1.8331133127212524,1.841010332107544,1.8284878730773926,1.801711723804474,,1.8567447333797866,1.7466787142291613,55.06357254636307,0.008411390568479726
2004-06-22,1.8219914436340332,1.8349969387054443,1.8182148933410645,1.8017892360687255,,1.8569273673729814,1.7466511047644697,50.28409691299954,0.0071373786129445005
2004-06-23,1.8169924020767212,1.8285881280899048,1.815112590789795,1.8023329782485962,,1.857524928456466,1.7471410280407262,48.25657295533873,0.005659099508019461
2004-06-24,1.8236860036849976,1.8280866146087646,1.8112006187438965,1.8029785323143006,,1.8584035103727226,1.7475535542558787,51.09975192965198,0.004970374987065762
2004-06-25,1.826083779335022,1.8272850513458252,1.817983627319336,1.8035742139816284,,1.8593453381860303,1.7478030897772265,52.114793302767914,0.004565409103846729
2004-06-28,1.829993486404419,1.8338866233825684,1.8212946653366089,1.804031901359558,,1.8602948645929995,1.7477689381261166,53.79880928206243,0.004507986151261356
2004-06-29,1.8090052604675293,1.8301945924758911,1.8051843643188477,1.8045060086250304,,1.8605236735323478,1.748488343717713,44.70897875813557,0.002737349163230318
2004-06-30,1.8202005624771118,1.8206976652145386,1.8018990755081177,1.8055199313163757,,1.860781865280844,1.7502579973519072,49.60060444447463,0.0022119756245031486
2004-07-01,1.8203001022338867,1.8225891590118408,1.8121851682662964,1.8064202427864076,,1.8611356790503781,1.751704806522437,49.64326255694672,0.0017830909736249456
2004-07-02,1.8295917510986328,1.8357045650482178,1.8169924020767212,1.8075479412078856,,1.8617915302407324,1.7533043521750389,53.59193128202839,0.0021679642651546427
2004-07-05,1.8309986591339111,1.8357045650482178,1.8273851871490479,1.8084478878974914,,1.8627254658109573,1.7541703099840256,54.17783509341895,0.0025570290033249954
2004-07-06,1.8406038284301758,1.843895673751831,1.829993486404419,1.8094221663475036,,1.8642328283935927,1.7546115043014145,58.06992172217309,0.003598936203550007
2004-07-07,1.8542898893356323,1.8578037023544312,1.8395878076553345,1.8110877919197081,,1.8661946285183704,1.755980955321046,62.90477236408559,0.005465997287881663
2004-07-08,1.8507893085479736,1.8580108880996704,1.8474043607711792,1.8126356673240662,,1.867768946038777,1.7575023886093555,60.968315163078145,0.006587255256500502
2004-07-09,1.861816167831421,1.861816167831421,1.8497965335845947,1.8142999935150146,,1.870257591833387,1.7583423951966421,64.65894299984568,0.00827030078436608
2004-07-12,1.8619892597198486,1.8661938905715942,1.8573896884918213,1.8161120796203614,,1.8722650991643544,1.7599590600763684,64.71534291138977,0.00950848565588025
2004-07-13,1.8575966358184814,1.8625096082687378,1.8528125286102295,1.8173502779006958,,1.8743882860375831,1.7603122697638085,62.01077414007196,0.010019805963015882
2004-07-14,1.8560106754302979,1.8608112335205078,1.8540836572647095,1.8186506676673888,,1.8761982487272466,1.761103086607531,61.01923350007903,0.010179711859714002
2004-07-15,1.8529843091964722,1.8563896417617798,1.8483946323394775,1.8198185324668885,,1.8777420283201545,1.7618950366136226,59.077977481391194,0.009947566616426373
2004-07-16,1.8727995157241821,1.8745899200439453,1.848087191581726,1.8214905858039856,,1.8806202380688324,1.7623609335391388,66.57585268903549,0.011233024093366906
2004-07-19,1.868111252784729,1.8771939277648926,1.8673090934753418,1.823308629989624,,1.8824709702145437,1.7641462897647042,63.60637671336828,0.01173814474145951
2004-07-20,1.8527096509933472,1.8677972555160522,1.8497965335845947,1.8251565146446227,,1.8820149331952365,1.768298096094009,54.93736626032209,0.010771508699011889
2004-07-21,1.839790940284729,1.8550121784210205,1.833012580871582,1.826508309841156,,1.881408076424265,1.771608543258047,48.91522558519406,0.008860868111232989
2004-07-22,1.8449164628982544,1.8488048315048218,1.836007833480835,1.828200330734253,,1.8798945044153867,1.776506157053119,51.20082042012539,0.007671822524607741
2004-07-23,1.833012580871582,1.8453929424285889,1.8305965662002563,1.8296883249282836,,1.8773311798400478,1.7820454700165194,46.04790743443407,0.005703208498490486
2004-07-26,1.841315507888794,1.8421974182128906,1.8316023349761963,1.8310906982421875,,1.8757400487928269,1.7864413476915482,49.839852065239434,0.004758195009332944
2004-07-27,1.8229877948760986,1.8445079326629639,1.8203994035720825,1.8322147631645203,,1.8729111153707638,1.7915184109582767,42.70487069665578,0.0025015355964808084
2004-07-28,1.8228882551193237,1.8254836797714233,1.8155081272125244,1.8330307984352112,,1.8711811023931875,1.794880494477235,42.66914316575206,0.0006970495733753523
2004-07-29,1.8181158304214478,1.8285881280899048,1.8100857734680176,1.8338830137252808,,1.8685312666802991,1.7992347607702626,40.90229019642558,-0.0011053713559352474
2004-07-30,1.822090983390808,1.8242847919464111,1.8130065202713013,1.834532573223114,,1.866938499604582,1.802126646841646,43.018787029902086,-0.002187821461332895
2004-08-02,1.8242847919464111,1.8333150148391724,1.8199024200439453,1.835184326171875,,1.8653040447987164,1.8050646075450336,44.20636248272645,-0.0028359577963248395
2004-08-03,1.824884057044983,1.8283874988555908,1.8176862001419067,1.8354317378997802,,1.8649893412798644,1.805874134519696,44.54635126797879,-0.0032636336885683015
2004-08-04,1.8254836797714233,1.8263839483261108,1.815903663635254,1.8356431102752686,,1.8647495748151262,1.806536645735411,44.90810366711407,-0.0035136818346432896
2004-08-05,1.8239853382110596,1.8291902542114258,1.8197038173675537,1.8353905248641968,,1.864681188942502,1.8060998607858918,44.13334654389971,-0.0037890723660458647
2004-08-06,1.8400956392288208,1.8464833498001099,1.8208967447280884,1.8355342054367065,,1.8648457099779028,1.8062227008955103,53.435318230132125,-0.0026765016485934545
2004-08-09,1.8409085273742676,1.8444058895111084,1.8383028507232666,1.8357001852989197,,1.8650380689020738,1.8063623016957655,53.85284002727167,-0.0017094822127921017
2004-08-10,1.8278863430023193,1.8420956134796143,1.8255836963653564,1.8354458355903625,,1.8648306720965802,1.8060609990841447,46.638381838557436,-0.0019711713544388054
2004-08-11,1.8305965662002563,1.8321058750152588,1.8257837295532227,1.8353719639778137,,1.8647872140812503,1.805956713874377,48.193923730771964,-0.0019375348273527049
2004-08-12,1.823087453842163,1.8339873552322388,1.8206976652145386,1.8350419569015504,,1.8646338588774807,1.80545005492562,44.337439520385274,-0.0024881187640153346
2004-08-13,1.8427064418792725,1.8449164628982544,1.813795804977417,1.8351178574562073,,1.8647696760013523,1.8054660389110622,54.56673843867913,-0.001326085836628188
2004-08-16,1.8413832187652588,1.8453929424285889,1.8379987478256226,1.835121250152588,,1.864775954150218,1.805466546154958,53.84796316348775,-0.0005061053489199274
2004-08-17,1.8275855779647827,1.8421974182128906,1.8269846439361572,1.834883234500885,,1.864585934978073,1.805180534023697,46.909234303695975,-0.000958569414156063
2004-08-18,1.8236860036849976,1.829993486404419,1.8212946653366089,1.8347952222824098,,1.8646060054568032,1.8049844391080163,45.13888678315503,-0.0016132173347180867
2004-08-19,1.8326095342636108,1.8341892957687378,1.8203994035720825,1.834607539176941,,1.864351428652523,1.804863649701359,49.80706056570979,-0.0013958852908846353
2004-08-20,1.8192071914672852,1.8337857723236084,1.8165963888168335,1.834635977745056,,1.8643168704817519,1.8049550850083602,43.78144793425413,-0.002278836131566875
2004-08-23,1.8093980550765991,1.8189092874526978,1.8071091175079346,1.8345401263237,,1.8645199624534272,1.8045602901939728,39.97008662477394,-0.003727132301368785
2004-08-24,1.7923073768615723,1.8091033697128296,1.789484977722168,1.8337145948410034,,1.8659874118356137,1.8014417778463931,34.357925382164794,-0.006182721781456513
2004-08-25,1.7963963747024536,1.8006014823913574,1.7904142141342163,1.8331388449668884,,1.867019912036035,1.7992577778977419,36.649771751705565,-0.00770997044343269
2004-08-26,1.7956867218017578,1.798302412033081,1.7923073768615723,1.8323647570610047,,1.8678592060494326,1.7968703080725767,36.41216243827012,-0.008875280362205418
2004-08-27,1.7902858257293701,1.8029061555862427,1.7892929315567017,1.8313848066329956,,1.8687555245342307,1.7940140887317606,34.57495445733069,-0.010117970379984742
2004-08-30,1.7952033281326294,1.7979143857955933,1.7859057188034058,1.8306266069412231,,1.8693673544934628,1.7918858593889835,37.65919134549073,-0.010584004015534942
2004-08-31,1.8024837970733643,1.8064888715744019,1.7912158966064453,1.8302364540100098,,1.869717990244965,1.7907549177750546,42.01733295146748,-0.010247736503778748
2004-09-01,1.7934001684188843,1.8037842512130737,1.7907989025115967,1.829764609336853,,1.8704380961855618,1.789091122488144,38.40945564764337,-0.01059211567921281
2004-09-02,1.7916009426116943,1.7971066236495972,1.7876935005187988,1.829122908115387,1.8204541819959092,1.871176809883601,1.787069006347173,37.71859607350005,-0.01088474853712973
2004-09-03,1.7760096788406372,1.7922110557556152,1.7742136716842651,1.8281214261054992,1.8199427320661967,1.8727753159605969,1.7834675362504016,32.29735290568436,-0.012233724113677402
2004-09-06,1.780404806137085,1.7820864915847778,1.7748117446899414,1.8271296525001526,1.8194884525813433,1.873772298736671,1.7804870062636342,35.12793598908462,-0.012800589705687093
2004-09-07,1.7750009298324585,1.78450345993042,1.7715104818344116,1.826449565887451,1.8189780893284355,1.8751184645073453,1.777780667267557,33.28529272954553,-0.013529917955001691
2004-09-08,1.7874059677124023,1.7902858257293701,1.7720128297805786,1.825793673992157,1.8186164426075297,1.8756751240992369,1.775912223885077,40.94360298021762,-0.01295756620600752
2004-09-09,1.789805293083191,1.7907025814056396,1.7818958759307861,1.825183777809143,1.8182869175072323,1.8760748853325124,1.7742926702857738,42.32269134250187,-0.012170078724014655
2004-09-10,1.8001152276992798,1.8018018007278442,1.7866076231002808,1.824594247341156,1.8180793889625328,1.8759576654144892,1.773230829267823,47.94762195547898,-0.0105919660696141
2004-09-13,1.7973004579544067,1.8010878562927246,1.7936897277832031,1.8239202833175658,1.817842432966136,1.875822217414341,1.7720183492207906,46.61110872443638,-0.0094593868918873
2004-09-14,1.7977850437164307,1.8027113676071167,1.7945910692214966,1.823063907623291,1.8176140371457168,1.875254471280168,1.7708733439664142,46.885601498590866,-0.008425582838385681
2004-09-15,1.7766090631484985,1.7979143857955933,1.775189995765686,1.8215102910995484,1.8171477786969241,1.874525134902833,1.768495447296264,37.751399118698885,-0.009208856370680696
2004-09-16,1.7936897277832031,1.7951065301895142,1.776703953742981,1.820368299484253,1.81688142078108,1.8732687010997455,1.7674678978687604,46.76102473436625,-0.008355027841127072
2004-09-17,1.7917935848236084,1.797009825706482,1.7906064987182617,1.8189678478240967,1.8165969567305618,1.8710913810735832,1.7668443145746102,45.96566843390219,-0.007742119139921622
2004-09-20,1.7867990732192993,1.7924036979675293,1.7822134494781494,1.8174640440940857,1.8162595552239487,1.8688548915248016,1.7660731966633698,43.849970586012056,-0.007572113315219342
2004-09-21,1.7966868877410889,1.8002123832702637,1.7844077348709106,1.816245849132538,1.816038237677469,1.8666315861450165,1.7658601121200594,48.867701292088846,-0.006563854450079232
2004-09-22,1.7939151525497437,1.8009905815124512,1.7875977754592896,1.8150039386749268,1.815788420394257,1.8644413054194153,1.7655665719304383,47.584027520532054,-0.00592021336644355
2004-09-23,1.7979143857955933,1.8042073249816895,1.7935932874679565,1.813902540206909,1.815586854526066,1.8623296724388747,1.7654754079749435,49.6395946111607,-0.005029442191658795
2004-09-24,1.8048911094665527,1.8075991868972778,1.7952998876571655,1.8125443720817567,1.8154663981997683,1.8579438807950004,1.767144863368513,53.095352856599234,-0.003717681209837398
2004-09-27,1.8115942478179932,1.8118896484375,1.8035892248153687,1.811414031982422,1.8154228468680533,1.8538865965847364,1.7689414673801074,56.204858931457295,-0.0021128582221436876
2004-09-28,1.8136969804763794,1.8158048391342163,1.8087108135223389,1.8106337785720825,1.8154034606341787,1.8514093700582879,1.7698581870858772,57.164199874837344,-0.0006637007607785961
2004-09-29,1.8003097772598267,1.8136969804763794,1.7971066236495972,1.8098441553115845,1.8152341341530842,1.8498367242408584,1.7698515863823105,49.69984073585889,-0.0005886824848382322
2004-09-30,1.8128092288970947,1.813598394393921,1.796105980873108,1.8092020106315614,1.81520696512926,1.8479063590025215,1.7704976622606012,55.537610757471995,0.00047390840310024274
2004-10-01,1.799111247062683,1.813598394393921,1.7934001684188843,1.8085239839553833,1.8150268519919988,1.8467101229997,1.7703378449110665,48.84699915602025,0.00020830546636840808
2004-10-04,1.78431236743927,1.7977850437164307,1.7820864915847778,1.807383921146393,1.8146835786113285,1.8449731630475785,1.7697946792452073,42.8420927956351,-0.0011826992599057728
2004-10-05,1.7829124927520752,1.7876935005187988,1.7809120416641235,1.8065824151039123,1.8143289311742743,1.8445210340503273,1.7686437961574972,42.31221090646388,-0.002370710638615714
2004-10-06,1.7794861793518066,1.7884927988052368,1.7750953435897827,1.805714373588562,1.81394046695486,1.8441135138450224,1.7673152333321014,40.97634095588277,-0.0035477962847647593
2004-10-07,1.7824994325637817,1.78431236743927,1.7774933576583862,1.8050020456314086,1.813590348444294,1.8437817141542805,1.7662223771085368,42.68999111111454,-0.004189210181108516
2004-10-08,1.7952033281326294,1.7966868877410889,1.7820864915847778,1.804464292526245,1.8133858382014603,1.8430217948930467,1.7659067901594434,49.36474160650196,-0.003630585978380285
2004-10-11,1.7986905574798584,1.7994996309280396,1.7925965785980225,1.803952407836914,1.8132225808386333,1.8421134250598523,1.7657913906139757,51.050071414869436,-0.002873359706624612
2004-10-12,1.7910876274108887,1.7994025945663452,1.7853953838348389,1.8032764792442322,1.8129769571021548,1.8411201418560184,1.765432816632446,47.34978729054343,-0.0028538479640942693
2004-10-13,1.7933038473129272,1.7956867218017578,1.7847900390625,1.8026328825950622,1.812758901550605,1.8400269038333281,1.7652388613567962,48.52113074618243,-0.002629246031589094
2004-10-14,1.7971066236495972,1.8037842512130737,1.7927894592285156,1.802095308303833,1.8125856091149537,1.8390061163771687,1.7651845002304971,50.553903149307935,-0.0021199575615262756
2004-10-15,1.8045982122421265,1.8059016466140747,1.7955900430679321,1.8013853597640992,1.8124972765812002,1.8366413136696582,1.7661294058585402,54.37607510047103,-0.0010991637150754574
2004-10-18,1.7977850437164307,1.8066847324371338,1.7958157062530518,1.8005228900909425,1.8123347543554476,1.8338918501290262,1.7671539300528587,50.549133650448795,-0.0008303709973696005
2004-10-19,1.8039144277572632,1.8054126501083374,1.7927894592285156,1.8000434517860413,1.8122418390694062,1.8324836293439781,1.7676032742281045,53.70576086823999,-0.00012136178226462846
2004-10-20,1.8162994384765625,1.8191078901290894,1.8014123439788818,1.7997575092315674,1.812286564724381,1.8313391480014378,1.768175870461697,59.35192629789692,0.0014234908713630645
2004-10-21,1.8274853229522705,1.8305965662002563,1.815903663635254,1.7998454666137695,1.812453916429709,1.8317154926809796,1.7679754405465595,63.66254652969248,0.0035099446650439514
2004-10-22,1.8292906284332275,1.831501841545105,1.8228882551193237,1.7995771503448486,1.8126391070287935,1.830174818725449,1.7689794819642481,64.3201853438917,0.005248644289171933
2004-10-25,1.8417903184890747,1.8448141813278198,1.8298931121826172,1.799585292339325,1.812959411454995,1.8302285496726154,1.7689420350060345,68.56259726644396,0.007548186001542945
2004-10-26,1.8359066247940063,1.8450864553451538,1.833583950996399,1.7997517132759093,1.813211286977753,1.8310979708655069,1.7684054556863118,64.66501642810391,0.008794447549787643
2004-10-27,1.8280866146087646,1.8437937498092651,1.8257837295532227,1.7998397254943848,1.8133743956945463,1.8314835731581143,1.7681958778306552,59.79930908966806,0.009046823191899867
2004-10-29,1.8381000757217407,1.8381000757217407,1.820797085762024,1.7999495363235474,1.8136452391691626,1.8320917223802413,1.7678073502668534,63.57847767431005,0.009940250314340426
2004-11-01,1.8327102661132812,1.8413832187652588,1.830496072769165,1.8002195978164672,1.8138538668252315,1.833237197327954,1.7672019983049805,60.29296402946623,0.0100969933011692
2004-11-02,1.839790940284729,1.8424009084701538,1.830496072769165,1.8008274555206298,1.8141374134723351,1.835606824865143,1.7660480861761167,62.99818094544053,0.010669572289698337
2004-11-03,1.847609281539917,1.8504126071929932,1.8326095342636108,1.8019334936141969,1.814502972313866,1.8390460493961018,1.7648209378322919,65.77118902001581,0.011620268836228131
2004-11-04,1.843895673751831,1.8500019311904907,1.8416883945465088,1.8028834795951842,1.814823669606969,1.8418051468382488,1.7639618123521197,63.34294458504123,0.011936449625072676
2004-11-05,1.8572860956192017,1.8572860956192017,1.8344922065734863,1.8041154670715331,1.8152865232016961,1.8459015499684943,1.762329384174572,67.93929088397707,0.01311632350176306
2004-11-08,1.8545993566513062,1.8611923456192017,1.8529843091964722,1.805401737689972,1.8157146385263636,1.8493535474687677,1.7614499279111764,66.14710960812695,0.01367692558433209
2004-11-09,1.8557007312774658,1.8602921962738037,1.851611852645874,1.8066116857528687,1.8161496768083827,1.8526966665922677,1.7605267049134696,66.5368026369467,0.01404814028490664
2004-11-10,1.8468924760818481,1.8615041971206665,1.8419936895370483,1.8074998593330383,1.8164838398615593,1.8549515936610395,1.760048125005037,60.53511034454807,0.013476232410379652
2004-11-11,1.8431141376495361,1.8481897115707397,1.8388099670410156,1.8084941387176514,1.816773035635421,1.85681540020857,1.7601728772267329,58.113605890315604,0.012573175227356348
2004-11-12,1.8572860956192017,1.8591160774230957,1.8413832187652588,1.8098078417778014,1.8172125936436982,1.8597972708807702,1.7598184126748326,63.94020190846514,0.012852894306871532
2004-11-15,1.8464152812957764,1.858597993850708,1.8443039655685425,1.8112159538269044,1.8175291517832894,1.8612858656465996,1.7611460420072091,57.35008791872828,0.01205838823445915
2004-11-16,1.8531901836395264,1.8559072017669678,1.8452907800674438,1.8126716613769531,1.817915374940581,1.8633142721164933,1.762029050637413,60.109485064904725,0.011838942487375714
2004-11-17,1.8593926429748535,1.8621973991394043,1.8518861532211304,1.814359495639801,1.818364195220087,1.865500424300377,1.763218566979225,62.50145676123159,0.012026878416127262
2004-11-18,1.8482921123504639,1.8637940883636475,1.847916603088379,1.8155772185325623,1.8186877597286166,1.866997353566146,1.7641570834989786,56.026399616527264,0.011151550807179333
2004-11-19,1.8600844144821167,1.860984444618225,1.8475067615509033,1.8169828009605409,1.8191349329355133,1.8693607728579211,1.7646048290631606,60.68591912423366,0.011279366089221643
2004-11-22,1.8598077297210693,1.8609150648117065,1.8529155254364014,1.8181766510009765,1.8195739129431001,1.8716941338325435,1.7646591681694095,60.523869837677225,0.011228894764137465
2004-11-23,1.868984341621399,1.872904658317566,1.8529155254364014,1.8196103286743164,1.8201067488633766,1.8746637841607372,1.7645568731878956,63.96112825077269,0.011793424507027694
2004-11-24,1.8811136484146118,1.8827073574066162,1.8677972555160522,1.82127690076828,1.8207640917052081,1.8786306248582143,1.7639231766783459,67.9352711793591,0.013068901918642295
2004-11-25,1.8917896747589111,1.8941904306411743,1.8804062604904175,1.8235805130004883,1.8215287542193201,1.8828324913764594,1.7643285346245172,70.96973292229022,0.01477092305300065
2004-11-26,1.8935091495513916,1.9033842086791992,1.884907603263855,1.825576901435852,1.8223030646005267,1.8873893494013263,1.7637644534703778,71.43855189422496,0.016073251867604776
2004-11-29,1.8925056457519531,1.8965975046157837,1.885689616203308,1.827591142654419,1.8230576416710629,1.8914403433831275,1.7637419419257103,70.72074297154509,0.016830372409375238
2004-11-30,1.9095995426177979,1.9131065607070923,1.8873978853225708,1.8300471520423889,1.8239871009940174,1.8968698604780676,1.7632244436067102,75.27767245074764,0.01859537460764593
2004-12-01,1.9331141710281372,1.9356961250305176,1.9095995426177979,1.83277569770813,1.825158199984556,1.9049643768130473,1.7605870186032127,79.90978032893833,0.02164210880019124
2004-12-02,1.924001932144165,1.9434080123901367,1.9187965393066406,1.8353774333000183,1.826218115083605,1.9111380113388596,1.759616855261177,74.11462743332245,0.02305561529306277
2004-12-03,1.944088101387024,1.9446929693222046,1.9197911024093628,1.8383009076118468,1.8274810752244783,1.9192635308040813,1.7573382844196124,77.9164403728073,0.02550263684054843
2004-12-06,1.9367083311080933,1.9443905353546143,1.936483383178711,1.8409372520446778,1.8286505355580567,1.9259430783166382,1.7559314257727174,73.63722498191783,0.026540491001193267
2004-12-07,1.9451088905334473,1.9508007764816284,1.9370834827423096,1.8436075448989868,1.8298964744369215,1.9331198647894834,1.7540952250084902,75.30017418240391,0.027721298961542074
2004-12-08,1.9370834827423096,1.9451847076416016,1.920786738395691,1.8460752749443055,1.8310423655788701,1.938961513599928,1.7531890362886828,70.71115994576907,0.027690317694014643
2004-12-09,1.923298716545105,1.937984585762024,1.9150118827819824,1.848535053730011,1.832027909726533,1.9429754709176736,1.7540946365423482,63.54744202930029,0.02625084597644256
2004-12-10,1.9132896661758423,1.9231878519058228,1.9028047323226929,1.850544662475586,1.8328953669057793,1.946151235467155,1.7549380894840167,58.88281193223539,0.02402545704032444
2004-12-13,1.9238168001174927,1.9273022413253784,1.9114975929260254,1.8530387735366822,1.8338652369291502,1.949669751045135,1.7564077960282294,62.03897225355235,0.022847895686399777
2004-12-14,1.9274879693984985,1.9293099641799927,1.9203072786331177,1.8559022855758667,1.8348632066235429,1.9527060277171895,1.7590985434345439,63.10264927915138,0.021957786811167113
2004-12-15,1.9425019025802612,1.9456011056900024,1.9197911024093628,1.8590940737724304,1.8360097660315402,1.9565963179111951,1.7615918296336657,67.15590386877912,0.022207869549502268
2004-12-16,1.9313968420028687,1.9548813104629517,1.9271906614303589,1.8621322870254517,1.8370251096485428,1.9589745360696826,1.7652900379812209,61.75242048298551,0.02126484840613241
2004-12-17,1.9420114755630493,1.9437856674194336,1.9296823740005493,1.865322527885437,1.838141857238168,1.9619666556835664,1.7686784000873077,64.67794872981938,0.02113043111733992
2004-12-20,1.9470025300979614,1.9504963159561157,1.9374964237213135,1.8683585119247437,1.8392990213439746,1.9655476318948546,1.7711693919546327,65.9950362897994,0.021182462593380302
2004-12-21,1.9290122985839844,1.9490138292312622,1.9254838228225708,1.8709649467468261,1.8402520054299971,1.9675159651235554,1.7744139283700968,57.65052144735905,0.01954671422627574
2004-12-22,1.9149017333984375,1.9302037954330444,1.9105117321014404,1.8734412288665772,1.8410444433983753,1.9679600623219184,1.7789223954112359,52.087442838017864,0.016916761283101378
2004-12-23,1.9238909482955933,1.924483299255371,1.9143884181976318,1.8760529708862306,1.8419233089761862,1.9687324869075646,1.7833734548648965,55.06242024783798,0.015380561603941967
2004-12-24,1.9218941926956177,1.9291983842849731,1.9203072786331177,1.8785487222671509,1.8427711109799798,1.969250628544656,1.7878468159896457,54.256533166907296,0.01384242395441504
2004-12-27,1.9349095821380615,1.938585638999939,1.9206023216247559,1.8811549496650697,1.8437472706325462,1.9706647193332025,1.7916451799969368,58.51832400752642,0.013517846618092744
2004-12-28,1.9271906614303589,1.9409936666488647,1.9274135828018188,1.883743062019348,1.844630741222684,1.9708652213275661,1.79662090271113,55.231803291429,0.012493744242660698
2004-12-29,1.9179134368896484,1.9337871074676514,1.9128872156143188,1.886023042201996,1.845406139535364,1.970546147875214,1.8014999365287778,51.48893475268483,0.010808942483816475
2004-12-30,1.9238168001174927,1.9287891387939453,1.9161126613616943,1.8881733894348145,1.8462352735219951,1.9709081222244653,1.8054386566451637,53.641758262184496,0.009836685836415171
2004-12-31,1.9197911024093628,1.9352091550827026,1.9150118827819824,1.8900195050239563,1.8470125862562292,1.9713341734005632,1.8087048366473495,51.94871232826567,0.008641709035251077
2005-01-03,1.9046169519424438,1.9197911024093628,1.900490164756775,1.8915260314941407,1.8476209537956305,1.9710190835565784,1.812032979431703,46.04896371411168,0.006396519093556208
2005-01-04,1.8835939168930054,1.908506155014038,1.8788163661956787,1.8923621034622193,1.8480006372069753,1.9705893270356545,1.8141348798887842,39.376692835877925,0.0028875211114347543
2005-01-05,1.8855117559432983,1.8892163038253784,1.8737118244171143,1.893354206085205,1.8483963162075678,1.969899163946767,1.8168092482236433,40.22754928882453,0.0002583899543950885
2005-01-06,1.876489520072937,1.885689616203308,1.870802402496338,1.8943222641944886,1.8486924749777145,1.9686914765229486,1.8199530518660285,37.557036332042614,-0.0025241377731648473
2005-01-07,1.8712925910949707,1.886009693145752,1.8658108711242676,1.894986114501953,1.8489305846712523,1.9678849531863147,1.8220872758175914,36.07160076712444,-0.005089985594730173
2005-01-10,1.8769121170043945,1.8793107271194458,1.871397614479065,1.8958701515197753,1.8492252192288618,1.9667300364720708,1.8250102665674799,38.8863413025611,-0.006593978424039859
2005-01-11,1.878604531288147,1.8823174238204956,1.8757853507995605,1.8966464233398437,1.8495343927361747,1.96582932448415,1.8274635221955373,39.7467732650654,-0.007562167923808927
2005-01-12,1.8907164335250854,1.8939034938812256,1.8704874515533447,1.897508566379547,1.849967524088809,1.9652567273780697,1.8297604053810244,45.64483638139746,-0.007268350767418497
2005-01-13,1.8810075521469116,1.8928998708724976,1.880194067955017,1.8982508039474488,1.850293801934568,1.9643957335899473,1.8321058743049503,42.08826408280265,-0.007729819592238396
2005-01-14,1.8705923557281494,1.881892442703247,1.8651844263076782,1.8985169291496278,1.8505070508788446,1.9640937728952765,1.832940085403979,38.612495813483896,-0.008834122008711143
2005-01-17,1.8572860956192017,1.8748008012771606,1.8565964698791504,1.8985706639289857,1.8505782294333697,1.9640048707510172,1.8331364571069542,34.672887556439534,-0.010660110497445086
2005-01-18,1.8633078336715698,1.8730098009109497,1.8534992933273315,1.8987228059768677,1.8507118142098264,1.9637844801002802,1.8336611318534553,37.767409579814654,-0.011488878950282055
2005-01-19,1.8709074258804321,1.8823174238204956,1.8635159730911255,1.8992031049728393,1.850923632268366,1.9630462102074273,1.8353599997382513,41.53162322947743,-0.011401036291823097
2005-01-20,1.8705923557281494,1.8745899200439453,1.8650106191635132,1.8997526693344116,1.8511298132139553,1.962080173153569,1.837425165515254,41.41976558221207,-0.011227421157978146
2005-01-21,1.8771939277648926,1.8806891441345215,1.862093448638916,1.9001508259773254,1.8514028896070205,1.9616194858024143,1.8386821661522366,44.77590628241794,-0.010436828954365263
2005-01-24,1.8788868188858032,1.883806824684143,1.8745899200439453,1.900800256729126,1.8516906899155612,1.960615560172499,1.840984953285753,45.63604099411722,-0.009563435440984813
2005-01-25,1.864315152168274,1.8810075521469116,1.8634119033813477,1.9010227560997008,1.8518228191645185,1.960194510558694,1.8418510016407077,39.878447425904824,-0.009932579914339046
2005-01-26,1.8821049928665161,1.8854049444198608,1.864315152168274,1.901477003097534,1.8521395928799391,1.9596852014616193,1.843268804733449,48.432241829530405,-0.00868947128460773
2005-01-27,1.8910026550292969,1.8918969631195068,1.8805829286575317,1.9023312139511108,1.852545921548977,1.9585741102283705,1.8460883176738512,52.102762093255215,-0.00690671544736432
2005-01-28,1.8887882232666016,1.8910026550292969,1.8804062604904175,1.9029052901268004,1.8529246578150398,1.9579615647020585,1.8478490155515424,51.12738174569348,-0.0056079102403103764
2005-01-31,1.8841972351074219,1.8880037069320679,1.8793107271194458,1.9033930802345276,1.8532512966070218,1.9573112445541125,1.8494749159149426,49.07616104411317,-0.004892652677791709
2005-02-01,1.883310079574585,1.8866856098175049,1.8782869577407837,1.9036795949935914,1.8535651022216784,1.9570003988527018,1.850358791134481,48.66981428233184,-0.004347279214873323
2005-02-02,1.8846944570541382,1.888502836227417,1.8827073574066162,1.903751211166382,1.8538899253236358,1.9569578024375123,1.8505446198952515,49.3742432263575,-0.0037600159995185845
2005-02-03,1.8823884725570679,1.8907164335250854,1.8783929347991943,1.903563187122345,1.8541871529688103,1.957008220637122,1.8501181536075681,48.187957203486256,-0.003441013485835809
2005-02-04,1.8732906579971313,1.8908952474594116,1.8732906579971313,1.9031588172912597,1.8543862988913082,1.95721677469281,1.8491008598897094,43.72442708553169,-0.003877620501425705
2005-02-07,1.8580108880996704,1.8752931356430054,1.8555974960327148,1.902468922138214,1.854424065779823,1.9579436940996138,1.8469941501768143,37.4502212978009,-0.00539440114077161
2005-02-08,1.8539118766784668,1.8599114418029785,1.851611852645874,1.9013551688194275,1.854418731461319,1.9584577868398805,1.8442525507989744,35.959503898384654,-0.006848274049747971
2005-02-09,1.8591853380203247,1.8642109632492065,1.8527096509933472,1.8998765921592713,1.8544683514013867,1.9574492869521594,1.8423038973663832,39.306713500319276,-0.007488630278231101
2005-02-10,1.868111252784729,1.8730098009109497,1.851783275604248,1.8987587785720825,1.8546103075104274,1.9565893300771564,1.8409282270670086,44.58615696225815,-0.0071929545754292334
2005-02-11,1.869892954826355,1.870697259902954,1.8629953861236572,1.897274875640869,1.8547692530819053,1.9541578240550899,1.8403919272266482,45.603311581010836,-0.006737198752814644
2005-02-14,1.8871841430664062,1.8916822671890259,1.868984341621399,1.8962843918800354,1.8551062290589204,1.9520790064020905,1.8404897773579803,54.359135372598395,-0.0049239938612144485
2005-02-15,1.8953033685684204,1.8977854251861572,1.8839843273162842,1.8952882814407348,1.8555239210206993,1.9492741048300395,1.8413024580514301,57.794464960937994,-0.0027995903435753533
2005-02-16,1.8841972351074219,1.895195722579956,1.8762078285217285,1.894230556488037,1.8558217366249627,1.9469310813347134,1.8415300316413608,52.025908025695145,-0.0019892268341248354
2005-02-17,1.895016074180603,1.8960939645767212,1.883913278579712,1.8936649036407471,1.8562286514026565,1.9456948331051922,1.841634974176302,56.573089868155066,-0.00046861610339998805
2005-02-18,1.8945133686065674,1.8968852758407593,1.89021635055542,1.8932893776893616,1.8566259509951017,1.9450113019177766,1.8415674534609465,56.306030269885056,0.0006879840655171776
2005-02-21,1.8968133926391602,1.8996959924697876,1.8912887573242188,1.892749309539795,1.857042818001136,1.9437287693435827,1.841769849736007,57.29923170340404,0.0017697897153825526
2005-02-22,1.9112052917480469,1.9128139019012451,1.8954830169677734,1.892423655986786,1.8576044114932855,1.9427005517003562,1.8421467602732158,62.97111044871444,0.003745261424500379
2005-02-23,1.9063959121704102,1.9124115705490112,1.904798150062561,1.891701536178589,1.8581101034725378,1.9400425499748206,1.8433605223823573,60.09828676338051,0.00486666041633943
2005-02-24,1.9074870347976685,1.9139854907989502,1.9024064540863037,1.891223340034485,1.8586216512270466,1.9384211330185481,1.8440255470504217,60.53814658172139,0.00577682997375728
2005-02-25,1.9196068048477173,1.9199016094207764,1.9073050022125244,1.8907752466201782,1.8592532019962653,1.9364043054290776,1.8451461878112787,65.1355355286392,0.007390912223888879
2005-02-28,1.9192017316818237,1.9261142015457153,1.9187965393066406,1.8902192306518555,1.8598737660053921,1.9336776177883543,1.8467608435153566,64.86354222754335,0.008538966130571701
2005-03-01,1.9186861515045166,1.922411561012268,1.9175087213516235,1.8900127077102662,1.860482324834964,1.9328117785376502,1.8472136368828822,64.49438654619539,0.009299999506215295
2005-03-02,1.9131065607070923,1.9200860261917114,1.9086883068084717,1.889976804256439,1.8610266358247054,1.9326935874359865,1.8472600210768917,60.482666267396006,0.009345172263905521
2005-03-03,1.9069048166275024,1.9139121770858765,1.9063959121704102,1.8896370816230774,1.861500983525404,1.9315149229581516,1.8477592402880032,56.291384728210915,0.008779340312568218
2005-03-04,1.923298716545105,1.9270051717758179,1.9058146476745605,1.8896651721000672,1.862139679575636,1.9316331156823914,1.847697228517743,63.49321132624898,0.0095437507109295
2005-03-07,1.9149017333984375,1.9248908758163452,1.9120092391967773,1.8892650151252746,1.8626847795985695,1.9298302537282637,1.8486997765222855,58.203294251825646,0.009364042245399551
2005-03-08,1.928603172302246,1.9324043989181519,1.9135825634002686,1.8892932653427124,1.8633655421619395,1.9299681271571822,1.8486184035282425,63.54099222809092,0.010209524559656735
2005-03-09,1.922707200050354,1.9318819046020508,1.920897364616394,1.8893891406059264,1.8639781534392221,1.9303608689465181,1.8484174122653347,59.990655958226725,0.010285257651192703
2005-03-10,1.9238168001174927,1.9306882619857788,1.9211926460266113,1.8893891406059264,1.8645956648980846,1.9303608689465181,1.8484174122653347,60.4386602906087,0.010315896886085918
2005-03-11,1.9264110326766968,1.9284172058105469,1.9171044826507568,1.8895215392112732,1.8652333398145358,1.9309346650520793,1.848108413370467,61.52344627051043,0.01042928923283526
2005-03-14,1.9138022661209106,1.9277852773666382,1.910584568977356,1.8897052454948424,1.8657341840179418,1.9314716712893203,1.8479388197003646,53.801670042720254,0.00939344956007937
2005-03-15,1.9132165908813477,1.9247056245803833,1.911790132522583,1.8902976989746094,1.8662236469224631,1.9325478823414166,1.8480475156078022,53.46599185009581,0.008428125870746372
2005-03-16,1.9273022413253784,1.9290122985839844,1.911790132522583,1.891133508682251,1.8668530380554103,1.9346322372055402,1.8476347801589617,59.93961246100054,0.00869941274933117
2005-03-17,1.925187349319458,1.9274135828018188,1.9189069271087646,1.8921074652671814,1.8674539374833168,1.9364406154674156,1.8477743150669472,58.620973863385544,0.008644111508441688
2005-03-18,1.9228180646896362,1.9250019788742065,1.913399577140808,1.8931379747390746,1.8680240412209899,1.9378896979741984,1.8483862515039509,57.10531280445053,0.00831327316965691
2005-03-21,1.8959861993789673,1.920196533203125,1.8950879573822021,1.8935194563865663,1.8683118774131982,1.9380311723267776,1.849007740446355,43.41514836618465,0.005818897487197772
2005-03-22,1.8855828046798706,1.9012129306793213,1.8812905550003052,1.8936590218544007,1.8684895994172317,1.938023375083801,1.8492946686250005,39.46467139327467,0.002968401891187078
2005-03-23,1.8705923557281494,1.8883957862854004,1.8665074110031128,1.893256540298462,1.868511229932248,1.9380924877011945,1.8484205928957296,34.58175269412703,-0.000494539610567557
2005-03-24,1.868390440940857,1.8737118244171143,1.8676927089691162,1.8930041980743408,1.868509987824827,1.9382615691555691,1.8477468269931125,33.9179018181505,-0.0033776859598109166
2005-03-25,1.8717128038406372,1.8724136352539062,1.8682161569595337,1.8930266070365906,1.868542912324358,1.938239771760667,1.8478134423125143,35.916837015106694,-0.005333037358696613
2005-03-28,1.8662983179092407,1.8704874515533447,1.8600151538848877,1.8932068514823914,1.8685198458114936,1.9379074095018054,1.8485062934629775,34.1061537757044,-0.00723615727703808
2005-03-29,1.8756096363067627,1.8767006397247314,1.8656021356582642,1.893452887535095,1.868592680088541,1.9376139079755563,1.849291867094634,39.732971036963946,-0.007901959081326293
2005-03-30,1.8774054050445557,1.884090781211853,1.8744142055511475,1.8935828471183778,1.8686831850585641,1.9375106887161222,1.8496550055206333,40.783206675926166,-0.008190295648835555
2005-03-31,1.889501929283142,1.8915032148361206,1.876383900642395,1.8939610385894776,1.8688969212088709,1.9374039091514812,1.850518168027474,47.42901702440935,-0.007357898767893278
2005-04-01,1.884090781211853,1.8964896202087402,1.8774054050445557,1.8940989756584168,1.8690528600271008,1.9373679978300726,1.850829953486761,44.9962906019711,-0.00705354380682599
2005-04-04,1.8763134479522705,1.8805122375488281,1.8717827796936035,1.894047508239746,1.8691273541448992,1.9373964335740421,1.85069858290545,41.68671154614885,-0.007355120848841823
2005-04-05,1.8799113035202026,1.8816092014312744,1.8724136352539062,1.8943594312667846,1.8692379639179522,1.9370546384261247,1.8516642241074446,43.74796769238861,-0.007220571695727429
2005-04-06,1.879487156867981,1.8845168352127075,1.8749061822891235,1.894307074546814,1.8693430565280067,1.9370699852122668,1.8515441638813612,43.552518129995335,-0.007066705035820853
2005-04-07,1.870697259902954,1.8855117559432983,1.8686000108718872,1.8939009666442872,1.8693569379710064,1.9371745839571048,1.8506273493314696,39.603717578260856,-0.0075668103446617785
2005-04-08,1.8864009380340576,1.8864009380340576,1.8676927089691162,1.8938532209396362,1.8695315973104896,1.937155121972101,1.8505513199071713,48.57454242771357,-0.006619684221817801
2005-04-11,1.8902876377105713,1.8935091495513916,1.881892442703247,1.8939750289916992,1.869744232771982,1.9372002603949632,1.8507497975884353,50.53294733009239,-0.005492145727197251
2005-04-12,1.8912171125411987,1.8955907821655273,1.8839843273162842,1.8941331696510315,1.8699641471892237,1.9372568808706043,1.8510094584314587,51.0133916110013,-0.00447201192609481
2005-04-13,1.8942981958389282,1.8954112529754639,1.8878965377807617,1.8943252444267273,1.870213291694065,1.9373628270078305,1.8512876618456242,52.65493438894018,-0.0033760142755421274
2005-04-14,1.879487156867981,1.8942981958389282,1.8767006397247314,1.8942672181129456,1.8703082149320767,1.937378251331916,1.8511561848939753,44.87087501626311,-0.003660360942728369
2005-04-15,1.8931864500045776,1.8948005437850952,1.8775111436843872,1.8946651339530944,1.870542319771577,1.9373510869581712,1.8519791809480177,51.9468493541883,-0.0027486050506502213
2005-04-18,1.9042904376983643,1.9054877758026123,1.8887882232666016,1.8955907249450683,1.870887554762069,1.937021154905638,1.8541602949844986,56.788264809222895,-0.0011171550621884574
2005-04-19,1.9172146320343018,1.9204916954040527,1.9008153676986694,1.8968567800521852,1.871361337004169,1.9369354869445925,1.8567780731597778,61.63347023542476,0.001204767469099144
2005-04-20,1.9183917045593262,1.9215987920761108,1.910292625427246,1.8980409073829652,1.871842178699517,1.9370612748458997,1.8590205399200306,62.05081728008246,0.0031041055230263126
2005-04-21,1.9090162515640259,1.9211926460266113,1.906795859336853,1.898859007358551,1.8722221449214338,1.9370239830423386,1.8606940316747633,56.75511509637257,0.0038089170867570132
2005-04-22,1.9139854907989502,1.9169940948486328,1.906614065170288,1.8997408580780029,1.872648903679682,1.9372052041620833,1.8622765119939224,58.76391113176571,0.004714119964981389
2005-04-25,1.9116073846817017,1.9169940948486328,1.9086153507232666,1.9002293229103089,1.8730468941641134,1.9376622937576442,1.8627963520629736,57.389985518090334,0.00517989586346812
2005-04-26,1.9057058095932007,1.9132896661758423,1.9026962518692017,1.9004373717308045,1.8733804412393171,1.9378742270504314,1.8630005164111776,54.01488016186984,0.0050150089294280775
2005-04-27,1.903493046760559,1.9090162515640259,1.8998043537139893,1.9008232879638671,1.873687901928397,1.9379735572398127,1.8636730186879216,52.76195899777479,0.00465215621748305
2005-04-28,1.9078142642974854,1.910183310508728,1.9021170139312744,1.9010792517662047,1.8740362539273663,1.938242564659641,1.8639159388727684,54.959174310731946,0.004659566389503267
2005-04-29,1.9094902276992798,1.9160023927688599,1.9058873653411865,1.9013787889480591,1.8743980646459668,1.9385675160387907,1.8641900618573275,55.81754264782824,0.004745966694340353
2005-05-02,1.8948005437850952,1.906614065170288,1.8931864500045776,1.9013385319709777,1.874606220578678,1.9385517805026837,1.8641252834392716,47.30752971033697,0.003587747513302375
2005-05-03,1.893688440322876,1.8954830169677734,1.8892878293991089,1.9009881949424743,1.874800857494291,1.9381520911969998,1.8638242986879487,46.7267089558042,0.002550710015351454
2005-05-04,1.9021170139312744,1.903203010559082,1.8930072784423828,1.9009026169776917,1.8750794102757893,1.9380353800690633,1.86376985388632,51.578922236654165,0.0023815131750015706
2005-05-05,1.902515172958374,1.9074140787124634,1.8999848365783691,1.9008031797409057,1.8753591136068055,1.9378905746531432,1.8637157848286683,51.80225080338549,0.0022535737703366365
2005-05-06,1.8916107416152954,1.9026962518692017,1.8902876377105713,1.9002432584762574,1.875524755909903,1.9370159369568065,1.8634705799957083,45.59928987564603,0.0012577854256914378
2005-05-09,1.884800910949707,1.8912171125411987,1.8811136484146118,1.899555242061615,1.8756192788572357,1.936167039116293,1.862943445006937,42.200777602978214,-7.995871993982107e-05
2005-05-10,1.8859028816223145,1.885689616203308,1.8769121170043945,1.898899576663971,1.8757240424753112,1.935286488997758,1.862512664330184,42.94186047673447,-0.0010392311596429948
2005-05-11,1.873501181602478,1.889501929283142,1.8704874515533447,1.8981074690818787,1.8757014025766965,1.9349534905186467,1.8612614476451106,37.166347851761,-0.0027682641990598444
2005-05-12,1.8635159730911255,1.8737118244171143,1.8610882759094238,1.8972396922111512,1.8755773227763204,1.935264909739251,1.8592144746830515,33.2847096503712,-0.004887913393821108
2005-05-13,1.8496938943862915,1.8659849166870117,1.849215030670166,1.895767595767975,1.8753138224651011,1.9353425435778504,1.8561926479580995,28.80067697232832,-0.007595520455699889
2005-05-16,1.8390127420425415,1.8493860960006714,1.8340884447097778,1.894249815940857,1.8749443526209204,1.9365562562975287,1.8519433755841852,25.897273026682683,-0.010482364119001497
2005-05-17,1.8339873552322388,1.8425029516220093,1.8326095342636108,1.8923574995994568,1.8745275900701062,1.9368022329871502,1.8479127662117634,24.638754574014442,-0.013025564636438558
2005-05-18,1.8395878076553345,1.8413832187652588,1.8297927379608154,1.8906951117515565,1.8741721364760728,1.9366970681384275,1.8446931553646855,28.791864864125714,-0.014422901433882362
2005-05-19,1.83550226688385,1.8434878587722778,1.8329116106033325,1.8889288210868835,1.8737788232477772,1.9364952469445265,1.8413623952292406,27.597053794467016,-0.015679229511269988
2005-05-20,1.8288891315460205,1.8391144275665283,1.8237859010696411,1.8869783830642701,1.8733223486803388,1.9362390867424597,1.8377176793860805,25.73538404862653,-0.017012395017525828
2005-05-23,1.8292906284332275,1.831501841545105,1.8245843648910522,1.8852881503105163,1.8728746964958365,1.936551033687267,1.8340252669337656,26.061498482263758,-0.01783099621783446
2005-05-24,1.8268845081329346,1.8358055353164673,1.8265842199325562,1.8835615086555482,1.8724072345091607,1.93676385048283,1.8303591668282664,25.34325722071347,-0.018461089419036236
2005-05-25,1.8316023349761963,1.8332140445709229,1.8253837823867798,1.8816475105285644,1.8719925665906414,1.9353107286528375,1.8279842924042913,29.448926269772926,-0.018368018538816866
2005-05-26,1.8203994035720825,1.8328109979629517,1.8197038173675537,1.8795517516136169,1.8714683771908351,1.9344452141221404,1.8246582891050933,25.818040825785616,-0.01897945874707796
2005-05-27,1.824784278869629,1.8270846605300903,1.8203001022338867,1.8775910758972167,1.8709941636540175,1.9331756278041201,1.8220065239903134,29.482823700553055,-0.018892426593095424
2005-05-30,1.8235862255096436,1.825683832168579,1.8203001022338867,1.8761430764198304,1.8705126973958373,1.9335150653927036,1.8187710874469571,29.060393423698372,-0.018704511907517096
2005-05-31,1.8176862001419067,1.8258836269378662,1.8126121759414673,1.874785144329071,1.8699763115156927,1.9344148360431768,1.8151554526149654,27.00808707634009,-0.018814785765444597
2005-06-01,1.809889316558838,1.8226888179779053,1.8081873655319214,1.873571083545685,1.869366328636107,1.9359573185835555,1.8111848485078144,24.54151442470578,-0.019308742768846754
2005-06-02,1.8157057762145996,1.8203001022338867,1.8099875450134277,1.8725173902511596,1.8688216945274034,1.9370050474810392,1.80802973302128,29.699508089430793,-0.019011712382803747
2005-06-03,1.815211534500122,1.821692705154419,1.810610294342041,1.8713873648643493,1.8682776803419474,1.9378815110415981,1.8048932186871005,29.51488788894177,-0.018601765266884618
2005-06-06,1.8240852355957031,1.8251838684082031,1.8131051063537598,1.8705431032180786,1.867829321797688,1.9383597706818203,1.8027264357543369,37.077720546223524,-0.017360722108418436
2005-06-07,1.8333150148391724,1.8356033563613892,1.8212946653366089,1.8696972107887269,1.86747922208725,1.938306405052001,1.8010880165254528,43.82878307134923,-0.015454273174432709
2005-06-08,1.8243848085403442,1.8392157554626465,1.823087453842163,1.8686367988586425,1.8670421736203286,1.938389152457785,1.7988844452595,39.421639246478534,-0.014496880658259936
2005-06-09,1.820797085762024,1.8285881280899048,1.8183139562606812,1.8672627019882202,1.866573261867086,1.9380367979473325,1.7964886060291079,37.77810031346893,-0.01386778029704172
2005-06-10,1.8128092288970947,1.8263839483261108,1.8114956617355347,1.865837070941925,1.8660282134604602,1.938083977722958,1.793590164160892,34.34486759266339,-0.013854065971385943
2005-06-13,1.8080893754959106,1.8130065202713013,1.8006986379623413,1.8644725894927978,1.8654409518978885,1.9384677585192194,1.7904774204663763,32.467313733097626,-0.014061952557688828
2005-06-14,1.806097388267517,1.8148161172866821,1.8035892248153687,1.8629963111877441,1.8648395638346595,1.9386607595167193,1.7873318628587689,31.68015807607719,-0.014223481456257403
2005-06-15,1.8231873512268066,1.824884057044983,1.8050867319107056,1.8618703150749207,1.864417537589396,1.9382057691727745,1.785534860977067,44.18326504985209,-0.012824642591360513
2005-06-16,1.8225891590118408,1.8284878730773926,1.817388892173767,1.8609081530570983,1.8639938034805523,1.9379985058219247,1.783817800292272,43.8805545258004,-0.011630255479699425
2005-06-17,1.831501841545105,1.831501841545105,1.8197038173675537,1.8598101711273194,1.863664709346746,1.936982319719808,1.7826380225348308,49.43881991987657,-0.009850960355605398
2005-06-20,1.8225891590118408,1.828688383102417,1.8218919038772583,1.8584562015533448,1.8632487506596187,1.9358210870349477,1.7810913160717419,44.67381222568683,-0.009055647279773815
2005-06-21,1.827986478805542,1.8298931121826172,1.8169924020767212,1.8571915888786317,1.8628917241339527,1.9344377640817965,1.7799454136754669,47.94575755095308,-0.007898785059841096
2005-06-22,1.8208967447280884,1.8333150148391724,1.8187110424041748,1.8557235598564148,1.862466603945972,1.9328812631206524,1.7785658565921771,44.24432890274663,-0.007467959713538752
2005-06-23,1.815606951713562,1.8233866691589355,1.8146843910217285,1.8544459557533264,1.8619923200841701,1.9321114246453381,1.7767804868613146,41.66008911986204,-0.00746729132413515
2005-06-24,1.8240852355957031,1.8251838684082031,1.8142893314361572,1.853063931465149,1.8616087141127953,1.9303740833133227,1.7757537796169751,47.00302805749459,-0.006705339982019831
2005-06-27,1.8285881280899048,1.8314012289047241,1.8225891590118408,1.8515498852729797,1.8612746143297125,1.927721990648041,1.7753777798979185,49.64094045027479,-0.00567275032718384
2005-06-28,1.8171906471252441,1.8269846439361572,1.8145856857299805,1.8495494055747985,1.8608286508726322,1.9239149809903053,1.7751838301592917,43.71037834684362,-0.005708295371690708
2005-06-29,1.806815266609192,1.8182148933410645,1.8003097772598267,1.8473178768157958,1.8602823298479685,1.9199271941792382,1.7747085594523535,39.1276939263231,-0.006498757936369115
2005-06-30,1.7902858257293701,1.810184121131897,1.7878854274749756,1.8449432682991027,1.859574463076227,1.917081124409776,1.7728054121884294,33.16253614535573,-0.00836259417048879
2005-07-01,1.7689095735549927,1.7907025814056396,1.767502784729004,1.8420417499542237,1.858657728344632,1.9145145540274706,1.7695689458809767,27.354552537939384,-0.011432792599501695
2005-07-04,1.7604082822799683,1.7647888660430908,1.7578091621398926,1.839017767906189,1.8576644642284332,1.9122566484767622,1.7657788873356157,25.445873004761154,-0.014386096170103668
2005-07-05,1.7579944133758545,1.7621145248413086,1.7518043518066406,1.8360635399818421,1.856656998900548,1.910233396270167,1.7618936836935173,24.91429683562376,-0.016728553225802356
2005-07-06,1.7519885301589966,1.7606873512268066,1.7519885301589966,1.8330334496498109,1.8555991764195083,1.9083299245645642,1.7577369747350575,23.593637123029723,-0.018852274614651332
2005-07-07,1.7427067756652832,1.75429368019104,1.7410078048706055,1.8297312998771667,1.8544584176505652,1.9061157344152684,1.753346865339065,21.680891129272652,-0.02104174301721229
2005-07-08,1.738586187362671,1.7437094449996948,1.7327117919921875,1.8263132190704345,1.8532877291732133,1.9034218933405564,1.7492045448003126,20.8719099292324,-0.022846054444871866
2005-07-11,1.756913423538208,1.7591078281402588,1.7375892400741577,1.8235554766654969,1.852314182475097,1.9005293495183073,1.7465816038126865,32.86972494512125,-0.022537333111287472
2005-07-12,1.7768932580947876,1.7790112495422363,1.7554022073745728,1.821219573020935,1.8515524164539239,1.8965782404437026,1.7458609055981675,43.01396491422355,-0.02044478876152933
2005-07-13,1.7636061906814575,1.7779041528701782,1.7531864643096924,1.8184493565559388,1.850664275623055,1.891827370375552,1.7450713427363256,38.81342610322548,-0.019632278893562338
2005-07-14,1.7579944133758545,1.7646021842956543,1.7551865577697754,1.8155589413642883,1.8497285711850597,1.886774676751085,1.7443432059774917,37.16275917695464,-0.01921963056106013
2005-07-15,1.7509149312973022,1.7636995315551758,1.7509149312973022,1.8127450251579285,1.8487309784870924,1.8828045667954665,1.7426854835203904,35.13285006327979,-0.01924204846566724
2005-07-18,1.7472131252288818,1.7562036514282227,1.74599289894104,1.809993269443512,1.8477062339153993,1.8793052989631698,1.740681239923854,34.08446228589848,-0.01933563051643672
2005-07-19,1.73659348487854,1.7488938570022583,1.734786033630371,1.8070070815086365,1.8465847977236833,1.875834177398987,1.738179985618286,31.207413831725617,-0.02003575151844661
2005-07-20,1.7410078048706055,1.7445918321609497,1.7280110120773315,1.804357213973999,1.8455193845357605,1.8729367796212428,1.735777648326755,33.712157566706466,-0.020003812229845597
2005-07-21,1.753709077835083,1.7603154182434082,1.740310788154602,1.8021610760688782,1.844593026339585,1.8700373109335016,1.7342848412042549,40.4326078258248,-0.01873761793842088
2005-07-22,1.7390094995498657,1.7571913003921509,1.7362918853759766,1.7999473881721497,1.8435278462923779,1.8687100542541035,1.731184722090196,35.896726876393245,-0.018704667197938507
2005-07-25,1.746297836303711,1.747610092163086,1.733913540840149,1.798093090057373,1.8425470763484146,1.8675527999998247,1.7286333801149214,39.51959734387643,-0.017884286709243025
2005-07-26,1.7371063232421875,1.7461148500442505,1.7358098030090332,1.796155469417572,1.841483629269995,1.8669211057551616,1.7253898330799826,36.70244183122007,-0.017770955041136016
2005-07-27,1.743101716041565,1.7474879026412964,1.7340039014816284,1.7942257475852967,1.8404915101667472,1.865418150689365,1.7230333444812285,39.7208683959342,-0.017001379464849586
2005-07-28,1.755802869796753,1.7597888708114624,1.7413108348846436,1.7926317596435546,1.8396375935463067,1.863620643680508,1.7216428756066011,45.63539647308454,-0.015191490272589148
2005-07-29,1.7582108974456787,1.7609044313430786,1.752203345298767,1.7912181949615478,1.8388166761388245,1.8620748803158358,1.7203615096072598,46.703117742958746,-0.013408270149706247
2005-08-01,1.7681901454925537,1.7720128297805786,1.7545090913772583,1.7899961853027344,1.8381047360458527,1.8602780210082548,1.719714349597214,50.99822954137712,-0.011062294196133138
2005-08-02,1.7711968421936035,1.7750009298324585,1.767815113067627,1.7888824319839478,1.8374303688458637,1.8585404689444243,1.7192243950234714,52.246908091115664,-0.008858362368080464
2005-08-03,1.7778093814849854,1.7831987142562866,1.7657861709594727,1.7878065729141235,1.8368295240351045,1.8564254342382083,1.7191877115900387,54.96493057048806,-0.006503189142024857
2005-08-04,1.7811025381088257,1.7820864915847778,1.7725154161453247,1.7870206356048584,1.836267993548702,1.8550131208949068,1.71902815031481,56.29898001256068,-0.00432115558304802
2005-08-05,1.778789758682251,1.7824041843414307,1.7723897695541382,1.7861007452011108,1.8356888897672436,1.853247143800437,1.7189543466017847,55.06529143600999,-0.002746836417501619
2005-08-08,1.78459894657135,1.7905102968215942,1.7736157178878784,1.785320999622345,1.8351742134997175,1.8515904063948874,1.7190515928498025,57.57974807815548,-0.0010186814970172264
2005-08-09,1.7878854274749756,1.7913120985031128,1.7825946807861328,1.7847249841690063,1.8346978887154712,1.8503390868223677,1.7191108815156448,58.97829269753552,0.0006090643560392461
2005-08-10,1.7962028980255127,1.7979143857955933,1.78670334815979,1.7844512557983399,1.8343101884793918,1.849750304603268,1.7191522069934118,62.3604396067558,0.002540924833479119
2005-08-11,1.8125134706497192,1.8134009838104248,1.796105980873108,1.7843874096870422,1.83409069060632,1.84956786236049,1.7192069570135944,67.94224249149785,0.005326662626754963
2005-08-12,1.815112590789795,1.8176862001419067,1.8082855939865112,1.7843854308128357,1.8338995997799874,1.8495620697157078,1.7192087919099637,68.73783526574076,0.007655855238053899
2005-08-15,1.8096927404403687,1.8164974451065063,1.8078933954238892,1.784097580909729,1.8336558894258044,1.8486830232646554,1.7195121385548027,65.10918134812616,0.00896112229609125
2005-08-16,1.8091033697128296,1.813894510269165,1.8047934770584106,1.783613348007202,1.8334087280840579,1.8470453825375623,1.7201813134768418,64.70914330089902,0.00983463104653226
2005-08-17,1.8065868616104126,1.8122836351394653,1.8026137351989746,1.7832573890686034,1.8331387534709918,1.845951018469969,1.7205637596672378,62.931193532207,0.010206181346582133
2005-08-18,1.7946876287460327,1.8092014789581299,1.791986107826233,1.7827351999282837,1.832751769529871,1.844581820134162,1.7208885797224054,55.2069976291531,0.009431745696794946
2005-08-19,1.7951065301895142,1.7977850437164307,1.7896130084991455,1.782381145954132,1.832372939475894,1.8437256992353532,1.721036592672911,55.414469311398285,0.008750926477247623
2005-08-22,1.8013150691986084,1.8045982122421265,1.7951065301895142,1.782245659828186,1.832060434453773,1.843388050827963,1.721103268828409,58.48370003573171,0.008613063517048491
2005-08-23,1.8008931875228882,1.8021913766860962,1.7969130277633667,1.7821415758132935,1.831746863930468,1.843135777870171,1.721147373756416,58.190560719617736,0.008373242277609272
2005-08-24,1.8004069328308105,1.8027113676071167,1.7916971445083618,1.7816859674453736,1.831431590934215,1.8417621599007683,1.7216097749899788,57.830764999701394,0.008051137031642508
2005-08-25,1.8026137351989746,1.8081873655319214,1.798593521118164,1.7812864589691162,1.8311417212275858,1.8405120698495256,1.7220608480887067,59.067719463932924,0.007883065736887795
2005-08-26,1.8006014823913574,1.8092014789581299,1.7994996309280396,1.7806684517860412,1.8308345599206188,1.8383808866181475,1.7229560169539349,57.41393433578138,0.007501028849086211
2005-08-29,1.7964931726455688,1.80890691280365,1.7933038473129272,1.7801465320587158,1.830489205279899,1.836773372871572,1.7235196912458595,54.08452480800111,0.006788501976083827
2005-08-30,1.7859057188034058,1.7966868877410889,1.7825946807861328,1.7793049168586732,1.830040898464943,1.8342556784180242,1.7243541552993222,46.58685461660695,0.005308309367649144
2005-08-31,1.8033939599990845,1.8056081533432007,1.7825946807861328,1.778954861164093,1.8297729798137032,1.8330403609786676,1.7248693613495185,57.15293051500521,0.005483194121748358
2005-09-01,1.8326095342636108,1.836210012435913,1.8010878562927246,1.7792949128150939,1.8298014966622536,1.8345227320785835,1.7240670935516043,68.39935546729816,0.007888312669603215
2005-09-02,1.8422991037368774,1.8450864553451538,1.8306971788406372,1.7796591901779175,1.8299271264137906,1.8363146778069501,1.723003702548885,71.10796404459978,0.010455726616136474
2005-09-05,1.842808485031128,1.850104570388794,1.837694764137268,1.779943597316742,1.8300566005391032,1.8377330395525946,1.7221541550808892,71.2474881654303,0.012388714094971442
2005-09-06,1.841010332107544,1.8465856313705444,1.837897539138794,1.780419991016388,1.830166688425574,1.8398326237322897,1.7210073583004863,69.96306453634372,0.013618538648930034
2005-09-07,1.8367160558700562,1.8461084365844727,1.8358055353164673,1.7810180068016053,1.8302325047103074,1.8420937052633948,1.7199423083398158,66.86298710673887,0.014084316036659716
2005-09-08,1.836007833480835,1.8436918258666992,1.833583950996399,1.7819324469566344,1.8302905367348008,1.8449139020032876,1.7189509919099812,66.34089228825934,0.014232239941448732
2005-09-09,1.8394863605499268,1.8418920040130615,1.8325086832046509,1.7833439826965332,1.8303829297384697,1.848267715760635,1.7184202496324312,67.67594928249278,0.014463433308929297
2005-09-12,1.8209961652755737,1.8427064418792725,1.8189092874526978,1.7845557403564454,1.8302886274510546,1.8499918527269588,1.719119627985932,55.153222769916795,0.013004740930409486
2005-09-13,1.8227885961532593,1.8249839544296265,1.819008708000183,1.7858516240119935,1.8302132870950103,1.8517057424895045,1.7199975055344825,56.003130767204105,0.011856674539414191
2005-09-14,1.8228882551193237,1.8298931121826172,1.822190761566162,1.7872696185112,1.830139711662759,1.8532008367054065,1.7213384003169936,56.052999525957624,0.0108300235290677
2005-09-15,1.8075991868972778,1.8238855600357056,1.8045982122421265,1.7885674667358398,1.8299133272924546,1.853464912779454,1.7236700206922255,47.211877559481984,0.008682607482974225
2005-09-16,1.8087108135223389,1.8143880367279053,1.8026137351989746,1.7899699592590332,1.829700400995571,1.8534746359498437,1.7264652825682227,47.855863827034284,0.006989888687800594
2005-09-19,1.8029061555862427,1.8061951398849487,1.7976881265640259,1.7908898138999938,1.8294313445413521,1.8537694478782494,1.7280101799217382,44.78357841137976,0.005120978016476929
2005-09-20,1.7976881265640259,1.8076971769332886,1.7975913286209106,1.7913057112693787,1.8291126217106015,1.8540824829210074,1.72852893961775,42.163140395487524,0.0031821200127675198
2005-09-22,1.7917935848236084,1.8150137662887573,1.7884927988052368,1.7918694591522217,1.828737947857318,1.8541351121920229,1.7296038061124206,39.36124350468609,0.0011565883893975837
2005-09-23,1.7756942510604858,1.7932074069976807,1.7755050659179688,1.7922234559059143,1.8282054499874736,1.853901516976958,1.7305453948348706,32.92555713801845,-0.0017278244178722257
2005-09-26,1.7788846492767334,1.7799928188323975,1.7713849544525146,1.792782850265503,1.8277103695900083,1.853430462644197,1.732135237886809,35.18712196423344,-0.0037134969941481355
2005-09-27,1.7670965194702148,1.778789758682251,1.764508605003357,1.7931805181503295,1.8271019833391848,1.8528615811101181,1.733499455190541,31.024715615082982,-0.006167267948796962
2005-09-28,1.7691912651062012,1.7715104818344116,1.7610903978347778,1.7938324737548828,1.8265207791162357,1.851674304711255,1.7359906427985106,32.55159070164123,-0.007852353598157835
2005-09-29,1.758891224861145,1.7702873945236206,1.7584891319274902,1.7941901421546935,1.8258420929401233,1.8509089956231668,1.7374712886862202,29.136236337592564,-0.009904747518508783
2005-09-30,1.7646021842956543,1.771793007850647,1.7573148012161255,1.794408004283905,1.8252275813824153,1.8505731795182154,1.7382428290495946,33.31408321153701,-0.010944298726076163
2005-10-03,1.7525105476379395,1.7636061906814575,1.7523876428604126,1.7946780252456664,1.8244979641376813,1.8498776345441421,1.7394784159471908,29.36642070809019,-0.012598615573918837
2005-10-04,1.7583962678909302,1.7619904279708862,1.7534937858581543,1.794919993877411,1.8238347781824733,1.8493547572379017,1.7404852305169203,33.497372851090574,-0.013281642650207592
2005-10-05,1.7689095735549927,1.767909049987793,1.7582108974456787,1.795556058883667,1.8232837693709099,1.8479380155289067,1.7431741022384273,40.222507740744895,-0.012826751814836834
2005-10-06,1.7774933576583862,1.7811975479125977,1.7667845487594604,1.7962438917160035,1.8228244382058154,1.8466816062425453,1.7458061771894617,45.10373649291019,-0.011639435741100712
2005-10-07,1.7608113288879395,1.777714490890503,1.7583962678909302,1.7963440608978272,1.8222024248187625,1.8464729037770649,1.7462152180185895,38.5205169441167,-0.011907319337484346
2005-10-10,1.7539860010147095,1.7633886337280273,1.7519885301589966,1.7962595629692077,1.821518244802479,1.8466642485063758,1.7458548774320397,36.1929149722166,-0.01252597430074931
2005-10-11,1.7454140186309814,1.7559878826141357,1.7448962926864624,1.7958040404319764,1.8207550142048805,1.8476355950104102,1.7439724858535426,33.45849366841982,-0.013551734199436671
2005-10-12,1.7522954940795898,1.7545090913772583,1.739614486694336,1.795426013469696,1.8200685043820701,1.8482561859665307,1.7425958409728612,37.53830967527437,-0.01365200691391033
2005-10-13,1.754693865776062,1.757592797279358,1.7451093196868896,1.7949637031555177,1.819412980596265,1.8488177446622638,1.7411096616487716,38.9433871339809,-0.013383666632780455
2005-10-14,1.7689095735549927,1.7707891464233398,1.7488020658493042,1.794719843864441,1.8189066124033422,1.8489392547203054,1.7405004330085765,46.609685124240045,-0.011886891528358978
2005-10-17,1.7530940771102905,1.7728923559188843,1.7525105476379395,1.7942059302330018,1.818246798771046,1.8495177378619698,1.7388941226040338,40.51479770659739,-0.011840376373436934
2005-10-18,1.7483128309249878,1.7534937858581543,1.7428890466690063,1.7934802079200745,1.8175457179510788,1.850239744066983,1.7367206717731658,38.86040063357147,-0.012050409764010173
2005-10-19,1.7632951736450195,1.7669093608856201,1.7442874908447266,1.7929884028434753,1.8170019024305388,1.8503685470829414,1.7356082586040091,46.26507598283468,-0.010882466593613138
2005-10-20,1.7743079662322998,1.7750009298324585,1.7600985765457153,1.792550504207611,1.816573963692205,1.850164228228452,1.7349367801867701,50.965999413139976,-0.008964881321027685
2005-10-21,1.7686907052993774,1.779897928237915,1.764508605003357,1.7916740489006042,1.8160940453710974,1.8493814678167098,1.7339666299844987,48.62912786626416,-0.007808436394750595
2005-10-24,1.7689095735549927,1.7726095914840698,1.7651938199996948,1.7907499885559082,1.8156211650093066,1.8484051581673595,1.7330948189444568,48.727773832697515,-0.006795945194002728
2005-10-25,1.7840895652770996,1.7868950366973877,1.7638862133026123,1.7902379250526428,1.8153051795866526,1.847660721904154,1.7328151282011315,55.15922458746431,-0.004714296677761576
2005-10-26,1.7759149074554443,1.786384105682373,1.772986888885498,1.7895741558074951,1.814910468615228,1.8468740043871894,1.7322743072278008,51.418715380730774,-0.0036817607527730445
2005-10-27,1.7838984727859497,1.7900936603546143,1.7745914459228516,1.7891203880310058,1.814599734156307,1.8462293607619211,1.7320114153000905,54.65296444515583,-0.0021939708620690723
2005-10-28,1.773710012435913,1.7857142686843872,1.7734898328781128,1.7887008357048035,1.814190055211793,1.845950920946513,1.731450750463094,50.07162460339999,-0.0018160756666536493
2005-10-31,1.7687844038009644,1.7820864915847778,1.767909049987793,1.7881743931770324,1.8137351619632227,1.8456676292927372,1.7306811570613276,47.97773143554307,-0.001892233958313616
2005-11-01,1.7647888660430908,1.7723897695541382,1.7614936828613281,1.787443869113922,1.813244830453053,1.8451832955201888,1.7297044427076553,46.28682247367121,-0.0022490705725406457
2005-11-02,1.7761043310165405,1.777303695678711,1.7628910541534424,1.7869480919837952,1.8128727915125473,1.8446418421433783,1.7292543418242121,51.50001723321471,-0.001600354810049831
2005-11-03,1.7713849544525146,1.7788846492767334,1.769911527633667,1.7863676524162293,1.8124572327593718,1.8440926819960404,1.7286426228364182,49.348741410509916,-0.0014503385418662695
2005-11-04,1.7500874996185303,1.7713849544525146,1.7472131252288818,1.7853171277046203,1.8118325539143405,1.8437429588751744,1.7268912965340661,41.021071856983475,-0.00301521862002474
2005-11-07,1.7434055805206299,1.7518963813781738,1.7404016256332397,1.7841732096672058,1.8111472522230974,1.843608556999315,1.7247378623350966,38.8083309793716,-0.004739933382858608
2005-11-08,1.7424943447113037,1.7458101511001587,1.7334927320480347,1.7830932331085205,1.810459732356885,1.8435681529266361,1.722618313290405,38.50330570889901,-0.006109880473767371
2005-11-09,1.7440136671066284,1.7455966472625732,1.7368046045303345,1.782255392074585,1.8097943554681617,1.8437238831760392,1.7207869009731307,39.359121283907854,-0.0069923730693108865
2005-11-10,1.7401896715164185,1.7514054775238037,1.740492582321167,1.7809913063049316,1.8090973931229641,1.8432795688868615,1.7187030437230018,37.92843166345298,-0.007909147565103192
2005-11-11,1.7407954931259155,1.7437094449996948,1.7381027936935425,1.7791550254821777,1.8084135187712949,1.8406404173799662,1.7176696335843893,38.31100945611653,-0.008488957795919516
2005-11-14,1.7375892400741577,1.7496894598007202,1.7349063158035278,1.7770608282089233,1.8077044332024577,1.836878108589167,1.7172435478286796,37.010858105032725,-0.0091022542852075
2005-11-15,1.7367141246795654,1.7398868799209595,1.7312120199203491,1.774938941001892,1.8069937291751874,1.8327294090989144,1.7171484729048698,36.64531300798013,-0.009548837614158812
2005-11-16,1.7188923358917236,1.736895203590393,1.7150893211364746,1.7724965810775757,1.8061117750748563,1.829201567797737,1.7157915943574145,30.120789357495227,-0.011211587332291328
2005-11-17,1.7198973894119263,1.7225044965744019,1.7159134149551392,1.770160207748413,1.805248763333266,1.8256792297591005,1.7146411857377257,30.868321814095182,-0.012306368883834518
2005-11-18,1.7157073020935059,1.7214075326919556,1.7108055353164673,1.7677541971206665,1.8043525009560728,1.8220389316036723,1.7134694626376608,29.4536995673936,-0.013358112177437986
2005-11-21,1.7160900831222534,1.7241973876953125,1.7147070169448853,1.765286271572113,1.803469093437315,1.8174382014704606,1.7131343416737652,29.770335409395315,-0.013999363141045551
2005-11-22,1.721496343612671,1.7236030101776123,1.7080003023147583,1.763296275138855,1.8026486865177518,1.8143535080890671,1.7122390421886429,34.25838304183577,-0.013910962197160037
2005-11-23,1.722089171409607,1.7258042097091675,1.7182129621505737,1.761282286643982,1.8018424704512577,1.8106783819641075,1.7118861913238563,34.75079474280206,-0.013635881608352829
2005-11-24,1.7225044965744019,1.7277123928070068,1.7204893827438354,1.7592746114730835,1.8010485248312973,1.8065657790688743,1.7119834438772927,35.11745197021787,-0.013231836614137293
2005-11-25,1.7157073020935059,1.7231872081756592,1.712886095046997,1.757436773777008,1.8001945524814988,1.8042019548859054,1.7106715926681106,31.952838969311784,-0.013306713325246466
2005-11-28,1.7284889221191406,1.7334927320480347,1.7059897184371948,1.755832335948944,1.7994770659552637,1.8008908207893695,1.7107738511085187,42.454333799478476,-0.012194117546147298
2005-11-29,1.7168856859207153,1.7295054197311401,1.7152070999145508,1.7541119265556335,1.7986507026901553,1.7983964224527476,1.7098274306585195,36.8887250721748,-0.012109075677540826
2005-11-30,1.7309123277664185,1.7337933778762817,1.716708779335022,1.7527764105796815,1.7979729877119617,1.7957038140315955,1.7098490071277674,46.08947922893065,-0.010785517876239714
2005-12-01,1.733012080192566,1.734394907951355,1.7264000177383423,1.7516007804870606,1.7973230964998996,1.7933708192182851,1.709830741755836,47.32742073835537,-0.009458128888220063
2005-12-02,1.733913540840149,1.7362918853759766,1.726191520690918,1.7507651662826538,1.796688759858308,1.792238490119394,1.7092918424459136,47.88075565150572,-0.00823845542556878
2005-12-05,1.7416141033172607,1.7442874908447266,1.7286086082458496,1.7500197553634644,1.7961378334013496,1.7907635571817475,1.7092759535451814,52.47376431595088,-0.006574695387704166
2005-12-06,1.7427067756652832,1.7449876070022583,1.7322015762329102,1.7495319604873658,1.7956033766365602,1.7900245091529683,1.7090394118217633,53.10526729871726,-0.00510908963924761
2005-12-07,1.7350869178771973,1.7424943447113037,1.7298043966293335,1.7488498735427855,1.7949980782463182,1.7891392132596016,1.7085605338259695,48.286768776460576,-0.004510451686779993
2005-12-08,1.7521113157272339,1.7558954954147339,1.7340039014816284,1.7487142753601075,1.7945691380866569,1.7889112062887191,1.7085173444314958,57.55348296031813,-0.002631960565763647
2005-12-09,1.7551865577697754,1.756604790687561,1.7467858791351318,1.74852596282959,1.7941752659374341,1.7885067327946758,1.7085451928645041,58.98328908145518,-0.0008848959568357184
2005-12-12,1.7745914459228516,1.7774933576583862,1.7517123222351074,1.748967580795288,1.7939794146650592,1.7896103151834255,1.7083248464071505,66.62331477146736,0.002041939426550732
2005-12-13,1.7700995206832886,1.778188705444336,1.7659108638763428,1.7492016458511352,1.7937406118255164,1.7901992661780308,1.7082040255242397,63.666975546902464,0.003953443888138564
2005-12-14,1.7713849544525146,1.7806901931762695,1.7687844038009644,1.7492511534690858,1.7935170627593287,1.7903517606483221,1.7081505462898494,64.1571296905972,0.005508549577376121
2005-12-15,1.7652873992919922,1.7748117446899414,1.7618041038513184,1.7490070343017579,1.7932347895534728,1.7895643691555057,1.70844969944801,60.020724477677874,0.006177747075200246
2005-12-16,1.772986888885498,1.7736157178878784,1.7630153894424438,1.7492505455017089,1.7930323372554884,1.790241057542596,1.7082600334608218,63.24331666295342,0.007245849731094767
2005-12-19,1.7626113891601562,1.7732068300247192,1.7600055932998657,1.749423053264618,1.7927281826332064,1.790567220015372,1.708278886513864,56.62004716277728,0.007172433318379801
2005-12-20,1.756604790687561,1.7680964469909668,1.7530940771102905,1.7496468687057496,1.7923670311722093,1.7908237598194319,1.7084699775920673,53.14977541562218,0.006554017352560004
2005-12-21,1.744713544845581,1.7592005729675293,1.7388886213302612,1.7494952297210693,1.7918906277012034,1.790688148847836,1.7083023105943027,47.00731779220451,0.005046224350889972
2005-12-22,1.7377101182937622,1.7455966472625732,1.7343045473098755,1.7491555547714233,1.7913489974493526,1.7904534642522487,1.7078576452905978,43.79696572480427,0.003248720315808251
2005-12-23,1.7334026098251343,1.7401896715164185,1.7312120199203491,1.748445415496826,1.7907697475170894,1.789577662530145,1.7073131684635072,41.90149552905979,0.001459778070701967
2005-12-26,1.7306127548217773,1.7359001636505127,1.7316017150878906,1.747995789051056,1.7901684273921838,1.789411148445348,1.706580429656764,40.67369795329667,-0.00018100303978529908
2005-12-27,1.7300140857696533,1.7384047508239746,1.7267875671386719,1.7476298141479492,1.7895671611839798,1.789355973103405,1.7059036551924933,40.400127091761604,-0.0015122096685158404
2005-12-28,1.7196904420852661,1.7407046556472778,1.7140016555786133,1.746757719516754,1.7888687475329097,1.7889674134900897,1.7045480255434184,35.91419038773884,-0.0033614831938424405
2005-12-29,1.7252088785171509,1.7278021574020386,1.717504858970642,1.7457757377624512,1.7882324993636878,1.7876525598513522,1.7038989156735502,39.764458311344285,-0.004331819565912554
2005-12-30,1.7206965684890747,1.7295054197311401,1.7175933122634888,1.7448158550262451,1.7875575417816245,1.786748975779307,1.7028827342731834,37.766425882976876,-0.005402645505632631
2006-01-02,1.71918785572052,1.7252088785171509,1.71918785572052,1.7438214206695557,1.7868742815359382,1.7857806605008992,1.7018621808382122,37.095277718359156,-0.006300396243296813
2006-01-03,1.7485880851745605,1.7488938570022583,1.7190104722976685,1.743111391067505,1.7864916806629416,1.783459942524271,1.7027628396107388,54.18253660794433,-0.004586645369140774
2006-01-04,1.7573148012161255,1.7610903978347778,1.7467858791351318,1.7427393889427185,1.786200123355683,1.782186398658901,1.703292379226536,57.843058848745066,-0.0024955453092170288
2006-01-05,1.755309820175171,1.758798360824585,1.749199628829956,1.7421676158905028,1.785891457349924,1.77997422894756,1.7043610028334457,56.7217993970678,-0.000988721296199424
2006-01-06,1.7707891464233398,1.7721070051193237,1.7519885301589966,1.7421091985702515,1.785740556472633,1.7797254276871164,1.7044929694533866,62.728764654302154,0.0014379243554056842
2006-01-09,1.7646021842956543,1.7725154161453247,1.7632951736450195,1.7420255541801453,1.7855293526345233,1.7794176099799426,1.704633498380348,59.19236219828921,0.0028292090197776787
2006-01-10,1.764508605003357,1.769911527633667,1.7624871730804443,1.7420199489593506,1.7853193327024302,1.7793981584128462,1.704641739505855,59.13805605320987,0.003879540149233085
2006-01-11,1.766690731048584,1.767815113067627,1.7527869939804077,1.7418316769599915,1.7851332204865593,1.778598986319976,1.705064367600007,60.05828268382225,0.004832310602992829
2006-01-12,1.7609044313430786,1.7716988325119019,1.758891224861145,1.7416220664978028,1.7848911684283828,1.7778167285601945,1.7054274044354112,56.42928967217197,0.0050621289523311574
2006-01-13,1.7774933576583862,1.777714490890503,1.7597888708114624,1.7421701836585999,1.7848172652854182,1.7796937495683969,1.7046466177488029,63.27976505958778,0.006507831137765319
2006-01-16,1.7664098739624023,1.779897928237915,1.7652873992919922,1.7426302695274354,1.7846333851859881,1.7807746492862067,1.704485889768664,56.84861490203032,0.006682187926813077
2006-01-17,1.7671903371810913,1.770005464553833,1.7596030235290527,1.743124189376831,1.7844591452001046,1.7818957900919838,1.7043525886616782,57.17863857977488,0.006804901133092844
2006-01-18,1.7622076272964478,1.7702873945236206,1.7596030235290527,1.7434880685806275,1.784236881658723,1.7826334486329392,1.704342688528316,54.32219585516733,0.006426014097265398
2006-01-19,1.7570061683654785,1.7632019519805908,1.7535861730575562,1.7438243985176087,1.7839648929280159,1.7831426948821938,1.7045061021530237,51.43362453031367,0.005641003153365798
2006-01-20,1.7710086107254028,1.773301124572754,1.7547862529754639,1.7444286608695985,1.7838354865257138,1.784478806713964,1.7043785150252329,57.92055295486342,0.006078685101776005
2006-01-23,1.786511778831482,1.7886848449707031,1.7726095914840698,1.745407111644745,1.7838622161310707,1.7871307080381582,1.7036835152513317,63.701436231994684,0.0075890455074054675
2006-01-24,1.783484935760498,1.789709210395813,1.7812929153442383,1.7463425278663636,1.7838584481647568,1.7893480985236876,1.7033369572090395,61.91305324228669,0.008444433893533443
2006-01-25,1.7840895652770996,1.793014407157898,1.7820864915847778,1.747646472454071,1.7838607562873183,1.791204954171851,1.704087990736291,62.141695546631574,0.009066609668678671
2006-01-26,1.7813880443572998,1.7885888814926147,1.7785050868988037,1.7488762855529785,1.783836062687266,1.7927083317357786,1.7050442393701783,60.397078799316205,0.00923524019214228
2006-01-27,1.7676901817321777,1.7876935005187988,1.7673152685165405,1.749915943145752,1.7836748285817876,1.7929963408559968,1.7068355454355073,52.36885979277455,0.00816940623111817
2006-01-30,1.7670965194702148,1.7715104818344116,1.7640106678009033,1.7509360718727112,1.7835092821451088,1.7931541436726903,1.708718000072732,52.04596454111394,0.007193894813622315
2006-01-31,1.7785998582839966,1.785809874534607,1.7670029401779175,1.7520781421661378,1.7834602597273832,1.7941348091719407,1.7100214751603349,57.51257472859361,0.0072652687957306394
2006-02-01,1.7749063968658447,1.781610131263733,1.772986888885498,1.7531344866752625,1.7833748492346293,1.7947678204013435,1.7115011529491815,55.331552263477995,0.006943758397407684
2006-02-02,1.7785998582839966,1.7811975479125977,1.7715104818344116,1.7542563939094544,1.7833271725117112,1.7955425554597149,1.712970232359194,57.08421778951686,0.006907366735241949
2006-02-03,1.7627047300338745,1.780404806137085,1.7600055932998657,1.7551963424682617,1.7831212712563955,1.7950141614199142,1.7153785235166092,48.30072949628504,0.0055321508804271335
2006-02-06,1.7470910549163818,1.7642908096313477,1.7442874908447266,1.7555683851242065,1.7827615459736808,1.7947095297655957,1.7164272404828174,41.53933470801372,0.0031461227696421012
2006-02-07,1.7466028928756714,1.75131356716156,1.7410986423492432,1.7561627292633057,1.7824005505598546,1.793779187160353,1.7185462713662585,41.34446535851329,0.0012019325739600628
2006-02-08,1.7413108348846436,1.7470910549163818,1.7384955883026123,1.7563706994056703,1.7819903388351062,1.7935295506265714,1.7192118481847691,39.19767526938951,-0.0007571490723565777
2006-02-09,1.7455966472625732,1.7461148500442505,1.738586187362671,1.7566223907470704,1.7816270210302345,1.7933028592484868,1.719941922245654,41.83188549634974,-0.001941525453740267
2006-02-10,1.7445918321609497,1.757592797279358,1.7420085668563843,1.7568359565734863,1.7812573112694263,1.7930987247781631,1.7205731883688096,41.37924800513968,-0.0029274862113213285
2006-02-13,1.743101716041565,1.7441961765289307,1.7378007173538208,1.7568657088279724,1.780876429216496,1.7930799102034305,1.7206515074525144,40.67633187794693,-0.0037854705840627556
2006-02-14,1.7361111640930176,1.7445918321609497,1.7289971113204956,1.756733796596527,1.780429581542832,1.793205640215084,1.7202619529779701,37.46133741086049,-0.004972192164481637
2006-02-15,1.740310788154602,1.748496413230896,1.7340039014816284,1.7568382740020752,1.7800291277548133,1.7930862582546045,1.7205902897495458,40.503707099908326,-0.005510283880244771
2006-02-16,1.739493489265442,1.7407954931259155,1.7316017150878906,1.7565859174728393,1.7796245258692722,1.7931425982840634,1.7200292366616152,40.09490999106187,-0.005934268083123362
2006-02-17,1.742585301399231,1.742585301399231,1.7337933778762817,1.7563338923454284,1.7792548345558012,1.7931030807340755,1.7195647039567812,42.46079572451613,-0.00595218216777571
2006-02-20,1.7448962926864624,1.74599289894104,1.7410986423492432,1.7557399892807006,1.7789119099104442,1.7922639721889098,1.7192160063724915,44.23364650144477,-0.005714033702151511
2006-02-21,1.7459014654159546,1.7474879026412964,1.7420085668563843,1.755256028175354,1.7785824503675782,1.791644415820462,1.7188676405302459,45.0270325947623,-0.0053821482341143145
2006-02-22,1.7440136671066284,1.7467858791351318,1.738314151763916,1.7547086024284362,1.778237448305444,1.7909297715977546,1.7184874332591178,43.767628980705354,-0.005211382581733703
2006-02-23,1.752203345298767,1.7551865577697754,1.7417961359024048,1.7544469213485718,1.7779776315081128,1.790544987266273,1.7183488554308706,50.26648202647972,-0.0043648951911028355
2006-02-24,1.7445003986358643,1.753709077835083,1.743101716041565,1.7538771915435791,1.777643543183837,1.789678896282381,1.7180754868047772,44.99873008487323,-0.004266430499858753
2006-02-27,1.7398868799209595,1.7452006340026855,1.738193392753601,1.753422701358795,1.777266759039726,1.7893485885711,1.7174968141464901,42.14967323168532,-0.004508695491100223
2006-02-28,1.7542012929916382,1.756913423538208,1.7380120754241943,1.7533746314048768,1.7770365890809132,1.7892895703502987,1.717459692459455,52.251243057114884,-0.0035052325983595534
2006-03-01,1.7499955892562866,1.758798360824585,1.7466028928756714,1.753480272293091,1.7767667550811244,1.789322227288166,1.7176383172980159,49.51550757548732,-0.003014595785518326
2006-03-02,1.7534937858581543,1.7550016641616821,1.7440136671066284,1.7537959456443786,1.7765345277317348,1.7893478395703502,1.718244051718407,51.77713323066557,-0.0023167809378668025
2006-03-03,1.7558954954147339,1.7583962678909302,1.7509149312973022,1.7542458033561708,1.7763285886989184,1.7893103288292294,1.7191812778831121,53.32318798369738,-0.0015520684750751634
2006-03-06,1.749903678894043,1.7622076272964478,1.747304916381836,1.754631621837616,1.776064924756824,1.7890534016813828,1.720209841993849,49.09430502750674,-0.00141322705459479
2006-03-07,1.7365031242370605,1.7502100467681885,1.7340940237045288,1.754761402606964,1.7756701937096522,1.7888516777826633,1.7206711274312647,41.22069622050588,-0.0023573331273725184
2006-03-08,1.7368046045303345,1.7413108348846436,1.734695553779602,1.7551036858558655,1.7752824197656512,1.7880822385501562,1.7221251331615748,41.44820792638304,-0.0030461034672377707
2006-03-09,1.7358098030090332,1.740310788154602,1.7352073192596436,1.755315704345703,1.7748885999770667,1.787639603769063,1.7229918049223432,40.885847810369725,-0.0036303823053871476
2006-03-10,1.7263107299804688,1.739614486694336,1.7239893674850464,1.755427987575531,1.7744039497162336,1.7872968462795615,1.7235591288715004,35.879868344129264,-0.004804539559146059
2006-03-13,1.7358098030090332,1.736985683441162,1.7239001989364624,1.7557604265213014,1.7740189149832932,1.786409721384352,1.7251111316582508,43.34958054603413,-0.004911949934494286
2006-03-14,1.7469996213912964,1.748496413230896,1.7343045473098755,1.755728657245636,1.7737493639185766,1.7864115713077002,1.725045743183572,50.643783150630995,-0.004047491640418732
2006-03-15,1.74770188331604,1.7492915391921997,1.7423120737075806,1.7555363988876342,1.773489514652171,1.7862991115027278,1.7247736862725407,51.06959162539875,-0.0032680633460449027
2006-03-16,1.7567899227142334,1.7593863010406494,1.7445918321609497,1.7555660009384155,1.773322924066857,1.7863306720907672,1.7248013297860638,56.32127086979812,-0.001895185461468163
2006-03-17,1.7565122842788696,1.757592797279358,1.7519885301589966,1.7552804636955261,1.7731552299711095,1.7857318580323935,1.7248290693586588,56.12309306158526,-0.0008201191255299278
2006-03-20,1.755710482597351,1.7583962678909302,1.7535861730575562,1.7551026296615602,1.7729812147413233,1.7854354502415044,1.724769809081616,55.51556077371359,-3.2445986491103085e-05
2006-03-21,1.7491079568862915,1.755587100982666,1.7458101511001587,1.7547946166992188,1.7727430796386539,1.7850502623972495,1.724538971001188,50.6530437477442,5.8349390352097075e-05
2006-03-22,1.7467858791351318,1.7506083250045776,1.7456881999969482,1.7543965196609497,1.7724841636658228,1.7845368695384902,1.7242561697834091,49.02663453604596,-5.6416552559612754e-05
2006-03-23,1.7343045473098755,1.7469078302383423,1.7334927320480347,1.7538645219802858,1.7721033417606775,1.7844714197268678,1.7232576242337037,41.34257596443493,-0.0011413517639489168
2006-03-24,1.742585301399231,1.7442874908447266,1.7316017150878906,1.7531663608551025,1.7718089217262531,1.7831597061265796,1.7231730155836253,47.249713091414016,-0.0013177923952147896
2006-03-27,1.7463892698287964,1.749199628829956,1.7420995235443115,1.7527659487724305,1.7715553860869067,1.7825716202620334,1.7229602772828276,49.75302895946129,-0.0011375613068655976
2006-03-28,1.7430106401443481,1.753709077835083,1.7427978515625,1.7522823548316955,1.7712706875179995,1.7819169196740254,1.7226477899893655,47.59270164049843,-0.0012529112688060007
2006-03-29,1.7352073192596436,1.7444090843200684,1.7322916984558105,1.7517423486709596,1.7709110084400843,1.7816217068214373,1.7218629905204819,42.9537034557319,-0.0019514941156153487
2006-03-30,1.7470910549163818,1.7480071783065796,1.7350869178771973,1.7515440464019776,1.770673444954571,1.7814124203374886,1.7216756724664666,50.81625706909915,-0.0015285873008614725
2006-03-31,1.7377101182937622,1.7474879026412964,1.734786033630371,1.7508780765533447,1.7703446994648215,1.780458543894721,1.7212976092119685,45.48661892529423,-0.0019281670791311267
2006-04-03,1.740007996559143,1.740492582321167,1.725714921951294,1.749948000907898,1.7700421563754374,1.7778310591177116,1.7220649426980845,46.95423107389765,-0.002035948216672301
2006-04-04,1.7554022073745728,1.757500171661377,1.7377101182937622,1.7493863463401795,1.769896157802259,1.775593052183309,1.72317964049705,55.58173000884884,-0.0008691622255756482
2006-04-05,1.7526947259902954,1.7614936828613281,1.7489856481552124,1.7487584495544433,1.769724618384167,1.773002303030418,1.7245145960784685,53.92068166669121,-0.00016109009539322372
2006-04-06,1.7517123222351074,1.7595101594924927,1.7495975494384766,1.7481649351119994,1.7695449966865604,1.770528418870694,1.7258014513533049,53.2982773412186,0.000317134665394736
2006-04-07,1.7441048622131348,1.7526947259902954,1.7401593923568726,1.7476932287216187,1.769291308876307,1.7693598301461384,1.726026627297099,48.618225339313064,8.133520653386128e-05
2006-04-10,1.743314266204834,1.7467858791351318,1.7381027936935425,1.747217583656311,1.7690322726650864,1.7681782572730602,1.726256910039562,48.14508596124529,-0.00016740234402257137
2006-04-11,1.7495975494384766,1.7496894598007202,1.740007996559143,1.7466375374794005,1.7688384789001983,1.7655595685201915,1.7277155064386096,52.132128015176114,0.00014085609904013197
2006-04-12,1.75131356716156,1.7567899227142334,1.747793436050415,1.746165680885315,1.7686637325794277,1.763302904553704,1.7290284572169259,53.19068203669677,0.000517654229218234
2006-04-13,1.7530940771102905,1.755710482597351,1.7489856481552124,1.7456555652618408,1.768508485993905,1.760169879780219,1.7311412507434627,54.31945728981713,0.0009490022276412713
2006-04-14,1.7527869939804077,1.7530940771102905,1.7509149312973022,1.7454572105407715,1.7683517286995978,1.7592748752748628,1.7316395458066802,54.077250670998026,0.0012516414385217445
2006-04-17,1.769911527633667,1.7740877866744995,1.7550016641616821,1.7459136199951173,1.7683672809648063,1.7613627992657195,1.730464440724515,63.77703467059726,0.0028405478759272462
2006-04-18,1.7839939594268799,1.78450345993042,1.768502950668335,1.7466614413261414,1.7685230864828925,1.765495778799271,1.7278271038530117,69.48510869222662,0.0051764315482711876
2006-04-19,1.791986107826233,1.7936897277832031,1.779897928237915,1.747674946784973,1.768757019384257,1.770388436478001,1.7249614570919451,72.16584560436438,0.007585099465317935
2006-04-20,1.777998924255371,1.7924036979675293,1.7766406536102295,1.7483229923248291,1.7688491619213063,1.7725902679328156,1.7240557167168427,61.914393059037835,0.008270005845210981
2006-04-21,1.782690167427063,1.78450345993042,1.7766090631484985,1.7490849590301514,1.7689871551259941,1.7751964697562725,1.7229734483040302,63.77316638356175,0.00908659855147076
2006-04-24,1.7872141599655151,1.7914083003997803,1.7804999351501465,1.7499672079086304,1.7691688726627461,1.7781521702764649,1.7217822455407958,65.5207653735101,0.009983716474810223
2006-04-25,1.7878854274749756,1.7935932874679565,1.7833895683288574,1.7510026931762694,1.7693554672324854,1.78086426934463,1.721141117007909,65.78451541355693,0.010626360501260423
2006-04-26,1.7848856449127197,1.7906064987182617,1.7809120416641235,1.7518941903114318,1.7695102922568728,1.7830848383554252,1.7207035422674384,63.448710590767405,0.010769459514153867
2006-04-27,1.8018990755081177,1.8042073249816895,1.7831987142562866,1.7531423020362853,1.7698331796519688,1.7871726779623132,1.7191119261102574,69.96286659667422,0.012116041984695736
2006-04-28,1.8259837627410889,1.8266842365264893,1.8004069328308105,1.7548102712631226,1.7703929405229817,1.7944429072865145,1.7151776352397308,76.38032626434662,0.01495426777952047
2006-05-01,1.8252837657928467,1.8409085273742676,1.821095585823059,1.7564180207252502,1.7709401327458716,1.8006628129342879,1.7121732285162126,75.87294848296511,0.016951689739372
2006-05-02,1.8390127420425415,1.8425029516220093,1.821593165397644,1.758280246257782,1.7716187181660883,1.8081932447840445,1.7083672477315195,78.8416013775554,0.019418628813426597
2006-05-03,1.8394863605499268,1.8474043607711792,1.8358055353164673,1.760189700126648,1.772295247979319,1.814944897760427,1.705434502492869,78.93788056919522,0.02116790245535838
2006-05-04,1.8519889116287231,1.8549089431762695,1.8342901468276978,1.7621854114532471,1.7730896495595847,1.8227213060950072,1.7016495168114871,81.35041474622118,0.02329454083688587
2006-05-05,1.8596001863479614,1.862093448638916,1.8482921123504639,1.764487407207489,1.7739519875550305,1.830760313964488,1.69821450045049,82.65309225679133,0.025302412870251034
2006-05-08,1.8581143617630005,1.8687046766281128,1.8553909063339233,1.76685195684433,1.7747909041385208,1.8378129800694019,1.695890933619258,81.45692862440116,0.02646865808197596
2006-05-09,1.8675880432128906,1.8677972555160522,1.8519889116287231,1.7691196918487548,1.7757158743597654,1.8454728226846886,1.692766561012821,83.13304474012546,0.02783648110617376
2006-05-10,1.862613558769226,1.8718880414962769,1.8611923456192017,1.7713720512390136,1.7765820257499731,1.8519499501277104,1.690794152350317,79.09044774523106,0.028194087495937437
2006-05-11,1.8850141763687134,1.8852628469467163,1.8538085222244263,1.774002459049225,1.7776628029862898,1.8605629113886153,1.6874420067098346,83.0804427715591,0.02993990715401984
2006-05-12,1.8950879573822021,1.8990826606750488,1.8830972909927368,1.7767863082885742,1.7788331963379258,1.8696905011303206,1.6838821154468278,84.51179315310009,0.03177012551793523
2006-05-15,1.8763134479522705,1.8999125957489014,1.8771939277648926,1.7793145036697389,1.7798047795690637,1.8760343612872539,1.6825946460522239,72.24513296547472,0.031344322908154476
2006-05-16,1.8873978853225708,1.889501929283142,1.8759965896606445,1.782332398891449,1.780877139428061,1.8829384284941495,1.6817263692887485,74.59012457540653,0.0315377452359209
2006-05-17,1.8824946880340576,1.901285171508789,1.8784987926483154,1.7852462005615235,1.7818899252832405,1.8888642053421958,1.6816281957808512,71.7041223332994,0.03093874419635889
2006-05-18,1.8932939767837524,1.8962019681930542,1.8811136484146118,1.7883958840370178,1.7830002315185507,1.8953991466038032,1.6813926214702324,74.08264090297573,0.03097834482976758
2006-05-19,1.8800172805786133,1.8950879573822021,1.8710123300552368,1.7914700150489806,1.7839671342899335,1.9000136967761128,1.6829263333218485,66.66353970138913,0.029597231727557904
2006-05-22,1.885085105895996,1.8883957862854004,1.8646975755691528,1.79445552110672,1.784974891965887,1.9049446992762988,1.683966342937141,67.98164514980027,0.028582143633167245
2006-05-23,1.8770883083343506,1.8878965377807617,1.8752931356430054,1.797057294845581,1.785892894217462,1.909100989060049,1.685013600631113,63.70149093655076,0.026823203085542646
2006-05-24,1.8712925910949707,1.8855828046798706,1.8659154176712036,1.7995291090011596,1.7867439741396178,1.9125771752143028,1.6864810427880164,60.71776261358222,0.024677101815908653
2006-05-25,1.8756096363067627,1.8774054050445557,1.8674832582473755,1.8019055032730102,1.7876295815158305,1.9162742572893714,1.687536749256649,62.14025975076847,0.023058842583763894
2006-05-26,1.8597038984298706,1.8757853507995605,1.8536025285720825,1.8039693355560302,1.7883478405118887,1.9187183022702643,1.6892203688417962,54.33343775520104,0.020259363040379785
2006-05-29,1.8599114418029785,1.8643847703933716,1.8571137189865112,1.8060533547401427,1.7890609990542534,1.9210096663168843,1.6910970431634011,54.41391502631915,0.017851718846234155
2006-05-30,1.8817152976989746,1.886009693145752,1.8583905696868896,1.8087055015563964,1.7899843204564945,1.9244157090286573,1.6929952940841355,61.99199395470827,0.017501288465359144
2006-05-31,1.8716076612472534,1.8854049444198608,1.8690890073776245,1.811201937198639,1.7907977036403724,1.926845467910448,1.6955584064868299,57.24149941503702,0.01622098268401939
2006-06-01,1.8664027452468872,1.8716076612472534,1.8574931621551514,1.8138439011573793,1.7915511028123394,1.928347048909959,1.6993407534047995,54.90810337858935,0.014617832630985816
2006-06-02,1.8822112083435059,1.886009693145752,1.8619892597198486,1.8166364192962647,1.7924545114213604,1.9308563237873397,1.7024165148051897,60.21302512771379,0.014456292379125824
2006-06-05,1.871397614479065,1.8876829147338867,1.8715026378631592,1.81913658618927,1.7932411511645072,1.9325501765615256,1.7057229958170146,55.41082572376854,0.013302362558663239
2006-06-06,1.8609150648117065,1.8769121170043945,1.8594964742660522,1.8214946746826173,1.793915487766258,1.9333399113930436,1.709649437972191,51.151963329889,0.011410477824908671
2006-06-07,1.8572171926498413,1.8640023469924927,1.8538085222244263,1.8239348721504212,1.7945462485128487,1.9333945787771332,1.7144751655237092,49.70074896971912,0.009503211062474426
2006-06-08,1.8431141376495361,1.857700228691101,1.8382015228271484,1.8258553338050842,1.7950301894413232,1.9331603344193005,1.718550333190868,44.51382199026228,0.0067755850113979665
2006-06-09,1.840705394744873,1.8477116823196411,1.8380664587020874,1.8279152393341065,1.795485300687273,1.9322262865209756,1.7236041921472374,43.6754315119529,0.00436919097885613
2006-06-12,1.8417903184890747,1.8466880321502686,1.8384041786193848,1.8299508857727051,1.7959466810533093,1.9311870715643402,1.72871469998107,44.18534109814283,0.00252059480214184
2006-06-13,1.8337857723236084,1.8443039655685425,1.8322064876556396,1.8315185570716859,1.796323702283581,1.9304440892915056,1.7325930248518662,41.220313265230445,0.00040500044191915663
2006-06-14,1.8449164628982544,1.8500019311904907,1.8338866233825684,1.833362991809845,1.7968078643886185,1.9296948615823895,1.7370311220373007,46.587689141563764,-0.0003692135601855995
2006-06-15,1.8500019311904907,1.854186773300171,1.842604637145996,1.8353287839889527,1.7973378652662366,1.928829722500929,1.7418278454769764,48.88427553560561,-0.0005659055378364197
2006-06-16,1.8484972715377808,1.8553909063339233,1.847609281539917,1.8374166321754455,1.7978475869634496,1.9271911170123763,1.7476421473385146,48.223592750705116,-0.00083358970301739
2006-06-19,1.8409085273742676,1.8530871868133545,1.8372896909713745,1.8393685173988343,1.7982766147521942,1.9249373498513769,1.7537996849462918,44.92571095288834,-0.0016391840710832106
2006-06-20,1.843385934829712,1.8457335233688354,1.8382351398468018,1.8412442851066588,1.7987260452489586,1.922798671642124,1.7596898985711937,46.21877031291215,-0.002054039644249217
2006-06-21,1.8450864553451538,1.8470972776412964,1.841315507888794,1.8431197428703308,1.7991879345768507,1.9204357159274967,1.7658037698131648,47.136250397322016,-0.002220007022059267
2006-06-22,1.8283874988555908,1.8469949960708618,1.8267842531204224,1.8446256113052368,1.7994788464767784,1.9175956038690074,1.7716556187414663,39.93213600474233,-0.003656849707293741
2006-06-23,1.8204988241195679,1.8314012289047241,1.8140590190887451,1.84597984790802,1.7996882634497569,1.914362125788626,1.777597570027414,37.0512391761322,-0.005370203645239435
2006-06-26,1.823486566543579,1.824784278869629,1.816893458366394,1.8470513486862183,1.7999253572437126,1.9121696509387038,1.7819330464337328,38.85061163478142,-0.006413037635215835
2006-06-27,1.8208967447280884,1.8263839483261108,1.8192071914672852,1.8477894043922425,1.800134284923154,1.9107927476386535,1.7847860611458315,37.84087872593804,-0.007363585235034664
2006-06-28,1.8178843259811401,1.8241850137710571,1.815112590789795,1.8483073687553406,1.8003111177348678,1.9098470038287252,1.786767733681956,36.64775317997714,-0.008264707667868354
2006-06-29,1.8282872438430786,1.8296921253204346,1.8097909688949585,1.8493131351470948,1.8005898233990834,1.9077270359407004,1.7908992343534893,43.29676739111217,-0.008046668175627714
2006-06-30,1.8490097522735596,1.8497965335845947,1.827685832977295,1.8506395268440246,1.801072189906519,1.9057999667419632,1.795479086946086,53.71721867818248,-0.006131061995792386
2006-07-03,1.8424009084701538,1.8488048315048218,1.8391144275665283,1.8517432618141174,1.8014839078266822,1.9038475091352678,1.799639014492967,50.528038925077865,-0.0050875625059276786
2006-07-04,1.8449844121932983,1.847984790802002,1.8422991037368774,1.852885241508484,1.8019172560361973,1.9016743314353404,1.8040961515816276,51.73438417750758,-0.0040059365401599045
2006-07-05,1.8357045650482178,1.848633885383606,1.8332140445709229,1.853901619911194,1.8022538383196929,1.8988770568611053,1.8089261829612826,47.2751355223229,-0.0038531297974688794
2006-07-06,1.8374923467636108,1.840197205543518,1.8341892957687378,1.8546134853363037,1.8026048731025217,1.8972977448543507,1.8119292258182567,48.20144980913528,-0.003546884038320819
2006-07-07,1.8514060974121094,1.8532932996749878,1.8358055353164673,1.855121932029724,1.803091009777702,1.8970124979632332,1.813231366096215,54.849841227897485,-0.0021565987446543478
2006-07-10,1.8431141376495361,1.8518861532211304,1.8374923467636108,1.8554785394668578,1.803489698342837,1.896629383500754,1.8143276954329617,50.67544028359807,-0.001704234136720384
2006-07-11,1.8450864553451538,1.847199559211731,1.837694764137268,1.85560001373291,1.8039040578996872,1.8965880027105768,1.8146120247552433,51.61863481186159,-0.001173060064908249
2006-07-12,1.835098147392273,1.8477116823196411,1.8317031860351562,1.8555122494697571,1.8042147894719163,1.8966595491024945,1.8143649498370198,46.74378066156364,-0.0015403179357704744
2006-07-13,1.8444058895111084,1.8461084365844727,1.833583950996399,1.8553605890274047,1.8046151379590722,1.8966166491131786,1.8141045289416309,51.35417222671506,-0.001068004156330904
2006-07-14,1.8365135192871094,1.8446100950241089,1.8342901468276978,1.8548988556861878,1.8049328782007799,1.896476757506695,1.8133209538656807,47.591915279358886,-0.0013153775475012175
2006-07-17,1.8196043968200684,1.8386070728302002,1.8184133768081665,1.8541286563873292,1.8050790198384228,1.8968737886002938,1.8113835241743645,40.71050417399203,-0.002843074417754776
2006-07-18,1.8255836963653564,1.8324415683746338,1.819008708000183,1.8532885694503785,1.8052832628445954,1.8966013048755899,1.809975834025167,43.80477052670866,-0.0035306070513176913
2006-07-19,1.8429102897644043,1.844099760055542,1.8237859010696411,1.852894504070282,1.8056580542238307,1.8962194780153547,1.8095695301252093,51.67518640674165,-0.002646858991064649
2006-07-20,1.8492833375930786,1.8518861532211304,1.8420956134796143,1.8521798872947692,1.8060925878728098,1.8945097263075676,1.8098500482819708,54.21521213676505,-0.0014159088721565904
2006-07-21,1.858701467514038,1.8600151538848877,1.8474043607711792,1.851452157497406,1.8066165980390698,1.8919840155291436,1.8109202994656686,57.74950033573697,0.00031595026167585694
2006-07-24,1.8496938943862915,1.8599114418029785,1.8487021923065186,1.8509197664260864,1.8070456645811654,1.890813013543639,1.8110265193085338,53.49615064087659,0.0009506665385428104
2006-07-25,1.841010332107544,1.8536025285720825,1.8392157554626465,1.849992015361786,1.8073839623839683,1.888558183687546,1.8114258470360258,49.696176461283265,0.0007444117413328843
2006-07-26,1.8543930053710938,1.855115532875061,1.839790940284729,1.8494299817085267,1.8078521811975528,1.8868652922225042,1.8119946711945492,55.0012149101883,0.0016418964569493433
2006-07-27,1.8580108880996704,1.8674136400222778,1.8532932996749878,1.8487243199348449,1.808351766285168,1.8840558278264945,1.8133928120431952,56.341666060150374,0.0026149489565698847
2006-07-28,1.8650106191635132,1.8661938905715942,1.8550121784210205,1.848424186706543,1.8089160878406487,1.882915657903411,1.813932715509675,58.89305659758065,0.0039058951427721755
2006-07-31,1.8682161569595337,1.868984341621399,1.862162709236145,1.8480868077278136,1.8095067101281737,1.8814253461702939,1.8147482692853334,60.044623670731546,0.005128521008650022
2006-08-01,1.8759965896606445,1.8769121170043945,1.863203525543213,1.8480649733543395,1.8101689357653012,1.8813273285365202,1.8148026181721588,62.77074938843687,0.0066486353810513155
2006-08-02,1.8781105279922485,1.8789929151535034,1.8740980625152588,1.8482013320922852,1.810845613704318,1.8819053145101332,1.8144973496744372,63.499440418478244,0.007932473512592964
2006-08-03,1.8871841430664062,1.8911099433898926,1.8705923557281494,1.848432822227478,1.8116059154393942,1.8830517456889382,1.8138138987660177,66.52785542052612,0.009571752185527194
2006-08-04,1.909781813621521,1.9124115705490112,1.8857605457305908,1.849434380531311,1.8125836996310274,1.8880510327916287,1.8108177282709932,72.62054062442084,0.012549670709339322
2006-08-07,1.904798150062561,1.9114975929260254,1.9042904376983643,1.8503321146965026,1.813502102193962,1.8919159059576607,1.8087483234353445,69.61118206715712,0.014342224360507805
2006-08-08,1.8981095552444458,1.9136924743652344,1.8990826606750488,1.850659999847412,1.814344735735953,1.8934935623966398,1.8078264372981843,65.67747717559615,0.015049639465128939
2006-08-09,1.9062869548797607,1.9108036756515503,1.8980013132095337,1.8513535857200623,1.8152604103182186,1.8966253258154422,1.8060818456246823,68.05431724135144,0.016084704381650772
2006-08-10,1.8943339586257935,1.908506155014038,1.8872909545898438,1.8519122099876404,1.8160479156450755,1.8986087817509958,1.805215638224285,61.36491740287303,0.015758835832949458
2006-08-11,1.8907880783081055,1.8982895612716675,1.8894661664962769,1.8520837473869323,1.8167922575088358,1.8992947914159957,1.8048727033578689,59.49657941152664,0.01504107559614054
2006-08-14,1.888502836227417,1.8953033685684204,1.885085105895996,1.8524258518218994,1.8175064212666692,1.9004490482637602,1.8044026553800387,58.265351409770076,0.014125021049797626
2006-08-15,1.8945852518081665,1.8973172903060913,1.8865076303482056,1.8530992555618286,1.8182740406051678,1.9025319228134479,1.8036665883102094,60.6022835274571,0.013731552536457192
2006-08-16,1.8963098526000977,1.9022979736328125,1.888609766960144,1.8538811087608338,1.8190511837006127,1.9047940747662708,1.8029681427553967,61.264583505852634,0.013404369547453276
2006-08-17,1.8852983713150024,1.8990106582641602,1.8823884725570679,1.854724793434143,1.8197109205938782,1.9063032419825587,1.8031463448857274,54.91668661444142,0.012116864487200951
2006-08-18,1.8817152976989746,1.8871128559112549,1.8784987926483154,1.8555449914932252,1.8203283993163901,1.9075162770366232,1.8035737059498271,52.992575812480126,0.01068422229128374
2006-08-21,1.8916107416152954,1.899299144744873,1.8823884725570679,1.8565413999557494,1.8210382679218626,1.909340080902373,1.8037427190091258,57.42872962382639,0.010229404446880919
2006-08-22,1.8887882232666016,1.8948005437850952,1.8857961893081665,1.8576414489746094,1.8217129534842078,1.9107957237284092,1.8044871742208095,55.81085453114506,0.009531333111377549
2006-08-23,1.892111897468567,1.899299144744873,1.8871841430664062,1.8585853576660156,1.8224140131472237,1.9124882224524227,1.8046824928796086,57.33509306921791,0.00914092834769109
2006-08-24,1.8881105184555054,1.8956986665725708,1.8862942457199097,1.859347529411316,1.8230682388020192,1.9138295955977813,1.8048654632248506,54.880760650369176,0.008411687220140518
2006-08-25,1.8880037069320679,1.8912171125411987,1.883806824684143,1.8601376581192017,1.8237148806108836,1.9151210348729677,1.8051542813654358,54.81330909225087,0.007735964195601408
2006-08-28,1.8950879573822021,1.8989025354385376,1.8866856098175049,1.8612212467193603,1.8244256238889545,1.916790221543938,1.8056522718947825,58.45999909342019,0.007683517825439301
2006-08-29,1.8996959924697876,1.9026962518692017,1.8902876377105713,1.8623474478721618,1.8251751710378887,1.9187177255781378,1.8059771701661858,60.68268799507787,0.007922458450385195
2006-08-30,1.9050885438919067,1.905996322631836,1.897605299949646,1.863547489643097,1.8259709473014087,1.9209629501004926,1.8061320291857015,63.16649810914099,0.008449553259154419
2006-08-31,1.9030944108963013,1.9090162515640259,1.9013937711715698,1.865041627883911,1.826738935744784,1.9226105158417464,1.8074727399260757,61.616343546854615,0.00860715193578665
2006-09-01,1.905996322631836,1.9070138931274414,1.8967413902282715,1.8667515778541566,1.827528167556602,1.923998408799877,1.8095047469084362,63.03788578847195,0.008864031015347162
2006-09-04,1.9055966138839722,1.9082149267196655,1.9033842086791992,1.8683937788009644,1.828305554201258,1.925284601687193,1.8115029559147358,62.693472508223856,0.008932389356878678
2006-09-05,1.895016074180603,1.905996322631836,1.8919328451156616,1.8698761653900147,1.828969836383603,1.925565416206268,1.8141869145737612,54.24485491160344,0.00804012119391384
2006-09-06,1.886009693145752,1.8956626653671265,1.8803000450134277,1.8712386727333068,1.8295378169490806,1.925037354973087,1.8174399904935266,48.28051482084961,0.006530967636743323
2006-09-07,1.8757853507995605,1.8871841430664062,1.871152400970459,1.8721886348724366,1.829998328398371,1.9245499219553244,1.8198273477895488,42.55953436161523,0.004458538336280959
2006-09-08,1.8660893440246582,1.876489520072937,1.8635159730911255,1.8725302267074584,1.830357703340673,1.9244956667277757,1.820564786687141,37.965163419316674,0.002010559986795224
2006-09-11,1.8660893440246582,1.8703125715255737,1.8610882759094238,1.8730039954185487,1.8307134972537067,1.924275558551674,1.8217324322854234,37.965163419316674,6.971586697823717e-05
2006-09-12,1.8753985166549683,1.8768064975738525,1.8656021356582642,1.873612277507782,1.8311584402804773,1.924244692601098,1.8229798624144657,44.62180981576961,-0.0007090709215371582
2006-09-13,1.8776874542236328,1.8782165050506592,1.871397614479065,1.8744519352912903,1.8316217412745375,1.9238969936518386,1.825006876930742,46.15183404373443,-0.0011285576202066938
2006-09-14,1.8859028816223145,1.8912171125411987,1.8759965896606445,1.8754201459884643,1.8321622283405046,1.923795557515008,1.8270447344619205,51.347547426135485,-0.0007889925047941393
2006-09-15,1.8778990507125854,1.8883957862854004,1.875891089439392,1.875950005054474,1.83261763494104,1.9238296528994547,1.8280703572094932,46.62727828923737,-0.0011524423301922937
2006-09-18,1.881184458732605,1.8839843273162842,1.8743088245391846,1.8767114114761352,1.83310121686053,1.923661547102358,1.8297612758499124,48.71149645084882,-0.0011619793903152598
2006-09-19,1.8817862272262573,1.8883600234985352,1.878004789352417,1.8774454069137574,1.8335859722755266,1.9235168156155626,1.8313739982119521,49.1035417084114,-0.0011082051913131608
2006-09-20,1.8872909545898438,1.8926130533218384,1.8809012174606323,1.8784892630577088,1.834120707827472,1.922982511992769,1.8339960141226486,52.667759937837936,-0.000614321739258461
2006-09-21,1.9021894931793213,1.903493046760559,1.8869349956512451,1.879644935131073,1.8347984579273862,1.9235222672623205,1.8357676029998253,60.69117602709153,0.0009681122116742547
2006-09-22,1.90168297290802,1.9061051607131958,1.8998043537139893,1.8809483242034912,1.8354644120446444,1.923446212065396,1.8384504363415866,60.316825390427596,0.002156472097895046
2006-09-25,1.9005987644195557,1.9073050022125244,1.8986139297485352,1.882568211555481,1.836112935952384,1.9215514354858474,1.8435849876251145,59.47123385352389,0.0029764585441687252
2006-09-26,1.895016074180603,1.9029858112335205,1.8939034938812256,1.883956859111786,1.836699413673297,1.9194447370349685,1.8484689811886033,55.18149342753909,0.0031396355010289145
2006-09-27,1.8892878293991089,1.8963098526000977,1.8861163854599,1.88488440990448,1.837223014585127,1.9183606908637998,1.85140812894516,51.107924845454875,0.002774747373537778
2006-09-28,1.8767006397247314,1.8916107416152954,1.872904658317566,1.8854327559471131,1.8376160743361953,1.9173926869381173,1.853472824956109,43.50750396127341,0.0014531390104699504
2006-09-29,1.8717128038406372,1.8782165050506592,1.8640023469924927,1.885692982673645,1.8379555569651869,1.9169690998861881,1.854416865461102,40.91117672891405,3.240832007866956e-06
2006-10-02,1.8868993520736694,1.8877897262573242,1.868250846862793,1.8864370918273925,1.8384428607424423,1.9159373249909954,1.8569368586637895,50.58104242689685,7.870632522655185e-05
2006-10-03,1.8859028816223145,1.8898948431015015,1.886009693145752,1.887334942817688,1.8389153885723022,1.9137648564230192,1.8609050292123568,50.002813812250636,5.744425313647383e-05
2006-10-04,1.8864009380340576,1.888253092765808,1.8788868188858032,1.8879751014709472,1.8393881676961759,1.9126399240602021,1.8633102788816922,50.308581782185406,7.9862294992461e-05
2006-10-05,1.878604531288147,1.8870060443878174,1.8757151365280151,1.8883869743347168,1.839778614190449,1.9116578751240467,1.8651160735453869,45.60666067792218,-0.000525419404594718
2006-10-06,1.8712925910949707,1.8832038640975952,1.8686000108718872,1.888512613773346,1.8400923722057596,1.9113318256617184,1.8656934018849733,41.67288446138486,-0.001576943949258558
2006-10-09,1.8674832582473755,1.8715026378631592,1.86410653591156,1.8884979557991028,1.8403650784819565,1.9113712593255539,1.8656246522726518,39.749297569984385,-0.0026866954983131297
2006-10-10,1.8536025285720825,1.869892954826355,1.8532589673995972,1.8880500745773316,1.8404968710281644,1.9127282976151023,1.863371851539561,33.65342861883069,-0.004632836025108
2006-10-11,1.8548402786254883,1.8584941625595093,1.852400779724121,1.8875846695899963,1.8406396737018997,1.9138543787723445,1.861314960407648,34.61632778989039,-0.006006056250956293
2006-10-12,1.8594964742660522,1.8610882759094238,1.8542554378509521,1.8870309162139893,1.8408274105481401,1.9144760748985015,1.8595857575294772,38.24712868241678,-0.006642061547733169
2006-10-13,1.8551843166351318,1.8628910779953003,1.8545993566513062,1.8859389662742614,1.8409703459824267,1.9140264896061547,1.857851442942368,36.240025449584216,-0.0074086530693526775
2006-10-16,1.8623013496398926,1.8645931482315063,1.8529843091964722,1.885089030265808,1.8411827134051995,1.9134181216677575,1.8567599388638587,41.67977722723978,-0.007357089342955758
2006-10-17,1.8717827796936035,1.873606562614441,1.861434817314148,1.8845624947547912,1.8414873601615545,1.9128824504249224,1.85624253908466,48.03983444725898,-0.006476495543425997
2006-10-18,1.8674832582473755,1.8738874197006226,1.8667861223220825,1.8837864208221435,1.8417461675232976,1.9118015439344127,1.8557712977098744,45.6107637730447,-0.00605574717718671
2006-10-19,1.8770883083343506,1.8800172805786133,1.8673090934753418,1.8834415078163147,1.8420980213554121,1.9113510455976368,1.8555319700349926,51.50950644740084,-0.004890874835705716
2006-10-20,1.8830972909927368,1.8859028816223145,1.8763134479522705,1.8832876920700072,1.842506193354907,1.9111166251680334,1.855458758971981,54.811388020851396,-0.003443140055976679
2006-10-23,1.873501181602478,1.8832038640975952,1.8692986965179443,1.8829876589775085,1.842814765162188,1.9109104148989682,1.8550649030560489,49.0654658700524,-0.0030351384556286387
2006-10-24,1.873501181602478,1.8765950202941895,1.868006706237793,1.8825659775733947,1.8431202633547867,1.9104105637349815,1.854721391411808,49.06546587005241,-0.0026808906097077756
2006-10-25,1.8789929151535034,1.8798052072525024,1.8725889921188354,1.882219638824463,1.8434773911710485,1.9097959627934251,1.8546433148555008,52.37885473113637,-0.0019347075342213138
2006-10-26,1.8906092643737793,1.8923982381820679,1.8788517713546753,1.8823258566856385,1.8439466069895525,1.9099913516553537,1.8546603617159232,58.524858610039985,-0.00040138287876989587
2006-10-27,1.8968852758407593,1.9002013206481934,1.8875046968460083,1.882629256248474,1.8444736289734374,1.9105984836317802,1.854660028865168,61.421762759478064,0.0013051645082375884
2006-10-30,1.8998043537139893,1.9041091203689575,1.8964176177978516,1.882793128490448,1.8450244618664482,1.911071447542625,1.854514809438271,62.72583256179822,0.0028601903026665987
2006-10-31,1.9082876443862915,1.909781813621521,1.8967053890228271,1.883183116912842,1.8456542614337657,1.9123235935719398,1.854042640253744,66.29194849628834,0.004722650334238354
2006-11-01,1.9073050022125244,1.9135093688964844,1.905996322631836,1.8834869790077209,1.8462680057142544,1.913316188119099,1.8536577698963428,65.5101197500386,0.006049635879765036
2006-11-02,1.9082149267196655,1.9104020595550537,1.9038915634155273,1.8838890671730042,1.8468846954808582,1.9145043048889705,1.853273829457038,65.91104114553933,0.00709294177065023
2006-11-03,1.9011045694351196,1.9109132289886475,1.8986139297485352,1.8841510844230651,1.8474244588395023,1.9151321150455531,1.853170053800577,60.037981952816345,0.007262307437156057
2006-11-06,1.8982895612716675,1.9029133319854736,1.8954830169677734,1.8842151165008545,1.847930822720373,1.915301465625033,1.853128767376676,57.84056899692437,0.007087680941326502
2006-11-07,1.9055966138839722,1.9120458364486694,1.8984336853027344,1.8843331289291383,1.8485048849487071,1.9157028635449038,1.8529633943133728,61.753682784249605,0.007452992801799674
2006-11-08,1.9051973819732666,1.9095995426177979,1.901285171508789,1.8843353056907655,1.8490692553716968,1.9157109333419902,1.8529596780395408,61.41825970726061,0.0076224238471647165
2006-11-09,1.9069048166275024,1.9079962968826294,1.8983978033065796,1.8844115138053894,1.8496450022297224,1.9159909646810498,1.852832062929729,62.35989860109843,0.007804509352593136
2006-11-10,1.9121921062469482,1.9179134368896484,1.906614065170288,1.8845354294776917,1.8502676491024916,1.916506775871482,1.8525640830839014,65.19288382812084,0.008280006748396351
2006-11-13,1.9050523042678833,1.9154152870178223,1.9003098011016846,1.88452454328537,1.8508130194739296,1.916466976667993,1.8525821099027469,58.761236783093935,0.007988631538819346
2006-11-14,1.8962019681930542,1.9050885438919067,1.8935091495513916,1.8845482611656188,1.851264855394927,1.916524234636141,1.8525722876950965,51.92305659858932,0.0069632978667846235
2006-11-15,1.8893948793411255,1.8971012830734253,1.8841972351074219,1.8846159648895264,1.8516444287782388,1.916618892060611,1.8526130377184418,47.35816164668045,0.00553760430800776
2006-11-16,1.8883957862854004,1.8928998708724976,1.8857605457305908,1.8848681735992432,1.85201027630242,1.9167856972232087,1.8529506499752777,46.70907745601316,0.004277801597307063
2006-11-17,1.8981095552444458,1.8990826606750488,1.8846588134765625,1.885508577823639,1.8524691772437043,1.9171721224563378,1.85384503319094,53.39693735812403,0.004016914358051515
2006-11-20,1.8973891735076904,1.8986139297485352,1.8937959671020508,1.8861345744132996,1.8529163369145736,1.917466964963023,1.8548021838635762,52.867055973596706,0.003709272372705019
2006-11-21,1.8995157480239868,1.9005987644195557,1.8965975046157837,1.8866169190406799,1.8533802124450258,1.918017184344571,1.8552166537367887,54.308508178139434,0.003595612688930716
2006-11-22,1.9146084785461426,1.9165900945663452,1.8991910219192505,1.88735533952713,1.8539897088305803,1.9196230246575552,1.855087654396705,62.96529082904266,0.004669565939149356
2006-11-23,1.9160023927688599,1.9169940948486328,1.8991910219192505,1.8879573297500611,1.8546070110781299,1.9212220899651844,1.8546925695349379,63.65026677141535,0.0055689633131936755
2006-11-24,1.9318819046020508,1.9344979524612427,1.9150118827819824,1.8890369868278503,1.8553762370162639,1.9244068502394822,1.8536671234162183,70.37292380464521,0.007476897090797019
2006-11-27,1.9382097721099854,1.9409184455871582,1.9327033758163452,1.8901774930953978,1.8562007925183237,1.928099374722409,1.8522556114683866,72.55145586550687,0.009391297349201189
2006-11-28,1.9532012939453125,1.9538882970809937,1.9371960163116455,1.891605794429779,1.8571663672410235,1.93341774511447,1.849793843745088,76.88751193008697,0.011980065135678286
2006-11-29,1.9460175037384033,1.9541937112808228,1.9445037841796875,1.8927803254127502,1.8580508169122218,1.9373086659055443,1.8482519849199561,71.09203572003125,0.01329871116116288
2006-11-30,1.9664137363433838,1.9695507287979126,1.9456011056900024,1.8940648102760316,1.8591294881060212,1.9431709612356034,1.8449586593164597,76.5065663393289,0.01580733601957629
2006-12-01,1.9805117845535278,1.9838908910751343,1.9651384353637695,1.8956413865089417,1.860337752555659,1.9504736618168925,1.8408091112009908,79.38130400080217,0.018717272890999004
2006-12-04,1.9807864427566528,1.982199788093567,1.973281741142273,1.8972451400756836,1.8615367189506338,1.957127398237786,1.8373628819135812,79.43410202452486,0.020805745762123573
2006-12-05,1.9735153913497925,1.9807864427566528,1.9685038328170776,1.8988151264190674,1.8626513690050304,1.9624570000433361,1.8351732527947986,74.0296520232425,0.021624884272433142
2006-12-06,1.9664137363433838,1.9740997552871704,1.9627856016159058,1.9003576445579529,1.8636842288991222,1.9667368049988343,1.8339784841170714,69.08564192356643,0.021453708241282232
2006-12-07,1.9627856016159058,1.9709093570709229,1.9617844820022583,1.9020793437957764,1.864670689046695,1.9703915006943862,1.8337671868971666,66.63715055259453,0.020785685409655308
2006-12-08,1.954384684562683,1.9721921682357788,1.9525911808013916,1.9037327814102172,1.8655637033643488,1.973039715529466,1.8344258472909682,61.22617143384733,0.019355273165136078
2006-12-11,1.9600155353546143,1.9610148668289185,1.9470025300979614,1.9051951050758362,1.8665038746305191,1.9761188875103692,1.8342713226413032,63.37297865536004,0.018463191576163718
2006-12-12,1.9712979793548584,1.9716088771820068,1.9585952758789062,1.906903007030487,1.8675469887430716,1.9800097471951337,1.8337962668658405,67.2818948229282,0.018453884535522214
2006-12-13,1.9678065776824951,1.9728145599365234,1.961707353591919,1.9085311198234558,1.8685449628800477,1.9833793564125495,1.8336828832343621,64.97112619834526,0.017957775643372198
2006-12-14,1.9622077941894531,1.9709872007369995,1.9587103128433228,1.910203185081482,1.8694772701310514,1.9860512940051396,1.8343550761578244,61.33336977741942,0.01691781272109316
2006-12-15,1.9538882970809937,1.966606855392456,1.9503061771392822,1.9118550992012024,1.8703174831242135,1.9878418730811964,1.8358683253212085,56.28987484076648,0.015246567782210008
2006-12-18,1.9484820365905762,1.9582117795944214,1.943899154663086,1.9134750747680664,1.8710955169974914,1.9890532982478848,1.837896851288248,53.226852769154696,0.01333216914103219
2006-12-19,1.9712979793548584,1.9716088771820068,1.9479886293411255,1.915828983783722,1.8720929081427506,1.9911267889731026,1.8405311785943412,62.50085752489036,0.01350042582055333
2006-12-20,1.9657951593399048,1.9748014211654663,1.9627469778060913,1.9180480813980103,1.873025594479921,1.9925452147735594,1.8435509480224612,59.43974542148758,0.013039428450659862
2006-12-21,1.9625160694122314,1.9697058200836182,1.9569472074508667,1.920108473300934,1.8739163548635052,1.9936887395190908,1.846528207082777,57.62847583709218,0.012268070876590764
2006-12-22,1.9579050540924072,1.9681940078735352,1.9564112424850464,1.9221628880500794,1.8747523494048068,1.9940611070497278,1.850264669050431,55.086456153965756,0.011156093539467005
2006-12-25,1.9592092037200928,1.9758940935134888,1.9564876556396484,1.9241010451316833,1.8755930009368378,1.994624330212614,1.8535777600507526,55.681896803762655,0.010261785983080696
2006-12-26,1.9556077718734741,1.9600155353546143,1.9519811868667603,1.9257775449752808,1.876389434967871,1.9952012535899217,1.8563538363606398,53.56980082377701,0.009156880531103528
2006-12-27,1.956985354423523,1.9630937576293945,1.953583002090454,1.9275675868988038,1.8771916508331254,1.9954547800309785,1.859680393766629,54.284122460740754,0.00829675457663992
2006-12-28,1.9622077941894531,1.9673033952713013,1.955990195274353,1.9292699766159058,1.878037860840013,1.9962534345211325,1.8622865187106792,56.98587074548986,0.00794492169248584
2006-12-29,1.9592092037200928,1.9671097993850708,1.9571003913879395,1.9307922148704528,1.8788457988987337,1.9969470607202577,1.864637369020648,54.9768426143825,0.0073395249316472455
2007-01-01,1.96421217918396,1.9642891883850098,1.958288550376892,1.9326064348220826,1.8796954894625149,1.99730778406862,1.8679050855755452,57.65895110903554,0.0071806676781744905
2007-01-02,1.9733986854553223,1.974294662475586,1.963594913482666,1.9346043848991394,1.8806281571679893,1.9980128294590733,1.8711959403392056,62.12110350234287,0.0077072026074636035
2007-01-03,1.9522099494934082,1.9753867387771606,1.9490138292312622,1.9360687255859375,1.8813406388849974,1.9975888125418768,1.874548638629998,49.23324864854502,0.006341629069546384
2007-01-04,1.9429925680160522,1.9533921480178833,1.9405040740966797,1.937116391658783,1.8819542828408147,1.997245049795265,1.876987733522301,44.87206178199347,0.004464176304385781
2007-01-05,1.9308000802993774,1.953583002090454,1.9270051717758179,1.9377946877479553,1.8824404612214485,1.9968261073057458,1.8787632681901647,39.84422640531863,0.0019697436214693997
2007-01-08,1.940315842628479,1.940315842628479,1.9271165132522583,1.9386049175262452,1.883016512262752,1.9966112128855682,1.8805986221669222,45.021856696234764,0.0007520609517457366
2007-01-09,1.9391870498657227,1.9451088905334473,1.9391870498657227,1.9392229056358337,1.8835755927760345,1.9965654514057356,1.8818803598659317,44.532209494361275,-0.00030058057343418376
2007-01-10,1.9324043989181519,1.9422000646591187,1.931993842124939,1.9397248935699463,1.8840615975873654,1.9963620793310175,1.883087707808875,41.60423460861552,-0.0016629404699093353
2007-01-11,1.9445037841796875,1.9530105590820312,1.9324043989181519,1.9404506707191467,1.8846631913586063,1.9963651933808693,1.884536148057424,48.15307798395325,-0.001746172442353755
2007-01-12,1.9572153091430664,1.960092544555664,1.943105936050415,1.9415728855133056,1.8853853156788027,1.9965079371154544,1.886637833911157,53.99084237549648,-0.0007774584927191519
2007-01-15,1.9644049406051636,1.966993808746338,1.9575984477996826,1.9428951930999756,1.8861718099588727,1.9967500361146255,1.8890403500853257,56.94377279909591,0.0005638972083041871
2007-01-16,1.9612072706222534,1.9685814380645752,1.9597852230072021,1.9440074062347412,1.8869186470816508,1.9970083786489365,1.891006433820546,55.2454617519437,0.0013533059531094516
2007-01-17,1.9705986976623535,1.9723864793777466,1.9609380960464478,1.945315432548523,1.887751522472426,1.9976306816979184,1.8930001833991275,59.10328279192221,0.0027055399648809875
2007-01-18,1.9742168188095093,1.9776134490966797,1.9649839401245117,1.946661672592163,1.8886121172269983,1.998403686820345,1.8949196583639811,60.51539432711145,0.004022775251200095
2007-01-19,1.9732040166854858,1.9767142534255981,1.970210313796997,1.9478819108009338,1.8894540635682884,1.9991817794465099,1.8965820421553576,59.89198195110172,0.0049281602747337505
2007-01-22,1.9769096374511719,1.9783176183700562,1.9725033044815063,1.9493190574645995,1.8903245097409143,1.9997401427846742,1.898897972144525,61.45650406637761,0.00587695122006715
2007-01-23,1.982199788093567,1.9914368391036987,1.9769879579544067,1.95103901386261,1.8912389427501988,1.9999076895047252,1.9021703382204946,63.637221125163485,0.006975338465290859
2007-01-24,1.9680002927780151,1.983182668685913,1.965099811553955,1.9526111221313476,1.8920029450116715,1.9983422938466222,1.906879950416073,54.69252227825819,0.006623683963125293
2007-01-25,1.965099811553955,1.9728925228118896,1.9630937576293945,1.9541452026367188,1.8927304728651093,1.996071867153954,1.9122185381194836,53.052161295479294,0.006041310179017767
2007-01-26,1.9599003791809082,1.9673808813095093,1.9574068784713745,1.955381019115448,1.8933990083186494,1.9940848868015266,1.9166771514293692,50.14853773789333,0.0051014180485593474
2007-01-29,1.9617844820022583,1.9615919589996338,1.9554165601730347,1.9566689252853393,1.8940796403888633,1.9915978734511481,1.9217399771195305,51.19102384749327,0.0044571983076118205
2007-01-30,1.962092399597168,1.9695895910263062,1.9607843160629272,1.957920458316803,1.894756561100753,1.9887325902379966,1.9271083263956095,51.37000659697727,0.003926236685579232
2007-01-31,1.9634021520614624,1.9657951593399048,1.9487857818603516,1.9588963317871093,1.8954397785149928,1.9870888209792277,1.930703842594991,52.173385674732565,0.003569979352812558
2007-02-01,1.9671097993850708,1.9721921682357788,1.9627084732055664,1.9599184799194336,1.896153095708466,1.9853323330903212,1.934504626748546,54.466577965938356,0.0035459435725817556
2007-02-02,1.9661816358566284,1.9735932350158691,1.964790940284729,1.9606044745445252,1.8968500738006564,1.9847494132791814,1.936459535809869,53.77149963498169,0.0034126609724387524
2007-02-05,1.9607843160629272,1.966993808746338,1.9543081521987915,1.961055965423584,1.897486395130029,1.9843198443353744,1.9377920865117935,49.79222827087873,0.0028387911343967787
2007-02-06,1.9709872007369995,1.9721143245697021,1.959286093711853,1.9614116835594178,1.8982179282153078,1.9847292000739827,1.9380941670448528,56.36588589593773,0.003170732447430824
2007-02-07,1.971453309059143,1.9732040166854858,1.9683877229690552,1.9619203996658325,1.8989468177989817,1.9849754702532805,1.9388653290783846,56.64515464384142,0.003431849154879929
2007-02-08,1.9587103128433228,1.9730092287063599,1.9551488161087036,1.9617663311958313,1.8995416243235774,1.98480179127096,1.9387308711207027,47.66358468635446,0.0025807830690851574
2007-02-09,1.982789397239685,1.9910005331039429,1.9462069272994995,1.9618118834495544,1.9003701601783098,1.9850070988069843,1.9386166680921244,60.430881694820215,0.003805421408766607
2007-02-12,1.9473057985305786,1.9567941427230835,1.9448063373565674,1.961142270565033,1.90083729298609,1.984032771611826,1.93825176951824,43.56511112577406,0.0018909287988588819
2007-02-13,1.94579017162323,1.9522099494934082,1.9408053159713745,1.9605877661705018,1.9012846910668268,1.9835978141716033,1.9375777181694003,43.012912352280814,0.0002485164446544008
2007-02-14,1.9649066925048828,1.9649066925048828,1.94579017162323,1.9605576252937318,1.901917893994737,1.9835404566107824,1.9375747939766812,51.383262982721135,0.0004838586711539694
2007-02-15,1.951409935951233,1.966916561126709,1.9509150981903076,1.9603301119804382,1.90241046625235,1.9834477477688184,1.937212476192058,46.22130320133751,-0.00041393479294704605
2007-02-16,1.9501159191131592,1.9540027379989624,1.9468889236450195,1.9602447366714477,1.9028852562892935,1.9834832066516817,1.9370062666912138,45.746789503214636,-0.0012158434394484718
2007-02-19,1.9509150981903076,1.955990195274353,1.9440124034881592,1.9600627279281617,1.9033632737271395,1.9834505980231156,1.9366748578332078,46.114719820023275,-0.0017665115017559962
2007-02-20,1.9564112424850464,1.9573684930801392,1.9484063386917114,1.9597649931907655,1.9038912329247546,1.98294719590075,1.9365827904807809,48.691786911230686,-0.0017393765469835287
2007-02-21,1.9536973237991333,1.958787202835083,1.9492037296295166,1.9594828081130982,1.9043869262669335,1.9826088972947626,1.9363567189314337,47.48417370614318,-0.0019147899499898369
2007-02-22,1.9564112424850464,1.9600155353546143,1.9468129873275757,1.95936687707901,1.9049046952705435,1.9824953258148128,1.9362384283432073,48.850327772067814,-0.0018139061973438952
2007-02-23,1.9627084732055664,1.965215802192688,1.95480477809906,1.9595432806015014,1.9054799827713231,1.9826356920983599,1.936450869104643,51.972365387939305,-0.0012118517331225487
2007-02-26,1.9639033079147339,1.9657951593399048,1.9612842798233032,1.9598517060279845,1.9060614350036724,1.9827522557032087,1.9369511563527604,52.56399013932142,-0.0006310319141766829
2007-02-27,1.9627084732055664,1.9673808813095093,1.9599003791809082,1.9596799159049987,1.9066252077078085,1.9823577829398213,1.937002048870176,51.87580597071633,-0.0002640968543186073
2007-02-28,1.9640191793441772,1.9649839401245117,1.9527055025100708,1.9596443963050842,1.907196412959489,1.982288707524964,1.9370000850852045,52.608793032326766,0.00013095528459694528
2007-03-01,1.9575984477996826,1.9652929306030273,1.9567941427230835,1.9595460438728332,1.907698030908224,1.9821821625888432,1.9369099251568231,48.69597403125213,-7.321840823082404e-05
2007-03-02,1.942615270614624,1.9580967426300049,1.9420114755630493,1.9592402482032776,1.908045538259211,1.982374475165606,1.936106021240949,41.02747604632002,-0.0014275883600152195
2007-03-05,1.920786738395691,1.9344979524612427,1.9187965393066406,1.9584717988967895,1.908172342428116,1.9840352507028518,1.9329083470907271,32.89905823439872,-0.0042137430193620595
2007-03-06,1.9352091550827026,1.9359960556030273,1.9204179048538208,1.9580638265609742,1.9084414201845388,1.9844516394731717,1.9316760136487767,41.18961050971271,-0.005198101686047618
2007-03-07,1.9300920963287354,1.9359960556030273,1.9271906614303589,1.9575259613990783,1.9086568932005443,1.985074314221361,1.9299776085767957,39.332762549787574,-0.006318283656718382
2007-03-08,1.9297939538955688,1.935396432876587,1.9280080795288086,1.9568776845932008,1.908867254163726,1.985481666612982,1.9282737025734196,39.22181838750437,-0.007147699313231781
2007-03-09,1.9341986179351807,1.935396432876587,1.9278966188430786,1.9563774728775025,1.9091193573100669,1.9856812218756816,1.9270737238793234,41.832213359276,-0.007364701920579808
2007-03-12,1.9322178363800049,1.9431813955307007,1.9260029792785645,1.9557375860214234,1.9093492378589134,1.985732179471482,1.925742992571365,40.97982579031133,-0.007608801045603464
2007-03-13,1.9287891387939453,1.934984564781189,1.9275994300842285,1.9548453950881959,1.9095427071513789,1.9853453525128053,1.9243454376635865,39.4802000377044,-0.007986851152750774
2007-03-14,1.938886284828186,1.9394127130508423,1.921783447265625,1.9545789217948915,1.9098347390036061,1.9854039419949179,1.923753901594865,45.77350081804356,-0.007386555670972461
2007-03-15,1.9386982917785645,1.938811182975769,1.9315086603164673,1.9544930362701416,1.9101219930255349,1.985473359072147,1.9235127134681362,45.67826103314025,-0.006847058022016794
2007-03-16,1.942615270614624,1.9498118162155151,1.9370083808898926,1.9547293400764465,1.9104453699543729,1.98514716928842,1.924311510864473,48.101270539582885,-0.006033879979393975
2007-03-19,1.9462069272994995,1.9473057985305786,1.940391182899475,1.9548471617698668,1.9108012725233787,1.9850822024014276,1.924612121138306,50.29077928443312,-0.005041498586757509
2007-03-20,1.9618998765945435,1.9625160694122314,1.943899154663086,1.9553014183044433,1.9113098099629617,1.9852573258148958,1.9253455107939907,58.524181962722956,-0.002954679619283862
2007-03-21,1.9683101177215576,1.969511866569519,1.9567173719406128,1.9560195326805114,1.9118770805955585,1.9854519654187084,1.9265870999423145,61.34093170152404,-0.00077467766461492
2007-03-22,1.965099811553955,1.9719977378845215,1.9620155096054077,1.9564314532279967,1.9124067555864976,1.985782445647191,1.9270804608088024,59.173538952232356,0.0006860365105973987
2007-03-23,1.9625160694122314,1.9685038328170776,1.9592092037200928,1.95653746843338,1.9129054448157936,1.98593826728928,1.92713666957748,57.4152041958859,0.001616542129323273
2007-03-26,1.9700939655303955,1.9721921682357788,1.9587103128433228,1.9566512489318848,1.9134745854891864,1.9862198749119815,1.9270826229517881,61.06907280504424,0.0029316531490977127
2007-03-27,1.966800332069397,1.9704045057296753,1.9629011154174805,1.9567631101608276,1.9140052828654301,1.9864441912332782,1.927082029088377,58.711146536067275,0.0036658616417861722
2007-03-28,1.9625929594039917,1.9678065776824951,1.9610148668289185,1.9566029953956603,1.9144888261662454,1.9860650046247652,1.9271409861665554,55.74990764084087,0.003863689146888394
2007-03-29,1.9632093906402588,1.9659111499786377,1.9620155096054077,1.9563828468322755,1.914973691127777,1.985469763400354,1.927295930264197,56.09927546986451,0.004023825562646355
2007-03-30,1.9525147676467896,1.9711813926696777,1.9509150981903076,1.9559690618515015,1.915347297667955,1.9846652838099845,1.9272728398930186,48.88764634482814,0.003250300685910368
2007-04-02,1.9782003164291382,1.9801194667816162,1.966800332069397,1.9559948754310608,1.9159728060801484,1.9847701962084563,1.9272195546536652,61.64159633667025,0.004656211859869641
2007-04-03,1.9733986854553223,1.9823178052902222,1.9733986854553223,1.9558188533782959,1.916544303061362,1.984042276519473,1.9275954302371188,58.6931652939179,0.005321610885888228
2007-04-04,1.9764018058776855,1.9773006439208984,1.9725810289382935,1.9559868836402894,1.9171399983441628,1.984603617047359,1.9273701502332197,59.98241380377301,0.006021854932719339
2007-04-05,1.9714922904968262,1.9769879579544067,1.9681166410446167,1.9561147332191466,1.9176809054883426,1.984953897971558,1.9272755684667353,56.85807969435246,0.006110211805891996
2007-04-06,1.9855058193206787,1.9866102933883667,1.9640191793441772,1.9566268420219421,1.9183558893644566,1.986626414120781,1.9266272699231033,62.812317968618466,0.007227693572179117
2007-04-09,1.9620155096054077,1.9652929306030273,1.9595931768417358,1.956631462574005,1.918790382983784,1.9866343480346595,1.9266285771133507,50.28423778372751,0.0061469757357479615
2007-04-10,1.9718031883239746,1.9749186038970947,1.9615919589996338,1.9568256783485412,1.9193179571781942,1.987097365607303,1.9265539910897793,54.36821065447161,0.006010991964119139
2007-04-11,1.9762064218521118,1.9814143180847168,1.9714144468307495,1.9570817637443543,1.9198841003657277,1.9877939611245716,1.926369566364137,56.11477183922271,0.006187205735439516
2007-04-12,1.9803941249847412,1.9803941249847412,1.9730092287063599,1.9573474502563477,1.9204862836893661,1.9886381267104407,1.9260567738022547,57.77025077361601,0.006588817279271408
2007-04-13,1.9864917993545532,1.9887832403182983,1.9789047241210938,1.9577536535263063,1.921143155994692,1.990024388354753,1.9254829186978595,60.128762491832596,0.007314808127679928
2007-04-16,1.9887042045593262,1.9940179586410522,1.9868077039718628,1.9583120512962342,1.9218155075908072,1.9917422286549373,1.924881873937531,60.9802708456319,0.007976732904133588
2007-04-17,2.007387161254883,2.008395195007324,1.9885854721069336,1.9590400505065917,1.9226670951842493,1.9950803036824043,1.922999797330779,67.32619074643141,0.009894810309785784
2007-04-18,2.009000301361084,2.0130040645599365,2.0024030208587646,1.9597909903526307,1.9235262602682204,1.9983626996583785,1.9212192810468829,67.81293725742611,0.01141349967812988
2007-04-19,2.0036065578460693,2.009605884552002,1.9992802143096924,1.9606889152526856,1.9243231968870165,2.0011995215025715,1.9201783090027995,64.3605031846327,0.01204301751049952
2007-04-20,2.004610538482666,2.006984233856201,2.000880479812622,1.961125338077545,1.9251221927749806,2.003053111122734,1.919197565032356,64.72054622459703,0.012479076746067408
2007-04-23,2.0010006427764893,2.0048115253448486,1.9984012842178345,1.9621992349624633,1.9258773115780554,2.005413121519345,1.9189853484055817,62.28411500610178,0.012390538008243857
2007-04-24,2.002082109451294,2.004289150238037,1.995888352394104,1.9633250737190246,1.9266356770010435,2.0077112736028755,1.9189388738351738,62.73669620503529,0.012266238184768241
2007-04-25,2.002002000808716,2.0062191486358643,2.001400947570801,1.9640669798851014,1.9273856971320669,2.009781294617,1.918352665153203,62.67669924611501,0.0120226756600188
2007-04-26,1.990485429763794,2.0060181617736816,1.990010142326355,1.9648484897613525,1.9280136434148758,2.011013436573225,1.9186835429494802,54.59360134282178,0.010776138947186986
2007-04-27,1.998600959777832,2.0040080547332764,1.9872022867202759,1.965818190574646,1.9287161025075727,2.012750528287567,1.918885852861725,58.64137478526406,0.010324095324895088
2007-04-30,2,2.002683639526367,1.9896141290664673,1.9667998886108398,1.929425492738051,2.0145069028903557,1.919092874331324,59.314714914467395,0.009963880933985925
2007-05-01,1.9980818033218384,2.0073065757751465,1.9980818033218384,1.9676332998275756,1.9301087332865776,2.0160502017906152,1.919216397864536,57.922321435678676,0.009415094642748256
2007-05-02,1.9887832403182983,1.9992802143096924,1.9881110191345215,1.968335018157959,1.9306926380670708,2.0169441581160448,1.9197258781998732,51.59896178838928,0.0081360736377325
2007-05-03,1.987992525100708,1.9940975904464722,1.9864130020141602,1.9689666438102722,1.9312628624233856,2.017763756117036,1.9201695315035083,51.08820807077132,0.006978195868436732
2007-05-04,1.976089358329773,1.994216799736023,1.9751136302947998,1.9692342615127563,1.9317089562482275,2.0180380544208867,1.9204304686046256,44.02366786594673,0.005041962707136971
2007-05-07,1.9935011863708496,1.997602939605713,1.9929053783416748,1.9698262190818787,1.932323884884034,2.01908200201373,1.9205704361500273,54.03623348589009,0.0048564903850973895
2007-05-08,1.9896141290664673,1.9964065551757812,1.988387942314148,1.9703643321990967,1.9328940110259838,2.019889868513588,1.9208387958846054,51.808303366079755,0.00434575404713744
2007-05-09,1.9933819770812988,1.999200463294983,1.9885854721069336,1.970951588153839,1.9334959586471356,2.020864857574368,1.92103831873331,53.7968913395435,0.004196649304367472
2007-05-10,1.9796099662780762,1.9962072372436523,1.9774961471557617,1.971391818523407,1.9339548628478649,2.0212125733186683,1.9215710637281453,46.27975681426638,0.0029333823414916527
2007-05-11,1.9827107191085815,1.9840089082717896,1.9765970706939697,1.9721937274932861,1.934440056828714,2.0214110241904293,1.922976430796143,48.040180695187445,0.0021575679115692914
2007-05-14,1.9791005849838257,1.9851115942001343,1.9783958196640015,1.9733600044250488,1.934884495588624,2.0203169618429757,1.9264030470071218,46.14418589722802,0.0012371605173584488
2007-05-15,1.986018419265747,1.9872022867202759,1.9753867387771606,1.9743761897087098,1.935393353642456,2.0201474271758295,1.9286049522415898,50.20013222319688,0.0010537949458950813
2007-05-16,1.9774178266525269,1.9872022867202759,1.9762064218521118,1.9753227043151855,1.9358115586959883,2.0192774136864013,1.9313679949439697,45.60195244401011,0.00021203624188892434
2007-05-17,1.9748014211654663,1.9787874221801758,1.9739829301834106,1.9762228536605835,1.9361995644585566,2.0181694601580693,1.9342762471630974,44.273380348892864,-0.0006585937928886842
2007-05-18,1.9753085374832153,1.9776134490966797,1.9704822301864624,1.9770450520515441,1.9365887550756835,2.017202997446875,1.9368871066562134,44.610216405897376,-0.0012927522757812948
2007-05-21,1.9716088771820068,1.975191593170166,1.9683101177215576,1.9778328728675842,1.9369372553209674,2.015892044559029,1.9397737011761396,42.587757993004644,-0.002069997467024187
2007-05-22,1.9751136302947998,1.9767142534255981,1.9705986976623535,1.9787593626976012,1.9373171643431184,2.0141041010625402,1.943414624332662,45.125771681548486,-0.002375779092566699
2007-05-23,1.9862946271896362,1.9894163608551025,1.9723087549209595,1.9797075295448303,1.9378045589240618,2.013180376715828,1.9462346823738328,52.36111034567943,-0.0016963458093717243
2007-05-24,1.9853875637054443,1.9887832403182983,1.9838120937347412,1.980641314983368,1.9382780761400737,2.0119817020339235,1.9493009279328126,51.7648075003118,-0.001217053049945127
2007-05-25,1.984914779663086,1.9879133701324463,1.9829860925674438,1.9814873051643371,1.9387421758082777,2.010859915995995,1.9521146943326793,51.436005028691866,-0.0008653841956542951
2007-05-28,1.983182668685913,1.985190510749817,1.982789397239685,1.9822268199920654,1.939184419643309,2.0097793906825245,1.954674249301606,50.17848304533843,-0.0007181723314042543
2007-05-29,1.9800019264221191,1.990010142326355,1.9796099662780762,1.9825888609886169,1.9395906093434288,2.0095199562808754,1.9556577656963585,47.864300970092344,-0.0008483855262528817
2007-05-30,1.9764018058776855,1.9833006858825684,1.9739829301834106,1.9827506947517395,1.9399569304014044,2.009427621004954,1.9560737684985248,45.31681043587974,-0.0012279253032401183
2007-05-31,1.9798059463500977,1.9814927577972412,1.9744117259979248,1.9830448174476623,1.9403534814238501,2.0092474934099123,1.9568421414854125,48.12811564258575,-0.0012397367113055058
2007-06-01,1.9809824228286743,1.9829072952270508,1.9774961471557617,1.9834141445159912,1.9407577933076905,2.008947814387207,1.9578804746447753,49.102017481864245,-0.001141012634304328
2007-06-04,1.9915955066680908,1.9925081729888916,1.9818071126937866,1.983844175338745,1.9412636954745823,2.009185716345654,1.958502634331836,56.95368911603998,-0.00020403394707879663
2007-06-05,1.9933819770812988,1.9968849420547485,1.9913179874420166,1.984375808238983,1.9417823404274799,2.009370857910613,1.959380758567353,58.12469338090041,0.0006749017974942983
2007-06-06,1.9921907186508179,1.995888352394104,1.9913971424102783,1.9849677634239198,1.9422839690788958,2.0092489024860574,1.9606866243617822,57.01097383678902,0.001260806317477714
2007-06-07,1.9780046939849854,1.9944156408309937,1.975191593170166,1.9852636694908141,1.9426394361846302,2.008812069545993,1.9617152694356357,45.765187687260415,0.0005738314658600974
2007-06-08,1.9704822301864624,1.9792965650558472,1.9630937576293945,1.9856230187416077,1.9429165074694874,2.0076295137196185,1.963616523763597,41.13185258868397,-0.0005710186663818728
2007-06-11,1.969395637512207,1.9702881574630737,1.9654086828231812,1.9854469251632691,1.943180008289742,2.007833477712875,1.9630603726136637,40.49411542005298,-0.0015481534429635513
2007-06-12,1.9748014211654663,1.9785133600234985,1.969201683998108,1.985474979877472,1.943494681005784,2.00780334488227,1.9631466148726742,45.058095494118874,-0.0018648414985100725
2007-06-13,1.9728145599365234,1.9760111570358276,1.9680002927780151,1.9854032349586488,1.9437864502792672,2.007873198504351,1.9629332714129466,43.730511703555294,-0.002250203218429281
2007-06-14,1.9697058200836182,1.973710298538208,1.966606855392456,1.9853675055503845,1.9440443799994833,2.007933231022991,1.9628017800777782,41.66212355117049,-0.0027744720958806646
2007-06-15,1.976792573928833,1.9780046939849854,1.969201683998108,1.9851932406425477,1.9443702646269818,2.0078888097390033,1.9624976715460922,47.73138849572946,-0.0025882810567057213
2007-06-18,1.9838120937347412,1.9845994710922241,1.9764018058776855,1.9856291723251343,1.944762758737453,2.00732284115167,1.9639355034985988,52.952541139555855,-0.0018529471120751762
2007-06-19,1.9875973463058472,1.9892184734344482,1.9829860925674438,1.9859450554847717,1.9451890145041166,2.007273897295984,1.9646162136735594,55.532092970764204,-0.0009537570972242282
2007-06-20,1.9923096895217896,1.9948930740356445,1.9873998165130615,1.9862671208381653,1.9456579215576635,2.0074817578071587,1.9650524838691719,58.577015242547574,0.00013751894983937696
2007-06-21,1.9929053783416748,1.9938191175460815,1.9898121356964111,1.986517345905304,1.9461280897961923,2.0077443768421475,1.9652903149684604,58.959583122150335,0.0010384594743406694
2007-06-22,1.997602939605713,1.9996800422668457,1.9915162324905396,1.986739568710327,1.9466403251295565,2.0081969006585783,1.965282236762076,61.94443622129828,0.0021072244935245177
2007-06-25,1.998201608657837,2.000800371170044,1.9962072372436523,1.9869295167922973,1.947153420103945,2.0086246661752685,1.9652343674093262,62.3205461826998,0.0029683191253220276
2007-06-26,1.9984012842178345,2.001481056213379,1.996605634689331,1.9867497992515564,1.9476633957206189,2.007895156765612,1.9656044417375005,62.4538323491885,0.003625067452737829
2007-06-27,1.9996000528335571,2.0002801418304443,1.99358069896698,1.9865617942810059,1.9481802251554108,2.0070568352907965,1.9660667532712153,63.29333211140371,0.004193930818745306
2007-06-28,2.0022025108337402,2.00388765335083,1.998201608657837,1.9865337133407592,1.9487178085074943,2.0069370759502743,1.9661303507312444,65.11682477466246,0.004799430893908108
2007-06-29,2.008314371109009,2.010010004043579,2.001481056213379,1.9866077899932861,1.949310861743314,2.0073038250051134,1.9659117549814589,69.01040660863424,0.005706686975964326
2007-07-02,2.0177969932556152,2.0186116695404053,2.0077097415924072,1.9869437170028688,1.9499923756473503,2.009087885977731,1.964799548028007,73.88145069865693,0.007108915166182284
2007-07-03,2.0169830322265625,2.0195083618164062,2.0138959884643555,1.987241735458374,1.950659007314041,2.010586027201558,1.96389744371519,72.82332674206756,0.008061582353737329
2007-07-04,2.0162103176116943,2.0204877853393555,2.015397548675537,1.9875259017944336,1.9513113153172015,2.011925611171378,1.963126192417489,71.77243253959676,0.008654463088627384
2007-07-05,2.0121939182281494,2.01979398727417,2.009403944015503,1.9879600715637207,1.9519171640016537,2.0133280786144097,1.9625920645130317,66.40814236906743,0.00869994789489792
2007-07-06,2.011991500854492,2.014098644256592,2.0067830085754395,1.988227882385254,1.9525149690451384,2.0143266090507015,1.9621291557198066,66.13984688742076,0.008620292178893152
2007-07-09,2.0147886276245117,2.017186403274536,2.0102927684783936,1.988523654937744,1.9531346592134062,2.0154877650987184,1.9615595447767697,68.06016735384569,0.008682779526310913
2007-07-10,2.0274105072021484,2.028397560119629,2.0130040645599365,1.9891102290153504,1.9538737835160511,2.01812134619698,1.9600991118337208,74.9609606843393,0.00963966137989658
2007-07-11,2.032313823699951,2.0364110469818115,2.0249063968658447,1.9899808406829833,1.9546543453520697,2.021459626166153,1.9585020551998136,77.03660554588569,0.010670649203699867
2007-07-12,2.0295915603637695,2.0357062816619873,2.027780532836914,1.9908128213882446,1.9554000497439887,2.0242171371669686,1.9574085056095207,73.39872213743325,0.011139639748765529
2007-07-13,2.034795045852661,2.0369088649749756,2.026794195175171,1.9919869351387023,1.9561901131259412,2.02734847354294,1.9566253967344647,75.75547584813415,0.01179522788149212
2007-07-16,2.0367844104766846,2.0399835109710693,2.0331814289093018,1.992852599620819,1.9569921101709522,2.03041606696793,1.955289132273708,76.60871449093334,0.012333142509544537
2007-07-17,2.0477116107940674,2.0474181175231934,2.0354163646698,1.9940145492553711,1.9578948628008102,2.034638699644877,1.9533903988658654,80.63921523534077,0.013485722457017069
2007-07-18,2.053683280944824,2.0549914836883545,2.0467896461486816,1.9952205753326415,1.9588480556434589,2.03920913784059,1.951232012824693,82.42180267120222,0.01471143003521691
2007-07-19,2.048886299133301,2.054020881652832,2.0475857257843018,1.996606101989746,1.9597440276658853,2.042891822074564,1.9503203819049282,76.34123651042582,0.015121425400292043
2007-07-20,2.057020664215088,2.058290719985962,2.0483827590942383,1.9980923008918763,1.960712028312219,2.047240477415291,1.9489441243684618,79.15018848771015,0.015919218124179846
2007-07-23,2.0593080520629883,2.060411214828491,2.0547804832458496,1.9996964502334595,1.9616931574464356,2.051479690011676,1.947913210455243,79.87381515203292,0.016545323498292408
2007-07-24,2.0618982315063477,2.065091609954834,2.059011220932007,2.0012140464782715,1.9626902974918154,2.0557362690121206,1.9466918239444224,80.69104807756153,0.017053935202856252
2007-07-25,2.0530929565429688,2.0622808933258057,2.049180269241333,2.0027275490760803,1.9635898930986841,2.05873474097119,1.9467203571809708,70.24823365116647,0.016555658219862046
2007-07-26,2.047879457473755,2.054400682449341,2.043318271636963,2.004189109802246,1.9644286567666962,2.0610296573715687,1.9473485622329239,64.89319713337483,0.015560710136839795
2007-07-27,2.0246193408966064,2.0493903160095215,2.023390531539917,2.005175325870514,1.9650276125510637,2.0616807432854833,1.948669908455545,47.496819475855666,0.012748354502826409
2007-07-30,2.028315305709839,2.029014825820923,2.0215089321136475,2.0063094544410705,1.9656573861289308,2.0623393311104063,1.9502795777717343,49.79967559189355,0.010694496375776907
2007-07-31,2.029385566711426,2.037904977798462,2.027287244796753,2.007394893169403,1.966291542527651,2.06305964798517,1.951730138353636,50.4770584160927,0.00904885061396099
2007-08-01,2.0319833755493164,2.0342154502868652,2.021182060241699,2.0083086681365967,1.966945238684669,2.0640596036157914,1.9525577326574022,52.16431760873299,0.007863638820529761
2007-08-02,2.03661847114563,2.037614345550537,2.0286033153533936,2.0093332862854005,1.9676385530628164,2.0652476663012993,1.9534189062695018,55.10348416960608,0.0072151911801343616
2007-08-03,2.0428173542022705,2.0459940433502197,2.034588098526001,2.010491337776184,1.9683866525226108,2.066738956762323,1.9542437187900448,58.75353095778594,0.007119421549811378
2007-08-06,2.031405448913574,2.0456173419952393,2.028397560119629,2.0114557933807373,1.9690137481188372,2.0674453057122655,1.9554662810492092,50.598059818460776,0.006052903935505061
2007-08-07,2.0222856998443604,2.033388137817383,2.0195083618164062,2.012301468849182,1.96954385319071,2.0676252247118496,1.9569777129865145,45.198609259339904,0.004420832899567184
2007-08-08,2.0372822284698486,2.0398170948028564,2.0166168212890625,2.013519077301025,1.9702179120703598,2.0682949986283274,1.9587431559737232,53.908776212578196,0.004288069181710874
2007-08-09,2.0229809284210205,2.03960919380188,2.0217947959899902,2.014382576942444,1.9707429520615372,2.068344459878788,1.9604206940060998,46.34397318094611,0.0029943406902450675
2007-08-10,2.022081136703491,2.0265889167785645,2.0158851146698,2.01520455121994,1.9712538133441277,2.068335505620357,1.962073596819523,45.907484681261835,0.0018748339494902844
2007-08-13,2.011991500854492,2.025890827178955,2.009605884552002,2.015612471103668,1.971659189845577,2.0683150413397855,1.9629099008675508,41.21936177497131,0.00017149066379928968
2007-08-14,1.997004508972168,2.0130040645599365,1.9956096410751343,2.0156849217414856,1.9719113983230598,2.0682725901002197,1.9630972533827515,35.43137923222659,-0.002360535373024941
2007-08-15,1.9868077039718628,1.997004508972168,1.986215591430664,2.0155772614479064,1.9720596297239221,2.068382839900171,1.962771682995642,32.12603011633816,-0.005130836109899839
2007-08-16,1.9853086471557617,1.988981008529663,1.9776134490966797,2.015723340511322,1.9721914690681088,2.0681436831102626,1.9633029979123817,31.658448350509843,-0.007362411463323948
2007-08-17,1.9820033311843872,1.9933819770812988,1.9673033952713013,2.0159537625312804,1.9722891056408205,2.067658818651666,1.964248706410895,30.600866943143316,-0.009290566516135357
2007-08-20,1.9885854721069336,1.9902875423431396,1.9774178266525269,2.016337559223175,1.9724512685779596,2.066904392322266,1.965770726124084,35.24032965555743,-0.010170282834161881
2007-08-21,1.9807078838348389,1.9885064363479614,1.9749964475631714,2.0164556884765625,1.97253342898832,2.0666527139563513,1.9662586629967735,32.44476784030782,-0.011372030206638684
2007-08-22,1.9950124025344849,1.9954105615615845,1.9803941249847412,2.0168996453285217,1.9727571139375872,2.0658996397253584,1.9678996509316848,41.51716781230465,-0.011042873178189527
2007-08-23,2.0032052993774414,2.009000301361084,1.9925874471664429,2.0175696349143983,1.9730600991557374,2.0648206596875855,1.9703186101412111,45.99098634292518,-0.010005577488334971
2007-08-24,2.0136120319366455,2.0158851146698,1.9988007545471191,2.0183060240745543,1.973463624971113,2.064087989519364,1.9725240586297446,51.107283128737,-0.008248691060069646
2007-08-27,2.009000301361084,2.019386053085327,2.008798599243164,2.0188097882270815,1.9738172445607831,2.0635858147379396,1.9740337617162234,48.8967175386341,-0.007146098251245014
2007-08-28,2.0006000995635986,2.013814687728882,1.9997999668121338,2.0190698432922365,1.974083756165405,2.063253068973786,1.9748866176106874,45.072498823737014,-0.006870908037278856
2007-08-29,2.016779661178589,2.0182857513427734,1.9968050718307495,2.0195592427253723,1.9745086155597633,2.0630695905928413,1.9760488948579031,52.739462228162324,-0.005286324942664233
2007-08-30,2.0143826007843018,2.018000602722168,2.005213499069214,2.019988787174225,1.9749053943018804,2.0628442497746105,1.9771333245738396,51.59051438108701,-0.0041758179348310165
2007-08-31,2.017186403274536,2.0231857299804688,2.011991500854492,2.0203804564476013,1.9753261246583544,2.062756125928234,1.9780047869669686,52.88349151029211,-0.003034509762124493
2007-09-03,2.0177154541015625,2.0206103324890137,2.014098644256592,2.0207707333564757,1.975747932653997,2.062669423466153,1.9788720432467986,53.13783311386594,-0.002063537654717784
2007-09-04,2.0141799449920654,2.019590139389038,2.008395195007324,2.0210863065719606,1.976130361941547,2.062532553803067,1.9796400593408543,51.15066400585012,-0.0015613233382230085
2007-09-05,2.0204060077667236,2.0226945877075195,2.0048115253448486,2.021502425670624,1.9765709398170304,2.0624833477809745,1.9805215035602735,54.38569375364574,-0.0006533917482531848
2007-09-06,2.025111436843872,2.026219367980957,2.0156006813049316,2.0219606041908262,1.977053956088715,2.062571382482217,1.9813498258994355,56.71856966386704,0.00044075858905401333
2007-09-07,2.0286033153533936,2.0314881801605225,2.017512083053589,2.022366383075714,1.9775669126379674,2.062825791505664,1.9819069746457647,58.41813966408944,0.001571530402928456
2007-09-11,2.0331814289093018,2.033801794052124,2.0240046977996826,2.0226740717887877,1.9781203203909832,2.063225533650748,1.9821226099268272,60.60247118425815,0.0028047591971422925
2007-09-12,2.0295915603637695,2.0362865924835205,2.029097318649292,2.022926242351532,1.9786324990462725,2.063490066781521,1.982362417921543,58.02833559080631,0.0034526297451349386
2007-09-13,2.0175933837890625,2.034381151199341,2.0175933837890625,2.0229539036750794,1.9790201897856834,2.0635009181298423,1.9824068892203166,50.333188655043145,0.002963754923555939
2007-09-14,2.006702423095703,2.0222039222717285,2.00581693649292,2.0228440737724305,1.9792956491340743,2.0635395279371216,1.9821486196077391,44.55715304688715,0.0016781637695881813
2007-09-17,1.9940179586410522,2.009403944015503,1.9919922351837158,2.0224846029281616,1.979442147274305,2.063882794236082,1.9810864116202413,38.95077759729195,-0.00036005625078106007
2007-09-18,2.013409376144409,2.014991521835327,1.988387942314148,2.0224570178985597,1.9797801467791687,2.0638779720182843,1.9810360637788351,49.427017106886524,-0.00040595536902765517
2007-09-19,2.0006000995635986,2.017390012741089,1.996008038520813,2.0219208097457884,1.9799873208825036,2.063771936574275,1.9800696829173017,44.049674414726304,-0.0014591125778720127
2007-09-20,2.0106160640716553,2.014585494995117,1.9980019330978394,2.0214868545532227,1.980292099635093,2.0633480905171324,1.979625618589313,48.74526439660667,-0.0014686133638974752
2007-09-21,2.0204060077667236,2.021182060241699,2.008798599243164,2.0213031435012816,1.9806912626292619,2.0630997766751222,1.979506510327441,52.9056048631952,-0.0006783564956340804
2007-09-24,2.0206918716430664,2.0312817096710205,2.0202019214630127,2.02102108001709,1.9810892980188037,2.0626360365179464,1.9794061235162337,53.02550529868578,-2.8674862322386474e-05
2007-09-25,2.0188968181610107,2.0210185050964355,2.0089197158813477,2.020663328170776,1.9814655103837562,2.0620319912472858,1.9792946650942667,52.128023615150255,0.0003374665938387089
2007-09-26,2.0156006813049316,2.0217947959899902,2.0109798908233643,2.0200211095809935,1.9818051800360426,2.0606665506764617,1.9793756684855253,50.43981245273686,0.00035754409269550536
2007-09-27,2.026794195175171,2.028479814529419,2.0141799449920654,2.0194833278656006,1.9822528530799948,2.0590069276370735,1.9799597280941275,55.688144823593944,0.0012621296316743802
2007-09-28,2.046203374862671,2.0487184524536133,2.0202019214630127,2.019429669380188,1.9828892064475907,2.058797314058377,1.980062024701999,63.00404898380633,0.0035047778822225872
2007-10-01,2.044320821762085,2.049180269241333,2.038195848464966,2.019175672531128,1.983500494612188,2.0577084055933335,1.980642939468922,61.93594005358372,0.0050717228125800595
2007-10-02,2.0399835109710693,2.0446135997772217,2.037489891052246,2.0187891817092893,1.9840625404466046,2.056045426858547,1.9815329365600318,59.43586158783968,0.0058955925061683345
2007-10-03,2.0326030254364014,2.043903112411499,2.0312817096710205,2.0182032775878906,1.9845455522738764,2.0535656679681855,1.9828408872075958,55.342160842952865,0.005885131539619781
2007-10-04,2.0386111736297607,2.0424001216888428,2.028315305709839,2.0179136419296264,1.9850835428352134,2.052334336448575,1.9834929474106777,57.88514262961535,0.006289151076527499
2007-10-05,2.043694257736206,2.0438196659088135,2.0319008827209473,2.0178299379348754,1.9856667599798083,2.051972432038143,1.9836874438316077,59.962375514898014,0.006939507553234137
2007-10-08,2.0354163646698,2.042901039123535,2.033595085144043,2.0180458784103394,1.9861618027308467,2.0524988054413216,1.983592951379357,55.188453916370634,0.006709618650162952
2007-10-09,2.0376973152160645,2.038985252380371,2.026301383972168,2.018233518600464,1.9866746162667923,2.0530153559986197,1.983451681202308,56.22270530649484,0.0066349995400498685
2007-10-10,2.041816234588623,2.047208786010742,2.0376973152160645,2.0184821319580077,1.9872233127798007,2.053763443994477,1.983200819921538,58.10318769777658,0.006829499508683057
2007-10-11,2.0342154502868652,2.042191743850708,2.031405448913574,2.0185267734527588,1.98769091622878,2.0538833807524868,1.9831701661530305,53.533313185470604,0.006297726098113632
2007-10-12,2.0342981815338135,2.037489891052246,2.0253164768218994,2.0184803676605223,1.9881546897425821,2.0537460284624105,1.983214706858634,53.576112977733686,0.005815925193884741
2007-10-15,2.0424001216888428,2.0438196659088135,2.0323963165283203,2.0184720230102537,1.9886944679042238,2.0537143687435946,1.983229677276913,57.686502864232615,0.006018476119532323
2007-10-16,2.0321898460388184,2.043694257736206,2.0298798084259033,2.018487710952759,1.9891272756931377,2.053754245687172,1.9832211762183454,51.49826199728183,0.005294088318604118
2007-10-17,2.0399835109710693,2.0413994789123535,2.0295090675354004,2.018841667175293,1.9896333286716397,2.054615393975677,1.9830679403749087,55.42866919406058,0.005287933388613553
2007-10-18,2.0441954135894775,2.0506091117858887,2.0386111736297607,2.0189799308776855,1.9901762570687058,2.0550963600030094,1.9828635017523613,57.43611036884461,0.0055588420325274335
2007-10-19,2.05149245262146,2.05279803276062,2.041983127593994,2.0195501613616944,1.99078639303298,2.05680675041862,1.9822935723047688,60.735547121966796,0.00628984374717545
2007-10-22,2.0326855182647705,2.0525872707366943,2.026383399963379,2.01976224899292,1.9912033163711464,2.0571979486429766,1.9823265493428637,49.98166561450394,0.005290618489489862
2007-10-23,2.0503146648406982,2.0519134998321533,2.032520294189453,2.020528712272644,1.9917915122061578,2.0588732614061547,1.9821841631391335,57.566248338978745,0.005853771436226118
2007-10-24,2.0501046180725098,2.0511138439178467,2.0436105728149414,2.0215907144546508,1.9923717647873553,2.060216267086397,1.9829651618229045,57.454460228794666,0.006211522618842391
2007-10-25,2.050903558731079,2.0533881187438965,2.0459940433502197,2.022872631549835,1.9929541932279007,2.0610381171561727,1.9847071459434977,57.79021640928124,0.006484758582329775
2007-10-26,2.0517029762268066,2.0568935871124268,2.0483827590942383,2.024200518131256,1.9935387806220226,2.061644761615354,1.9867562746471579,58.14613392967422,0.006688703156432219
2007-10-29,2.0610907077789307,2.0641963481903076,2.0533037185668945,2.025782265663147,1.9942109645890622,2.062627846936127,1.9889366843901668,62.17922779763331,0.007521143124272545
2007-10-30,2.06799578666687,2.0697078704833984,2.057020664215088,2.0273704719543457,1.9949451694857345,2.0645164294847933,1.9902245144238981,64.861361054567,0.008638461151398769
2007-10-31,2.079780340194702,2.0821187496185303,2.0676109790802,2.029351921081543,1.9957893319126845,2.066905595971407,1.9917982461916794,68.913224565622,0.010355487110468076
2007-11-01,2.0777926445007324,2.087116241455078,2.0764119625091553,2.031007525920868,1.9966053152977852,2.0696647441441787,1.9923503076975573,67.49941368623247,0.011424161500414254
2007-11-02,2.085592746734619,2.0907816886901855,2.077404022216797,2.0326552748680116,1.9974907946358285,2.0734404163003064,1.991870133435717,70.0924283939581,0.012753482508341296
2007-11-05,2.0810787677764893,2.08960223197937,2.0792181491851807,2.0340046095848083,1.9983225457617835,2.076640365811442,1.991368853358175,66.7723061156764,0.013289545004976588
2007-11-06,2.087421178817749,2.089820623397827,2.0810787677764893,2.0355730271339416,1.9992091309843125,2.080178565541693,1.9909674887261901,68.99459215613439,0.01406403650272603
2007-11-07,2.0997815132141113,2.1064162254333496,2.08720326423645,2.0375566554069517,2.0002098865866995,2.084570458989581,1.990542851824323,72.81099022498945,0.015496567496937619
2007-11-08,2.1081924438476562,2.1117093563079834,2.0988121032714844,2.039384911060333,2.0012843775028566,2.090067397946039,1.9887024241746272,75.06056932456316,0.017113279209643117
2007-11-09,2.094679594039917,2.1158199310302734,2.0885109901428223,2.0409908509254455,2.0022137153456954,2.093495611950711,1.9884860899001802,65.66109472681822,0.017106962427702932
2007-11-12,2.054400682449341,2.0861146450042725,2.053008794784546,2.0417351365089416,2.0027330064668742,2.093916656772515,1.9895536162453682,46.83445983588718,0.01369392969471006
2007-11-13,2.0748178958892822,2.0759809017181396,2.053809881210327,2.042877185344696,2.003450293413138,2.095411310694326,1.9903430599950653,54.029700719861836,0.01249256860059722
2007-11-14,2.05279803276062,2.083984613418579,2.050987720489502,2.0436495471000673,2.0039413322089397,2.095593814700049,1.991705279500086,46.690533643291126,0.009652395543942038
2007-11-15,2.0444045066833496,2.0615155696868896,2.0428173542022705,2.0441295170783995,2.004343964266294,2.095638838015237,1.9926201961415622,44.224539481244584,0.006647620891749639
2007-11-16,2.0524187088012695,2.0549914836883545,2.036203622817993,2.0446756625175477,2.0048223357024786,2.0959404285041985,1.993410896530897,47.09756447081907,0.004857005924176594
2007-11-19,2.0493903160095215,2.0565974712371826,2.045701026916504,2.0450914025306703,2.0052658126665333,2.0961609425270544,1.994021862534286,46.130575092759365,0.0031571707733268894
2007-11-20,2.066115617752075,2.068209648132324,2.0459940433502197,2.0457500863075255,2.005871302928224,2.0970417106405232,1.9944584619745278,51.992963551045406,0.003123624047442597
2007-11-21,2.0635149478912354,2.0697078704833984,2.0535988807678223,2.046428554058075,2.0064448898838854,2.0977452202646107,1.9951118878515395,51.06243496232305,0.002854283301255922
2007-11-22,2.062408447265625,2.068209648132324,2.059011220932007,2.047324855327606,2.0070017588381153,2.0981489818243855,1.9965007288308267,50.647107244374645,0.0025224660479126193
2007-11-23,2.0610907077789307,2.075894594192505,2.0533881187438965,2.0484126210212708,2.007539974211632,2.0980011565227956,1.998824085519746,50.12423006313251,0.0021286303940990514
2007-11-27,2.0676109790802,2.0755929946899414,2.064793109893799,2.0498844814300536,2.008137714209694,2.097199758296037,2.0025692045640704,52.72497408922658,0.0023159474028182636
2007-11-28,2.0787858963012695,2.083116292953491,2.059180736541748,2.0511920118331908,2.0088407028025075,2.098003736897895,2.0043802867684866,56.87543262386352,0.0033277595679934713
2007-11-29,2.0629189014434814,2.0793912410736084,2.05981707572937,2.0524383878707884,2.009378810705814,2.0970173170334223,2.0078594587081544,50.14385207213108,0.0028168235313357215
2007-11-30,2.0566821098327637,2.069793462753296,2.054020881652832,2.0533597087860107,2.009849504479737,2.096284086647697,2.0104353309243246,47.75147117572407,0.0018868951287536184
2007-12-03,2.0638983249664307,2.06799578666687,2.0533037185668945,2.054229555130005,2.010387319730131,2.0961799014042475,2.0122792088557624,50.68330606950363,0.001712468155869118
2007-12-04,2.0587992668151855,2.067183494567871,2.0563859939575195,2.0549917030334472,2.010869044871985,2.095824861926338,2.0141585441405563,48.607742356939596,0.0011495310664062508
2007-12-05,2.027287244796753,2.0580790042877197,2.0249884128570557,2.055159511566162,2.011032414821758,2.0954526085648753,2.014866414567449,38.197194423227124,-0.0018183961141748917
2007-12-06,2.028397560119629,2.0311992168426514,2.019712448120117,2.055415449142456,2.011205207338769,2.0948360624147453,2.015994835870167,38.695408377209745,-0.004034400561931939
2007-12-07,2.031818151473999,2.034381151199341,2.0228991508483887,2.0555159282684325,2.011410317138495,2.0946634406847315,2.0163684158521336,40.292307662614185,-0.005451742621656042
2007-12-10,2.044989824295044,2.0483827590942383,2.031405448913574,2.0554916572570803,2.011744451068057,2.094664232453939,2.0163190820602215,46.11322146620582,-0.005449335946294376
2007-12-11,2.0357890129089355,2.05149245262146,2.033388137817383,2.055321021080017,2.011983707160376,2.094765594671208,2.015876447488826,42.96243043427767,-0.006119317539746039
2007-12-12,2.0454916954040527,2.053894281387329,2.0354163646698,2.055431184768677,2.012317129251444,2.0947314219294357,2.016130947607918,47.06966192400928,-0.00580049291916751
2007-12-13,2.0428173542022705,2.048214912414551,2.0350847244262695,2.055635471343994,2.012620622433219,2.0945557226842286,2.0167152200037597,46.08462190039624,-0.005697936826045247
2007-12-14,2.02012038230896,2.0444045066833496,2.015113353729248,2.0552656555175783,2.0126952489439183,2.0951847417540748,2.015346569281082,38.68526233375381,-0.007363237510090492
2007-12-17,2.0213863849639893,2.022817373275757,2.0106968879699707,2.054819498062134,2.012781730243321,2.0957522349390207,2.013886761185247,39.27097657098494,-0.008483057064880395
2007-12-20,1.9838908910751343,1.990802526473999,1.9814143180847168,2.0537889885902403,2.0124942515253097,2.09907810773303,2.0084998694474505,30.09998440873713,-0.012254829082531948
2007-12-21,1.9833006858825684,1.9894163608551025,1.9812180995941162,2.0527010560035706,2.0122037606003182,2.102003543279412,2.003398568727729,29.98129726662725,-0.015117346842976165
2007-12-24,1.9785133600234985,1.9842844009399414,1.976089358329773,2.051434998512268,2.0118685239536394,2.104949594385782,1.997920402638754,28.983009991435324,-0.01756967767147799
2007-12-25,1.9774178266525269,1.9844813346862793,1.9700939655303955,2.0502990460395814,2.0115257220566196,2.107584016564828,1.9930140755143346,28.747116095761996,-0.019378188217173964
2007-12-26,1.9842058420181274,1.9847177267074585,1.9774961471557617,2.0492971992492675,2.0112538754752505,2.1094068305480915,1.9891875679504436,32.41748289722632,-0.02003278427689148
2007-12-27,1.9950124025344849,1.996605634689331,1.9842058420181274,2.0483494448661803,2.011092264671644,2.1103669952454105,1.98633189448695,37.90171682539937,-0.01945528879215308
2007-12-28,1.9933024644851685,2.0022025108337402,1.9910005331039429,2.0475716972351075,2.010915247279964,2.111366301091847,1.9837770933783683,37.384760585571705,-0.01891752768648125
2007-12-31,1.9866102933883667,2.010010004043579,1.9820820093154907,2.0465042328834535,2.01067340091742,2.112563077291997,1.9804453884749098,35.35246911810589,-0.018814468928375128
2008-01-01,1.9877158403396606,1.9898121356964111,1.9789831638336182,2.045374641418457,2.0104449618441773,2.113494068018387,1.9772552148185263,35.971707898118936,-0.018431123205215894
2008-01-02,1.9818071126937866,1.988981008529663,1.9785133600234985,2.0439809346199036,2.010160001162412,2.11440207105501,1.9735597981847972,34.09212395109722,-0.018392091317451786
2008-01-03,1.9740997552871704,1.9840089082717896,1.9709872007369995,2.0428092193603518,2.009801184070447,2.1158965691453417,1.9697218695753618,31.7608715815782,-0.018766746226227538
2008-01-04,1.9758158922195435,1.9845994710922241,1.9681940078735352,2.0413192439079286,2.009463013867726,2.1167810014261854,1.965857486389672,32.86174255119029,-0.018709513408284195
2008-01-07,1.966993808746338,1.9755818843841553,1.9661816358566284,2.0396570277214052,2.009040424697459,2.117937674463062,1.9613763809797486,30.167445969535024,-0.019155214999971415
2008-01-08,1.9718031883239746,1.9825141429901123,1.9671097993850708,2.038075020313263,2.0086698962388656,2.118593139685812,1.957556900940714,33.37444075793171,-0.018902464143961017
2008-01-09,1.9574834108352661,1.9764018058776855,1.955913782119751,2.036190629005432,2.008160566144676,2.119759269867435,1.9526219881434295,29.090672337584706,-0.019631345704374414
2008-01-10,1.9615919589996338,1.9654086828231812,1.9546902179718018,2.034200654029846,2.0076971862623894,2.1200564847227827,1.9483448233369094,31.79563307820669,-0.01965094028469916
2008-01-11,1.959401249885559,1.9634021520614624,1.9492037296295166,2.0320287632942198,2.007216618739248,2.1198664960098825,1.9441910305785568,31.114086304104745,-0.019617107246649335
2008-01-14,1.954384684562683,1.9649066925048828,1.9530105590820312,2.0295208501815796,2.00669091600104,2.118940011138874,1.940101689224285,29.55194368727375,-0.019767224952034645
2008-01-15,1.958288550376892,1.9742168188095093,1.9541937112808228,2.0271307682991027,2.0062092896734556,2.1176650700996067,1.9365964664985988,32.396445737944745,-0.01934815152290348
2008-01-16,1.9629011154174805,1.9714922904968262,1.954384684562683,2.02467693567276,2.005778353044221,2.1153943543990743,1.9339595169464456,35.69999326579743,-0.01843137197806266
2008-01-17,1.9683877229690552,1.9702881574630737,1.9612072706222534,2.022423114776611,2.005406298834511,2.11302046870924,1.9318257608439824,39.487900447552306,-0.017065375185505438
2008-01-23,1.956985354423523,1.9592092037200928,1.9501159191131592,2.0198143982887267,2.0049244879570693,2.1102842009743727,1.9293445956030806,34.888076623891266,-0.016710263221344723
2008-01-24,1.9782003164291382,1.9782003164291382,1.9509150981903076,2.0173827743530275,2.0046585701003563,2.105587069341491,1.929178479364564,47.20959011157927,-0.01454924960542825
2008-01-25,1.9805903434753418,1.984796404838562,1.9753085374832153,2.014830732345581,2.004419080173917,2.099628986198571,1.9300324784925909,48.39439182508462,-0.012499686927101905
2008-01-28,1.984914779663086,1.988981008529663,1.9733986854553223,2.0126354360580443,2.004225003452744,2.0946333302389886,1.9306375418770998,50.556661166793994,-0.010406488358711607
2008-01-29,1.9892975091934204,1.992984652519226,1.981885552406311,2.011333372592926,2.004076468080575,2.092689392414445,1.9299773527714066,52.718884095738396,-0.00829830606073001
2008-01-30,1.9836152791976929,1.9944156408309937,1.9831039905548096,2.0095093202590943,2.003872869966678,2.089126759473852,1.9298918810443364,49.68514609882035,-0.0070053119971760225
2008-01-31,1.9906044006347656,1.9942964315414429,1.9836152791976929,2.0082654476165773,2.0037408427031633,2.0870615399679373,1.9294693552652173,53.24878145106061,-0.005354913092036284
2008-02-01,1.9664909839630127,1.9936999082565308,1.964790940284729,2.0067071771621703,2.0033701898573395,2.085667647749569,1.9277467065747715,42.15525524868054,-0.005924418264479314
2008-02-04,1.9748014211654663,1.9787092208862305,1.9654086828231812,2.0051548314094543,2.0030859178185287,2.083496680021061,1.9268129827978477,46.30697133188157,-0.005640156178140732
2008-02-05,1.964790940284729,1.9755818843841553,1.9612842798233032,2.0034628438949587,2.002704865723096,2.081559084238782,1.925366603551135,42.36273042224322,-0.006151725312627976
2008-02-06,1.9607843160629272,1.9664137363433838,1.95610511302948,2.0013562178611757,2.0022877376511636,2.0782272849814936,1.9244851507408576,40.86252540128482,-0.006802038956342793
2008-02-07,1.9428037405014038,1.962092399597168,1.939789056777954,1.998941993713379,2.0016958455981144,2.0754262098985468,1.9224577775282115,34.89094759017311,-0.008668375742436396
2008-02-08,1.9471162557601929,1.9501920938491821,1.941106915473938,1.9966361498832703,2.001152754669552,2.07225741529557,1.9210148844709707,37.25918788704379,-0.009687802198162565
2008-02-11,1.949887990951538,1.9525147676467896,1.941408395767212,1.9944120955467224,2.000642647816586,2.068827494864674,1.9199966962287707,38.799971984281626,-0.010154988754214944
2008-02-12,1.9602077007293701,1.9630168676376343,1.9454118013381958,1.9922640299797059,2.000240302458699,2.0642149132106473,1.9203131467487644,44.28598161749295,-0.009582067028056196
2008-02-13,1.9622077941894531,1.966606855392456,1.9554165601730347,1.9899324679374695,1.9998618624857,2.0578837845153966,1.9219811513595426,45.30924250198909,-0.008864447769685091
2008-02-14,1.9697835445404053,1.9735932350158691,1.9618998765945435,1.988069760799408,1.9995625702160709,2.0528887541082645,1.9232507674905515,49.12096114740299,-0.007596857749863517
2008-02-15,1.9613995552062988,1.9719977378845215,1.9585185050964355,1.9861641097068787,1.99918283178451,2.048296600348599,1.9240316190651585,45.353670845091614,-0.007185966054434889
2008-02-18,1.9508007764816284,1.9639033079147339,1.948216438293457,1.9839021587371826,1.9987014095894569,2.042625032161132,1.9251792853132328,41.06588389582027,-0.007627637632298567
2008-02-19,1.948216438293457,1.9541937112808228,1.94579017162323,1.9816905021667481,1.9981990625690338,2.0371381623037115,1.9262428420297846,40.07109670123566,-0.008092910004526832
2008-02-20,1.9425019025802612,1.9501920938491821,1.9367834329605103,1.9799947953224182,1.997644852144395,2.0349343459573603,1.9250552446874762,37.88565083679323,-0.008821073145022895
2008-02-21,1.9637877941131592,1.96421217918396,1.9415968656539917,1.978702600002289,1.9973079600802142,2.0320104774724204,1.9253947225321573,49.03556692056376,-0.007593026444553397
2008-02-22,1.966916561126709,1.9707151651382446,1.9613995552062988,1.977404568195343,1.9970055528442185,2.0285502940767213,1.9262588423139646,50.44370282193472,-0.0062947631260728
2008-02-25,1.966606855392456,1.9700939655303955,1.9622849225997925,1.9758369088172913,1.996703073037403,2.0231918780357656,1.928481939598817,50.29556438252285,-0.005230575933687032
2008-02-26,1.9872814416885376,1.9892975091934204,1.9649839401245117,1.9748667573928833,1.9966093238645373,2.019092711036273,1.9306408037494933,58.96000238400148,-0.002687948589153999
2008-02-27,1.983182668685913,1.9972835779190063,1.9794139862060547,1.9736205768585204,1.996475723051966,2.012966066621322,1.934275087095719,56.844397120654385,-0.0009921973924880145
2008-02-28,1.9898914098739624,1.9948135614395142,1.977183222770691,1.9725620579719543,1.9964102064038172,2.0068291369168714,1.9382949790270374,59.41154852543168,0.0008828599349148814
2008-02-29,1.9866102933883667,1.9917938709259033,1.9794139862060547,1.9718918561935426,1.9963126932192412,2.0035758194985593,1.9402078928885258,57.606652337930456,0.0020801193756541103
2008-03-03,1.9838908910751343,1.992984652519226,1.9816890954971313,1.9711419463157653,1.9961890911746054,1.9996613288689522,1.9426225637625785,56.08585549861459,0.0027775057116374846
2008-03-04,1.9855847358703613,1.9887832403182983,1.9823962450027466,1.9711758232116698,1.9960835734913458,1.999760965870795,1.9425906805525446,56.84998047345971,0.0034273600529914905
2008-03-05,1.9917938709259033,1.9964861869812012,1.9725810289382935,1.9713456869125365,1.9960408891988455,2.0003231603284553,1.942368213496618,59.623497523763525,0.004392762574973119
2008-03-06,2.012112855911255,2.013206720352173,1.9898121356964111,1.9720176768302917,1.996200811806116,2.003151697970113,1.9408836556904703,67.0804212252124,0.006719959791027019
2008-03-07,2.0140175819396973,2.0202019214630127,2.010211944580078,1.9727496719360351,1.9963780958892343,2.00604770602087,1.9394516378512003,67.68295015182417,0.008618625671503066
2008-03-10,2.008395195007324,2.0215089321136475,2.0054144859313965,1.9732334589958191,1.9964976708767046,2.0078862035542873,1.9385807144373512,63.96147600292779,0.009559456954518764
2008-03-11,2.0060181617736816,2.019916296005249,2.0004801750183105,1.973453574180603,1.9965924035898284,2.0088037725882852,1.938103375772921,62.399353730551354,0.009998014915969522
2008-03-12,2.0269997119903564,2.028109550476074,2.0062191486358643,1.9741275191307068,1.9968949684904065,2.012202148103287,1.936052890158127,69.4839071247616,0.011901418864123325
2008-03-13,2.032520294189453,2.0386111736297607,2.0256857872009277,1.9750457191467286,1.9972494546997481,2.0164203537522476,1.9336710845412095,71.03054785070366,0.013697449382244375
2008-03-14,2.0199978351593018,2.039318084716797,2.018693208694458,1.9756913590431213,1.9974758101305277,2.0188423592029694,1.9325403588832735,63.205214526275796,0.013949556909623517
2008-03-17,1.9972835779190063,2.0219175815582275,1.9948135614395142,1.9760008883476257,1.9974738973438726,2.019551130536312,1.9324506461589392,52.01199975574897,0.012176144202109107
2008-03-18,2.0094847679138184,2.027204990386963,1.9974033832550049,1.9767085886001587,1.9975934102463986,2.021270998801812,1.9321461783985054,56.47129295183038,0.01162127311515726
2008-03-19,1.983694076538086,2.0149102210998535,1.9809041023254395,1.9768661522865296,1.997455106410503,2.0214713700243774,1.9322609345486819,46.61142246814195,0.00899673180492111
2008-03-20,1.984796404838562,1.9881110191345215,1.97550368309021,1.977222204208374,1.9973291473704025,2.0217899685684353,1.9326544398483128,47.03706807358992,0.006925875408564153
2008-03-21,1.9833006858825684,1.9860973358154297,1.9816107749938965,1.977452154159546,1.9971895587024553,2.022024440967187,1.9328798673519052,46.49539965787476,0.005105165604005091
2008-03-24,1.9877949953079224,1.9885854721069336,1.9762064218521118,1.978058385848999,1.9970960791426595,2.0223457452774016,1.9337710264205965,48.41757362763935,0.003979025447994111
2008-03-25,2.00260329246521,2.0067830085754395,1.9866102933883667,1.9788786125183107,1.9971508780495697,2.023439468087655,1.9343177569489662,54.24964547722023,0.004232665549729342
2008-03-26,2.007387161254883,2.010899066925049,1.9933819770812988,1.979838330745697,1.997252733020453,2.0247525550216188,1.9349241064697753,55.981130754237924,0.004764770085025738
2008-03-27,2.0067830085754395,2.01901912689209,2.0028038024902344,1.9808862972259522,1.9973475629295423,2.025821614244358,1.9359509802075463,55.69445666555151,0.005079167212781011
2008-03-28,1.9948930740356445,2.0090811252593994,1.9894163608551025,1.9816183876991271,1.9973231398238662,2.0262426440080903,1.936994131390164,50.24155928383411,0.004319122694738997
2008-03-31,1.9842058420181274,1.998201608657837,1.9818071126937866,1.98204448223114,1.9971926176984092,2.0263449432661904,1.93774402119609,45.89220545197491,0.002821882723995417
2008-04-02,1.9877949953079224,1.9900894165039062,1.9758940935134888,1.9824326276779174,1.9970991077771405,2.0265845281567687,1.938280727199066,47.534851486696915,0.0019029874797327206
2008-04-03,1.9948930740356445,1.9974033832550049,1.9776134490966797,1.98319078207016,1.997077156904284,2.026858348582817,1.9395232155575028,50.721093141643856,0.0017275973437929082
2008-04-04,1.994614601135254,2.0032052993774414,1.9915955066680908,1.9835190677642822,1.9970526535431137,2.0272802011981,1.9397579343304645,50.59128249808423,0.001548281338181523
2008-04-07,1.9881901741027832,1.99358069896698,1.9842058420181274,1.9836710643768312,1.9969644685325567,2.0274434696743593,1.939898659079303,47.5667299101978,0.0008776574526969672
2008-04-08,1.9664137363433838,1.9925874471664429,1.9664137363433838,1.983301043510437,1.9966604772721455,2.02734249914248,1.939259587878394,39.0456404857083,-0.0013949136458277778
2008-04-09,1.9739829301834106,1.9787874221801758,1.9654086828231812,1.9829947519302369,1.9964348271893468,2.02707898404355,1.9389105198169234,42.876151853265846,-0.0025557112811276372
2008-04-10,1.9716088771820068,1.983694076538086,1.9709872007369995,1.9827546238899232,1.9961877997242847,2.0269557035225096,1.9385535442573367,41.984960028459035,-0.0036254263484276628
2008-04-11,1.9823178052902222,1.9823178052902222,1.9690077304840088,1.9825888919830321,1.996049788121972,2.0267319410909863,1.9384458428750782,47.30555838857152,-0.0035679333315723483
2008-04-14,1.9762064218521118,1.9887832403182983,1.9664137363433838,1.9827832007408142,1.995852339272943,2.0267220851036654,1.938844316377963,44.78151467228503,-0.003969746503382998
2008-04-15,1.9615919589996338,1.9758158922195435,1.960399866104126,1.9825190114974975,1.99551143583268,2.0268112075410505,1.9382268154539444,39.371541335995126,-0.0054051442130802485
2008-04-16,1.9714144468307495,1.979884386062622,1.9612072706222534,1.982651481628418,1.9952716619190818,2.0267665284877383,1.9385364347690976,44.24671542623364,-0.005684586190411345
2008-04-17,1.9902081489562988,1.9925874471664429,1.9700939655303955,1.9832399582862854,1.9952212781066267,2.0269475186513386,1.9395323979212324,52.171318728402156,-0.004339527898357121
2008-04-18,1.9980818033218384,1.9996800422668457,1.988387942314148,1.984345519542694,1.995249741379058,2.026652345426818,1.9420386936585698,55.05368928951499,-0.0026081562056410323
2008-04-21,1.9809041023254395,2.0022826194763184,1.9782003164291382,1.985021276473999,1.9951069970387534,2.0259581317562887,1.9440844211917094,48.22541778121796,-0.0025922467685459694
2008-04-22,1.9963666200637817,1.9996000528335571,1.9751524925231934,1.9859508490562439,1.995119530745772,2.025725760423887,1.9461759376886005,53.78231538145777,-0.0013167636376374414
2008-04-23,1.9783958196640015,1.9972835779190063,1.9778090715408325,1.9863146114349366,1.9949531237599194,2.025456203088258,1.9471730197816153,47.4130987047496,-0.0017360157619776828
2008-04-24,1.9726979732513428,1.9814143180847168,1.9697058200836182,1.9865244150161743,1.994731676972369,2.025248830913519,1.9477999991188297,45.57038760301058,-0.002499235051721671
2008-04-25,1.9833006858825684,1.9885854721069336,1.9681940078735352,1.9867947578430176,1.994617934494214,2.0252297983593444,1.948359717326691,49.50328800965333,-0.0022229171337684317
2008-04-28,1.991119623184204,1.9961274862289429,1.9789047241210938,1.9873891592025756,1.9945831250406585,2.025134237166026,1.9496440812391254,52.243747401827534,-0.0013573634573638138
2008-04-29,1.9676132202148438,1.9914765357971191,1.9676132202148438,1.98772540807724,1.9943147648340593,2.024425170074629,1.951025646079851,44.43611309650977,-0.0025389092359999754
2008-04-30,1.9877949953079224,1.9894953966140747,1.963363766670227,1.9885169792175292,1.9942498908006772,2.0234009330822564,1.953633025352802,51.18178080642701,-0.0018257461293755828
2008-05-02,1.9714922904968262,1.9897329807281494,1.9711036682128906,1.9890967869758607,1.9940234445810217,2.0217515041741376,1.9564420697775837,46.29267344521232,-0.002546694550661588
2008-05-05,1.9729312658309937,1.9785133600234985,1.9664137363433838,1.9892796564102173,1.9938135699208066,2.0214547592136975,1.957104553606737,46.77595522869728,-0.0029677279646056487
2008-05-06,1.9733597040176392,1.977183222770691,1.96421217918396,1.989408519268036,1.9936100467213997,2.021268112725086,1.9575489258109857,46.929079142282625,-0.0032295997815574573
2008-05-07,1.9527055025100708,1.9733597040176392,1.9511052370071411,1.9891304922103883,1.99320303208298,2.022027974749387,1.9562330096713896,40.83054765576318,-0.0050455940628892915
2008-05-08,1.955722451210022,1.9611690044403076,1.9506866931915283,1.988499312400818,1.9928300871258477,2.0227257518720387,1.954272872929597,42.0158702973087,-0.006170213685442016
2008-05-09,1.954384684562683,1.9571003913879395,1.946509838104248,1.9879233527183533,1.9924475418930205,2.0234591430707165,1.95238756236599,41.61774960965923,-0.007087726527566618
2008-05-12,1.9556077718734741,1.9630168676376343,1.9451847076416016,1.9872376799583436,1.9920809733041858,2.0239229080484464,1.9505524518682404,42.15739811900339,-0.00762823558959469
2008-05-13,1.9463963508605957,1.9575984477996826,1.9429925680160522,1.986433401107788,1.9916263953878781,2.024895044163706,1.94797175805187,39.21730080594133,-0.008699594102586028
2008-05-14,1.946585774421692,1.9474575519561768,1.9380972385406494,1.9856872987747192,1.9911782255554529,2.0257636910275645,1.9456109065218736,39.311033197451586,-0.009424726167974962
2008-05-15,1.9476091861724854,1.9498118162155151,1.9409936666488647,1.9849277877807616,1.9907446985140562,2.0264262757677245,1.9434292997937987,39.850719306131666,-0.009803805610390626
2008-05-16,1.9567173719406128,1.9594781398773193,1.9448063373565674,1.9842262578010559,1.9904061148550618,2.02643091218917,1.9420216034129416,44.574675925443024,-0.009262501971402548
2008-05-19,1.949583888053894,1.9620155096054077,1.9458280801773071,1.9829756784439088,1.9899999196298694,2.025511940456321,1.9404394164314962,41.805423300380895,-0.009301900946390607
2008-05-20,1.9680002927780151,1.9718031883239746,1.9484820365905762,1.9820553326606751,1.9897810157819724,2.023834779822955,1.9402758854983952,50.37673967768551,-0.007757649613230333
2008-05-21,1.9714144468307495,1.973281741142273,1.9628241062164307,1.9813157176971437,1.9895982621261246,2.0224969850866428,1.9401344503076445,51.79425181484575,-0.006187005657251499
2008-05-22,1.9805903434753418,1.9849934577941895,1.9698998928070068,1.9808071613311768,1.989508630256684,2.0213666359757188,1.9402476866866347,55.47546498616215,-0.004153956607189535
2008-05-23,1.9823178052902222,1.9845994710922241,1.9764018058776855,1.979913523197174,1.9894370790971339,2.0182255827896873,1.9416014636046608,56.15429929053831,-0.0023759701513135223
2008-05-26,1.9820820093154907,1.983182668685913,1.9765970706939697,1.9789047574996947,1.9893638936524276,2.014091802850528,1.9437177121488618,56.0287287478425,-0.000974694172171997
2008-05-27,1.9760111570358276,1.9845994710922241,1.9725033044815063,1.9780250239372252,1.9892310293959052,2.011158157118438,1.9448918907560127,52.75767011617338,-0.00035000526299255874
2008-05-28,1.9809824228286743,1.9827107191085815,1.9719977378845215,1.9776990008354187,1.9891489529713176,2.0103763287493543,1.9450216729214833,55.07084167754836,0.0005399802449164159
2008-05-29,1.9762064218521118,1.9820033311843872,1.9690077304840088,1.9770334339141846,1.9890201704217123,2.0083975091543467,1.9456693586740224,52.41551184840877,0.0008501171860890722
2008-05-30,1.982789397239685,1.982789397239685,1.9690077304840088,1.9770153403282165,1.9889581721326615,2.008364772477112,1.9456659081793213,55.593729040170764,0.0016085516616735074
2008-06-02,1.9659111499786377,1.9762846231460571,1.96028470993042,1.976637635231018,1.988728846529831,2.0080594065708115,1.9452158638912243,46.937513757471635,0.0008380227466582291
2008-06-03,1.9625160694122314,1.9735932350158691,1.9612072706222534,1.9762219429016112,1.9884680206256118,2.007833290476201,1.9446105953270214,45.4059931481908,-4.6050753270909794e-05
2008-06-04,1.9538882970809937,1.9639419317245483,1.9532012939453125,1.9755438089370727,1.988123940834063,2.0075935276847288,1.9434940901894164,41.68376508912834,-0.0014264314790319865
2008-06-05,1.9577901363372803,1.9596316814422607,1.9468129873275757,1.974647545814514,1.98782210937994,2.0061096352690133,1.9431854563600148,43.92265442712812,-0.002180412887841543
2008-06-06,1.9700162410736084,1.9733986854553223,1.9541937112808228,1.9739001274108887,1.987644935076896,2.003930666279754,1.9438695885420234,50.35438007668231,-0.0017709892503887659
2008-06-09,1.9742168188095093,1.9800019264221191,1.9673808813095093,1.97324880361557,1.9875113208716442,2.001741642355935,1.9447559648752049,52.375428600719864,-0.0010949447093451248
2008-06-10,1.953583002090454,1.9753867387771606,1.9524005651474,1.9724226021766662,1.987173722888045,2.0007489822452276,1.9440962221081048,43.09482628844496,-0.0021988046538157224
2008-06-11,1.9640191793441772,1.966606855392456,1.9503823518753052,1.9720188689231872,1.98694332754711,2.000234980101099,1.9438027577452757,48.10361004979867,-0.0022060790213653814
2008-06-12,1.947495460510254,1.9640191793441772,1.943710207939148,1.9712128782272338,1.9865508082982302,1.999888196119797,1.9425375603346706,41.826206612813614,-0.0035047692274636777
2008-06-13,1.9468889236450195,1.950724720954895,1.9417853355407715,1.9702527952194213,1.9861561595352943,1.9989064908714134,1.9415990995674293,41.611547009770796,-0.0045307058713204285
2008-06-16,1.9642891883850098,1.9685814380645752,1.9471921920776367,1.9696462869644165,1.985938576016385,1.997466913974558,1.941825659954275,49.602430092496185,-0.0038948151045272716
2008-06-17,1.9577133655548096,1.969395637512207,1.9473057985305786,1.969036750793457,1.98565772595764,1.9965326301354052,1.9415408714515088,46.985394573338496,-0.00387679179387046
2008-06-18,1.958787202835083,1.9610148668289185,1.948216438293457,1.968884220123291,1.9853903555009595,1.9965237306817607,1.9412447095648213,47.4727706571126,-0.0037328287697853124
2008-06-19,1.9723864793777466,1.9746066331863403,1.9587103128433228,1.9688522911071777,1.9852609627081839,1.9964714417619633,1.9412331404523921,53.32492433975396,-0.0024926552942949876
2008-06-20,1.973710298538208,1.9789831638336182,1.9704822301864624,1.9688943195343018,1.9851460298552899,1.9965369770683195,1.9412516620002842,53.86377795161277,-0.001386999273127243
2008-06-23,1.9654086828231812,1.9758940935134888,1.959017276763916,1.968556137084961,1.984949636868835,1.995941025872567,1.9411712482973549,49.96798181109307,-0.0011671754472215579
2008-06-24,1.9704045057296753,1.9721143245697021,1.9629011154174805,1.9684400987625121,1.9848049081205963,1.9957417171722014,1.9411384803528229,52.20815847845108,-0.0005831204748716345
2008-06-25,1.974684476852417,1.976792573928833,1.9664909839630127,1.9687019491195679,1.9847042065712743,1.9959866192034763,1.9414172790356594,54.10410707562294,0.000222539897585472
2008-06-26,1.9875973463058472,1.9893370866775513,1.9721921682357788,1.96902560710907,1.9847329942409528,1.9968207654464278,1.941230448771712,59.34444499028936,0.001881305674028333
2008-06-27,1.9940975904464722,1.9952911138534546,1.9827107191085815,1.9691033959388733,1.984826174974494,1.9971610542771616,1.941045737600585,61.714258254379295,0.003678007103553149
2008-06-30,1.992984652519226,1.996605634689331,1.9885064363479614,1.969001452922821,1.984907354434983,1.996663614580015,1.941339291265627,61.05801796250613,0.004954983179741745
2008-07-02,1.9925081729888916,1.9968849420547485,1.984914779663086,1.96923353433609,1.9849829850048135,1.9974915883208457,1.9409754803513344,60.76012924428495,0.005860986203626295
2008-07-03,1.9829072952270508,1.99358069896698,1.9807864427566528,1.9689643478393555,1.9849623312306797,1.9964122355482952,1.9415164601304158,54.943407132103154,0.005738143780327887
2008-07-04,1.983418583869934,1.9850329160690308,1.980276346206665,1.969064803123474,1.984946970454021,1.9966897738245089,1.9414398324224393,55.18943253972488,0.00561729432298419
2008-07-07,1.9764018058776855,1.9829860925674438,1.9654860496520996,1.969138879776001,1.9848619433577104,1.9968234148283888,1.9414543447236132,51.06818844509413,0.0048988539758489935
2008-07-08,1.9686976671218872,1.9787874221801758,1.9672647714614868,1.9688468194007873,1.9847011036961415,1.9962280033115325,1.9414656354900421,46.92488562557554,0.003665570794857853
2008-07-09,1.982199788093567,1.9838515520095825,1.9678065776824951,1.9686684226989746,1.9846762148163708,1.9955693229368687,1.9417675224610804,53.97297932679701,0.0037346426730773263
2008-07-10,1.9776134490966797,1.982553482055664,1.9718031883239746,1.9688684272766113,1.9846059380728411,1.9958857546949005,1.941851099858322,51.47260121949653,0.003380336986197552
2008-07-11,1.9894163608551025,1.9948930740356445,1.9755818843841553,1.968900854587555,1.9846538032915342,1.9960146221356805,1.9417870870394296,56.994190670382245,0.004005767520097958
2008-07-14,1.9940179586410522,1.9962072372436523,1.982199788093567,1.9693513679504395,1.9847469795744892,1.997374202731024,1.941328533169855,58.95502660317615,0.004817206451006362
2008-07-15,2.0036065578460693,2.0132877826690674,1.9938589334487915,1.969964873790741,1.9849346382817394,1.9996041388978694,1.9403256086836125,62.76479897863161,0.006162954764215245
2008-07-16,1.998600959777832,2.009403944015503,1.996605634689331,1.970469698905945,1.985070622449735,2.0011852630928306,1.9397541347190592,59.652010383850325,0.006747775907135045
2008-07-17,1.997602939605713,2.006702423095703,1.9954105615615845,1.9713676476478577,1.98519532291237,2.0025845224025693,1.940150772893146,59.023479931733895,0.00704945723435757
2008-07-18,1.9990005493164062,1.9997999668121338,1.9913179874420166,1.9722332096099853,1.9853326892101977,2.004073227759798,1.9403931914601724,59.664424934344304,0.007316971786916371
2008-07-21,2.0017213821411133,2.0040080547332764,1.9911987781524658,1.973179943561554,1.9854957617935707,2.005662346926464,1.940697540196644,60.945165389151065,0.007660225159844547
2008-07-22,1.9927860498428345,2.00766921043396,1.9904062747955322,1.973923509120941,1.9855683024188258,2.0064661388342326,1.9413808794076495,54.79219141177425,0.007129069811024236
2008-07-23,1.9974433183670044,2.0028841495513916,1.9908816814422607,1.9749444484710694,1.9856864625001989,2.007163532432116,1.9427253645100226,57.21670858739383,0.007003199493380574
2008-07-24,1.9872418642044067,1.9989606142044067,1.9822784662246704,1.9757575702667236,1.9857019392272715,2.0070954960220804,1.9444196445113666,50.79109148779369,0.00601098339116346
2008-07-25,1.990010142326355,1.997802495956421,1.9842058420181274,1.9766055893898011,1.9857448071753794,2.0071184183370825,1.9460927604425198,52.354756934725486,0.0053859361710499876
2008-07-28,1.9940975904464722,1.9963268041610718,1.984796404838562,1.9773531937599182,1.9858279199373234,2.0077084162066487,1.9469979713131877,54.6463603897378,0.005160912858080957
2008-07-29,1.9807864427566528,1.99668550491333,1.976792573928833,1.9779772448539734,1.9857777556921188,2.0072665339888354,1.9486879557191115,46.75897850745195,0.003863940784537556
2008-07-30,1.98110032081604,1.9838120937347412,1.9751136302947998,1.978239245414734,1.9857312137822778,2.0073983402284608,1.9490801506010071,46.95340671168365,0.0028287997654499186
2008-07-31,1.9831039905548096,1.9925081729888916,1.9788657426834106,1.9784730362892151,1.9857050721078802,2.0075962115587087,1.9493498610197215,48.25253438488734,0.0021453917123863686
2008-08-01,1.974294662475586,1.9842844009399414,1.9731649160385132,1.97834712266922,1.9855915350497313,2.0074873676415033,1.949206877696937,43.23871750356039,0.0008827707219010161
2008-08-04,1.9612072706222534,1.9760111570358276,1.9602077007293701,1.9779249119758606,1.9853489041906114,2.0074396680335607,1.9484101559181604,37.075221744472344,-0.0011605307799917863
2008-08-05,1.9556077718734741,1.9612072706222534,1.9525147676467896,1.9773954272270202,1.9850529708806848,2.007548757414551,1.9472420970394893,34.79019202586102,-0.0031948662639416092
2008-08-06,1.948216438293457,1.9589791297912598,1.9469646215438843,1.9768395328521728,1.9846864362008505,2.0081014702626616,1.945577595441684,31.987669985526253,-0.005341932170696229
2008-08-07,1.9435969591140747,1.9538882970809937,1.9422000646591187,1.9760918235778808,1.9842775834547859,2.0087083132900125,1.943475333865749,30.342544239198347,-0.0073317350558741445
2008-08-08,1.9197173118591309,1.9434834718704224,1.9148650169372559,1.9749620413780213,1.983635189227142,2.011267138239281,1.9386569445167616,23.588832557341604,-0.010712074019802564
2008-08-11,1.9118996858596802,1.925817608833313,1.9075961112976074,1.9735442471504212,1.9829213993116448,2.013911259214919,1.9331772350859235,21.872429740189162,-0.013862041105231926
2008-08-12,1.8958064317703247,1.912301778793335,1.8954830169677734,1.9721421527862548,1.9820545791306148,2.018077273145187,1.9262070324273228,18.83424216606788,-0.01745578440601303
2008-08-13,1.8667861223220825,1.903782844543457,1.8650106191635132,1.9702275538444518,1.9809076233070564,2.02494156311486,1.9155135445740432,14.833039420181493,-0.02238747937650154
2008-08-14,1.8666118383407593,1.878604531288147,1.862093448638916,1.9684820246696473,1.9797703459201976,2.030416012576242,1.9065480367630527,14.812686985468446,-0.026010117982927072
2008-08-15,1.8649061918258667,1.867971658706665,1.8519889116287231,1.966624345779419,1.9786274131487622,2.0350944310935866,1.8981542604652515,14.601532217402422,-0.02868801897225004
2008-08-18,1.8650106191635132,1.871993064880371,1.861642837524414,1.964524233341217,1.9774968920421168,2.0387677323413373,1.8902807343410966,14.681721990849283,-0.03045083017088457
2008-08-19,1.868006706237793,1.868390440940857,1.8540148735046387,1.9624000310897827,1.9764074319770757,2.0414346476730403,1.883365414506525,17.087275396246895,-0.031245927951115693
2008-08-20,1.8634119033813477,1.8686000108718872,1.8545993566513062,1.9605966091156006,1.9752830927601166,2.0444222580870393,1.8767709601441622,16.326990778427287,-0.0318793258364134
2008-08-21,1.8766655921936035,1.8795932531356812,1.860984444618225,1.9588495373725892,1.9743018192597475,2.0459608415398085,1.8717382332053698,26.48757550370955,-0.030955006259114626
2008-08-22,1.8540148735046387,1.8768768310546875,1.8507893085479736,1.956979925632477,1.9731049283849922,2.048962295672174,1.8649975555927802,21.649149958887847,-0.03168495558816686
2008-08-25,1.8490097522735596,1.8591853380203247,1.8408747911453247,1.9550223422050477,1.9718701445458773,2.05191630454817,1.8581283798619253,20.747287164302577,-0.03229504002579353
2008-08-26,1.8392157554626465,1.841586709022522,1.8335165977478027,1.9525208735466004,1.9705501940604218,2.05474943422279,1.850292312870411,19.072933640606976,-0.033186279259268314
2008-08-27,1.8356033563613892,1.848668098449707,1.8298931121826172,1.950078673362732,1.9692074330957647,2.057503194499974,1.8426541522254902,18.480526039737015,-0.03379452098862368
2008-08-28,1.8297927379608154,1.839790940284729,1.824884057044983,1.9474987840652467,1.9678202156930078,2.0601388705117434,1.83485869761875,17.536967325308254,-0.03434946602233979
2008-08-29,1.8217922449111938,1.8341892957687378,1.817818284034729,1.9444868993759155,1.966367194311664,2.06234346398187,1.8266303347699608,16.302742307431387,-0.03503102108094924
2008-09-01,1.7913120985031128,1.8130065202713013,1.7875977754592896,1.9408389353752136,1.9646253445550081,2.066064514949035,1.8156133558013923,12.650023996191294,-0.03759725371975309
2008-09-02,1.7817054986953735,1.794140338897705,1.778916358947754,1.9371648716926575,1.9628052383024461,2.0699966824213116,1.8043330609640034,11.755993775861924,-0.0399457145613733
2008-09-03,1.773301124572754,1.7839939594268799,1.7671903371810913,1.933222804069519,1.9609196167339142,2.073517540839253,1.7929280672997847,11.022080427568213,-0.04200088934380464
2008-09-04,1.761400580406189,1.7849174737930298,1.757407546043396,1.9289571261405944,1.9589343438342406,2.0768694049149645,1.7810448473662244,10.063999544547428,-0.04408175756163146
2008-09-05,1.768596887588501,1.7734898328781128,1.754940152168274,1.9245771169662476,1.9570404304319968,2.078259408848803,1.7708948250836922,14.882217649629041,-0.0446356468167628
2008-09-08,1.761742115020752,1.797623634338379,1.747793436050415,1.9199300074577332,1.9550971551143945,2.078989971520921,1.7608700433945454,14.106945955773654,-0.04510775675918732
2008-09-09,1.762300968170166,1.7701934576034546,1.751497507095337,1.915316333770752,1.953178776789799,2.0790412194092736,1.7515914481322303,14.498013538346399,-0.04491901407812304
2008-09-10,1.7529098987579346,1.767502784729004,1.7481906414031982,1.9105243682861328,1.9511860430939383,2.0789845352254326,1.742064201346833,13.394395192418955,-0.04500838630016668
2008-09-11,1.755587100982666,1.760594367980957,1.7452921867370605,1.9059779644012451,1.949239776704339,2.0786811828524274,1.7332747459500628,15.372159252087457,-0.04435192519922326
2008-09-12,1.7923073768615723,1.7958157062530518,1.7546013593673706,1.9021557402610778,1.9476782537274788,2.0763165628280253,1.7279949176941305,36.718178420072206,-0.040402916002170164
2008-09-15,1.7958157062530518,1.8126121759414673,1.7774933576583862,1.898544018268585,1.9461671773179547,2.0739061278802664,1.7231819086569036,38.3189684579517,-0.03656866410427928
2008-09-16,1.7836121320724487,1.7992082834243774,1.7756942510604858,1.8948423075675964,1.9445497075201792,2.071965134115489,1.7177194810197038,35.002151479225645,-0.03412138817470578
2008-09-17,1.8150137662887573,1.8233866691589355,1.7797077894210815,1.8914985871315002,1.9432607874268881,2.068202031865136,1.7147951423978645,47.57645577595317,-0.029310185350237994
2008-09-18,1.8154091835021973,1.827184796333313,1.8103152513504028,1.8882545018196106,1.941988627028731,2.064460072588371,1.7120489310508504,47.71362652479623,-0.025175161988113093
2008-09-19,1.8308981657028198,1.8386070728302002,1.7927894592285156,1.885084137916565,1.9408832448864886,2.059556264463498,1.7106120113696321,52.91124428660071,-0.020412986563172142
2008-09-22,1.8580108880996704,1.8634467124938965,1.8268845081329346,1.8823639965057373,1.9400586410587468,2.0541238742493007,1.7106041187621737,60.34269994122601,-0.01428647255968718
2008-09-23,1.8554940223693848,1.8625096082687378,1.8481897115707397,1.8794017457962036,1.9392171987706173,2.047700877324598,1.711102614267809,59.405451811234144,-0.009524464010544298
2008-09-24,1.849488615989685,1.8598768711090088,1.8460743427276611,1.8764194989204406,1.9383243735887263,2.0413481722846187,1.7114908255562626,57.125493801538006,-0.0061640684879662455
2008-09-25,1.8404004573822021,1.8662983179092407,1.8324750661849976,1.8732754492759705,1.9373500025219492,2.034731999833596,1.7118188987183447,53.76270321790474,-0.004186015491808748
2008-09-26,1.8402988910675049,1.8465856313705444,1.8342230319976807,1.8701014161109923,1.9363843161498133,2.02766257244747,1.7125402597745147,53.72464031981668,-0.0025966571467972432
2008-09-29,1.8010878562927246,1.8339873552322388,1.7973973751068115,1.8660887455940247,1.9350380776515417,2.020148520655448,1.7120289705326015,41.50704223623753,-0.004449787631778834
2008-09-30,1.7820864915847778,1.8112006187438965,1.7769248485565186,1.8618747544288636,1.9335161656514719,2.0132933149535948,1.7104561939041323,37.10362504265772,-0.007366739041081649
2008-10-01,1.7699428796768188,1.7870864868164062,1.7646331787109375,1.85732474565506,1.9318885647616266,2.0057588486317384,1.7088906426783812,34.57883010006299,-0.01053686956762534
2008-10-02,1.764508605003357,1.7726095914840698,1.7562963962554932,1.8528700804710387,1.9302230864421006,1.9987368192144976,1.7070033417275798,33.480874074421166,-0.013334015172713487
2008-10-03,1.7720128297805786,1.7824994325637817,1.7573148012161255,1.8485101342201233,1.9286488493398775,1.9906295390006192,1.7063907294396274,36.48025963649791,-0.014774928810736832
2008-10-06,1.743101716041565,1.7691287994384766,1.7359001636505127,1.843490216732025,1.9268026025977065,1.982313208569692,1.7046672248943582,30.731064624659908,-0.018041774166593916
2008-10-07,1.7455053329467773,1.7638862133026123,1.7342143058776855,1.8387845945358277,1.924998643271666,1.974528492741523,1.7030406963301323,31.694866079662944,-0.020203922607757496
2008-10-08,1.7275035381317139,1.7636061906814575,1.726489543914795,1.833712658882141,1.9230335109512229,1.9666748150079678,1.7007505027563143,28.496846564371594,-0.023103710031434632
2008-10-09,1.7086423635482788,1.7392514944076538,1.7070964574813843,1.8282234263420105,1.920900258291778,1.958649784759142,1.697797067924879,25.58411658944786,-0.026616928235769777
2008-10-10,1.7040129899978638,1.7160900831222534,1.6812090873718262,1.822817792892456,1.9187421685968564,1.9509171042397113,1.6947184815452008,24.91108682533722,-0.02943541755958945
2008-10-13,1.7442874908447266,1.7440136671066284,1.6945992708206177,1.8184793972969056,1.917006295244938,1.9420619197319695,1.6948968748618416,39.758539830779554,-0.028095408642495157
2008-10-14,1.7417961359024048,1.7623940706253052,1.739614486694336,1.814203164577484,1.9152629046967409,1.9331274798442215,1.6952788493107467,39.24163175019724,-0.02692410907444409
2008-10-15,1.7183902263641357,1.7597888708114624,1.7144131660461426,1.8096066403388977,1.9133039660348712,1.9251058482780747,1.6941074323997207,34.67984812510933,-0.02756673485666572
2008-10-16,1.7343045473098755,1.7354182004928589,1.7177997827529907,1.8054207921028138,1.911522871405004,1.9161721240024376,1.69466946020319,39.80378838524372,-0.026486547290293982
2008-10-17,1.7301934957504272,1.7378007173538208,1.7236623764038086,1.8016303157806397,1.9097185931068097,1.9093464282094506,1.6939142033518289,38.953717241517545,-0.025666352628616496
2008-10-20,1.713091492652893,1.7516509294509888,1.7108055353164673,1.797654151916504,1.9077620982071013,1.9034159620873428,1.691892341745665,35.552175626750014,-0.026095518281765262
2008-10-21,1.667389154434204,1.7199863195419312,1.6674726009368896,1.7930858063697814,1.9053703199513325,1.9012484678841204,1.6849231448554425,28.41205366703157,-0.029780144924534735
2008-10-22,1.620089054107666,1.6676393747329712,1.6161876916885376,1.788151865005493,1.9025316913771753,1.9047686899684184,1.6715350400425677,23.215398342895924,-0.036100813175835356
2008-10-23,1.6226917505264282,1.6343073844909668,1.6075878143310547,1.7832734632492064,1.8997472056001572,1.906702305584286,1.6598446209141269,24.038701540228786,-0.04043387590141645
2008-10-24,1.5914950370788574,1.6231921911239624,1.5294963121414185,1.7778052401542663,1.8966800102972852,1.9103609068283811,1.6452495734801516,21.116101298671254,-0.04585656741839972
2008-10-27,1.5539048910140991,1.5872008800506592,1.5303388833999634,1.7715831255912782,1.8932693020830003,1.9160979821500779,1.6270682690324785,18.23869022625378,-0.05258117706885579
2008-10-28,1.6090104579925537,1.6100986003875732,1.541496992111206,1.7664032006263732,1.8904408472440875,1.9153111835402017,1.6174952177125448,32.71375762741688,-0.05285464450533217
2008-10-29,1.6371970176696777,1.6447908878326416,1.5949981212615967,1.76187890291214,1.8879210005327824,1.9124930283746182,1.6112647774496618,38.69259784987322,-0.050218067001201794
2008-10-30,1.6371166706085205,1.6658059358596802,1.6240092515945435,1.7570879244804383,1.8854254275981575,1.9080382441952815,1.606137604765595,38.68204638586555,-0.047586496163799286
2008-10-31,1.607303500175476,1.6403661966323853,1.6037977933883667,1.752153697013855,1.8826580370425037,1.9062678074810189,1.598039586546691,34.88105177344279,-0.0473606864976579
2008-11-03,1.5770632028579712,1.6396130323410034,1.5741090774536133,1.7467147660255433,1.8796172835107623,1.9059856008182794,1.5874439312328072,31.499935862333004,-0.04905637857945444
2008-11-04,1.5937016010284424,1.6093989610671997,1.5612071752548218,1.741804482936859,1.876772343090708,1.9045360729124572,1.579072892961261,35.220576345104135,-0.04849858558630071
2008-11-05,1.5845098495483398,1.6189088821411133,1.5778096914291382,1.736782612800598,1.8738642502225014,1.903156092623991,1.5704091329772052,34.11806623431288,-0.048242122982256275
2008-11-06,1.5583120584487915,1.6032065153121948,1.5570018291473389,1.7313529992103576,1.8707244184873812,1.9029739558682373,1.5597320425524779,31.12732394072654,-0.049581275240792255
2008-11-07,1.5650922060012817,1.5867222547531128,1.5541948080062866,1.7262189984321594,1.8676832933806808,1.9021025330322892,1.5503354638320297,32.76987048974678,-0.049524573356645396
2008-11-10,1.5636237859725952,1.587982177734375,1.558093547821045,1.721665232181549,1.864657817209579,1.902393287996106,1.5409371763669921,32.588597857603915,-0.049032905120851344
2008-11-11,1.5383905172348022,1.5700066089630127,1.5354143381118774,1.7167989325523376,1.8614113674520565,1.9039184432822214,1.5296794218224539,29.56235080735577,-0.05010182574572708
2008-11-12,1.4914910793304443,1.547700047492981,1.4840978384017944,1.7111627316474916,1.857730558505584,1.9080571416305983,1.5142683216643849,24.928755412000456,-0.054109603894388014
2008-11-13,1.4906684160232544,1.4983967542648315,1.4591935873031616,1.7057480883598328,1.8540781889962525,1.9116862086557354,1.4998099680639303,24.855162680091922,-0.05669859291975965
2008-11-14,1.4752962589263916,1.4953495264053345,1.4683641195297241,1.6998820757865907,1.8503092044709906,1.91501683355277,1.4847473180204114,23.461409719821276,-0.05930713425597167
2008-11-17,1.499497652053833,1.5065006017684937,1.4662971496582031,1.6946371865272523,1.8468185329997953,1.9163039926810392,1.4729703803734653,30.106434772104564,-0.05874440298208561
2008-11-18,1.4959534406661987,1.5089555978775024,1.4906905889511108,1.6893102359771728,1.843327328883835,1.9170580632358178,1.4615624087185277,29.69977311233653,-0.057916793884099205
2008-11-19,1.4970060586929321,1.5244832038879395,1.4914910793304443,1.6841921591758728,1.8398813371372555,1.9175391262102246,1.450845192141521,30.002181806789153,-0.05652439222532091
2008-11-20,1.4737958908081055,1.4996100664138794,1.4718868732452393,1.6785563349723815,1.8362386865046083,1.9183868214262316,1.4387258485185315,27.221555387185703,-0.05664084999087593
2008-11-21,1.492693305015564,1.5055932998657227,1.473405122756958,1.6725640535354613,1.8328203157889105,1.9157426654580556,1.429385441612867,32.69133195893468,-0.054579126024366875
2008-11-24,1.5148990154266357,1.5189257860183716,1.4858620166778564,1.666945719718933,1.8296569117845003,1.9114782629367273,1.4224131765011387,38.536918813126725,-0.05057043517992965
2008-11-25,1.5428051948547363,1.5520961284637451,1.4997899532318115,1.6621295809745789,1.8268026587155992,1.9067689366960519,1.4174902252531059,45.00133971312111,-0.04462728775278779
2008-11-26,1.533366084098816,1.5435909032821655,1.5207045078277588,1.65649662733078,1.8238828845835975,1.899733814283057,1.4132594403785028,43.34087976833992,-0.040215380082390784
2008-11-27,1.5403099060058594,1.549690842628479,1.5328959226608276,1.6509946417808532,1.8210612559979518,1.891995207980598,1.4099940755811085,44.95008626860125,-0.03574653921889803
2008-11-28,1.5385088920593262,1.5445923805236816,1.527300477027893,1.6451468563079834,1.8182497828752047,1.882491611903128,1.4078021007128387,44.596297581372106,-0.0319816132820514
2008-12-01,1.4865025281906128,1.5357915163040161,1.4818108081817627,1.6377166891098023,1.814948807245082,1.8710894900953272,1.4043438881242774,35.82727339823964,-0.03281607796171793
2008-12-02,1.4907128810882568,1.5058425664901733,1.4785900115966797,1.6304210662841796,1.811722571458703,1.8587587921682536,1.4020833404001056,36.908875255604045,-0.032760019824758846
2008-12-03,1.4781965017318726,1.4933173656463623,1.467007040977478,1.6229952239990235,1.8084038962916473,1.8463493409405387,1.3996411070575083,35.019278936723225,-0.03334122368520309
2008-12-04,1.468407154083252,1.4808013439178467,1.449506402015686,1.6155553579330444,1.8050208362515108,1.834081284018187,1.3970294318479017,33.57160726914098,-0.03419754249159257
2008-12-05,1.4705017805099487,1.4764941930770874,1.4552016258239746,1.6081594157218932,1.8016922807583977,1.8205851042655394,1.395733727178247,34.198418425357076,-0.03431163924898084
2008-12-08,1.4874975681304932,1.503691554069519,1.470263957977295,1.6018876099586488,1.798565958073095,1.8095270869636595,1.394248132953638,39.21063661961396,-0.03265422613761504
2008-12-09,1.4759057760238647,1.4890037775039673,1.4684934616088867,1.5957639956474303,1.7953554017418496,1.7997394283346684,1.3917885629601923,37.133099422392235,-0.03190825653308371
2008-12-10,1.4797934293746948,1.48659086227417,1.4742956161499023,1.5899610066413878,1.7922154745929046,1.7901854469310485,1.3897365663517272,38.313572714422826,-0.030650054364418144
2008-12-11,1.5029006004333496,1.5079090595245361,1.4799247980117798,1.5847288465499878,1.7893367132487323,1.7799459940420734,1.3895116990579022,44.93230675132896,-0.027471687972728587
2008-12-12,1.4949917793273926,1.5113959312438965,1.4824038743972778,1.579188425540924,1.7864079015123535,1.7683405373946146,1.3900363136872336,43.22288691610664,-0.02529935031278918
2008-12-15,1.529894232749939,1.536995530128479,1.4930051565170288,1.5749242758750917,1.7838555211563936,1.75852546065646,1.3913230910937233,51.916748802436906,-0.020524823379553192
2008-12-16,1.5586034059524536,1.5637950897216797,1.5207968950271606,1.571186237335205,1.7816142017587313,1.7481008175670107,1.3942716571033993,57.65978905382918,-0.014260005573774048
2008-12-17,1.5507001876831055,1.5715116262435913,1.52650785446167,1.5676501703262329,1.7793165449868966,1.73878546893472,1.3965148717177458,55.68792467117516,-0.009819621507270782
2008-12-18,1.5055025815963745,1.5612071752548218,1.4920028448104858,1.5635873746871949,1.7765920221968816,1.730657570512462,1.3965171788619277,45.999498576117894,-0.009834290641490107
2008-12-19,1.499497652053833,1.517404556274414,1.4817010164260864,1.5594970679283142,1.773834858532686,1.722499290330378,1.3964948455262505,44.882264621749975,-0.010212737583186637
2008-12-22,1.4827995300292969,1.4985089302062988,1.4714103937149048,1.5542673087120056,1.7709389786356151,1.709672406222039,1.3988622112019722,41.83915020735506,-0.01172490104563928
2008-12-23,1.4744912385940552,1.4896025657653809,1.4682778120040894,1.5489212107658386,1.7679892438467533,1.69617213924545,1.401670282286227,40.37239770727265,-0.013438797080336462
2008-12-24,1.4732097387313843,1.4804067611694336,1.4667917490005493,1.5440176010131836,1.7650561085040213,1.6844033525319597,1.4036318494944076,40.13866021544119,-0.01473067234351344
2008-12-25,1.4749915599822998,1.519710659980774,1.4676960706710815,1.5388313412666321,1.7621698883054033,1.6693360314514285,1.4083266510818357,40.65314413553784,-0.015432814830618868
2008-12-26,1.458491325378418,1.479902982711792,1.458491325378418,1.5333972978591919,1.7591482050656135,1.6535992235659827,1.413195372152401,37.443802250213785,-0.01712331196321193
2008-12-29,1.4469058513641357,1.476799488067627,1.4402787685394287,1.5280735850334168,1.7560413098695642,1.6390131095854898,1.4171340604813438,35.33454422659382,-0.01917683542762827
2008-12-30,1.4468011856079102,1.454101324081421,1.4402996301651,1.5236618256568908,1.7529642877221165,1.6294112506322698,1.4179124006815118,35.31518951075175,-0.020575531302780226
2008-12-31,1.4656095504760742,1.4696588516235352,1.4411921501159668,1.520572235584259,1.7501050310985569,1.623819750250502,1.417324720918016,41.51479986689173,-0.01993651427755805
2009-01-01,1.4740999937057495,1.4802534580230713,1.4496954679489136,1.5176004004478454,1.7473587070819725,1.6173450898231483,1.4178557110725425,44.11851821315591,-0.01853136285454604
2009-01-02,1.4523905515670776,1.4764941930770874,1.4412959814071655,1.5148183107376099,1.7444236950187837,1.6139081250282932,1.4157284964469266,39.30069126290469,-0.018951084470319124
2009-01-05,1.4716053009033203,1.4738610982894897,1.44400155544281,1.5131723189353943,1.7417090790584602,1.6123461849747347,1.4139984528960539,45.02312857616451,-0.017531158900636834
2009-01-06,1.4912018775939941,1.4989807605743408,1.451462984085083,1.510816147327423,1.7392164654763382,1.6062226916419775,1.4154096030128687,50.181559276782174,-0.014655636636807579
2009-01-07,1.5079090595245361,1.5255063772201538,1.4819644689559937,1.5082303881645203,1.7369148950315179,1.5963891159784334,1.4200716603506072,54.13291720849171,-0.01090295212639325
2009-01-08,1.522695779800415,1.5360039472579956,1.499880075454712,1.505941970348358,1.7347833576805405,1.5860145174273472,1.425869423269369,57.35666282481978,-0.006658997093361485
2009-01-09,1.5179113149642944,1.5345896482467651,1.5132943391799927,1.5041541266441345,1.7326254230322204,1.578796973109554,1.429511280178715,55.98552351494684,-0.003639741802632823
2009-01-12,1.4818986654281616,1.511555790901184,1.4806040525436401,1.5022508358955384,1.7301306249888633,1.5741066946455153,1.4303949771455615,46.89777436072593,-0.004105553810754614
2009-01-13,1.4516948461532593,1.4820963144302368,1.4480162858963013,1.4994107007980346,1.7273601148502986,1.5676475850944196,1.4311738165016497,40.90114116894979,-0.006833140781375091
2009-01-14,1.4620951414108276,1.4695292711257935,1.4499057531356812,1.4969624066352845,1.7247206577786458,1.5614162916057284,1.4325085216648406,43.57651013500332,-0.00806261538702513
2009-01-15,1.467200756072998,1.4681916236877441,1.4492963552474976,1.4951401805877687,1.722158266276108,1.557636656213124,1.4326437049624132,44.89531387964463,-0.008526711810002086
2009-01-16,1.473405122756958,1.497588872909546,1.4663186073303223,1.493306438922882,1.7196831063913032,1.55273031401772,1.4338825638280441,46.530840769809096,-0.00829821437959688
2009-01-19,1.4425435066223145,1.490868330001831,1.4368435144424438,1.4908848333358764,1.716925493769908,1.5484520431968738,1.433317623474879,40.147683573392655,-0.010486520934839705
2009-01-20,1.3877516984939575,1.4427932500839233,1.3849073648452759,1.4878720569610595,1.7136501271389124,1.5508084434725986,1.4249356704495204,31.805518634447537,-0.01645235810448753
2009-01-21,1.387597680091858,1.4019936323165894,1.3639029264450073,1.4857941889762878,1.7104058188052995,1.5548094719438175,1.416778906008758,31.78552511107462,-0.020951242162875028
2009-01-22,1.3880406618118286,1.3967065811157227,1.3710086345672607,1.4837416338920593,1.7071982000386812,1.5580654887068142,1.4094177790773044,31.918086328076882,-0.02420191070773514
2009-01-23,1.3783026933670044,1.3880984783172607,1.3529969453811646,1.4818017625808715,1.7039256026151006,1.561866697639842,1.4017368275219009,30.51427037487619,-0.027249743538107385
2009-01-26,1.397096872329712,1.4045732021331787,1.3554726839065552,1.479753746986389,1.700872575511934,1.5631409088734909,1.3963665850992872,36.33421810325712,-0.027827857621423924
2009-01-27,1.4186408519744873,1.423507809638977,1.3937088251113892,1.478207495212555,1.6980642951832323,1.5632199509803326,1.3931950394447774,42.30023852003624,-0.026245061360377298
2009-01-28,1.4229811429977417,1.4353998899459839,1.413107991218567,1.4767269968986512,1.695327145074396,1.562972569994906,1.3904814238023964,43.44995100523034,-0.024359655759578214
2009-01-29,1.4278982877731323,1.4384970664978027,1.4075981378555298,1.4758090448379517,1.692666157265554,1.5631519911983698,1.3884660984775337,44.792083572665035,-0.02221263234941029
2009-01-30,1.456303596496582,1.456303596496582,1.4195069074630737,1.4750812506675721,1.6903142873542434,1.5624563888548615,1.3877061124802827,51.89481681029736,-0.018011405536161096
2009-02-02,1.4212015867233276,1.4427932500839233,1.4059951305389404,1.473207302093506,1.6876365449420243,1.5611142847539647,1.385300319433047,44.30853919585681,-0.0173147482081355
2009-02-03,1.4437098503112793,1.4477018117904663,1.4173942804336548,1.4712253952026366,1.6852094099751176,1.5571743101887712,1.385276480216502,49.41501273817278,-0.014776083995878375
2009-02-04,1.44590163230896,1.4564520120620728,1.4345967769622803,1.4694761061668395,1.682828234486515,1.553807920672575,1.385144291661104,49.89678096257669,-0.012443870633230825
2009-02-05,1.4632076025009155,1.4703503847122192,1.4378972053527832,1.4679340600967408,1.680642951321167,1.5497617509453918,1.3861063692480897,53.65036469094123,-0.00909429421546526
2009-02-06,1.4774976968765259,1.483723521232605,1.459704875946045,1.4667138361930847,1.67862160253401,1.5460269092313803,1.387400763154789,56.545313749807846,-0.005226392978244343
2009-02-09,1.4855530261993408,1.4970957040786743,1.4708045721054077,1.4666948461532592,1.6767005193761972,1.5459890327091261,1.3874006595973922,58.13276983947759,-0.0014938356187357282
2009-02-10,1.45587956905365,1.4888042211532593,1.446591854095459,1.4659981799125672,1.6745032928235062,1.5450427528655306,1.3869536069596038,50.774432246176204,-0.0009195569399309544
2009-02-11,1.4350084066390991,1.4561975002288818,1.4321928024291992,1.4651344180107118,1.6721202557301333,1.5445777917852306,1.385691044236193,46.33216706557835,-0.0021240802538238235
2009-02-12,1.4291023015975952,1.4410052299499512,1.414907455444336,1.4643483209609984,1.6697021632186049,1.5444347606053022,1.3842618813166947,45.128923384475,-0.00351473134062541
2009-02-13,1.4359976053237915,1.45930016040802,1.4285918474197388,1.4636582374572753,1.6673767414799936,1.5441219955473087,1.383194479367242,46.86391525562565,-0.004014166153088139
2009-02-16,1.4298174381256104,1.431557297706604,1.4162099361419678,1.4625046348571777,1.6650129640444202,1.543226857752715,1.3817824119616404,45.475985181428605,-0.0048527205415893615
2009-02-17,1.4239943027496338,1.4303901195526123,1.413107991218567,1.461466405391693,1.6626147651221836,1.542818000898531,1.380114809884855,44.149221980718,-0.005918929559250108
2009-02-18,1.4250901937484741,1.4296947717666626,1.4109547138214111,1.4603723406791687,1.660251333343734,1.5421879650073902,1.3785567163509471,44.47752529912188,-0.006599404811820309
2009-02-19,1.4266964197158813,1.4442936182022095,1.4245014190673828,1.4588482570648194,1.6579274007323226,1.5402684465775223,1.3774280675521164,44.98794552546245,-0.006929201815017327
2009-02-20,1.4438974857330322,1.445692539215088,1.416330337524414,1.4578263711929322,1.6557977470037477,1.5386755569516315,1.376977185434233,50.26129921750488,-0.005736459707150754
2009-02-23,1.4470943212509155,1.4656953811645508,1.4369055032730103,1.4561703729629516,1.653721093266166,1.534342094705964,1.3779986512199391,51.19760939858306,-0.004481584171559305
2009-02-24,1.452854871749878,1.457726001739502,1.4382073879241943,1.4540554022789,1.6517224217891906,1.526422004528673,1.3816888000291272,52.91754730177873,-0.0029878162999215085
2009-02-25,1.4220906496047974,1.4598966836929321,1.418399453163147,1.451483211517334,1.6494375255838813,1.5187948870284622,1.3841715360062057,43.999222127612946,-0.004237562140839479
2009-02-26,1.4297969341278076,1.4380420446395874,1.4169925451278687,1.4499690985679627,1.6472520442686027,1.5157086159094173,1.3842295812265082,46.43452156847042,-0.004553670092533935
2009-02-27,1.4272053241729736,1.4353998899459839,1.4119508266448975,1.4485232520103455,1.6450625218950143,1.5129841048160761,1.3840623992046148,45.71453907256446,-0.004956177457437816
2009-03-02,1.4035087823867798,1.4286326169967651,1.3969992399215698,1.4469374370574952,1.64265899908773,1.5118561728876303,1.3820187012273601,39.65936377625646,-0.0071053739974156205
2009-03-03,1.4027999639511108,1.4153079986572266,1.3998936414718628,1.4455036115646362,1.6402723390613898,1.5111016637275687,1.3799055594017038,39.49086230035804,-0.00876478843816475
2009-03-04,1.4177759885787964,1.4200913906097412,1.3994038105010986,1.4443949365615845,1.638058442308044,1.5099554791148349,1.378834394008334,44.824801880495194,-0.008770347207048612
2009-03-05,1.413107991218567,1.422798991203308,1.4047904014587402,1.4431572651863098,1.63582012664055,1.5086967165400802,1.3776178138325395,43.53655261194593,-0.009047131248932416
2009-03-06,1.4070039987564087,1.4284082651138306,1.4050073623657227,1.4421275186538696,1.6335433465081166,1.5082984768939325,1.3759565604138067,41.84309850044644,-0.009647811805806317
2009-03-09,1.3794054985046387,1.4178162813186646,1.3757051229476929,1.4407775115966797,1.6310146086885666,1.509264299178047,1.3722907240153124,35.18006224350046,-0.012210073666110155
2009-03-10,1.379196286201477,1.3897961378097534,1.3702008724212646,1.439425413608551,1.6285089507821178,1.5100624248478143,1.3687884023692876,35.13438844204124,-0.01409508694647399
2009-03-11,1.3841979503631592,1.3889274597167969,1.3665122985839844,1.4377971816062927,1.6260779927144144,1.5097122970004277,1.3658820662121576,37.232447650327366,-0.015012328279200515
2009-03-12,1.3931069374084473,1.397096872329712,1.3714975118637085,1.4361773204803467,1.6237598700802167,1.5084028618262184,1.363951779134475,40.899307219879596,-0.014849195561579265
2009-03-13,1.4006974697113037,1.405501127243042,1.3869432210922241,1.4351434588432312,1.6215403411670466,1.5078996833653386,1.3623872343211239,43.90609875486239,-0.013946650877613154
2009-03-16,1.4075981378555298,1.4228191375732422,1.395108699798584,1.4338633155822753,1.6194115606114625,1.5062524713693557,1.361474159795195,46.56755533252642,-0.012530112132201454
2009-03-17,1.405402421951294,1.4138071537017822,1.397096872329712,1.4321473264694213,1.617282114055773,1.5030409845816965,1.3612536683571461,45.82256130896946,-0.011452651852433826
2009-03-18,1.4284082651138306,1.4329932928085327,1.3870972394943237,1.4305573105812073,1.6154027701870215,1.4979974667740958,1.3631171543883187,54.10699030387691,-0.008642749308568343
2009-03-19,1.4495905637741089,1.4591935873031616,1.4179972410202026,1.4290952062606812,1.6137528956713774,1.4913527486704174,1.366837663850945,60.14926012857472,-0.004653009823425425
2009-03-20,1.442710041999817,1.4582786560058594,1.4400920867919922,1.4275911808013917,1.6120509748757275,1.4844942329037236,1.3706881286990598,57.500992417195754,-0.0020229933333177907
2009-03-23,1.4571949243545532,1.4637001752853394,1.445797085762024,1.4270971059799193,1.610510116990112,1.4824843148818077,1.371709897078031,61.35815327905312,0.00121610414259532
2009-03-24,1.4700045585632324,1.477148413658142,1.4561975002288818,1.427463300228119,1.6091120502395826,1.4837491206783202,1.3711774797779177,64.43247326655526,0.004761851000568917
2009-03-25,1.4550957679748535,1.4714971780776978,1.4518002271652222,1.4273233127593994,1.6075795482987487,1.4832914928054817,1.371355132713317,58.58989811054187,0.006296286457736722
2009-03-26,1.4465081691741943,1.463464617729187,1.4431055784225464,1.4269094610214232,1.6059768463318176,1.4819727937551233,1.3718461282877232,55.4697872783139,0.006741676310932476
2009-03-27,1.4325006008148193,1.449506402015686,1.4277962446212769,1.4260913705825806,1.6042507127473031,1.4795265043885055,1.3726562367766557,50.72471750521031,0.005896387394472624
2009-03-30,1.4247043132781982,1.4293677806854248,1.4120903015136719,1.4257345867156983,1.6024641795768177,1.478959160670962,1.3725100127604346,48.2507177012894,0.004545002629145811
2009-03-31,1.434493899345398,1.4374011754989624,1.424663782119751,1.426669430732727,1.6007928318075852,1.4788017632784687,1.3745370981869853,51.452612454488566,0.004215366130285725
2009-04-01,1.4460898637771606,1.447618007659912,1.4280002117156982,1.4278392744064332,1.5992534972446948,1.479009204187888,1.3766693446249785,55.00404389332585,0.004834099755304688
2009-04-02,1.473491907119751,1.4747956991195679,1.4460898637771606,1.4295482993125916,1.5980021368933626,1.4809999814193129,1.3780966172058704,62.06602678975244,0.007449691098471378
2009-04-03,1.4833053350448608,1.4846928119659424,1.465502142906189,1.4316483521461487,1.596860874058711,1.4831342897261617,1.3801624145661358,64.2311406465216,0.01019688436593591
2009-04-06,1.4740999937057495,1.4949917793273926,1.4678899049758911,1.4331884145736695,1.595639371569852,1.485061154584321,1.381315674563018,60.72961907171743,0.0114987107294513
2009-04-07,1.4740999937057495,1.4774104356765747,1.4600458145141602,1.4342975974082948,1.5944300233582134,1.4872609505954053,1.3813342442211842,60.72961907171743,0.012387620721043824
2009-04-08,1.4695078134536743,1.474513053894043,1.4641073942184448,1.4352281308174133,1.5931870151057044,1.4890085484031954,1.3814477132316312,58.872780636711134,0.012576562936843505
2009-04-09,1.467502236366272,1.476908564567566,1.4603869915008545,1.436020209789276,1.5919364191082386,1.4905217394082377,1.3815186801703143,58.0381539510431,0.012421282877442374
2009-04-10,1.465996265411377,1.4684934616088867,1.4623090028762817,1.436214063167572,1.5906832820758208,1.4910778084027752,1.3813503179323687,57.38034048660454,0.012037937194872228
2009-04-13,1.4849352836608887,1.4869003295898438,1.461091160774231,1.4374887371063232,1.5896310622095442,1.493869380278314,1.3811080939343323,63.05194908073597,0.013111215541026233
2009-04-14,1.4904906749725342,1.4944108724594116,1.4829094409942627,1.4384243535995482,1.5886445897883035,1.4967455973797927,1.3801031098193037,64.5424981787614,0.01424585269132339
2009-04-15,1.5000150203704834,1.5029006004333496,1.4833053350448608,1.4395066213607788,1.5877627027231587,1.5003481263556189,1.3786651163659387,67.00042139338181,0.015732244362858916
2009-04-16,1.491891622543335,1.5064778327941895,1.485001564025879,1.4400803017616273,1.5868087607676458,1.5023579443085517,1.3778026592147028,62.989747819844226,0.01606949106673561
2009-04-17,1.4799906015396118,1.4940983057022095,1.4764941930770874,1.440130159854889,1.585745892563867,1.5025339336840227,1.3777263860257554,57.554146644628176,0.01520121839207711
2009-04-20,1.454312801361084,1.4815034866333008,1.450810194015503,1.4395053553581239,1.5844380994570217,1.500666047753285,1.3783446629629628,47.941414620714845,0.012299342995786278
2009-04-21,1.466490626335144,1.470674753189087,1.4483097791671753,1.4397175765037538,1.5832644917334875,1.5011830532512105,1.378252099756297,52.03315410393246,0.010857080868465818
2009-04-22,1.448897361755371,1.468407154083252,1.4420442581176758,1.4399953556060792,1.581927504208566,1.5014994907280008,1.3784912204841575,46.363538954110595,0.008199924695472482
2009-04-23,1.4716920852661133,1.4739913940429688,1.4451075792312622,1.4408471512794494,1.5808306334285955,1.502912646347799,1.3787816562110997,53.44202087643225,0.007843043248024317
2009-04-24,1.4714971780776978,1.476690411567688,1.4588104486465454,1.4415571427345275,1.5797427374276933,1.504205654425835,1.37890863104322,53.37715539455328,0.00745850771436074
2009-04-27,1.4614968299865723,1.4692054986953735,1.451990008354187,1.4421907305717467,1.578566160246174,1.5049952150053856,1.379386246138108,50.02235377812871,0.0062744876312652575
2009-04-28,1.4628652334213257,1.468709111213684,1.45249605178833,1.4429681491851807,1.5774149062857525,1.5058155809632814,1.38012071740708,50.48098868411174,0.005384492824418441
2009-04-29,1.4767340421676636,1.4806040525436401,1.4623944759368896,1.4440010261535645,1.5764131058181456,1.507344739396203,1.380657312910926,54.98932701064902,0.005732185421902791
2009-04-30,1.4788086414337158,1.4940983057022095,1.4727540016174316,1.445043270587921,1.5754419163263145,1.5089373318843815,1.3811492092914606,55.63993066061587,0.006104765199879791
2009-05-01,1.4910907745361328,1.4930944442749023,1.4759057760238647,1.4459871363639831,1.574602600805422,1.5111929588543942,1.380781313873572,59.3830412137448,0.007306873761167232
2009-05-04,1.5035107135772705,1.5048909187316895,1.4843403100967407,1.4471154642105102,1.573895218277874,1.5143212834143658,1.3799096450066546,62.801253937449246,0.009156191859347462
2009-05-05,1.5070909261703491,1.5160243511199951,1.4988008737564087,1.4482001852989197,1.5732304984277061,1.5175021895096896,1.3788981810881498,63.74834886582945,0.010786344743017873
2009-05-06,1.5150138139724731,1.5154041051864624,1.499520182609558,1.4500586485862732,1.572651227482038,1.5214549637208823,1.3786623334516641,65.82215997493441,0.012572633980900472
2009-05-07,1.5033977031707764,1.518879771232605,1.4948129653930664,1.4515306639671326,1.5719621371536985,1.5242446636513316,1.3788166642829336,60.369356163573805,0.012902229143426425
2009-05-08,1.5242972373962402,1.5249946117401123,1.497207760810852,1.453472502231598,1.5714878591801595,1.5286780468050103,1.3782669576581856,65.85073314552969,0.014680624332696901
2009-05-11,1.5137066841125488,1.5245994329452515,1.507318139076233,1.4556764602661132,1.570912921677932,1.531362906637964,1.3799900138942625,61.22922194218831,0.015061822873367214
2009-05-12,1.5270439386367798,1.535107970237732,1.5080909729003906,1.4581613397598268,1.5704764140556011,1.5349127430258185,1.381409936493835,64.59878817465841,0.01625277852541651
2009-05-13,1.515289306640625,1.5331073999404907,1.5095934867858887,1.4601116061210633,1.5699272881996837,1.5376263080215524,1.3825969042205741,59.67615373098613,0.016062955147409408
2009-05-14,1.5229507684707642,1.524808645248413,1.5067956447601318,1.4623084616661073,1.5694598597979919,1.5406080392592343,1.3840088840729803,61.72350635983176,0.01634235025197439
2009-05-15,1.516093373298645,1.5287013053894043,1.5135921239852905,1.4644902491569518,1.5689288495944005,1.5425790606823697,1.386401437631534,58.84370249855477,0.015827983266014645
2009-05-18,1.5343776941299438,1.5349900722503662,1.5125161409378052,1.467589693069458,1.568585056754217,1.5441820825191368,1.3909973036197794,63.70609840351551,0.016703191610953017
2009-05-19,1.5483951568603516,1.5525058507919312,1.5300110578536987,1.4709736704826355,1.5683841620841459,1.5465702860174086,1.3953770549478623,66.93163519134859,0.018316748547892336
2009-05-20,1.575398564338684,1.5795542001724243,1.5454994440078735,1.474797682762146,1.5684539571809044,1.5518082946960001,1.397787070828292,72.07948242134528,0.02152631143353334
2009-05-21,1.585087537765503,1.5889915227890015,1.5527950525283813,1.4786372947692872,1.5686194655615235,1.5581273090386591,1.3991472804999152,73.66368878621167,0.024568521700678803
2009-05-22,1.5920017957687378,1.5943114757537842,1.5759447813034058,1.4824633812904358,1.5688521257251606,1.564998994317805,1.3999277682630664,74.76411111756086,0.027223601360943483
2009-05-25,1.5910899639129639,1.5932954549789429,1.5839828252792358,1.4861332178115845,1.5690733978990674,1.5713556665362414,1.4009107690869276,74.32306709960673,0.02892081278307268
2009-05-26,1.5937016010284424,1.5970104932785034,1.5782828330993652,1.4898992013931274,1.5693184548134378,1.5771775362189009,1.4026208665673539,74.78193043207844,0.03012929064400316
2009-05-27,1.5960928201675415,1.6084928512573242,1.593092441558838,1.4932528924942017,1.569584866588548,1.5837156740691258,1.4027901109192775,75.21860429755198,0.030923502567292926
2009-05-28,1.5933715105056763,1.6007939577102661,1.5862692594528198,1.496128511428833,1.569821549770523,1.5900029114193035,1.4022541114383624,73.65547936148451,0.030976259257045946
2009-05-29,1.6186991930007935,1.6195906400680542,1.5923820734024048,1.4996482944488525,1.570307894800561,1.5984172608654217,1.4008793280322833,78.19687499816872,0.03268502895082692
2009-06-01,1.644709825515747,1.6495933532714844,1.6168932914733887,1.5033985924720765,1.5710482130033077,1.6095520640834995,1.3972451208606536,81.68806455482202,0.035726251914944385
2009-06-02,1.657907485961914,1.6598337888717651,1.6331062316894531,1.50715665102005,1.571912484935662,1.6214750537630385,1.3928382482770616,83.16136802182737,0.03875464450743782
2009-06-03,1.631294846534729,1.66616690158844,1.6249066591262817,1.5106806325912476,1.5725033545840965,1.6292333245726347,1.3921279406098606,70.79271968211883,0.0385627228007277
2009-06-04,1.6112658977508545,1.6428993940353394,1.6089587211608887,1.5139757871627808,1.57288905177583,1.6343923982720026,1.393559176053559,63.17694435480388,0.03637514466256042
2009-06-05,1.599590539932251,1.6231921911239624,1.5944894552230835,1.5173175859451293,1.5731547383921,1.6377793714941689,1.3968558003960898,59.180266280482634,0.033315331028465955
2009-06-08,1.6038235425949097,1.6098134517669678,1.5805778503417969,1.5208999705314636,1.573459900812824,1.6407722325003944,1.401027708562533,60.164224931197914,0.030876054678222742
2009-06-09,1.6311084032058716,1.636206030845642,1.5990022420883179,1.524832260608673,1.574033518105371,1.6460274630139324,1.4036370582034137,65.87434857708071,0.030789646934852977
2009-06-10,1.6354032754898071,1.6466326713562012,1.6245896816253662,1.528618528842926,1.574644162829832,1.6515886387734955,1.4056484189123564,66.68389118330414,0.030713680287513867
2009-06-11,1.6584023237228394,1.6621512174606323,1.6344943046569824,1.5323167371749877,1.5754775778692482,1.659567490420046,1.4050659839299295,70.69321579801624,0.03213883071872936
2009-06-12,1.643088459968567,1.659998893737793,1.6350021362304688,1.5355123996734619,1.5761503233668868,1.665730077102611,1.4052947222443128,65.0774727799473,0.03166752832724695
2009-06-15,1.629487156867981,1.6444934606552124,1.6247217655181885,1.5386201429367066,1.576681038442162,1.6702646087923996,1.4069756770810136,60.48194240031969,0.029852386567181366
2009-06-16,1.6396936178207397,1.649811029434204,1.6221915483474731,1.5419320154190064,1.5773080296491029,1.6752722503971036,1.4085917804409092,62.615367596350474,0.0289042594343909
2009-06-17,1.638806939125061,1.6480709314346313,1.6225073337554932,1.545317997932434,1.577919959451586,1.6797454506886267,1.4108905451762415,62.30070107248286,0.027761299312641707
2009-06-18,1.6366075277328491,1.6466054916381836,1.6194331645965576,1.5487001037597656,1.578503915690246,1.683644724049976,1.4137554834695554,61.475431049043934,0.02637399803140661
2009-06-19,1.6522098779678345,1.6551085710525513,1.6308956146240234,1.5524243760108947,1.5792373087667189,1.688327690222729,1.4165210617990602,65.01576147617914,0.026231154618626906
2009-06-22,1.6347882747650146,1.6516913175582886,1.632493257522583,1.5554214358329772,1.5797900550082045,1.6918582712809531,1.4189846003850013,58.54603022242597,0.024430552206467615
2009-06-23,1.6433583498001099,1.6474465131759644,1.621612787246704,1.5584787893295289,1.5804225757069112,1.6958248887098049,1.421132689949253,60.62191556800507,0.02342506567886926
2009-06-24,1.6427913904190063,1.6604951620101929,1.6374115943908691,1.5613343167304992,1.5810431612703526,1.699652583418024,1.4230160500429743,60.40640319032853,0.022325111489479132
2009-06-25,1.6373311281204224,1.646822452545166,1.623903751373291,1.564243106842041,1.5816032408484573,1.702717734323615,1.425768479360467,58.25834067163641,0.020773330314548755
2009-06-26,1.6528924703598022,1.6556017398834229,1.6369023323059082,1.5677011442184448,1.5823125867993855,1.7062236094901087,1.4291786789467809,62.365728277111124,0.020562174868220096
2009-06-29,1.6570007801055908,1.6587873697280884,1.6433314085006714,1.571754903793335,1.5830557532998784,1.7085862939455483,1.4349235136411216,63.38995717450839,0.020490141323117106
2009-06-30,1.6466867923736572,1.6742005348205566,1.6427913904190063,1.5753588271141052,1.583688898302936,1.7103537524781118,1.4403639017500987,59.045379735263545,0.01937743064878683
2009-07-01,1.6477993726730347,1.6543965339660645,1.6389949321746826,1.5793368673324586,1.5843268138056188,1.710797533034368,1.447876201630549,59.36888049967735,0.018373576205329645
2009-07-02,1.6347347497940063,1.6500834226608276,1.6328130960464478,1.5825977206230164,1.5848283855686298,1.7112177826135997,1.4539776586324331,53.9771005915233,0.01633550293642716
2009-07-03,1.629407525062561,1.6427913904190063,1.629407525062561,1.5857559275627136,1.58527195932414,1.710950417213982,1.460561437911445,51.90701558630265,0.014127598511428863
2009-07-06,1.6273921728134155,1.6328130960464478,1.6097874641418457,1.5890738344192505,1.5856910661394974,1.7095305050001104,1.4686171638383907,51.10845837140092,0.012075991748191406
2009-07-07,1.6116294860839844,1.6296995878219604,1.611499547958374,1.5920491194725037,1.5859491600004418,1.7070052589769846,1.4770929799680228,45.245469848261735,0.009073567089196821
2009-07-08,1.605909824371338,1.6136059761047363,1.5986955165863037,1.5946326351165772,1.5861477736754332,1.7047136891323693,1.484551581100785,43.30422072344141,0.006161568292802455
2009-07-09,1.6343073844909668,1.6371970176696777,1.6032065153121948,1.597742609977722,1.5866269740199197,1.7031548472317293,1.492330372723715,53.88353557357931,0.006075202883030206
2009-07-10,1.62179696559906,1.634387493133545,1.6160049438476562,1.6003567337989808,1.586976924356146,1.7013643625062767,1.499349105091685,49.501270288562885,0.004940322460828428
2009-07-13,1.6254082918167114,1.6264129877090454,1.6037977933883667,1.6027946853637696,1.587359326207699,1.7000770962511875,1.5055122744763516,50.74652728229753,0.004282954164946284
2009-07-14,1.6319869756698608,1.6339067220687866,1.6231921911239624,1.6052926063537598,1.5878033826342632,1.6988889503909368,1.5116962623165828,53.019294961689646,0.004243908722954437
2009-07-15,1.6431963443756104,1.6469037532806396,1.6306031942367554,1.6078562569618224,1.5883545566446966,1.698329477304542,1.5173830366191028,56.68675765628116,0.005059148587117868
2009-07-16,1.6416047811508179,1.6461175680160522,1.63596510887146,1.6106203985214234,1.5888844098739907,1.6963901632272442,1.5248506338156025,56.01810281132821,0.00551325285493065
2009-07-17,1.633212924003601,1.642197847366333,1.6268892288208008,1.6127987122535705,1.5893254898219031,1.6950814627517632,1.5305159617553779,52.50159378760398,0.005136767561787492
2009-07-20,1.6524555683135986,1.6545335054397583,1.6524008512496948,1.6155736899375917,1.5899536500964035,1.6934571383094543,1.537690241565729,58.876385158549446,0.006318287547025125
2009-07-21,1.6420092582702637,1.6448179483413696,1.6420092582702637,1.6178729963302612,1.5904716165832364,1.6917749822522685,1.5439710104082538,54.59282061907373,0.006338652688161472
2009-07-22,1.6450073719024658,1.646551251411438,1.644709825515747,1.620467357635498,1.5910142611599145,1.688548787617393,1.552385927653603,55.591441660730766,0.006521538684633121
2009-07-23,1.651200294494629,1.6523463726043701,1.651200294494629,1.6230323481559754,1.5916131274310952,1.6855547118315126,1.5605099844804382,57.662687821796894,0.0070845282198801485
2009-07-24,1.644709825515747,1.644709825515747,1.644709825515747,1.6256046772003174,1.5921414530191198,1.680256777520572,1.570952576880063,54.779025176773374,0.0069271233136258825
2009-07-27,1.6485328674316406,1.6485871076583862,1.6470937728881836,1.6278877806663514,1.5927025618662325,1.676148678131442,1.5796268832012608,56.169439578479846,0.007029830809838433
2009-07-28,1.6410928964614868,1.6420360803604126,1.6396130323410034,1.629741735458374,1.593184057941842,1.672326670679813,1.5871568002369352,52.769036750800964,0.006436685656148189
2009-07-29,1.6351090669631958,1.636687994003296,1.634387493133545,1.6309359455108643,1.5936012223899767,1.6705456853854161,1.5913262056363124,50.13993901017847,0.00542127572497586
2009-07-30,1.6507915258407593,1.6515003442764282,1.6497021913528442,1.6322500252723693,1.5941702803778606,1.6699656508815335,1.594534399663205,56.286879465684976,0.005814968074262072
2009-07-31,1.670508861541748,1.670508861541748,1.670508861541748,1.6338201665878296,1.5949298685700881,1.671232147067562,1.5964081861080972,62.53994978533789,0.007630041930057896
2009-08-03,1.6941112279891968,1.695001482963562,1.6935948133468628,1.6358805918693542,1.5959167481798406,1.674995977139379,1.5967652065993294,68.37227188432286,0.010847966155562716
2009-08-04,1.695403814315796,1.6960076093673706,1.6941972970962524,1.6379146361351014,1.596906669644633,1.6786223986775732,1.5972068735926295,68.66005155748296,0.013348620612931184
2009-08-05,1.699610710144043,1.7005066871643066,1.6989178657531738,1.6399849939346314,1.597928600813602,1.6825005525213401,1.5974694353479226,69.62864855721963,0.015491294620098017
2009-08-06,1.6810113191604614,1.6810113191604614,1.6788382530212402,1.641737790107727,1.5987552948630581,1.68363123477217,1.599844345443284,60.69696250981783,0.015509776745312287
2009-08-07,1.6685019731521606,1.6685019731521606,1.6685019731521606,1.6427338457107543,1.5994492919400196,1.6847595247856115,1.600708166635897,55.53697915034801,0.014349610902634868
2009-08-10,1.6478807926177979,1.6482882499694824,1.6469309329986572,1.6427972650527953,1.5999311976105655,1.6848446797967724,1.6007498503088182,48.25444877828003,0.011632126272125065
2009-08-11,1.6489949226379395,1.6492124795913696,1.6483969688415527,1.642619013786316,1.6004193940712277,1.6844801260499866,1.6007579015226452,48.6462620542047,0.009459359497439257
2009-08-12,1.6510095596313477,1.6510913372039795,1.6504101753234863,1.6430133080482483,1.6009227789989005,1.6848103999466904,1.6012162161498062,49.3924818746484,0.007809962160650219
2009-08-13,1.6570007801055908,1.6580997705459595,1.6566989421844482,1.643928005695343,1.6014807692744681,1.684882564527055,1.6029734468636307,51.64287490373856,0.006906628989764796
2009-08-14,1.6543965339660645,1.6543965339660645,1.6543965339660645,1.6450241255760192,1.6020072944969501,1.6840221212499968,1.6060261299020415,50.58980369442098,0.005912435172501951
2009-08-17,1.6351892948150635,1.63529634475708,1.6332930326461792,1.6456514406204223,1.60233746377893,1.6829148653379482,1.6083880159028965,43.53823493355083,0.0035339288002360636
2009-08-18,1.6588973999023438,1.6593103408813477,1.654999017715454,1.6462072205543519,1.6029002494232414,1.6834142042074394,1.6090002369012644,52.3643816282259,0.003521398814110066
2009-08-19,1.6559032201766968,1.656589150428772,1.6533024311065674,1.6466172194480897,1.6034276423621219,1.6837900510060524,1.609444387890127,51.27424318610989,0.0032326000284712553
2009-08-20,1.6510913372039795,1.6520187854766846,1.650600790977478,1.6464709997177125,1.6039019081561086,1.6835119012807678,1.6094300981546572,49.491066558487795,0.0025856405145092687
2009-08-21,1.6501106023788452,1.6501106023788452,1.6501106023788452,1.646611442565918,1.6043616963250176,1.68365324651006,1.609569638621776,49.11614483951805,0.0019710621569555276
2009-08-24,1.6407967805862427,1.6420092582702637,1.6402584314346313,1.6468376350402831,1.6047242346069983,1.6835896197592506,1.6100856503213157,45.584387016243745,0.0007241097149386366
2009-08-25,1.6315875053405762,1.6350021362304688,1.6312681436538696,1.64667551279068,1.6049915309281906,1.683627100486517,1.609723925094843,42.342309465231395,-0.0009957423286313105
2009-08-26,1.6229023933410645,1.624510645866394,1.6226917505264282,1.646357421875,1.605169748527339,1.683855264667408,1.6088595790825917,39.48980138857319,-0.003024686712259639
2009-08-27,1.629274845123291,1.629991888999939,1.6272069215774536,1.6462107682228089,1.6054096003183083,1.6839210052896318,1.608500531155986,42.54805097311819,-0.004071502406693739
2009-08-28,1.6262013912200928,1.6262013912200928,1.6262013912200928,1.645690598487854,1.6056164838812144,1.683778698588013,1.607602498387695,41.459684465698736,-0.00509043407516141
2009-08-31,1.629195213317871,1.6295403242111206,1.6287705898284912,1.6455787372589112,1.605851098184569,1.6838300306299303,1.6073274438878922,42.98948370650523,-0.005591908302484017
2009-09-01,1.6129032373428345,1.6163967847824097,1.6120452880859375,1.6449696350097656,1.605921268747177,1.6843193860320942,1.605619883987437,37.28010371509131,-0.007220720572013173
2009-09-02,1.6276041269302368,1.6284788846969604,1.6268097162246704,1.6446658897399902,1.6061370186520492,1.6843175759172033,1.605014203562777,44.44930471294104,-0.007241847590204742
2009-09-03,1.632759690284729,1.6339869499206543,1.632759690284729,1.6445744609832764,1.606401920945122,1.6843161571264327,1.6048327648401202,46.748188445878704,-0.00676460190848438
2009-09-04,1.6392098665237427,1.6392098665237427,1.6392098665237427,1.6443008089065552,1.6067283682718982,1.6839971305084942,1.6046044873046161,49.56059192081445,-0.005799058020166781
2009-09-07,1.6339869499206543,1.6348952054977417,1.6333998441696167,1.6438405323028564,1.6069995980281346,1.683469442140741,1.6042116224649718,47.37860711665552,-0.005393134554407597
2009-09-08,1.6519368886947632,1.6522098779678345,1.6513912677764893,1.6439455342292786,1.6074467353924733,1.683633004192718,1.604258064265839,54.75173449455605,-0.003581739178406096
2009-09-09,1.653411865234375,1.6545881032943726,1.653329849243164,1.6440577840805053,1.6079041000141125,1.6838214188194136,1.604294149341597,55.305908733015116,-0.0020040752803345274
2009-09-10,1.665611743927002,1.6658614873886108,1.6651957035064697,1.6446753239631653,1.6084783056071585,1.684805350255388,1.6045452976709427,59.70214851653807,0.00022803433927975902
2009-09-11,1.6681123971939087,1.6681123971939087,1.6681123971939087,1.6454494214057922,1.609071679837956,1.685869523750377,1.6050293190612075,60.55852948647949,0.002173721802271711
2009-09-14,1.6609915494918823,1.6614055633544922,1.6592003107070923,1.6461214089393617,1.6095882956160055,1.6864332316923132,1.6058095861864101,56.853391425806436,0.003105304222376981
2009-09-15,1.6496477127075195,1.6497021913528442,1.648505687713623,1.6468817734718322,1.6099868969030129,1.6859532535159798,1.6078102934276846,51.45269060236074,0.002894866953651487
2009-09-16,1.6479893922805786,1.649158239364624,1.647935152053833,1.6477233648300171,1.6103650312998836,1.6849624973939692,1.610484232266065,50.69455271023747,0.0025647168434848044
2009-09-17,1.6438175439834595,1.6455217599868774,1.6438175439834595,1.6479135680198669,1.6106978922224,1.6849697109992976,1.6108574250404362,48.74853657579476,0.0019440276697266778
2009-09-18,1.6271010637283325,1.6271010637283325,1.6271010637283325,1.6480196499824524,1.6108611079077213,1.6847999718807136,1.6112393280841912,41.82097615607973,0.00010207017512287031
2009-09-21,1.6220073699951172,1.6229023933410645,1.6215076446533203,1.6479516315460205,1.6109720160207854,1.684914753635274,1.610988509456767,39.957639874645736,-0.0017485566517905227
2009-09-22,1.638404130935669,1.6403930187225342,1.6365809440612793,1.6480799746513366,1.6112449724675133,1.6848609566123416,1.6112989926903316,47.9908119183786,-0.001870547661644073
2009-09-23,1.6351090669631958,1.6355904340744019,1.6328130960464478,1.6479182291030883,1.6114824262124863,1.6848576547388323,1.6109788034673442,46.64035229322825,-0.0022076619872632985
2009-09-24,1.5937016010284424,1.6048015356063843,1.5921032428741455,1.646960165500641,1.611305502528358,1.6869285950098818,1.6069917359914,33.77721658267784,-0.005749784032190286
2009-09-25,1.5976994037628174,1.5976994037628174,1.5976994037628174,1.646249895095825,1.6111701184228138,1.6884171857604087,1.6040826044312415,35.62325789149341,-0.00814051323351106
2009-09-28,1.588739037513733,1.5895977020263672,1.5882595777511597,1.6449755644798278,1.6109469235255058,1.6901231929421399,1.5998279360175158,33.37743246553943,-0.01063560933722485
2009-09-29,1.5971124172210693,1.5975971221923828,1.5958635807037354,1.644077627658844,1.6108092667082599,1.6912084007633128,1.5969468545543752,37.35216693053427,-0.011801291272743208
2009-09-30,1.6002048254013062,1.6012040376663208,1.600000023841858,1.6431815767288207,1.610703749850423,1.6919164761919248,1.5944466772657166,38.80424107073904,-0.012333399358583463
2009-10-01,1.5902043581008911,1.592787742614746,1.589395523071289,1.641961658000946,1.6104997757478305,1.6928819506467367,1.5910413653551552,35.90585536816738,-0.01340749967363597
2009-10-02,1.5879064798355103,1.5879064798355103,1.5879064798355103,1.6408255910873413,1.6102749667729015,1.6939812047241751,1.5876699774505074,35.25425704496527,-0.014279545768723034
2009-10-05,1.5949472188949585,1.5952016115188599,1.5934984683990479,1.6397538781166077,1.6101224518280888,1.6944146915549803,1.585093064678235,38.91226478556674,-0.014238388502083366
2009-10-06,1.5921791791915894,1.5939048528671265,1.59190034866333,1.6387756037712098,1.6099439117548526,1.6950651710166422,1.5824860365257774,38.00320514485096,-0.014264694226755914
2009-10-07,1.5963984727859497,1.5976994037628174,1.5953034162521362,1.6380013918876648,1.6098091312324707,1.6955476259704831,1.5804551578048465,40.29293225492135,-0.013786161681843767
2009-10-08,1.6058323383331299,1.6067097187042236,1.6045955419540405,1.6371022081375122,1.6097695611436595,1.695234748365668,1.5789696679093563,45.16905715885316,-0.012501576690677974
2009-10-09,1.5840078592300415,1.5840078592300415,1.5840078592300415,1.6353721880912782,1.6095132257357474,1.6945853359590994,1.5761590402234569,37.53253136932662,-0.013093651435843734
2009-10-12,1.5814026594161987,1.5826040506362915,1.5808027982711792,1.633118016719818,1.6092335185374413,1.6917829473654442,1.5744530860741919,36.73415677688996,-0.013616134467082208
2009-10-13,1.5931684970855713,1.5940066576004028,1.592787742614746,1.6310733103752135,1.6090736675376913,1.6879775872553622,1.5741690334950649,42.665850553023795,-0.012931732304631849
2009-10-14,1.6005890369415283,1.6008964776992798,1.599692940711975,1.6290928769111632,1.6089892433317237,1.683078887822741,1.5751068659995855,46.09833765523758,-0.011656197718138417
2009-10-15,1.6339067220687866,1.6339067220687866,1.62839937210083,1.6281507849693297,1.6092371785043937,1.6800421679443918,1.5762594019942677,58.19893668108308,-0.007866192060812294
2009-10-16,1.635911464691162,1.635911464691162,1.635911464691162,1.6274989748001099,1.6095025943518475,1.6781248803802669,1.5768730692199528,58.798297515668665,-0.00464724870629829
2009-10-19,1.6406084299087524,1.6426295042037964,1.6398011445999146,1.627353527545929,1.6098121052278773,1.6777818277792664,1.5769252273125915,60.23684841700576,-0.0016976377564146272
2009-10-20,1.6380016803741455,1.6391023397445679,1.6371970176696777,1.6271336627006532,1.61009259857973,1.6772718644290305,1.5769954609722758,59.00553262187332,0.0004247114608921798
2009-10-21,1.6608812808990479,1.6625933647155762,1.6607985496520996,1.627331097126007,1.61059795872199,1.6779286895112613,1.576733504740753,65.64368991583822,0.003907833978308295
2009-10-22,1.6633952856063843,1.6633952856063843,1.6614055633544922,1.627458987236023,1.6111233053808163,1.6783938741693323,1.5765241003027137,66.28962402651726,0.006792789785093456
2009-10-23,1.6311084032058716,1.6311084032058716,1.6311084032058716,1.6269932246208192,1.6113221621215619,1.6773452776418392,1.5766411715997992,52.60948615417435,0.006400080327860547
2009-10-26,1.629991888999939,1.639639973640442,1.6254082918167114,1.6268892765045166,1.6115079305907285,1.677193704347866,1.5765848486611673,52.208243746965515,0.005930399929522601
2009-10-27,1.6399894952774048,1.6438987255096436,1.6287970542907715,1.6265111184120178,1.6117913293085424,1.676112801221048,1.5769094356029876,55.48234078946548,0.006292363651767552
2009-10-28,1.637599229812622,1.6463886499404907,1.629195213317871,1.6261450386047362,1.6120481243960416,1.6751276301239528,1.5771624470855197,54.52065235860364,0.006313569167426758
2009-10-29,1.6562873125076294,1.6604400873184204,1.6344408988952637,1.6262489581108093,1.6124883154202925,1.6754690417255729,1.5770288744960457,60.3127272149119,0.007749020892773739
2009-10-30,1.6447908878326416,1.6579898595809937,1.6413085460662842,1.6261425638198852,1.6128097341219385,1.6751747588522048,1.5771103687875656,55.6199168077257,0.007868260921262804
2009-11-02,1.639532446861267,1.6479893922805786,1.633212924003601,1.6261172771453858,1.613075631819023,1.6751199207739487,1.577114633516823,53.566868407214734,0.0074525390322341956
2009-11-03,1.642602562904358,1.644601583480835,1.6265188455581665,1.6263375782966614,1.613369432191655,1.675539236126609,1.5771359204667137,54.62007862422038,0.007286811321677966
2009-11-04,1.65579354763031,1.6596407890319824,1.6403930187225342,1.6269954013824464,1.6137915627836121,1.6768843028147393,1.5771064999501534,58.9304450841494,0.008126199374774767
2009-11-05,1.657495141029358,1.6633952856063843,1.6469037532806396,1.6275598073005677,1.6142264243505675,1.678187029152722,1.5769325854484133,59.46530569472018,0.008826972971002212
2009-11-06,1.662013053894043,1.6632016897201538,1.6525647640228271,1.6282760405540466,1.6147019133012033,1.6798296167364504,1.5767224643716429,60.920549663056676,0.009635823134220844
2009-11-09,1.6779930591583252,1.6844090223312378,1.662013053894043,1.6292519974708557,1.6153316760769634,1.6826897429596188,1.5758142519820926,65.62182297752767,0.011434485954016083
2009-11-10,1.6736122369766235,1.6790636777877808,1.6604951620101929,1.6304661774635314,1.615911582274463,1.6851323981377635,1.5757999567892993,63.371101774731905,0.012363919887178332
2009-11-11,1.657495141029358,1.6783874034881592,1.6537946462631226,1.631063997745514,1.6163253491122318,1.6862537270458968,1.575874268445131,55.78979568304356,0.011665515230618428
2009-11-12,1.6587048768997192,1.6627593040466309,1.652100682258606,1.6315829014778138,1.616747036040633,1.687322844999176,1.5758429579564517,56.213228147505305,0.011081894896982192
2009-11-13,1.6675004959106445,1.6703972816467285,1.6578799486160278,1.6321487140655517,1.6172520456920585,1.6887720140731362,1.5755254140579673,59.26786337815358,0.011199997919683069
2009-11-16,1.683898687362671,1.687792181968689,1.6673336029052734,1.6331469488143922,1.6179151964860798,1.6916317514909556,1.5746621461378287,64.27210311357142,0.012473011310625504
2009-11-17,1.6823971271514893,1.6873934268951416,1.676108717918396,1.6337561535835265,1.6185568078616135,1.693657259476639,1.573855047690414,63.50275137410448,0.013208461314481834
2009-11-18,1.6740604639053345,1.684607744216919,1.6719892024993896,1.6341691255569457,1.619109083152765,1.6949022712702722,1.5734359798436193,59.26136105208747,0.01296911184129157
2009-11-19,1.665611743927002,1.67428457736969,1.6614055633544922,1.6341691255569457,1.6195717962837493,1.6949022712702722,1.5734359798436193,55.234994110947945,0.011959819214836465
2009-11-20,1.652100682258606,1.6676117181777954,1.6463886499404907,1.6338488912582398,1.6198954668522207,1.6940177530552867,1.573680029461193,49.4489463353267,0.009954963158284702
2009-11-23,1.6609089374542236,1.6646968126296997,1.6501922607421875,1.6338472390174865,1.620303561163535,1.6940130630744525,1.5736814149605205,52.9120283907063,0.008973412951140736
2009-11-24,1.658429741859436,1.6604951620101929,1.6501922607421875,1.634022879600525,1.6206829262159619,1.6944277720946197,1.5736179871064302,51.83564578869063,0.007904360428567347
2009-11-25,1.670508861541748,1.674536943435669,1.6585948467254639,1.6344732689857482,1.6211787067580243,1.695634295043158,1.5733122429283384,56.480821280084534,0.007940281983219277
2009-11-26,1.643601417541504,1.6727443933486938,1.642440676689148,1.634468946456909,1.6214018183486798,1.6956273074848882,1.57331058542893,45.86845282996482,0.005731475338175418
2009-11-27,1.6507915258407593,1.6507915258407593,1.62839937210083,1.6349427556991578,1.6216942533017462,1.6962350589789161,1.5736504524193995,48.64522238962223,0.0045091827559513575
2009-11-30,1.6457926034927368,1.6594481468200684,1.6384848356246948,1.6354184603691102,1.6219340379235005,1.6966701819799466,1.5741667387582738,46.84598919245829,0.003101384987062472
2009-12-01,1.6625933647155762,1.664807677268982,1.639908790588379,1.6359022450447083,1.6223386084107356,1.6976304729476503,1.5741740171417662,53.1216164764196,0.0033032977729505753
2009-12-02,1.666055679321289,1.669588327407837,1.655300259590149,1.6365211772918702,1.6227736042171876,1.698834755319773,1.5742075992639675,54.31858546094784,0.003700043168926026
2009-12-03,1.655930757522583,1.672212839126587,1.6531931161880493,1.637765760421753,1.623103526197692,1.6990661555440456,1.5764653652994605,50.27581380858106,0.0031610317753472117
2009-12-04,1.6482882499694824,1.6666944026947021,1.6426295042037964,1.6387775373458862,1.6233541205069928,1.6990399032642587,1.5785151714275136,47.407624349697855,0.0020930475251410563
2009-12-07,1.6465784311294556,1.6518003940582275,1.6318004131317139,1.6399343252182006,1.6235852082140585,1.6984720268030635,1.5813966236333377,46.76483738702971,0.001096059529619442
2009-12-08,1.6249066591262817,1.6479079723358154,1.6227970123291016,1.640490210056305,1.6235983569815613,1.6978848555114308,1.5830955646011793,39.4614985717209,-0.0014263494532174015
2009-12-09,1.6282402276992798,1.6369291543960571,1.6171023845672607,1.6410509181022643,1.623644544757573,1.6973770170517117,1.584724819152817,40.98815347882069,-0.0031204154145374474
2009-12-10,1.628028154373169,1.6346279382705688,1.6221915483474731,1.64180739402771,1.6236881627708752,1.6963334165363102,1.5872813715191099,40.91746002233902,-0.004429032311506154
2009-12-11,1.6253026723861694,1.6339067220687866,1.620299220085144,1.642555317878723,1.6237042275457836,1.6950517279649777,1.5900589077924685,39.96350824661518,-0.005621246023917337
2009-12-14,1.6310020685195923,1.6325998306274414,1.6193020343780518,1.6432764148712158,1.6237768428905677,1.6940664127372538,1.5924864170051778,42.95839039202985,-0.00603660412956275
2009-12-15,1.6269950866699219,1.6317206621170044,1.6209031343460083,1.6439727330207825,1.6238088652218436,1.6928209392003024,1.5951245268412626,41.39493723389555,-0.0066128792131097125
2009-12-16,1.6328130960464478,1.6411467790603638,1.6236928701400757,1.6447010254859924,1.6238984595725705,1.6917051595117245,1.5976968914602603,44.55049594424712,-0.006524901630717395
2009-12-17,1.616292119026184,1.6333998441696167,1.608311653137207,1.6449102210998534,1.6238227745801639,1.6912973353600391,1.5985231068396677,38.25194500853619,-0.007699528168856107
2009-12-18,1.614595890045166,1.6244314908981323,1.6056777238845825,1.645521981716156,1.6237309647695695,1.6893679662979837,1.6016759971343282,37.66318462802248,-0.008667387418944905
2009-12-21,1.6056002378463745,1.6165796518325806,1.6032065153121948,1.6460059332847594,1.623550559498876,1.6874305731413066,1.6045812934282122,34.61989258352287,-0.010044509942206403
2009-12-22,1.5968317985534668,1.6098912954330444,1.592787742614746,1.6460791993141175,1.6232847011406308,1.6871337097284453,1.6050246888997897,31.913014199395377,-0.011708461379042578
2009-12-23,1.596908450126648,1.5990022420883179,1.5933969020843506,1.64600558757782,1.623022250842319,1.6874047681664261,1.6046064069892136,31.963094973588056,-0.01287258261996782
2009-12-24,1.5974950790405273,1.6023072004318237,1.5929908752441406,1.6452773547172546,1.622768249095033,1.6887731200436036,1.6017815893909055,32.373066501089696,-0.013591150714514555
2009-12-25,1.6018966436386108,1.6018966436386108,1.5945911407470703,1.6445970582962035,1.622560571398189,1.6897241583065052,1.5994699582859018,35.51292532602436,-0.013648124544702434
2009-12-28,1.6003072261810303,1.6015888452529907,1.5934984683990479,1.643791034221649,1.6223391450453073,1.6906166089404175,1.5969654595028806,34.88309863017315,-0.013664019114318249
2009-12-29,1.5904066562652588,1.606787085533142,1.58740234375,1.6428391337394714,1.6220214087926343,1.6920208803536596,1.5936573871252833,31.17426204914797,-0.014310545860268808
2009-12-30,1.6075878143310547,1.6092175245285034,1.5839076042175293,1.6417732644081116,1.6218777909167519,1.6916638991062163,1.5918826297100068,42.58305382163364,-0.013283424053582182
2009-12-31,1.6182016134262085,1.6236928701400757,1.6052910089492798,1.640869390964508,1.6218412120310686,1.6907986761372633,1.5909401057917527,48.28600884705639,-0.011480636111367293
2010-01-01,1.6132936477661133,1.6182016134262085,1.6131113767623901,1.6405130958557128,1.6217561616284477,1.6909780629035895,1.590048128807836,46.01023229452389,-0.010328880584097089
2010-01-04,1.6113698482513428,1.623903751373291,1.6065031290054321,1.640140655040741,1.6216528152123395,1.691193992890564,1.589087317190918,45.11269995113013,-0.009462265467509834
2010-01-05,1.599078893661499,1.6155872344970703,1.5970104932785034,1.6393224430084228,1.6214281990466357,1.6916803185406188,1.5869645674762267,39.77432594833284,-0.009655936434985968
2010-01-06,1.602384328842163,1.6063225269317627,1.5943877696990967,1.6386181449890136,1.6212387077750368,1.6920078599466717,1.5852284300313555,41.76997810006842,-0.009433952347400076
2010-01-07,1.5933969020843506,1.6058582067489624,1.5900778770446777,1.637360336780548,1.6209616748452726,1.6919996458190514,1.5827210277420447,38.07560005916044,-0.0098694694862691
2010-01-08,1.602410078048706,1.6100986003875732,1.591799020767212,1.6365127205848693,1.6207770818177025,1.6919900168899848,1.5810354242797537,43.47499238824406,-0.009379214239095157
2010-01-11,1.6112918853759766,1.6194593906402588,1.606787085533142,1.6359479093551637,1.6206827017411434,1.691872945668055,1.5800228730422723,48.262371067303015,-0.00817970525022682
2010-01-12,1.615169644355774,1.6196168661117554,1.6066062450408936,1.635399250984192,1.6206278454415803,1.691595422865544,1.5792030791028397,50.243756142034115,-0.006837366092466102
2010-01-13,1.628611445426941,1.6300981044769287,1.613918423652649,1.6348556089401245,1.6207072842576866,1.6907717187563014,1.5789394991239476,56.46731943495737,-0.004635476739911271
2010-01-14,1.6333998441696167,1.6347347497940063,1.6253291368484497,1.6343737030029297,1.6208335784023469,1.689907438327651,1.5788399676782086,58.460603667926286,-0.002475543282056014
2010-01-15,1.6269950866699219,1.6351090669631958,1.6222968101501465,1.6336733436584472,1.6208948869501008,1.6886649446126194,1.578681742704275,54.843382060462034,-0.0012659972306401368
2010-01-18,1.63529634475708,1.6377333402633667,1.6254082918167114,1.6328194093704225,1.6210381850557312,1.6863074358101235,1.5793313829307214,58.43329052947383,0.0003582887508479793
2010-01-19,1.6356706619262695,1.6457654237747192,1.6314810514450073,1.6320605778694153,1.6211837818586181,1.684247176748747,1.5798739789900835,58.59314131220895,0.0016566544791758453
2010-01-20,1.6298059225082397,1.6371703147888184,1.6248537302017212,1.6315067934989929,1.6212695743134553,1.683176850448259,1.5798367365497268,55.02283297253901,0.002187170871394084
2010-01-21,1.620509147644043,1.6313214302062988,1.6131113767623901,1.6307428789138794,1.6212620078780116,1.6818985200271788,1.57958723780058,49.838507623193834,0.0018362695271689766
2010-01-22,1.611006498336792,1.6284788846969604,1.6081048250198364,1.6296129989624024,1.6211599629946398,1.6799438157427327,1.5792821821820722,45.15518576000257,0.0007823745745376698
2010-01-25,1.6250121593475342,1.6262013912200928,1.609994888305664,1.6284352684020995,1.6211982933111886,1.6762755387661425,1.5805949980380565,52.27371393909011,0.001065018158665998
2010-01-26,1.614700198173523,1.6269950866699219,1.6097615957260132,1.6270813298225404,1.6211336356404789,1.6724564852648485,1.5817061743802323,47.395976124298976,0.00045171901373231016
2010-01-27,1.6178088188171387,1.624405026435852,1.6112918853759766,1.6259562969207764,1.6211005528821434,1.6693220771190307,1.582590516722522,48.942669899014426,0.00021404732458574216
2010-01-28,1.614309310913086,1.627630591392517,1.6116034984588623,1.6249302482604981,1.6210329783273525,1.6668706310627837,1.5829898654582126,47.258113005674026,-0.00025376499771390115
2010-01-29,1.5984909534454346,1.6179397106170654,1.5983121395111084,1.6238580536842346,1.6208086795465606,1.6657042455318747,1.5820118618365946,40.47640550450746,-0.0018792559884139859
2010-02-01,1.595252513885498,1.5976994037628174,1.5854644775390625,1.62254492521286,1.6205543893120775,1.6637614414275759,1.5813284089981443,39.23505053227446,-0.0033897098521378233
2010-02-02,1.599206805229187,1.5995649099349976,1.5908114910125732,1.6213604664802552,1.6203419755162076,1.6617636543347882,1.5809572786257222,41.590611038746,-0.004219042659808103
2010-02-03,1.5920017957687378,1.6069936752319336,1.5885119438171387,1.619790325164795,1.6200599836465104,1.6584623791828599,1.58111827114673,38.650606435435776,-0.005395483162265791
2010-02-04,1.5769885778427124,1.5919257402420044,1.5735392570495605,1.6184580683708192,1.6196314123972144,1.6583523072568316,1.5785638294848068,33.35897777371774,-0.00745334443706791
2010-02-05,1.565802812576294,1.5778096914291382,1.556299090385437,1.6167582941055298,1.6190958043803119,1.6582401839260816,1.575276404284978,30.057129270664774,-0.009873002272629217
2010-02-08,1.5576082468032837,1.5660481452941895,1.5537842512130737,1.6149946069717407,1.6184839878208657,1.6588676709518233,1.571121542991658,27.880009816264334,-0.012309930299219118
2010-02-09,1.5693906545639038,1.5738860368728638,1.5565898418426514,1.6131305527687072,1.6179954968904027,1.6566677329241513,1.5695933726132631,35.15306676331173,-0.01313901311636445
2010-02-10,1.5612071752548218,1.5765410661697388,1.5574382543563843,1.6110335826873778,1.6174304389038028,1.6542650981384137,1.567802067236342,32.68742138477913,-0.014291660247144566
2010-02-11,1.5702037811279297,1.5716845989227295,1.5565898418426514,1.6093190431594848,1.6169605218617076,1.6520800231008457,1.566558063218124,37.8485430719381,-0.014314185476571817
2010-02-12,1.5698094367980957,1.5738860368728638,1.558700680732727,1.607749466896057,1.6164913567874672,1.650433281781153,1.5650656520109612,37.71205031546929,-0.014200166494866773
2010-02-15,1.5667105913162231,1.5719068050384521,1.561792254447937,1.6061521100997924,1.6159960257368156,1.6488826823027631,1.5634215378968217,36.59520350392739,-0.01419621147362471
2010-02-16,1.579005479812622,1.5795542001724243,1.5632572174072266,1.6052340865135193,1.6156279605657677,1.6482911109907776,1.562177062036261,43.717152830043155,-0.01305054379660131
2010-02-17,1.5682092905044556,1.5817779302597046,1.5669069290161133,1.6040334677696229,1.6151561329554087,1.6478138508895614,1.5602530846496843,39.51939278579734,-0.012865451244637782
2010-02-18,1.5423054695129395,1.5687997341156006,1.541687250137329,1.6023190140724182,1.61443125065976,1.6488891078741996,1.5557489202706367,31.66339661737895,-0.014640222558010896
2010-02-19,1.5464078187942505,1.5477958917617798,1.5363106727600098,1.6007411170005799,1.6137544005245714,1.6494307230649694,1.5520515109361903,33.9042728585659,-0.015536619826013176
2010-02-22,1.548658847808838,1.5512052774429321,1.545141339302063,1.5990942525863647,1.6131066835187666,1.6491570961597697,1.5490314090129598,35.16069612164925,-0.015882300615153166
2010-02-23,1.5445923805236816,1.557195782661438,1.5398118495941162,1.59744619846344,1.6124249490945828,1.6491582940387686,1.5457341028881115,33.90677576888979,-0.016296528816114098
2010-02-24,1.5417109727859497,1.5472451448440552,1.5390297174453735,1.59562415599823,1.6117213273723048,1.6486530900734397,1.5425952219230203,33.008498570232405,-0.01666520704020602
2010-02-25,1.5243902206420898,1.5422577857971191,1.5195951461791992,1.5937861180305481,1.6108523610536931,1.6501566276343742,1.537415608426722,28.176207071172513,-0.018145853033062265
2010-02-26,1.523902416229248,1.5308074951171875,1.5156108140945435,1.5919722485542298,1.6099871873920373,1.6513652323125254,1.5325792647959342,28.0516554139339,-0.01913802613694493
2010-03-01,1.4978805780410767,1.5204037427902222,1.4839438199996948,1.5898178553581237,1.6088716986379834,1.6547496247165057,1.5248860859997417,22.370678054675537,-0.021773088724662104
2010-03-02,1.5028102397918701,1.5033073425292969,1.4861048460006714,1.5879374241828919,1.6078163606417957,1.6573324651333172,1.5185423832324665,25.45082364678889,-0.023196220712415228
2010-03-03,1.5103002786636353,1.5132484436035156,1.4981722831726074,1.5862052607536317,1.6068460512798823,1.6589300739011168,1.5134804476061465,29.995697357220365,-0.023449369787551966
2010-03-04,1.50360107421875,1.5132484436035156,1.5008028745651245,1.584327380657196,1.6058187379825282,1.6606236217356973,1.5080311395786947,28.33197930244758,-0.02391488614358961
2010-03-05,1.5132943391799927,1.5167372226715088,1.500195026397705,1.5825553345680237,1.604898097116117,1.661263621892423,1.5038470472436243,34.03331922054306,-0.023233820714590125
2010-03-08,1.504189133644104,1.519849181175232,1.5035107135772705,1.5806329727172852,1.6038960177888941,1.6622143034062424,1.499051642028328,31.498506707378723,-0.023161790740720223
2010-03-09,1.5016368627548218,1.50450599193573,1.494209885597229,1.5788575768470765,1.6028785136695396,1.6633813566467186,1.4943337970474344,30.805883716391193,-0.023045004926255386
2010-03-10,1.4970060586929321,1.5016142129898071,1.4874091148376465,1.576645941734314,1.601825056314694,1.6638459124991365,1.4894459709694914,29.536815603430625,-0.02306029380104202
2010-03-11,1.507204532623291,1.5085914134979248,1.4951034784317017,1.5744260001182555,1.6008835584856507,1.6629493999776226,1.4859026002588884,35.8086059925395,-0.02199592341731571
2010-03-12,1.5216069221496582,1.5218383073806763,1.5029006004333496,1.5725922656059266,1.6000947361664692,1.6616264657779318,1.4835580654339213,43.46199510528121,-0.019762440636881706
2010-03-15,1.505434513092041,1.520889401435852,1.5024038553237915,1.5704735589027405,1.5991528433202573,1.6607741249079184,1.4801729928975627,37.985312869146995,-0.019077454672341565
2010-03-16,1.5236934423446655,1.5260884761810303,1.498711109161377,1.5689658498764039,1.5984020034469673,1.6598325652340409,1.4780991345187668,46.22438890299277,-0.01686682510535764
2010-03-17,1.5317922830581665,1.5370663404464722,1.5211901664733887,1.5675540089607238,1.5977392201048186,1.6584949963763795,1.4766130215450681,49.43346061040946,-0.014296574474816248
2010-03-18,1.5253669023513794,1.532801866531372,1.5223944187164307,1.5661934089660645,1.5970190974812695,1.6575907515458594,1.4747960663862696,47.03529784023706,-0.012632487404992565
2010-03-19,1.5017945766448975,1.5256694555282593,1.4992053508758545,1.5641810989379883,1.596071589734609,1.656746862533557,1.4716153353424195,39.4701901823244,-0.013065168960434193
2010-03-22,1.5108022689819336,1.511190414428711,1.4936965703964233,1.5621713066101075,1.5952231387138949,1.654925562690019,1.469417050530196,43.22788967947731,-0.01253671131504297
2010-03-23,1.5021330118179321,1.5113046169281006,1.4974992275238037,1.5599105739593506,1.594296868721087,1.6529022521862502,1.466918895732451,40.61459779776222,-0.012671373716323098
2010-03-24,1.4898910522460938,1.5035558938980103,1.4859061241149902,1.5571361660957337,1.5932580047940113,1.6500391641885166,1.4642331680029508,37.195092605735546,-0.013609041902927554
2010-03-25,1.4844944477081299,1.4983068704605103,1.480560302734375,1.554158058166504,1.5921757802612837,1.646628267703272,1.461687848629736,35.76553970755633,-0.01461909179115417
2010-03-26,1.4898022413253784,1.4924037456512451,1.4813936948776245,1.551414201259613,1.5911571380044347,1.6432021385925741,1.459626263926652,38.27818615354138,-0.014820428346181913
2010-03-29,1.498194694519043,1.501907467842102,1.489491581916809,1.5486721682548523,1.5902321384963005,1.638400432083131,1.4589439044265737,42.13258763715645,-0.014139793445399285
2010-03-30,1.5074089765548706,1.5126075744628906,1.497790813446045,1.5461069345474243,1.5894080273700488,1.6329714164636537,1.459242452631195,46.11156183570837,-0.012710352794402136
2010-03-31,1.5183724164962769,1.520218849182129,1.5047097206115723,1.5438782644271851,1.5887012053185237,1.6276402949651936,1.4601162338891767,50.475025325761926,-0.01057099692955532
2010-04-01,1.5291922092437744,1.529823899269104,1.5185797214508057,1.5420519256591796,1.5881090759605705,1.622926514815702,1.4611773365026572,54.39933864690389,-0.007911278845563974
2010-04-02,1.5210051536560059,1.5299643278121948,1.5183953046798706,1.540251898765564,1.5874413751922496,1.6188362060349477,1.4616675914961803,51.0998080370885,-0.006390395563449003
2010-04-05,1.5298004150390625,1.5317922830581665,1.522695779800415,1.5383476638793945,1.5868678332586152,1.613068051359509,1.46362727639928,54.30623381778876,-0.004424379029087211
2010-04-06,1.5270905494689941,1.530901312828064,1.5134087800979614,1.536595470905304,1.5862730343722633,1.6080451385666477,1.4651458032439604,53.1498647362388,-0.0030498040230930723
2010-04-07,1.5242043733596802,1.5284910202026367,1.5143026113510132,1.5347233819961548,1.5856554357113537,1.6022871806800807,1.4671595833122288,51.88271127837084,-0.002168338462751107
2010-04-08,1.5283042192459106,1.528397560119629,1.5143942832946777,1.5330032801628113,1.585084776800919,1.596557189458178,1.4694493708674445,53.57587954984493,-0.0011259678993338351
2010-04-09,1.536995530128479,1.5390061140060425,1.5269973278045654,1.531773371696472,1.5846062768007134,1.592470435777307,1.4710763076156372,57.028007624071286,0.00039685968257230364
2010-04-12,1.5373972654342651,1.5487548112869263,1.5356736183166504,1.5306162667274474,1.5841365353617014,1.5885153475038074,1.4727171859510875,57.18648362869585,0.0016174828587998125
2010-04-13,1.5377753973007202,1.544711709022522,1.5340481996536255,1.5293876385688783,1.5836752304738908,1.5838511319526507,1.4749241451851058,57.34593432423478,0.002585543070446672
2010-04-14,1.5472211837768555,1.5491626262664795,1.537491798400879,1.5284920263290405,1.5833125036165758,1.5801535858394167,1.4768304668186643,61.2302787070002,0.004068039957207281
2010-04-15,1.54655122756958,1.5522888898849487,1.5395984649658203,1.527883279323578,1.582946719750843,1.577903618493034,1.477862940154122,60.807312106260056,0.005129737137339996
2010-04-16,1.536405086517334,1.5473887920379639,1.5360039472579956,1.5272953248023986,1.5824836188919778,1.5761744896137118,1.4784161599910854,54.65028031167403,0.005093713851084258
2010-04-19,1.533530592918396,1.534401297569275,1.5198029279708862,1.526813771724701,1.581996524074232,1.5749426606520307,1.4786848827973713,53.012560859482136,0.004778138124887921
2010-04-20,1.5363816022872925,1.542828917503357,1.5293091535568237,1.5261535906791688,1.5815426442259914,1.5727808467518478,1.4795263346064897,54.46992299065883,0.004703871415844052
2010-04-21,1.5413308143615723,1.5439485311508179,1.5335071086883545,1.5257560634613037,1.581142526490181,1.5714939415621256,1.4800181853604817,56.96524795713787,0.0049868888159279035
2010-04-22,1.5373972654342651,1.547173261642456,1.5346838235855103,1.5250999331474304,1.5807072502330712,1.569145200139973,1.4810546661548878,54.41276585695802,0.004838008074602218
2010-04-23,1.5382012128829956,1.5398591756820679,1.530245304107666,1.5244677686691284,1.5802843045611514,1.5667665553908443,1.4821689819474124,54.85797242525409,0.004730362184008241
2010-04-26,1.5467904806137085,1.5494986772537231,1.5378936529159546,1.5240693664550782,1.5799510326602904,1.5651004212190023,1.483038311691154,59.417976016673,0.005277300724779055
2010-04-27,1.5247621536254883,1.5484910011291504,1.5228580236434937,1.5229844999313356,1.5794018895514064,1.560831790248982,1.485137209613689,46.4568218389903,0.0038884281895730233
2010-04-28,1.520426869392395,1.528794765472412,1.5134087800979614,1.5220288515090943,1.5788150733945447,1.557557178298993,1.4865005247191956,44.40392137567637,0.0024101329802665994
2010-04-29,1.5356029272079468,1.5363342761993408,1.5145089626312256,1.5218948006629944,1.5783851017646722,1.5571604691933496,1.4866291321326393,52.34301682039308,0.0024350842747256074
2010-04-30,1.5300110578536987,1.5389113426208496,1.5257858037948608,1.5215668654441834,1.577903767965569,1.5562014404358258,1.486932290452541,49.536088634005395,0.0019808077133534052
2010-05-03,1.524924874305725,1.5312060117721558,1.5216299295425415,1.521092185974121,1.5773766147635477,1.554850714510503,1.4873336574377392,47.063907815688594,0.0011965842815186978
2010-05-04,1.5127906799316406,1.5266709327697754,1.509297251701355,1.5204561519622803,1.5767339686080681,1.553600237462955,1.4873120664616057,41.71511727011734,-0.00039944199584596163
2010-05-05,1.5097986459732056,1.5173125267028809,1.507204532623291,1.5198179054260255,1.5760679454585402,1.5525174586135617,1.4871183522384892,40.493068470201536,-0.0018840186600284081
2010-05-06,1.4863920211791992,1.5148990154266357,1.4724071025848389,1.5190579414367675,1.5751756476531409,1.5530638844307403,1.4850519984427948,32.47749553250502,-0.004892873367271289
2010-05-07,1.4783058166503906,1.4932059049606323,1.4490653276443481,1.5181460094451904,1.5742117686827455,1.5540161114714852,1.4822759074188956,30.249746642640048,-0.007839532278466121
2010-05-10,1.4861931800842285,1.5050947666168213,1.4776942729949951,1.5179122614860534,1.5733359617815907,1.5544671688883926,1.4813573540837142,34.93771659480531,-0.009429637393330026
2010-05-11,1.4920918941497803,1.5005327463150024,1.4727107286453247,1.5176978945732116,1.5725275630535174,1.5547367853614518,1.4806590037849714,38.27877262590055,-0.01009743329982249
2010-05-12,1.483701467514038,1.5043928623199463,1.4820963144302368,1.5171659183502197,1.5716437212579621,1.555383774444189,1.4789480622562505,35.4872676695535,-0.011174886538816375
2010-05-13,1.4613901376724243,1.4911574125289917,1.4575984477996826,1.5163216996192932,1.570546670614937,1.5575118538567192,1.4751315453818672,29.356547734046742,-0.013671517108996722
2010-05-14,1.4538053274154663,1.4640002250671387,1.4500318765640259,1.5151319193840027,1.56938506514698,1.5599554335361818,1.4703084052318236,27.610269245905528,-0.01607682202511751
2010-05-17,1.4480162858963013,1.4539955854415894,1.4273072481155396,1.5140084624290466,1.568177415537365,1.56260821201173,1.4654087128463633,26.323222831669568,-0.018239912413634318
2010-05-18,1.4296742677688599,1.4519267082214355,1.4280002117156982,1.5125692105293274,1.5667992746903001,1.5666208407509696,1.458517580307685,22.710925163376857,-0.021189960034021516
2010-05-19,1.4416700601577759,1.4466965198516846,1.4239943027496338,1.5114624905586242,1.5655542078135138,1.5689703078170918,1.4539546733001567,29.522699290098885,-0.022302840571288618
2010-05-20,1.4348437786102295,1.446006178855896,1.423892855644226,1.5100152754783631,1.5642536064601502,1.5714671986490683,1.448563352307658,28.00985929896244,-0.02346513877298273
2010-05-21,1.4481000900268555,1.4497796297073364,1.4321722984313965,1.508545138835907,1.5630978500181159,1.5723376659917958,1.4447526116800182,34.97805116247828,-0.023050878746510906
2010-05-24,1.4409013986587524,1.4527915716171265,1.4355852603912354,1.5072544765472413,1.5618819648678721,1.573853440207082,1.4406555128874006,33.10415662355513,-0.02303788255289585
2010-05-25,1.4415037631988525,1.4450031518936157,1.4263911247253418,1.505610682964325,1.5606841717558808,1.5745689565701892,1.4366524093584607,33.425557901750054,-0.022717108505663663
2010-05-26,1.4383935928344727,1.4444396495819092,1.4340001344680786,1.503742709159851,1.5594673500141625,1.5748332967135426,1.4326521216061594,32.55582356415675,-0.02245501013868667
2010-05-27,1.4560492038726807,1.460856318473816,1.4381040334701538,1.502356355190277,1.5584383136831517,1.5744225908369072,1.4302901195436468,41.81187155643598,-0.0205853400516689
2010-05-28,1.4452955722808838,1.4607069492340088,1.4441475868225098,1.5012263751029968,1.5573125152060026,1.575078222398419,1.4273745278075747,38.35881706174989,-0.019743747602762207
2010-05-31,1.4522007703781128,1.4550957679748535,1.4432096481323242,1.5000543451309205,1.5562666271469598,1.5751356874078986,1.4249730028539425,41.68894120335444,-0.01830853831335255
2010-06-01,1.4667057991027832,1.471995234489441,1.4446065425872803,1.4993458008766174,1.5553754745862496,1.5750134417138086,1.4236781600394262,48.039212998323336,-0.015818345971096548
2010-06-02,1.46500825881958,1.476995825767517,1.45596444606781,1.498848145008087,1.554476298267151,1.5750946795485614,1.4226016104676127,47.38877922044723,-0.013822490842677615
2010-06-03,1.4634003639221191,1.4744043350219727,1.4590020179748535,1.4984262633323668,1.553570070021993,1.5752283727904628,1.4216241538742709,46.7432024171981,-0.012229530539096256
2010-06-04,1.445797085762024,1.4678899049758911,1.445692539215088,1.4975461602210998,1.5524977019693575,1.5757474372672486,1.4193448831749509,40.27442352700554,-0.012246366957447963
2010-06-07,1.4474084377288818,1.4560704231262207,1.4393045902252197,1.4965304350852966,1.55145203760024,1.5760062290924572,1.417054641078136,41.078247664868115,-0.011991457248458959
2010-06-08,1.4448988437652588,1.453002691268921,1.4350496530532837,1.4952802324295045,1.5503918067673101,1.5760142379491662,1.4145462269098428,40.171438690006205,-0.011855282410896839
2010-06-09,1.4547992944717407,1.4609204530715942,1.4400092363357544,1.4940087699890137,1.5494406374476573,1.5752591400176268,1.4127583999604005,45.30142386647555,-0.010823710246353535
2010-06-10,1.470847725868225,1.4719085693359375,1.4513999223709106,1.4928418803215027,1.5486586183919,1.5737047550335606,1.4119790056094448,52.42286864701392,-0.008611934561634449
2010-06-11,1.4552016258239746,1.47520911693573,1.4505999088287354,1.491525809764862,1.5477286980265572,1.5726592961026766,1.4103923234270475,46.11870612806692,-0.008029042110622164
2010-06-14,1.4736003875732422,1.4807356595993042,1.457279920578003,1.4904018092155455,1.5469911028652488,1.570925897843849,1.4098777205872421,53.239849001292995,-0.006013153445521446
2010-06-15,1.4799906015396118,1.4834814071655273,1.469248652458191,1.489459810256958,1.5463244311812565,1.5693314112417063,1.4095882092722098,55.442491766547995,-0.0038554668707546647
2010-06-16,1.4736003875732422,1.4849793910980225,1.4716920852661133,1.4884477305412291,1.545600808825623,1.5678031239859975,1.4090923370964608,52.76575888431074,-0.00263079540498401
2010-06-17,1.4815912246704102,1.4836355447769165,1.46500825881958,1.4875134706497193,1.5449638975133295,1.5660493021424544,1.4089776391569842,55.64928868075339,-0.0010038687000621938
2010-06-18,1.4829974174499512,1.4888042211532593,1.4776068925857544,1.4864335083961486,1.5443473155961136,1.5636663108535345,1.4092007059387628,56.15652430419984,0.0003944039964647317
2010-06-21,1.4759929180145264,1.4934957027435303,1.4740999937057495,1.485205421447754,1.543667172308159,1.561071246760578,1.4093395961349298,52.91038605662907,0.0009266586727241233
2010-06-22,1.482008457183838,1.4861048460006714,1.469594120979309,1.4840900826454162,1.5430536527292873,1.5584256738432574,1.409754491447575,55.3001499522779,0.0018129791799070816
2010-06-23,1.4968043565750122,1.4970507621765137,1.4806040525436401,1.4830817461013794,1.5425934607088927,1.5552584488589305,1.4109050433438284,60.596924417907154,0.003667028768820302
2010-06-24,1.4932059049606323,1.5005552768707275,1.4920918941497803,1.4820148396492003,1.5421020422237972,1.5519029690330868,1.412126710265314,58.77285572474574,0.0047907862522198474
2010-06-25,1.5067956447601318,1.5079090595245361,1.4861490726470947,1.4814226508140564,1.541750734772236,1.5499175784792505,1.4129277231488624,63.26958369215026,0.006700708979604286
2010-06-28,1.509889841079712,1.5126991271972656,1.5022459030151367,1.4809498357772828,1.5414337109417917,1.5482933146262277,1.413606356928338,64.22633315616454,0.008367556304563317
2010-06-29,1.5053439140319824,1.5121043920516968,1.5017945766448975,1.4803290820121766,1.541074608470838,1.5461418276986707,1.4145163363256825,61.68415896860763,0.009215495996326872
2010-06-30,1.4944332838058472,1.5074316263198853,1.4937635660171509,1.479391131401062,1.54061051567001,1.542953646925451,1.4158286158766729,55.95915988538388,0.008904452648514694
2010-07-01,1.5165761709213257,1.4973422288894653,1.487851619720459,1.4789747095108032,1.540371367951838,1.5412458179696644,1.416703601051942,63.38619859441248,0.010325666631394892
2010-07-02,1.5204963684082031,1.5229507684707642,1.5154958963394165,1.4786206126213073,1.5401736067547926,1.5397071783958451,1.4175340468467694,64.52676168238193,0.011634204262161552
2010-07-05,1.5132026672363281,1.5200109481811523,1.5093427896499634,1.4779488563537597,1.5399052391872425,1.5366684870609066,1.4192292256466128,60.735844730254655,0.011944994571562395
2010-07-06,1.5143942832946777,1.5227652788162231,1.5084776878356934,1.4777414989471436,1.539651398820595,1.535856496562499,1.4196265013317881,61.13755010247624,0.012147423649718325
2010-07-07,1.5178422927856445,1.5220237970352173,1.5086597204208374,1.4776898074150084,1.5394343927823495,1.5356542390329262,1.4197253757970907,62.33823444077114,0.012442644640148659
2010-07-08,1.5154958963394165,1.5239256620407104,1.5105055570602417,1.477287666797638,1.5391961987791476,1.5338747915237814,1.4207005420714947,60.95801820165686,0.01234496969232346
2010-07-09,1.5067956447601318,1.5204963684082031,1.5053439140319824,1.4768233585357666,1.538873805195101,1.5320083487897656,1.4216383682817677,56.006418392313996,0.011433723157733278
2010-07-12,1.5024038553237915,1.5087963342666626,1.4952600002288818,1.476372938156128,1.5385109201086957,1.530308958947187,1.4224369173650688,53.63787866281379,0.01023914254844338
2010-07-13,1.5185105800628662,1.5192488431930542,1.4970957040786743,1.4764873361587525,1.5383119117429405,1.5307618314312312,1.4222128408862738,60.273395173538006,0.010471399115239866
2010-07-14,1.526810884475708,1.5294963121414185,1.518533706665039,1.4768275809288025,1.5381974736566428,1.5321574695802582,1.4214976922773468,63.19667231365714,0.011196166872982527
2010-07-15,1.5443061590194702,1.5466947555541992,1.5239720344543457,1.4779858636856078,1.5382582565976992,1.5364679608026828,1.4195037665685328,68.46416872561751,0.013032047651081236
2010-07-16,1.530690312385559,1.5448071956634521,1.5280005931854248,1.4790335536003112,1.5381829536676117,1.5393860426545953,1.418681064546027,61.131067018230105,0.013235738014680365
2010-07-19,1.5225566625595093,1.5349900722503662,1.5205193758010864,1.479760823249817,1.5380274681786266,1.5413295906164113,1.4181920558832226,57.19037226209474,0.01259565169787602
2010-07-20,1.5287247896194458,1.5309950113296509,1.515702724456787,1.4804934811592103,1.5379349042097266,1.5435158684816295,1.4174710938367912,59.331401273209174,0.01244266370290581
2010-07-21,1.5183953046798706,1.5329898595809937,1.5132256746292114,1.4811873579025268,1.5377404803272843,1.5451114166576996,1.417263299147354,54.42265209800036,0.011357000079724955
2010-07-22,1.5272072553634644,1.5296835899353027,1.515381097793579,1.4825037002563477,1.5376356721152076,1.5474660177156405,1.4175413827970549,57.64221939178758,0.011079932052508346
2010-07-23,1.543900728225708,1.5449265241622925,1.5260884761810303,1.4843056082725525,1.537698010984029,1.5509939867010445,1.4176172298440606,62.97767452173304,0.012068261979711226
2010-07-26,1.5489946603775024,1.5517107248306274,1.5423054695129395,1.4863251757621765,1.5378104154592658,1.5546244802465596,1.4180258712777933,64.44923582789608,0.01311141805467475
2010-07-27,1.558797836303711,1.559989333152771,1.5446163415908813,1.4889076471328735,1.5380192455241517,1.558221038892122,1.419594255373625,67.15495575535664,0.014561307440230653
2010-07-28,1.5594055652618408,1.5635015964508057,1.556032657623291,1.4912623572349548,1.5382320447323137,1.5620103005954953,1.4205144138744144,67.32100252929382,0.01557979963993028
2010-07-29,1.5612316131591797,1.5661708116531372,1.558239221572876,1.4937901139259337,1.5384608961666781,1.5653372947717237,1.4222429330801438,67.84698254623216,0.016345883678343887
2010-07-30,1.5687997341156006,1.5723023414611816,1.5556938648223877,1.4962041068077088,1.5387627751606887,1.5695805394201912,1.4228276741952264,70.0020120915038,0.01736353884253239
2010-08-02,1.5889915227890015,1.590609073638916,1.5700066089630127,1.4991659092903138,1.5392625637097836,1.5753331457570607,1.4229986728235668,74.84606462466414,0.019573712909874086
2010-08-03,1.5945911407470703,1.5965259075164795,1.586395025253296,1.502227656841278,1.5398130968315145,1.5811903572649495,1.4232649564176065,76.003337695132,0.021528961683963566
2010-08-04,1.5945911407470703,1.596551537513733,1.5865209102630615,1.50535160779953,1.540358152011401,1.586339561383491,1.4243636542155689,76.003337695132,0.022815507456438677
2010-08-05,1.5891934633255005,1.592407464981079,1.5824036598205566,1.5080144929885864,1.5408440755216695,1.5911139060337933,1.4249150799433794,72.28543026388047,0.023132895176669166
2010-08-06,1.589142918586731,1.599590539932251,1.5843089818954468,1.5108914399147033,1.541324661039106,1.5950811405490901,1.4267017392803165,72.24978874507977,0.023113905973453308
2010-08-09,1.5978014469146729,1.5996160507202148,1.5935746431350708,1.5138034534454345,1.5418866191240763,1.5997610168832535,1.4278458900076156,74.56353142586309,0.023526330869191536
2010-08-10,1.590609073638916,1.5904066562652588,1.5713881254196167,1.5162815189361571,1.5423714196806537,1.6038264844292094,1.428736553443105,69.38809976366794,0.023007598878109103
2010-08-11,1.5857913494110107,1.5857913494110107,1.563403844833374,1.5186971807479859,1.5428034587949253,1.6071285817062497,1.430265779789722,66.07952158260545,0.021954670184543668
2010-08-12,1.563281536102295,1.5715116262435913,1.5562022924423218,1.5206948041915893,1.5430072207640086,1.608538302362853,1.4328513060203256,53.29326596002413,0.019083875756872315
2010-08-13,1.5587736368179321,1.56788969039917,1.5577536821365356,1.5229543352127075,1.54316410053018,1.608721907858869,1.437186762566546,51.158353622930456,0.01625759327653231
2010-08-16,1.5603058338165283,1.5692921876907349,1.5538808107376099,1.5252122831344606,1.5433346650452722,1.6087782036959175,1.4416463625730036,51.86418526590703,0.013980224218871795
2010-08-17,1.5646023750305176,1.5697355270385742,1.5565898418426514,1.5276063537597657,1.5435462840559722,1.608600042004426,1.4466126655151055,53.87706053953896,0.012379385946106991
2010-08-18,1.5578023195266724,1.568406105041504,1.5502915382385254,1.5296664142608642,1.5436881351590799,1.6083071425634707,1.4510256859582578,50.29254621287288,0.010441637732709896
2010-08-19,1.5598920583724976,1.5670051574707031,1.5512293577194214,1.5314473009109497,1.5438493682302652,1.6086715090257702,1.4542230927961293,51.363457179265275,0.00897116872435677
2010-08-20,1.557705283164978,1.5596973896026611,1.5473887920379639,1.5334973740577698,1.543987238034323,1.60784886860075,1.4591458795147896,50.14596918607366,0.007542412718644087
2010-08-23,1.554508924484253,1.561597228050232,1.550603985786438,1.5351155447959899,1.5440919314346258,1.6076457273994322,1.4625853621925475,48.3422322860008,0.006082083386718562
2010-08-24,1.5496188402175903,1.550603985786438,1.5377991199493408,1.5365081095695496,1.544146925553321,1.6073729189967478,1.4656433001423514,45.63761617647474,0.0044785470354564705
2010-08-25,1.5410932302474976,1.5467904806137085,1.5392192602157593,1.5378579664230347,1.5441165405246082,1.6063637957917063,1.4693521370543632,41.29935223932076,0.0024910719246260538
2010-08-26,1.5472211837768555,1.5596487522125244,1.5470057725906372,1.5391705656051635,1.5441474324980666,1.6057643226425602,1.4725768085677668,45.32258948863049,0.0013943846187718378
2010-08-27,1.5519996881484985,1.553808331489563,1.5450457334518433,1.5405506110191345,1.544225564397087,1.6052252197198222,1.4758760023184467,48.29835249228024,0.0009004574815099087
2010-08-30,1.5533980131149292,1.5578266382217407,1.5460729598999023,1.5420987129211425,1.5443168325458478,1.6041170712428559,1.4800803545994292,49.17013897613727,0.0006147631977120316
2010-08-31,1.54659903049469,1.5476043224334717,1.533554196357727,1.5433905243873596,1.5443395409837197,1.6029418163589855,1.4838392324157337,45.18097532255028,-0.00015844618747884454
2010-09-01,1.5349900722503662,1.5492826700210571,1.5340481996536255,1.5441542387008667,1.544246511441772,1.6022280827460682,1.486080394655665,39.315793682453624,-0.001688502104910894
2010-09-02,1.5448071956634521,1.5453799962997437,1.5354615449905396,1.545186264514923,1.5442520903893886,1.6013677771721968,1.4890047518576492,45.73156462197164,-0.002084889322311767
2010-09-03,1.5395984649658203,1.5463359355926514,1.5390061140060425,1.5458423209190368,1.5442057856576779,1.6009498612623883,1.4907347805756854,43.1263233735314,-0.002787200966271053
2010-09-06,1.544998049736023,1.5490666627883911,1.535202145576477,1.546544485092163,1.5442136688825283,1.6006681398429883,1.4924208303413378,46.52710485384784,-0.002874946050767102
2010-09-07,1.5395036935806274,1.542400598526001,1.529894232749939,1.547227680683136,1.5441668034555196,1.6000759659815855,1.4943793953846864,43.66588755470338,-0.003349225499155617
2010-09-08,1.53487229347229,1.5530121326446533,1.5348016023635864,1.5480364608764647,1.5440743207669327,1.598782914581068,1.4972900071718616,41.35714483712616,-0.004052100568510575
2010-09-09,1.5473887920379639,1.5480115413665771,1.5377991199493408,1.5486527132987975,1.5441073005813468,1.598581570998758,1.498723855598837,49.17778137162515,-0.0035581412578544747
2010-09-10,1.5425909757614136,1.54655122756958,1.5372081995010376,1.5490946054458619,1.5440922127718437,1.5983934559961683,1.4997957548955554,46.61171704043352,-0.0035133192643548306
2010-09-13,1.5370900630950928,1.5488988161087036,1.5372081995010376,1.549572353363037,1.5440225396391332,1.59790502690067,1.501239679825404,43.79039116089163,-0.003876983735543238
2010-09-14,1.5428051948547363,1.556299090385437,1.5349900722503662,1.5501405715942382,1.544010426755431,1.5974422383301978,1.5028389048582786,47.35561182147307,-0.003661815944559166
2010-09-15,1.5533980131149292,1.5637705326080322,1.5454994440078735,1.550851686000824,1.5441038355770296,1.5972315566849618,1.504471815316686,53.27159301332226,-0.0026064959514418007
2010-09-16,1.563403844833374,1.5649206638336182,1.5542430877685547,1.5518098449707032,1.5442958754744038,1.5971768322987603,1.506442857642646,58.065330850862786,-0.0009517886294203581
2010-09-17,1.5628174543380737,1.5725990533828735,1.5601110458374023,1.552930281162262,1.5444801697955184,1.5964908172582815,1.5093697450662427,57.6918005751503,0.00030870349082223747
2010-09-20,1.5646023750305176,1.5686765909194946,1.5557422637939453,1.5541742515563965,1.5446803907475006,1.5953315592231452,1.513016943889648,58.565550520911856,0.001435137389659502
2010-09-21,1.5548230409622192,1.558797836303711,1.5507001876831055,1.5549005007743835,1.5447813126423653,1.5947499319311171,1.5150510696176498,52.20428123113386,0.0015211984116232369
2010-09-22,1.5616947412490845,1.5715116262435913,1.5609878301620483,1.555598177909851,1.5449496054679233,1.594653886676098,1.5165424691436042,55.834434461352565,0.002119459367252219
2010-09-23,1.5646023750305176,1.5739850997924805,1.5619386434555054,1.5560041022300721,1.5451451554179618,1.595002631654042,1.5170055728061023,57.311852669058986,0.002795976949044432
2010-09-24,1.56788969039917,1.584208607673645,1.5647003650665283,1.5567480897903443,1.5453714692036153,1.5951908893512037,1.518305290229485,58.982464531687555,0.0035563850901239036
2010-09-27,1.5831050872802734,1.5865963697433472,1.579005479812622,1.5579590582847596,1.5457469280977454,1.5958158924099857,1.5201022241595334,65.6777694004531,0.0053253817029652595
2010-09-28,1.5810027122497559,1.5893198251724243,1.5729453563690186,1.5590046167373657,1.5460977319273643,1.5964513642892044,1.521557869185527,64.12034059217976,0.006482948770956565
2010-09-29,1.5803030729293823,1.5874276161193848,1.576864242553711,1.560242772102356,1.5464380835860523,1.59627623515204,1.5242093090526718,63.580010558963295,0.00726018309472698
2010-09-30,1.57957923412323,1.5920017957687378,1.5704504251480103,1.5612902116775513,1.5467678462846086,1.596437975610455,1.5261424477446477,62.988615507156766,0.00772864810921603
2010-10-01,1.571659803390503,1.5861937999725342,1.5707957744598389,1.5618453931808471,1.547015527454782,1.5967481128148493,1.526942673546845,56.767172342392264,0.007375853881385064
2010-10-04,1.582003116607666,1.5871001482009888,1.575150489807129,1.5625055623054505,1.5473636626771092,1.5976639204781808,1.52734720413272,62.0406620173929,0.00784050043950879
2010-10-05,1.5824286937713623,1.5929908752441406,1.5777100324630737,1.5629781794548034,1.5477125684659636,1.598565800458932,1.5273905584506748,62.244725555784555,0.00814913850876664
2010-10-06,1.589142918586731,1.5939048528671265,1.5838572978973389,1.5635729265213012,1.5481248107637027,1.5999030553739348,1.5272427976686676,65.40458372918047,0.008833688964154485
2010-10-07,1.5864957571029663,1.601845383644104,1.5849117040634155,1.564078209400177,1.548506611232107,1.6009737791682224,1.5271826396321317,63.16017213541495,0.009058179271361322
2010-10-08,1.5880074501037598,1.5955580472946167,1.5829297304153442,1.5644623637199402,1.5488996544124172,1.6019537555234076,1.5269709719164728,63.921566813162016,0.009251425771129584
2010-10-11,1.594870924949646,1.5963729619979858,1.5894713401794434,1.5645799517631531,1.5493570799984953,1.6024206104181657,1.5267392931081405,67.23284804140229,0.00984491403334209
2010-10-12,1.5892945528030396,1.59190034866333,1.578432321548462,1.5644740200042724,1.5497544677949864,1.6020001123631533,1.5269479276453914,62.23508062652605,0.009752866158328155
2010-10-13,1.5811026096343994,1.588940978050232,1.5777100324630737,1.564204249382019,1.5500663896100775,1.6010341101778884,1.5273743885861495,55.68626873158576,0.008916116759513093
2010-10-14,1.5905078649520874,1.606632113456726,1.5902043581008911,1.5642305374145509,1.550468792357135,1.6011350012140122,1.5273260736150895,60.78796899405315,0.008909212477983486
2010-10-15,1.6006401777267456,1.6102023124694824,1.5982609987258911,1.5644604825973512,1.5509680101310175,1.602133782485464,1.5267871827092383,65.40828232475187,0.009610549316609651
2010-10-18,1.5979036092758179,1.600512146949768,1.584208607673645,1.564462525844574,1.551435031026376,1.602143216819554,1.5267818348695938,63.24091439161563,0.009832206059429582
2010-10-19,1.589395523071289,1.5936000347137451,1.5704010725021362,1.5644382548332214,1.551812747371814,1.6020517079425103,1.5268248017239325,56.925301692826714,0.009215113085956572
2010-10-20,1.5703023672103882,1.5869992971420288,1.5663179159164429,1.564128475189209,1.5519967236918382,1.6012763761828837,1.5269805741955345,45.8575641784251,0.007103519398907743
2010-10-21,1.5845098495483398,1.5850623846054077,1.5732671022415161,1.56455304145813,1.552320237387563,1.6021440309397117,1.526962051976548,53.15602586720463,0.006501545506966577
2010-10-22,1.571190595626831,1.574803113937378,1.565802812576294,1.564801380634308,1.5525080021493867,1.6024005908898329,1.527202170378783,46.788378640192455,0.004893317267325559
2010-10-25,1.56788969039917,1.5774611234664917,1.5672016143798828,1.5649530577659607,1.552661053776364,1.6025394316684416,1.5273666838634798,45.33882402564704,0.0033142250127813355
2010-10-26,1.570968508720398,1.5895723104476929,1.5694397687911987,1.5650803804397584,1.552843217510216,1.602705016346406,1.5274557445331107,46.98851370701723,0.0022848792661818162
2010-10-27,1.5850121974945068,1.586395025253296,1.5759944915771484,1.565624577999115,1.5531633068686266,1.6036049828752916,1.5276441731229382,53.832943739166,0.0025726675519237574
2010-10-28,1.5774115324020386,1.5970869064331055,1.5766903162002563,1.5659749674797059,1.5534045827485612,1.6040626145389703,1.5278873204204415,50.06538565122852,0.0021625036937535924
2010-10-29,1.5774115324020386,1.601999282836914,1.5881586074829102,1.566369092464447,1.5536434578733926,1.6045152497643114,1.5282229351645829,50.06538565122852,0.001816506326882239
2010-11-01,1.6048015356063843,1.6087257862091064,1.6011015176773071,1.5673749446868896,1.5541524934809565,1.6068729542433613,1.527876935130418,61.36578463894199,0.003709682362564637
2010-11-02,1.6059871912002563,1.608078956604004,1.5966534614562988,1.5685023117065429,1.5546682616257235,1.6091332688515292,1.5278713545615565,61.76911193859271,0.005245246570515727
2010-11-03,1.6032320261001587,1.6153000593185425,1.6011015176773071,1.569745087623596,1.5551514831704412,1.6107536835649796,1.5287364916822126,60.196468408642424,0.00616876380157505
2010-11-04,1.6106950044631958,1.62983238697052,1.6090881824493408,1.571014564037323,1.5557041550327726,1.6130930877705423,1.5289360403041037,62.94826731947144,0.007417355190463937
2010-11-05,1.6276041269302368,1.6280015707015991,1.6169978380203247,1.5725266528129578,1.556419577649832,1.6171716186646594,1.5278816869612561,68.29634799974171,0.009659943909152702
2010-11-08,1.6209557056427002,1.6210081577301025,1.6109285354614258,1.5738778066635133,1.557061728187001,1.6202168909028023,1.5275387224242243,64.36261179724136,0.010776514638359824
2010-11-09,1.6116294860839844,1.6184110641479492,1.6074068546295166,1.575178415775299,1.557604690960413,1.6220399442167366,1.5283168873338615,59.21057651594281,0.010784539550993788
2010-11-10,1.600000023841858,1.6111102104187012,1.5966789722442627,1.5764786148071288,1.558026535075046,1.6223867024694967,1.530570527144761,53.46356861678743,0.009740219750397738
2010-11-11,1.6122270822525024,1.6178088188171387,1.6107208728790283,1.57782701253891,1.5585658440102346,1.623898371204599,1.531755653873221,58.07143178337321,0.009786398700063037
2010-11-12,1.610565423965454,1.6165796518325806,1.598848819732666,1.5792463517189026,1.5590832527736538,1.6248812284115701,1.533611475026235,57.241915209653676,0.009578498940292057
2010-11-15,1.6129032373428345,1.6154567003250122,1.6045697927474976,1.5806044554710388,1.559618775016008,1.626120773794284,1.5350881371477936,58.147719689126475,0.009492950065273398
2010-11-16,1.6043124198913574,1.6085187196731567,1.5904066562652588,1.5819006299972533,1.5600634879067816,1.6263175307535394,1.5374837292409673,53.64997233339789,0.008632435451220388
2010-11-17,1.5887137651443481,1.5937525033950806,1.5859925746917725,1.5829774594306947,1.5603485652963183,1.6253020790181836,1.5406528398432058,46.60143510034081,0.006615530626190136
2010-11-18,1.5921032428741455,1.6024870872497559,1.5891934633255005,1.5838717484474183,1.5606645322418775,1.6249997849337015,1.5427437119611351,48.19415206066792,0.005230329563643776
2010-11-19,1.605188012123108,1.6095025539398193,1.5940319299697876,1.585123689174652,1.5611075519484159,1.624911880011367,1.545335498337937,53.90945001886748,0.005129252436908871
2010-11-22,1.6004352569580078,1.6085704565048218,1.5943114757537842,1.5863905930519104,1.5614988724017185,1.6239051498947379,1.548876036209083,51.67926705788554,0.0046124707724573
2010-11-23,1.5946674346923828,1.5955833196640015,1.585590124130249,1.5874278378486633,1.5618289078519443,1.6228321665685068,1.5520235091288197,49.0284783204972,0.003694909905643806
2010-11-24,1.580502986907959,1.5838572978973389,1.5745303630828857,1.587969937324524,1.5620147195863796,1.622052903954666,1.5538869706943819,43.17203726813842,0.0018039884926519534
2010-11-25,1.579005479812622,1.579404592514038,1.5727968215942383,1.5882819700241089,1.5621837818794715,1.6217266497855527,1.554837290262665,42.59277502377592,0.00018247982822794384
2010-11-26,1.5759695768356323,1.5767897367477417,1.5614020824432373,1.58854501247406,1.5623209539704217,1.6213734344600585,1.5557165904880617,41.38057881053931,-0.0013321927797071975
2010-11-29,1.559016466140747,1.5647003650665283,1.5533015727996826,1.5884332942962647,1.5622880734940692,1.6216302340579236,1.5552363545346057,35.33321215644972,-0.003856105302556534
2010-11-30,1.5556211471557617,1.5572443008422852,1.5488507747650146,1.5884492564201356,1.5622217359176942,1.6215809368609275,1.5553175759793436,34.253542007907924,-0.006060437080769976
2010-12-01,1.5568078756332397,1.5647982358932495,1.5553066730499268,1.5883515191078186,1.5621678666604333,1.621832334589474,1.554870703626163,35.00114179004247,-0.007623745038935814
2010-12-02,1.561036467552185,1.5661708116531372,1.551518201828003,1.588280200958252,1.562156608957719,1.6219819627947007,1.5545784391218032,37.71872826318462,-0.008424355109048154
2010-12-03,1.5590895414352417,1.5713881254196167,1.5583120584487915,1.5881041979789734,1.56212609087253,1.6223284643769564,1.5538799315809904,36.952669921590534,-0.009110920009672396
2010-12-06,1.5767897367477417,1.5770134925842285,1.5660971403121948,1.5879778909683226,1.562271997798499,1.6223238597844611,1.5536319221521842,47.4100086331511,-0.008133017442387258
2010-12-07,1.57086980342865,1.5824036598205566,1.5707464218139648,1.5877752327919006,1.5623575481043432,1.6224075738229284,1.5531428917608727,44.73732283242277,-0.007746415895839132
2010-12-08,1.5753240585327148,1.5832053422927856,1.5673980712890625,1.5876756525039672,1.5624865681101983,1.6224241260402892,1.5529271789676453,47.1514168257223,-0.006999919508950736
2010-12-09,1.5796539783477783,1.5838321447372437,1.573192834854126,1.5876771473884583,1.5626573881146497,1.6224242056570932,1.5529300891198234,49.462550301382386,-0.005989879795982311
2010-12-10,1.577510952949524,1.586294412612915,1.575200080871582,1.5877941703796388,1.5628051847814615,1.6223599877472505,1.553228353012027,48.33588859353468,-0.005301230995130135
2010-12-13,1.5799036026000977,1.5865963697433472,1.572277545928955,1.5877521800994874,1.5629753182941326,1.6223517958729565,1.5531525643260182,49.71312394566741,-0.004510411808717141
2010-12-14,1.5861937999725342,1.590836763381958,1.57420814037323,1.5878274822235108,1.5632063479653144,1.6223961831955072,1.5532587812515144,53.242064714004414,-0.003337641296105698
2010-12-15,1.5763919353485107,1.5770881175994873,1.5619875192642212,1.5875724625587464,1.5633375478413147,1.622289369482069,1.5528555556354238,47.63258047138003,-0.0031626833283564526
2010-12-16,1.5560811758041382,1.5629884004592896,1.5543880462646484,1.5869641709327698,1.5632653451336378,1.6228056818499963,1.5511226600155432,38.565471473892906,-0.0046097975528520685
2010-12-17,1.563281536102295,1.5647982358932495,1.5474845170974731,1.5864696526527404,1.5632655062378056,1.6229293835044392,1.5500099218010417,42.72766584260956,-0.005116655482130028
2010-12-20,1.5513014793395996,1.5576082468032837,1.5480115413665771,1.5855982637405395,1.563146461192686,1.6232999118233333,1.5478966156577456,38.10225952730042,-0.006411130974945944
2010-12-21,1.5508204698562622,1.556832194328308,1.5455234050750732,1.584828782081604,1.563023814511338,1.6237725427653866,1.5458850213978215,37.92474136449781,-0.0073906309810940485
2010-12-22,1.54659903049469,1.5495227575302124,1.5378936529159546,1.5841387104988098,1.56286038382278,1.6245472079727272,1.5437302130248924,36.325213397507916,-0.008410574798445758
2010-12-23,1.5404047966003418,1.5435909032821655,1.5376099348068237,1.5831366491317749,1.5626369451414792,1.6253453187427116,1.5409279795208382,34.055513825044216,-0.009607955993943262
2010-12-24,1.544640064239502,1.5477958917617798,1.5420199632644653,1.58201664686203,1.562457871697708,1.6252881180805778,1.5387451756434822,36.95607090551032,-0.010098726680238368
2010-12-27,1.541378378868103,1.5456188917160034,1.5395036935806274,1.5808861422538758,1.562248125498125,1.6253992166273834,1.5363730678803682,35.655380627786485,-0.010628339849495738
2010-12-28,1.54421067237854,1.5511811971664429,1.537184476852417,1.5799824452400208,1.5620686483507304,1.6256110846923013,1.5343538057877404,37.70568067599379,-0.01069622031632056
2010-12-29,1.5355793237686157,1.5448071956634521,1.5355793237686157,1.5792879843711853,1.561805072978954,1.6265458402429773,1.5320301284993934,34.13589930970316,-0.011316049399481498
2010-12-30,1.550195336341858,1.553808331489563,1.5390297174453735,1.5786016941070558,1.5616895532102057,1.6265417503096629,1.5306616379044486,43.83317307434552,-0.01050676292717534
2010-12-31,1.5437101125717163,1.565802812576294,1.5429717302322388,1.5780520844459534,1.561510653301492,1.6269592807396602,1.5291448881522465,40.95207809239667,-0.010270311172107194
2011-01-03,1.5572443008422852,1.5576082468032837,1.5439962148666382,1.5778391766548157,1.5614682020328035,1.6270188703018689,1.5286594830077624,48.552090929332984,-0.00888836601852283
2011-01-04,1.5489706993103027,1.5646023750305176,1.5455950498580933,1.5773992204666138,1.5613438487706137,1.6272192005642425,1.5275792403689852,44.759451671956676,-0.008364355937570345
2011-01-05,1.5597946643829346,1.562597632408142,1.5455950498580933,1.5768948698043823,1.5613284340004312,1.6269104731685253,1.5268792664402393,50.23620925442554,-0.006995036228037765
2011-01-06,1.5512052774429321,1.5560085773468018,1.5468144416809082,1.5763707447052002,1.561227706073478,1.6269107429793492,1.5258307464310512,46.31227167374858,-0.006527685143383977
2011-01-07,1.5450935363769531,1.5578993558883667,1.5415922403335571,1.5757243847846985,1.5610671670699323,1.6270308759421805,1.5244178936272164,43.696843725873514,-0.0065746836077544835
2011-01-10,1.5540015697479248,1.5567594766616821,1.5478198528289795,1.5747083854675292,1.5609968626182775,1.6256754806468963,1.5237412902881622,48.281377703235115,-0.005825968248448721
2011-01-11,1.5589923858642578,1.5601840019226074,1.5518070459365845,1.5737684893608093,1.5609769175757553,1.6241106714634028,1.5234263072582157,50.70327083733748,-0.004774847313804287
2011-01-12,1.5607929229736328,1.5694891214370728,1.5586034059524536,1.5729197072982788,1.5609750867836767,1.6226617776845362,1.5231776369120213,51.584138931847306,-0.003753272711682021
2011-01-13,1.5749272108078003,1.5861685276031494,1.5725001096725464,1.572204351425171,1.5611139138897157,1.6207432661566106,1.5236654366937312,57.93801928871193,-0.0017825998746818783
2011-01-14,1.5842838287353516,1.5887643098831177,1.5822783708572388,1.5713379454612733,1.5613444603082625,1.617319811595795,1.5253560793267515,61.536580634424446,0.0005280859704612784
2011-01-17,1.588133454322815,1.595099925994873,1.5838072299957275,1.5706815004348755,1.5616110174651228,1.6146659022625762,1.5266970986071748,62.94137504856736,0.0026395269390695475
2011-01-18,1.590002179145813,1.6060129404067993,1.589724063873291,1.570248954296112,1.561893516588933,1.612997754913966,1.527500153678258,63.63568256590947,0.004412781792787257
2011-01-19,1.5962965488433838,1.6036949157714844,1.595099925994873,1.5701748847961425,1.562235835320963,1.6127256575105715,1.5276241120817136,65.94974220254048,0.006253910878636804
2011-01-20,1.5974185466766357,1.6009478569030762,1.5848362445831299,1.5698787140846253,1.5625859120540397,1.6114291801936744,1.5283282479755762,66.36067502730054,0.007714625392668539
2011-01-21,1.5909886360168457,1.6002304553985596,1.5872008800506592,1.569487178325653,1.562868526225357,1.6098239853846956,1.5291503712666104,61.76065299171064,0.008258216536013219
2011-01-24,1.5993857383728027,1.6004096269607544,1.592787742614746,1.5692168283462524,1.5632318815733321,1.608534244959844,1.5298994117326608,65.15744035322635,0.00925985062217416
2011-01-25,1.5986443758010864,1.6016913652420044,1.5758951902389526,1.569103467464447,1.5635842447030723,1.6080386970613694,1.5301682378675248,64.61173876863938,0.009879941275158455
2011-01-26,1.582003116607666,1.590002179145813,1.5773617029190063,1.5689692544937133,1.563767517061926,1.6076741556103231,1.5302643533771034,53.73312599025914,0.00892566750608248
2011-01-27,1.5929908752441406,1.5993090867996216,1.5882091522216797,1.5689870071411134,1.5640582967478351,1.6077360067334525,1.5302380075487743,58.67999148008102,0.008952816467054037
2011-01-28,1.5926862955093384,1.5960928201675415,1.5828795433044434,1.5687369728088378,1.5643431524593336,1.6066856046029745,1.5307883410147012,58.49329222444807,0.008847763663135444
2011-01-31,1.5829297304153442,1.6022045612335205,1.5826541185379028,1.5683868622779846,1.564528093535084,1.6054546246131944,1.5313190999427748,52.708187176368476,0.007886326630764717
2011-02-01,1.6030007600784302,1.6144917011260986,1.6031807661056519,1.5685535287857055,1.5649109061407045,1.6061744059184258,1.5309326516529853,61.20792586901902,0.008644299109800357
2011-02-02,1.6136059761047363,1.6228498220443726,1.6130073070526123,1.569215588569641,1.5653954342040572,1.6088082230691823,1.5296229540700998,64.8071478119221,0.009985641799350686
2011-02-03,1.6204829216003418,1.6277896165847778,1.612408995628357,1.5700451374053954,1.5659435684114955,1.6121343570809705,1.5279559177298203,66.94863635612084,0.011471343070877493
2011-02-04,1.6134496927261353,1.617311716079712,1.6040035486221313,1.5707947397232056,1.5664162661697036,1.6146140960056035,1.5269753834408077,62.74355626308663,0.01194357118742606
2011-02-07,1.609968900680542,1.6185944080352783,1.6095284223556519,1.5718137884140015,1.5668496257205549,1.6168676155976596,1.5267599612303435,60.71115687260352,0.011899771386925995
2011-02-08,1.6129032373428345,1.616266131401062,1.6032065153121948,1.572959430217743,1.5673078706159618,1.6192293978989512,1.5266894625365348,61.833533024993635,0.01196392351188047
2011-02-09,1.606632113456726,1.6125651597976685,1.6037206649780273,1.5739559149742126,1.567699156617457,1.6209465559663776,1.5269652739820476,58.018850223694,0.011377583544655234
2011-02-10,1.6101503372192383,1.611084222793579,1.602255940437317,1.5749381923675536,1.5681215564277313,1.6228704190210659,1.5270059657140413,59.527395278662986,0.011069197334355296
2011-02-11,1.6097097396850586,1.6115776300430298,1.596908450126648,1.57595059633255,1.568535369199653,1.6246487398571674,1.5272524528079325,59.240301023979896,0.010666292126016552
2011-02-14,1.6003072261810303,1.6078205108642578,1.5983887910842896,1.5764209461212157,1.5688515070824793,1.6256040420254407,1.5272378502169908,53.32931154992731,0.009479014408324105
2011-02-15,1.6028209924697876,1.6167103052139282,1.6012810468673706,1.5770599699020387,1.5691895119147596,1.6267760593568061,1.5273438804472712,54.63263468141248,0.008641316476946548
2011-02-16,1.6136579513549805,1.6185944080352783,1.5994882583618164,1.577826647758484,1.5696319839523034,1.6286044398728592,1.5270488556441086,59.83947743682867,0.008751010641473211
2011-02-17,1.60929536819458,1.6174685955047607,1.6077946424484253,1.57841947555542,1.5700266444949529,1.6299705796597443,1.5268683714510956,57.00318502900813,0.008389214414087798
2011-02-18,1.6178088188171387,1.6246954202651978,1.6151957511901855,1.5792254328727722,1.5705020890190606,1.6319649093822022,1.5264859563633422,60.89817891744097,0.008689287910510268
2011-02-21,1.6250914335250854,1.62535560131073,1.620929479598999,1.580129189491272,1.5710452665802808,1.6344413507076099,1.525817028274934,63.909965457533715,0.009406314325600462
2011-02-22,1.6227970123291016,1.623034119606018,1.6136059761047363,1.5808612537384032,1.571560209327754,1.6364781287933174,1.525244378683489,62.28231024659331,0.009677861942010146
2011-02-23,1.6160049438476562,1.6269950866699219,1.6159005165100098,1.5816535139083863,1.5720024454952806,1.6381324216758961,1.5251746061408764,57.60528461265319,0.009238506469828378
2011-02-24,1.6235084533691406,1.6255934238433838,1.6091917753219604,1.5830020594596863,1.5725149430896788,1.640204052969212,1.5258000659501607,61.082246020240575,0.009387570532142453
2011-02-25,1.614439606666565,1.6162400245666504,1.603592038154602,1.5840252208709718,1.5729321039242015,1.641616256966382,1.5264341847755616,55.190735786437905,0.008673936991788311
2011-02-28,1.610046625137329,1.6271010637283325,1.607303500175476,1.5852001237869262,1.5733014026452923,1.6424622575152565,1.5279379900585959,52.54680574605323,0.007665536836850562
2011-03-01,1.6270480155944824,1.6323332786560059,1.6256990432739258,1.5867246747016908,1.5738361948176,1.6443088520699847,1.5291404973333969,60.44450128662784,0.008144359466038642
2011-03-02,1.626280665397644,1.6343073844909668,1.6219022274017334,1.5883183073997498,1.5743580303492946,1.6457801740714388,1.5308564407280607,59.95945136720441,0.008365479066184234
2011-03-03,1.6332930326461792,1.6334530115127563,1.6260955333709717,1.5901760721206666,1.5749444482865298,1.6473205841631604,1.5330315600781728,62.8901712802145,0.00900277894292012
2011-03-04,1.6274452209472656,1.6306031942367554,1.623772144317627,1.5918321752548217,1.5754668440378665,1.648386750272484,1.5352776002371593,59.011153166575674,0.008933000090387555
2011-03-07,1.6268362998962402,1.6338534355163574,1.62179696559906,1.5935413336753845,1.575977982905489,1.6490275235370715,1.5380551438136976,58.60580152887229,0.008727954579741626
2011-03-08,1.619852900505066,1.621139645576477,1.6129812002182007,1.595054178237915,1.5764145492526047,1.6491581114551375,1.5409502450206927,54.022649279056154,0.007910762224472512
2011-03-09,1.6163444519042969,1.6243523359298706,1.614205002784729,1.5966694808006288,1.576811861719361,1.6482914926318957,1.5450474689693618,51.82966752369105,0.006900484425559794
2011-03-10,1.6200103759765625,1.6214812994003296,1.605110764503479,1.5980657815933228,1.5772416976848616,1.648315494177918,1.5478160690087277,53.93389952669647,0.006322756623907688
2011-03-11,1.6066062450408936,1.6078979969024658,1.5982099771499634,1.5993237042427062,1.5775338822375133,1.6471080361238355,1.551539372361577,46.01829045342136,0.00472879127305692
2011-03-14,1.6071486473083496,1.6179921627044678,1.6030007600784302,1.6003217911720276,1.5778285565186678,1.6465790035083059,1.5540645788357492,46.36134871563789,0.0034693372186767046
2011-03-15,1.6172070503234863,1.618306279182434,1.598516583442688,1.6016865181922912,1.5782203823300969,1.6457335636258716,1.5576394727587108,52.40222721045891,0.0032454285878917855
2011-03-16,1.607200264930725,1.613189458847046,1.6028722524642944,1.602634630203247,1.5785087393726667,1.64501027806006,1.5602589823464341,46.760041510578034,0.0022347545741747687
2011-03-17,1.5991301536560059,1.6167625188827515,1.5987721681594849,1.6035931277275086,1.578713927575736,1.6433049852211692,1.563881270233848,42.76134362163887,0.0007736791104682172
2011-03-18,1.6143354177474976,1.6189088821411133,1.6062966585159302,1.6049779653549194,1.5790683702661419,1.6410232240456915,1.5689327066641474,51.2247025545749,0.0008331005509256695
2011-03-21,1.6222968101501465,1.629195213317871,1.6206929683685303,1.6063438701629638,1.5794985039988894,1.6395703753637578,1.5731173649621697,54.97835799893274,0.0015052586170118953
2011-03-22,1.6308690309524536,1.6400701999664307,1.6295669078826904,1.6077814030647277,1.5800096535238257,1.6387916098644015,1.576771196265054,58.66679650598533,0.0026985481217705054
2011-03-23,1.6360185146331787,1.63837730884552,1.6222968101501465,1.6092859148979186,1.5805669556276656,1.6382210891090354,1.5803507406868018,60.747196836551204,0.004013493889240216
2011-03-24,1.6249066591262817,1.6268097162246704,1.6138923168182373,1.6102855038642883,1.5810081467098007,1.6377939752193795,1.582777032509197,54.38595128891566,0.004111568408625033
2011-03-25,1.6122010946273804,1.614230990409851,1.6054972410202026,1.6108438491821289,1.581318524302794,1.6373117980064789,1.5843759003577789,48.17409315417075,0.0031280026343432077
2011-03-28,1.6004096269607544,1.6036691665649414,1.5940066576004028,1.6110893726348876,1.581508485524346,1.6369174742879626,1.5852612709818126,43.23824857567707,0.0013811260157381433
2011-03-29,1.599078893661499,1.6042609214782715,1.5949981212615967,1.6112709069252014,1.5816833154570384,1.6366171570922756,1.585924656758127,42.70644749227749,-0.00010940420237726123
2011-03-30,1.6009989976882935,1.608078956604004,1.5982099771499634,1.6113649559020997,1.5818755113012013,1.6365185823760207,1.5862113294281788,43.78089078982834,-0.0011227810696763374
2011-03-31,1.6074068546295166,1.6150914430618286,1.602410078048706,1.6115647220611573,1.5821295545197935,1.6364231854713285,1.5867062586509861,47.33072309721091,-0.0013927740037913416
2011-04-01,1.60341215133667,1.6130852699279785,1.5975717306137085,1.6118131923675536,1.582341321653451,1.6360733578464266,1.5875530268886806,45.40589256678855,-0.0019071006507034305
2011-04-04,1.61207115650177,1.617704153060913,1.6116034984588623,1.6120669007301331,1.5826371409072653,1.6360604593760322,1.5880733420842341,50.13931987298179,-0.0015975829318293222
2011-04-05,1.613059401512146,1.6277896165847778,1.6101243495941162,1.6123552012443543,1.5829398499696234,1.6360348282668242,1.5886755742218843,50.66505369405096,-0.0012580428614354933
2011-04-06,1.6300981044769287,1.6363130807876587,1.6259369850158691,1.6133171010017395,1.5834090863353556,1.6358435970221403,1.5907906049813387,58.742393176235076,0.000381528004142595
2011-04-07,1.632493257522583,1.633960247039795,1.6267039775848389,1.6141071486473084,1.5838974860512123,1.6364943494229598,1.591719947871657,59.74024537944702,0.001852810514956671
2011-04-08,1.632120132446289,1.6428184509277344,1.631693959236145,1.6148958253860473,1.5843773133810077,1.6369792513971415,1.592812399374953,59.49882361575173,0.002954645119736865
2011-04-11,1.6374115943908691,1.6424946784973145,1.6318004131317139,1.6159854626655579,1.5849050176723647,1.6369807294497425,1.5949901958813733,61.85318753572216,0.004206345604875983
2011-04-12,1.6344943046569824,1.6345478296279907,1.6231131553649902,1.616615333557129,1.5853984434160062,1.6379081471354398,1.5953225199788181,59.78961250311757,0.0049063687913286635
2011-04-13,1.6256990432739258,1.6307892799377441,1.6240092515945435,1.6168571949005126,1.58579944441163,1.638284786502797,1.5954296032982282,53.94612276270706,0.004697290678461474
2011-04-14,1.6268892288208008,1.6377869844436646,1.6258047819137573,1.6169853210449219,1.586208297989872,1.6385773842087978,1.595393257881046,54.59285035839777,0.004574896238462189
2011-04-18,1.6314011812210083,1.6328130960464478,1.6178873777389526,1.6173443508148193,1.5866579784222445,1.639290540733254,1.5953981608963845,57.054934997878654,0.004786795415818501
2011-04-19,1.626121997833252,1.6334530115127563,1.6234030723571777,1.6176674127578736,1.5870506552342167,1.639645998268358,1.5956888272473893,53.40608190677957,0.004477131476367191
2011-04-20,1.6324398517608643,1.6424946784973145,1.631693959236145,1.6180581450462341,1.5875022890326795,1.6403829408305026,1.5957333492619656,56.95407467918976,0.004687484184966895
2011-04-21,1.6394786834716797,1.6599164009094238,1.6388875246047974,1.6187150764465332,1.5880194670892678,1.6415937529704971,1.5958363999225693,60.55763751525798,0.005360374059690365
2011-04-22,1.651473045349121,1.6563969850540161,1.650600790977478,1.6195415306091308,1.5886508459804094,1.6440824468440058,1.5950006143742557,65.81005986764141,0.006783295290113456
2011-04-25,1.6528105735778809,1.6555194854736328,1.6470123529434204,1.6204035472869873,1.5892892512331227,1.6465126659502547,1.59429442862372,66.34822455267926,0.007927514514076917
2011-04-26,1.6501922607421875,1.6531931161880493,1.643493413925171,1.6214012479782105,1.5898952513305475,1.648179840466367,1.594622655490054,64.21728059981518,0.008524772260898095
2011-04-27,1.6509006023406982,1.657907485961914,1.6438987255096436,1.6223628401756287,1.5905022697513431,1.6498614746159521,1.5948642057353053,64.549004719037,0.008952066722694552
2011-04-28,1.6627867221832275,1.674312710762024,1.6626485586166382,1.6233454155921936,1.5912215180375135,1.6530008310411064,1.5936900001432808,69.63583342075604,0.010133004231794418
2011-04-29,1.665001630783081,1.669226050376892,1.6627867221832275,1.6244595408439637,1.591955648515894,1.6560809719389402,1.5928381097489872,70.48570153111426,0.011119452205786473
2011-05-02,1.6688083410263062,1.6737242937088013,1.665001630783081,1.625479531288147,1.5927203519273614,1.6594297018914026,1.5915293606848913,71.93937289532461,0.012069262094205113
2011-05-03,1.666000247001648,1.66616690158844,1.6470937728881836,1.6262977075576783,1.5934495051153932,1.6621293201997822,1.5904660949155744,69.23056531258953,0.012451866191777405
2011-05-04,1.6496477127075195,1.657495141029358,1.6456842422485352,1.6268347215652466,1.5940086912630282,1.663252230655038,1.5904172124754552,56.00543918400209,0.011305249957674013
2011-05-05,1.6497021913528442,1.6545881032943726,1.6407967805862427,1.6275086665153504,1.59456285544542,1.664352856222623,1.5906644768080778,56.03557127661141,0.01028241502280225
2011-05-06,1.6385921239852905,1.6461988687515259,1.6358044147491455,1.6278103399276733,1.5950009576218196,1.664767674780463,1.5908530050748837,48.70879737487846,0.008477596921740993
2011-05-09,1.6358044147491455,1.6406891345977783,1.6274187564849854,1.628237636089325,1.5954069621720692,1.665057768078949,1.591417504099701,47.04656265600047,0.006744573491282546
2011-05-10,1.6411738395690918,1.6420092582702637,1.6330797672271729,1.62886018037796,1.5958623539888739,1.6654769495687833,1.5922434111871369,50.54715244334842,0.005738260550021357
2011-05-11,1.6370095014572144,1.651309609413147,1.6347081661224365,1.629059410095215,1.5962717783434919,1.665744271285808,1.592374548904622,47.90227180970858,0.004552247535265064
2011-05-12,1.6367415189743042,1.6381089687347412,1.6237983703613281,1.629268627166748,1.5966744623315225,1.6660080827220278,1.5925291716114682,47.72919511256388,0.003549780074522779
2011-05-13,1.62839937210083,1.6306829452514648,1.6178088188171387,1.629170753955841,1.5969901330767797,1.6658925195521395,1.5924489883595427,42.572539226116405,0.0020584473552649474
2011-05-16,1.6175994873046875,1.6253291368484497,1.6166057586669922,1.6289738392829896,1.5971952012788784,1.6658386854520295,1.5921089931139496,36.99934642664759,5.036923615531208e-06
2011-05-17,1.620929479598999,1.6303106546401978,1.617704153060913,1.6288557028770447,1.5974313632531545,1.665786307026842,1.5919250987272475,39.62385897461891,-0.001338177413015007
2011-05-18,1.6253026723861694,1.6289829015731812,1.6113957166671753,1.6289646983146668,1.5977086897132842,1.66581894098018,1.5921104556491537,42.983144646710414,-0.002026444748856937
2011-05-19,1.6165013313293457,1.620640516281128,1.613189458847046,1.6289678359031676,1.5978956811728813,1.6658177196123671,1.5921179521939681,38.35755204321183,-0.0032446934324814602
2011-05-20,1.6231921911239624,1.6274981498718262,1.6168410778045654,1.6290314722061157,1.5981473877405328,1.6658291708256472,1.5922337735865841,43.34866190238825,-0.0036284414097396134
2011-05-23,1.6214288473129272,1.6232975721359253,1.609269380569458,1.6293279242515564,1.5983790440555734,1.665623625960692,1.5930322225424207,42.37487170114037,-0.0040284145003832705
2011-05-24,1.6108766794204712,1.6204041242599487,1.6066062450408936,1.629402484893799,1.5985033986367903,1.6655271332567136,1.5932778365308842,37.01605164098638,-0.005137644252275919
2011-05-25,1.6184896230697632,1.6294606924057007,1.6136319637298584,1.6294281363487244,1.5987022665423427,1.6655192446617222,1.5933370280357266,42.65090895254063,-0.005340849900655309
2011-05-26,1.6279751062393188,1.637277603149414,1.6277896165847778,1.6298436331748962,1.5989935385802114,1.6653640904757276,1.5943231758740648,48.79751786658774,-0.004682515498815487
2011-05-27,1.6385383605957031,1.6507915258407593,1.638189435005188,1.6306317973136901,1.5993870193977342,1.6651040052136106,1.5961595894137697,54.62937370499209,-0.0032707116683881043
2011-05-30,1.6511186361312866,1.6507915258407593,1.645277976989746,1.631367461681366,1.5999017618546703,1.6659898080855364,1.5967451152771956,60.412363641580114,-0.0011237697452044504
2011-05-31,1.6487774848937988,1.654807209968567,1.643628478050232,1.631897075176239,1.6003880874588043,1.6667623749599587,1.5970317753925192,58.90758411301035,0.00038435524968627455
2011-06-01,1.646497130393982,1.6496750116348267,1.6378943920135498,1.6322096371650696,1.6008468839075594,1.6673166883993031,1.597102585930836,57.407642549200666,0.0013796459237642722
2011-06-02,1.633426547050476,1.6416047811508179,1.6308956146240234,1.6321577978134156,1.6011710596613717,1.6672495443564315,1.5970660512703998,49.61021227116712,0.0011010419866079868
2011-06-03,1.6361523866653442,1.6396130323410034,1.6290889978408813,1.6323827123641967,1.6015191325681024,1.6674288908501038,1.5973365338782897,51.10185289160816,0.0010876609568415407
2011-06-06,1.6454133987426758,1.6460905075073242,1.6346279382705688,1.6330469584465026,1.601955891437025,1.6677895267304703,1.598304390162535,55.88040200898859,0.0018035524416053494
2011-06-07,1.6357241868972778,1.6469037532806396,1.6328130960464478,1.6337532496452332,1.6022918943780813,1.6671993304163724,1.600307168874094,50.337812969142256,0.0015709541990767129
2011-06-08,1.6443040370941162,1.6447908878326416,1.6354032754898071,1.6346577525138855,1.6027099256503081,1.6666927407688426,1.6026227642589284,54.62927083506069,0.0020552489911560556
2011-06-09,1.6407967805862427,1.6463072299957275,1.636098861694336,1.6354537081718445,1.6030888993325376,1.666019187441911,1.604888228901778,52.62727840515932,0.0021314794459614816
2011-06-10,1.6365541219711304,1.6385115385055542,1.6221126317977905,1.6360366535186768,1.603421886623583,1.6655111503604032,1.6065621566769503,50.22927825302331,0.0018284680957179056
2011-06-13,1.6226128339767456,1.6344943046569824,1.6222968101501465,1.6364206671714783,1.6036128413242439,1.6646335684381801,1.6082077659047764,43.25465654140794,0.0004581032594141998
2011-06-14,1.6374115943908691,1.6440068483352661,1.6358044147491455,1.6369274759292602,1.6039491473260046,1.6642514521468215,1.609603499711699,51.028167246659415,0.0005597629419618055
2011-06-15,1.6377333402633667,1.6385115385055542,1.6207979917526245,1.6374209547042846,1.604285308450846,1.6638624718595165,1.6109794375490527,51.1847395394802,0.0006586981139353743
2011-06-16,1.6195906400680542,1.6226390600204468,1.6081048250198364,1.6372108054161072,1.604437600308221,1.664053844660409,1.6103677661718054,42.862829551719514,-0.0007185760331636093
2011-06-17,1.6161093711853027,1.6195118427276611,1.609606146812439,1.6368831276893616,1.6045537373322416,1.6643538822955515,1.6094123730831718,41.46956892306275,-0.002067156132983028
2011-06-20,1.6178088188171387,1.623429298400879,1.6112140417099,1.6365969014167785,1.6046856286907139,1.6645639603992373,1.6086298424343197,42.45296702623917,-0.002964610176364735
2011-06-21,1.6206929683685303,1.6254082918167114,1.6172593832015991,1.6362625288963317,1.6048449057029281,1.6645873170122771,1.6079377407803863,44.1674369910431,-0.0034038843466941415
2011-06-22,1.6225336790084839,1.6259897947311401,1.6097097396850586,1.6360233163833617,1.6050209133980518,1.6646098701486838,1.6074367626180397,45.28776155342455,-0.0035624170006403055
2011-06-23,1.6059871912002563,1.6066062450408936,1.594336986541748,1.6356290793418884,1.6050305281025805,1.665319175947762,1.6059389827360149,37.92150497459721,-0.004965973896546183
2011-06-24,1.602615475654602,1.604209542274475,1.5954052209854126,1.6351436042785645,1.6050064977298912,1.6661802859812507,1.6041069225758784,36.614582398996,-0.006278003201578342
2011-06-27,1.5962965488433838,1.6012297868728638,1.5915709733963013,1.634441511631012,1.604919831571558,1.6673552114242838,1.6015278118377403,34.233406425908925,-0.007738476126910587
2011-06-28,1.5990022420883179,1.604209542274475,1.591849684715271,1.6338991165161132,1.6048609500839888,1.6682354902924839,1.5995627427397425,36.14823640839589,-0.00857869475682671
2011-06-29,1.5987977981567383,1.6074068546295166,1.5973165035247803,1.6332262754440308,1.6048006202138896,1.6689690329543199,1.5974835179337417,36.06279574467504,-0.009155531720598242
2011-06-30,1.6075878143310547,1.6118892431259155,1.5975462198257446,1.6325884580612182,1.6048283534887675,1.6690075832042912,1.5961693329181452,42.36986068123309,-0.008801935097447089
2011-07-01,1.6048015356063843,1.6097615957260132,1.599206805229187,1.6316550278663635,1.6048280866441658,1.6684886206852219,1.5948214350475052,40.98958219223759,-0.008646861002103545
2011-07-04,1.6068129539489746,1.61378812789917,1.60565185546875,1.6307350754737855,1.6048478365676526,1.6677094151817247,1.5937607357658463,42.44718365437521,-0.008266369452757827
2011-07-05,1.6097097396850586,1.6126950979232788,1.5991811752319336,1.629925425052643,1.6048962137132352,1.6669336458795865,1.5929172042256994,44.57066487899532,-0.00764297727471952
2011-07-06,1.606787085533142,1.6090623140335083,1.595507025718689,1.6290431547164916,1.6049150283582618,1.6661136420743816,1.5919726673586017,42.852732362155784,-0.0073006113436488995
2011-07-07,1.6008964776992798,1.6020249128341675,1.5949981212615967,1.6278053498268128,1.6048750427794554,1.6644071304103982,1.5912035692432274,39.54439851114186,-0.0074190841155268306
2011-07-08,1.5981078147888184,1.6079497337341309,1.5933969020843506,1.6264674735069276,1.6048077071773748,1.662404029059598,1.590530917954257,38.046885797055126,-0.007649814136316602
2011-07-11,1.6025898456573486,1.6043124198913574,1.588739037513733,1.6251431035995483,1.6047856389034842,1.6595592668324235,1.590726940366673,41.85789338465798,-0.007385867227066134
2011-07-12,1.5908114910125732,1.594870924949646,1.579005479812622,1.6236393284797668,1.6046465926554419,1.6573319026610553,1.5899467542984782,35.65138258961723,-0.008034485634762945
2011-07-13,1.5918244123458862,1.6120452880859375,1.5912925004959106,1.6224828624725343,1.604519008771427,1.6564996100950296,1.588466114850039,36.52307210470746,-0.00837029851865112
2011-07-14,1.6168148517608643,1.6189088821411133,1.609994888305664,1.6218251156806947,1.6046413554681598,1.6549538776392154,1.5886963537221739,53.323027813192205,-0.0065444724370991025
2011-07-15,1.6149089336395264,1.6175994873046875,1.6080273389816284,1.6213514518737793,1.6047435204253537,1.654177574224947,1.5885253295226116,52.18858453807661,-0.00519144008730521
2011-07-18,1.6111880540847778,1.6129292249679565,1.6011015176773071,1.620859124660492,1.6048076451385476,1.6535385539950707,1.5881796953259133,49.95415996135059,-0.0043690325972494115
2011-07-19,1.6058323383331299,1.617861270904541,1.605909824371338,1.6201522946357727,1.6048178410907583,1.6525660278380543,1.5877385614334911,46.845221881246594,-0.004102143283550852
2011-07-20,1.6137100458145142,1.6157960891723633,1.607200264930725,1.6196863055229187,1.6049063207399736,1.6517792109398433,1.5875934001059941,51.615199900656684,-0.0032178727881659874
2011-07-21,1.6159266233444214,1.6318004131317139,1.6123571395874023,1.619270007610321,1.60501597549253,1.650997846784132,1.58754216843651,52.896052436296,-0.0023115763544883094
2011-07-22,1.6323332786560059,1.632759690284729,1.6267039775848389,1.6193486857414245,1.6052877894550261,1.651188242104767,1.587509129378082,61.103724718337055,-0.0002663792792640951
2011-07-25,1.6315076351165771,1.6328396797180176,1.6265981197357178,1.6196268486976624,1.6055486834423454,1.6516465354398135,1.5876071619555112,60.532106963644026,0.0012731554606211226
2011-07-26,1.6280810832977295,1.642090082168579,1.6269950866699219,1.619769880771637,1.6057728864265233,1.6518770908211466,1.5876626707221273,58.10278876630513,0.0021914915879663877
2011-07-27,1.642602562904358,1.64395272731781,1.6333198547363281,1.6201158785820007,1.6061393508699662,1.6528335045453937,1.5873982526186077,64.58879758809287,0.0040444200713103395
2011-07-28,1.6327331066131592,1.6366075277328491,1.6298589706420898,1.620440514087677,1.6064039653556004,1.6533333982844793,1.5875476298908746,58.015225289192195,0.004662747354731378
2011-07-29,1.6368486881256104,1.6470394134521484,1.6267039775848389,1.62071364402771,1.6067068979211871,1.6539250434447248,1.587502244610695,59.85028166151946,0.005422363582282541
2011-08-01,1.6412007808685303,1.647527813911438,1.6240885257720947,1.621109082698822,1.6070501206378784,1.6548222867380216,1.5873958786596223,61.75396879817399,0.006302886673591024
2011-08-02,1.6309223175048828,1.6329996585845947,1.6231131553649902,1.6215099954605103,1.607287654935609,1.6552032909833805,1.5878166999376402,55.108216332943975,0.006100993024683143
2011-08-03,1.6278691291809082,1.6425215005874634,1.6254082918167114,1.6216975855827331,1.6074924457245858,1.6554266669955808,1.5879685041698854,53.274187308289484,0.005629728071350648
2011-08-04,1.6434123516082764,1.6438987255096436,1.6287705898284912,1.6220063304901122,1.6078498577242344,1.6562486620383179,1.5877639989419066,60.484154393420305,0.0064362621269473674
2011-08-05,1.6235874891281128,1.6393980979919434,1.6231921911239624,1.6217073130607604,1.6080064510718863,1.6556199294931713,1.5877946966283496,49.906540925932255,0.005413343800271475
2011-08-08,1.6416587829589844,1.6470123529434204,1.6305499076843262,1.6215181159973144,1.60834130014613,1.654861779199378,1.5881744527952508,57.24632492146726,0.00599180622826978
2011-08-09,1.6320136785507202,1.6407967805862427,1.6177825927734375,1.6211828398704529,1.6085768462004224,1.6537354805851046,1.5886301991558012,52.79964726938309,0.005607324801931046
2011-08-10,1.6314810514450073,1.6324131488800049,1.6126950979232788,1.6208825182914735,1.6088047487406634,1.6527518200310054,1.5890132165519415,52.55686414527117,0.005199703005888789
2011-08-11,1.6118113994598389,1.6236928701400757,1.6113957166671753,1.6204502153396607,1.6088346656633066,1.652211223479175,1.5886892072001464,44.43159946516939,0.0032519962779118394
2011-08-12,1.6227970123291016,1.6313214302062988,1.617311716079712,1.6201831078529358,1.6089735944861467,1.6516281840610783,1.5887380316447934,49.159120052539926,0.002565300622738187
2011-08-15,1.6293280124664307,1.6407967805862427,1.6263072490692139,1.619861400127411,1.6091761260087645,1.6505734916453685,1.5891493086094535,51.785303476003556,0.0025190484751069775
2011-08-16,1.6385921239852905,1.6430072784423828,1.632759690284729,1.6199187588691712,1.6094688225066525,1.6507622034968212,1.5890753142415213,55.31157545503256,0.0031931213754747834
2011-08-17,1.644087791442871,1.6583197116851807,1.63596510887146,1.6199144339561462,1.6098132898599615,1.650743979609108,1.5890848883031845,57.30638155581857,0.004123253144453498
2011-08-18,1.6540955305099487,1.655300259590149,1.6423866748809814,1.6201804089546203,1.6102539091708106,1.6519601145429084,1.5884007033663323,60.74293921547441,0.005603338380264056
2011-08-19,1.6507915258407593,1.6618196964263916,1.6448991298675537,1.620465157032013,1.6106572685414755,1.6530876378181332,1.5878426762458928,59.05292087964764,0.006435526287926541
2011-08-22,1.6477993726730347,1.6520187854766846,1.644087791442871,1.6209688878059387,1.611026841717653,1.6544921130035022,1.5874456626083753,57.49287457371437,0.0067754957487788925
2011-08-23,1.6466054916381836,1.6572479009628296,1.6456571817398071,1.621152765750885,1.6113808581354736,1.6551417357384028,1.5871637957633673,56.84756238477861,0.006869401588560642
2011-08-24,1.649811029434204,1.6534665822982788,1.637304425239563,1.6213943195343017,1.6117632479003896,1.656029769940881,1.5867588691277223,58.204046202962175,0.007120403177946377
2011-08-25,1.6370095014572144,1.6398011445999146,1.6268362998962402,1.621742696762085,1.6120144544039303,1.6566534155614625,1.5868319779627074,51.272369997234925,0.00621470813809899
2011-08-26,1.6283197402954102,1.6342005729675293,1.6215076446533203,1.6219869041442871,1.6121766960549035,1.656907607668481,1.5870662006200933,47.16611504620597,0.00474109480179985
2011-08-29,1.6350021362304688,1.6455217599868774,1.6342806816101074,1.6223307704925538,1.6124038148630526,1.6574217402770888,1.5872398007080188,50.452321728610976,0.004065593489811947
2011-08-30,1.641497015953064,1.6417936086654663,1.6258047819137573,1.6227468514442445,1.6126932994515581,1.6582494979296412,1.5872442049588478,53.480889668433086,0.004008133083762688
2011-08-31,1.6307626962661743,1.633212924003601,1.6259105205535889,1.6229114317893982,1.6128730944450735,1.6584862662306987,1.5873365973480977,48.23341752399373,0.0030611385104535316
2011-09-01,1.6251442432403564,1.6258047819137573,1.6135278940200806,1.6232945728302002,1.6129951954283366,1.6585365168015669,1.5880526288588335,45.70558827815505,0.0018361107428617185
2011-09-02,1.6188040971755981,1.6253820657730103,1.617704153060913,1.62361834526062,1.613052995445828,1.6583790219814034,1.5888576685398368,42.96892490469711,0.0003496401762734802
2011-09-05,1.6172070503234863,1.6186991930007935,1.6063740253448486,1.624036555290222,1.6130943293252824,1.6579483388980385,1.5901247716824056,42.28215342478927,-0.000946357767817485
2011-09-06,1.609994888305664,1.6169978380203247,1.5939048528671265,1.6242564082145692,1.6130634891160767,1.6576442293904914,1.590868587038647,39.23259277527189,-0.0025262852323553187
2011-09-07,1.5948200225830078,1.6024870872497559,1.593981146812439,1.6241768527030944,1.612881962085575,1.6578301745868904,1.5905235308192984,33.72157192578926,-0.004945861164129983
2011-09-08,1.5985933542251587,1.6078979969024658,1.591849684715271,1.6239969635009766,1.612739786882734,1.6581053030141482,1.589888623987805,36.12430478451746,-0.0064841707100025125
2011-09-09,1.5977503061294556,1.599206805229187,1.5860931873321533,1.623855938911438,1.612590637820253,1.658344409357122,1.589367468465754,35.81193206574385,-0.0076827570033204395
2011-09-12,1.5856908559799194,1.5885875225067139,1.5788060426712036,1.623433496952057,1.612322978298993,1.6592653105794564,1.5876016833246576,31.602231650795346,-0.009496274971514618
2011-09-13,1.5858668088912964,1.5871001482009888,1.576590657234192,1.6229566383361815,1.6120597328318012,1.6601429326758272,1.5857703439965358,31.728332375761667,-0.010794866595015495
2011-09-14,1.5786067247390747,1.581127643585205,1.5710424184799194,1.6223930311203003,1.6117268670790732,1.66138976432287,1.5833962979177305,29.32587080673794,-0.01226841527406064
2011-09-15,1.5769885778427124,1.586898684501648,1.5736879110336304,1.621914873123169,1.6113812124592286,1.6625397468957628,1.5812899993505751,28.80239243904859,-0.013412176922890762
2011-09-16,1.579304814338684,1.584208607673645,1.5747040510177612,1.6215388131141664,1.611062044318198,1.663392717959467,1.5796849082688658,30.70905545767785,-0.013970670153231168
2011-09-19,1.5724011659622192,1.575721263885498,1.5636972188949585,1.6209350395202637,1.6106773589607921,1.6647306197833487,1.5771394592571788,28.278294757584078,-0.014799744547167704
2011-09-20,1.5659990310668945,1.5733412504196167,1.5659254789352417,1.6204387903213502,1.6102327984835152,1.6661480499614207,1.5747295306812796,26.206637571762215,-0.01579135781558061
2011-09-21,1.5734156370162964,1.57420814037323,1.5581905841827393,1.6200706148147583,1.6098664585678306,1.667000860721807,1.5731403689077097,32.38629598566196,-0.01579666622289677
2011-09-22,1.5508204698562622,1.5509406328201294,1.5332014560699463,1.6187507271766663,1.6092789362911601,1.6696029461845594,1.5678985081687733,25.40594121570973,-0.017423269720336476
2011-09-23,1.536169171333313,1.5488266944885254,1.5363106727600098,1.617175931930542,1.6085514759421764,1.6731342401465659,1.5612176237145183,22.08235569543281,-0.019667882944145898
2011-09-26,1.549330711364746,1.5570018291473389,1.5437101125717163,1.6159387850761413,1.6079622146021797,1.6750819271189006,1.556795643033382,30.835607306678398,-0.020152424208792485
2011-09-27,1.5552583932876587,1.5704996585845947,1.5532050132751465,1.6149273061752318,1.6074377984688883,1.6764576060112746,1.553397006339189,34.409467982252124,-0.01982952978457897
2011-09-28,1.5639907121658325,1.5677913427352905,1.5614020824432373,1.6139329195022583,1.60700548915178,1.6771280127425237,1.5507378262619929,39.37891572627284,-0.01865397703704086
2011-09-29,1.5576082468032837,1.5713881254196167,1.5547021627426147,1.6127665519714356,1.6065139743017984,1.677933412152616,1.5475996917902552,37.16267223533644,-0.018029521528295067
2011-09-30,1.5599408149719238,1.564333200454712,1.5537117719650269,1.611318702697754,1.6060505597804096,1.6779123251339436,1.5447250802615644,38.52439007440033,-0.017148737312510987
2011-10-03,1.5583120584487915,1.5585790872573853,1.5452845096588135,1.6098547911643981,1.6055755498162072,1.6778404821684039,1.5418691001603924,37.90667021666007,-0.016393166298428463
2011-10-04,1.5435909032821655,1.54659903049469,1.534471869468689,1.6081649875640869,1.6049587871632225,1.6784623716259555,1.5378676035022183,32.78918273576454,-0.01678871516053415
2011-10-05,1.547029733657837,1.5491626262664795,1.5403099060058594,1.6062535309791566,1.6043823786697944,1.6779131495191253,1.5345939124391879,34.99682779801543,-0.01663297107483097
2011-10-06,1.54659903049469,1.5500991344451904,1.5286078453063965,1.6045308494567871,1.6038074199806582,1.6777172741513502,1.531344424762224,34.842462064762486,-0.01635575791443311
2011-10-07,1.5434480905532837,1.5641863346099854,1.5425909757614136,1.6026628375053407,1.6032068296372424,1.6772371579808871,1.5280885170297942,33.67231110708721,-0.016203534745180326
2011-10-10,1.5533015727996826,1.5685782432556152,1.5537842512130737,1.6009048533439636,1.6027102599167657,1.6759140335006955,1.5258956731872317,40.41180917068719,-0.015113583139982456
2011-10-11,1.5658273696899414,1.5663915872573853,1.5583363771438599,1.5996029543876649,1.6023432659836485,1.6747451348466456,1.5244607739286842,47.6884448137543,-0.013088189017713026
2011-10-12,1.5588949918746948,1.5792051553726196,1.5546056032180786,1.5982234716415404,1.6019109448476387,1.6737789747827387,1.5226679685003421,44.453006594386636,-0.01190519881580987
2011-10-13,1.5747783184051514,1.5763174295425415,1.5670051574707031,1.596850790977478,1.6016409684647572,1.6715442843422303,1.5221572976127258,52.41833223982466,-0.009575636868119242
2011-10-14,1.5745056867599487,1.5849117040634155,1.5725001096725464,1.5958691549301147,1.6013709656613588,1.6704183946985547,1.5213199151616748,52.279753695463064,-0.007663105822473426
2011-10-17,1.5826289653778076,1.5846102237701416,1.5732917785644531,1.5946885585784911,1.6011844780960984,1.6681395775404437,1.5212375396165385,56.01133846584947,-0.005429344391867819
2011-10-18,1.5745056867599487,1.5824036598205566,1.5634772777557373,1.5935383987426759,1.600919017485436,1.6664025046490085,1.5206742928363433,51.660860674263205,-0.004265384364278146
2011-10-19,1.57086980342865,1.5845600366592407,1.5704010725021362,1.5923261737823486,1.6006200203302494,1.6646283602107068,1.5200239873539905,49.79652828763779,-0.0035948834760506365
2011-10-20,1.5777100324630737,1.5801032781600952,1.5685044527053833,1.5916441464424134,1.6003920602516726,1.6638393890869536,1.5194489037978731,53.21706722502117,-0.0024829356380715595
2011-10-21,1.579604148864746,1.5959908962249756,1.5759944915771484,1.5907802891731262,1.600185215361984,1.6624860501979382,1.5190745281483142,54.14867558464236,-0.0014323582670079382
2011-10-24,1.5943114757537842,1.600102424621582,1.5903559923171997,1.5900799584388734,1.6001267701916786,1.6609279083964017,1.519232008481345,60.693810984422825,0.0005803008868485726
2011-10-25,1.5996673107147217,1.6030007600784302,1.5961946249008179,1.589301462173462,1.6001221984555838,1.6588165326037725,1.5197863917431516,62.77757956186054,0.0025778035725163573
2011-10-26,1.599846363067627,1.604209542274475,1.5894966125488281,1.588416633605957,1.6001194538248544,1.656189804769872,1.5206434624420422,62.84848875783097,0.004127705253855085
2011-10-27,1.5959653854370117,1.6085187196731567,1.5956088304519653,1.5872540307044982,1.6000781198109941,1.65237082832302,1.5221372330859764,60.172750638431346,0.004985382654697057
2011-10-28,1.608777403831482,1.6150914430618286,1.607303500175476,1.5864137482643128,1.600164679851105,1.6492276008192572,1.5235998957093684,65.40850429670849,0.006622580004149947
2011-10-31,1.6111880540847778,1.6136579513549805,1.596908450126648,1.5856815218925475,1.600274365166996,1.646393030712131,1.524970013072964,66.30604110656711,0.008022116067327278
2011-11-01,1.6080013513565063,1.6092435121536255,1.589395523071289,1.584909439086914,1.6003512506018098,1.643399807084045,1.5264190710897831,63.94406657765409,0.008772988650554536
2011-11-02,1.5940066576004028,1.6043895483016968,1.5940066576004028,1.583793351650238,1.6002881203231138,1.6392815515100776,1.5283051517903985,54.72450110269465,0.00814491623065261
2011-11-03,1.5911911725997925,1.6037977933883667,1.5880074501037598,1.5828769850730895,1.600197603430238,1.636251137446599,1.52950283269958,53.06679490563345,0.007335420047140495
2011-11-04,1.6037206649780273,1.6041579246520996,1.5952016115188599,1.582385003566742,1.600232658769063,1.6344878174937594,1.5302821896397245,59.016551397105765,0.007617108525591165
2011-11-07,1.6032835245132446,1.6075878143310547,1.5983887910842896,1.5817506313323975,1.6002630156421744,1.631977202522501,1.531524060142294,58.73678127093293,0.007716128367351027
2011-11-08,1.6061934232711792,1.611058235168457,1.6037464141845703,1.5810445594787597,1.6003220246733763,1.6287734462823102,1.533315672675209,60.092964987131154,0.007937903604492647
2011-11-09,1.6098912954330444,1.6118113994598389,1.5912925004959106,1.5806271314620972,1.6004172412979583,1.6269248371637046,1.5343294257604898,61.810698678240094,0.008316185645313556
2011-11-10,1.5914950370788574,1.5984143018722534,1.5873016119003296,1.5799541473388672,1.600328463146425,1.6245578835940202,1.5353504110837142,50.22789620473079,0.007050281328297103
2011-11-11,1.594209909439087,1.6090881824493408,1.5897997617721558,1.5794622635841369,1.600267582014941,1.622842973532453,1.5360815536358208,51.66734187357032,0.006194701879846276
2011-11-14,1.6076911687850952,1.6093212366104126,1.5894461870193481,1.579271945953369,1.6003414485500485,1.622056164452537,1.536487727454201,58.14118200673346,0.00652920930390577
2011-11-15,1.590002179145813,1.5931684970855713,1.5814777612686157,1.5788720917701722,1.600238570247407,1.6208504526859056,1.5368937308544388,48.88818446218561,0.00530579333382275
2011-11-16,1.5805778503417969,1.5816028118133545,1.5740596055984497,1.5785872483253478,1.6000429411934092,1.6203164584188048,1.5368580382318908,44.79759949089818,0.003535013357695682
2011-11-17,1.5707957744598389,1.5803030729293823,1.5694891214370728,1.5780312967300416,1.5997519246086858,1.6194118246628244,1.5366507687972588,40.96607871126741,0.0013270285384348046
2011-11-18,1.575200080871582,1.588890552520752,1.5742825269699097,1.577580292224884,1.59950762765582,1.6185733432291387,1.5365872412206294,43.31680438482741,-6.665624766677425e-05
2011-11-21,1.5777100324630737,1.5775855779647827,1.5615240335464478,1.577420675754547,1.5992907361611384,1.6183469230508458,1.5364944284582482,44.66900552498364,-0.0009575908534373845
2011-11-22,1.5638928413391113,1.56889808177948,1.5586034059524536,1.5769811964035034,1.5989385183018487,1.618009051626601,1.5359533411804058,39.13442141826078,-0.0027469298980076218
2011-11-23,1.5648962259292603,1.5655332803726196,1.5511571168899536,1.5767069864273071,1.598599789024163,1.6178735318797541,1.53554044097486,39.71853173235848,-0.004037487587866817
2011-11-24,1.5528672933578491,1.5565898418426514,1.5487068891525269,1.57622456073761,1.5981447393155792,1.6179393353282867,1.5345097861469332,35.339950564703685,-0.0059621699991470045
2011-11-25,1.547700047492981,1.5517829656600952,1.5428051948547363,1.5755924654006959,1.5976428020830102,1.6180676031969656,1.533117327604426,33.62512163146495,-0.007814369051345915
2011-11-28,1.5489946603775024,1.559356927871704,1.5460011959075928,1.5751243352890014,1.597158740971032,1.6182539300833905,1.5319947404946124,34.48289984926764,-0.009073195553860547
2011-11-29,1.5500991344451904,1.5651901960372925,1.5471014976501465,1.5748063373565673,1.5966904861792697,1.6184420437786566,1.531170630934478,35.251676326161984,-0.009867951200814407
2011-11-30,1.5597946643829346,1.578108549118042,1.5529879331588745,1.5745339179039002,1.5963233635739738,1.6183746527390173,1.530693183068783,41.716969947121605,-0.009604735132017428
2011-12-01,1.5707216262817383,1.5757709741592407,1.5642597675323486,1.5749319410324096,1.5960686199190792,1.618252207964785,1.5316116741000343,48.01688359277502,-0.008417389569015388
2011-12-02,1.568307638168335,1.572104573249817,1.561816692352295,1.57557471036911,1.5957923912446788,1.6174779800867023,1.5336714406515177,46.81301396020779,-0.007583777258683755
2011-12-05,1.5609878301620483,1.5713881254196167,1.5590895414352417,1.575807852745056,1.5954460772037284,1.617242227689914,1.534373477800198,43.27038630813849,-0.007428153696860784
2011-12-06,1.564308762550354,1.5665878057479858,1.5594055652618408,1.57598886013031,1.5951362531770368,1.6171348933303988,1.5348428269302212,45.29315220825477,-0.006956657397255928
2011-12-07,1.5606955289840698,1.5720057487487793,1.5598434209823608,1.5759229564666748,1.594793559403655,1.6171578880101467,1.5346880249232029,43.476743841690485,-0.006796208473824672
2011-12-08,1.5700312852859497,1.5767399072647095,1.5616704225540161,1.5761714172363281,1.5945471686161885,1.617104524847461,1.5352383096251954,49.15091278049433,-0.0058483182621678065
2011-12-09,1.5637950897216797,1.5734899044036865,1.5590895414352417,1.5762485027313233,1.5942411777811396,1.6170712208295295,1.5354257846331172,45.8405199874852,-0.005536496024404869
2011-12-12,1.5654107332229614,1.565802812576294,1.5538808107376099,1.5763904762268066,1.5939543076857756,1.617007441340257,1.5357735111133561,46.83947898854212,-0.005100213638312923
2011-12-13,1.5580692291259766,1.5625,1.5540982484817505,1.576680042743683,1.5935972422271514,1.6165420008713214,1.5368180846160444,42.961734607835,-0.005285921911780234
2011-12-14,1.5480115413665771,1.552939772605896,1.542828917503357,1.5766996788978576,1.5931436531634626,1.6165029453611621,1.536896412434553,38.285471790990464,-0.006173504090753346
2011-12-15,1.5475084781646729,1.5531085729599,1.5437339544296265,1.5767178678512572,1.5926895718197953,1.616465783605241,1.5369699520972735,38.06230923746428,-0.006838680308724809
2011-12-16,1.5522888898849487,1.555790662765503,1.549594759941101,1.5768946838378906,1.5922875749842758,1.6161136604727413,1.5376757072030398,41.54894899981253,-0.0069005527034242675
2011-12-19,1.5525058507919312,1.554508924484253,1.5467904806137085,1.5768787693977355,1.5918917369322723,1.6161374480918589,1.5376200907036122,41.70932965655622,-0.006853082026310631
2011-12-20,1.550988793373108,1.5700066089630127,1.550603985786438,1.5765819978713989,1.5914847424686525,1.6164019917756156,1.536762003967182,40.86499173955831,-0.0068588109249305695
2011-12-21,1.567103385925293,1.5773119926452637,1.5666369199752808,1.5767461657524109,1.5912421419058287,1.616335545179227,1.5371567863255948,51.98410397992792,-0.005499641728234028
2011-12-22,1.567103385925293,1.5728957653045654,1.5655087232589722,1.5765926671028136,1.5910019552789574,1.6162726008477135,1.5369127333579138,51.98410397992792,-0.004372091597167227
2011-12-23,1.5679880380630493,1.570968508720398,1.5652881860733032,1.5764623141288758,1.590772961077616,1.616212990722851,1.5367116375349006,52.55212549214176,-0.0033682884282522085
2011-12-26,1.5596973896026611,1.5646023750305176,1.5596001148223877,1.5760036826133728,1.590463751410947,1.6159923978704924,1.536014967356253,46.946966521694705,-0.0032048101710617782
2011-12-27,1.5618897676467896,1.56788969039917,1.5599650144577026,1.5757513642311096,1.5901794331643084,1.6159373785388256,1.5355653499233937,48.51092201645913,-0.0028653163059702003
2011-12-28,1.5664896965026855,1.568996548652649,1.5471254587173462,1.5756637620925904,1.589943714391368,1.6159122586134005,1.5354152655717803,51.726390770194094,-0.0021997320151176947
2011-12-29,1.5444016456604004,1.547700047492981,1.536641240119934,1.5749975943565369,1.5894905594782645,1.6161991663129138,1.5337960224001599,39.09961162748362,-0.003415204424060958
2011-12-30,1.5415922403335571,1.5562022924423218,1.5404996871948242,1.574237356185913,1.5890139592873975,1.6164815694036243,1.5319931429682019,37.83455284787392,-0.004552690019259842
2012-01-02,1.5512052774429321,1.5548955202102661,1.5476043224334717,1.573375232219696,1.5886377534976093,1.6157066452484061,1.531043819190986,44.45672743763576,-0.0046251479666676865
2012-01-03,1.5519996881484985,1.5625,1.5511090755462646,1.5724218797683716,1.58827319563316,1.6144826384718916,1.5303611210648516,44.97834757171154,-0.004565836980669369
2012-01-04,1.5644066333770752,1.5670051574707031,1.5582634210586548,1.5717130851745607,1.5880357174015762,1.6130761746359505,1.5303499957131708,52.483683101131994,-0.003477608104679897
2012-01-05,1.5609389543533325,1.5626953840255737,1.546910047531128,1.571012556552887,1.5877660978685555,1.6118826435527722,1.5301424695530017,50.4138054562014,-0.002862000239577167
2012-01-06,1.5501713752746582,1.5526745319366455,1.5382012128829956,1.5698404359817504,1.5873920210265473,1.6096373048513193,1.5300435671121815,44.539822124463946,-0.00320602317502261
2012-01-09,1.541948676109314,1.5470057725906372,1.5400015115737915,1.5684556484222412,1.5869398484399735,1.607184301393178,1.5297269954513044,40.64513304301759,-0.00409496275102561
2012-01-10,1.545905590057373,1.550051212310791,1.5448071956634521,1.5672137331962586,1.5865315473612425,1.6047298845064393,1.5296975818860779,43.21825254324733,-0.004429107884504235
2012-01-11,1.5474605560302734,1.5488028526306152,1.534401297569275,1.566282811164856,1.586142781278067,1.603393127823209,1.5291724945065028,44.24122932791565,-0.0045163854711920415
2012-01-12,1.5336012840270996,1.536806583404541,1.5283509492874146,1.565131013393402,1.5856199803100224,1.6026583911239267,1.5276036356628773,37.718675523123906,-0.005638879518323758
2012-01-13,1.5342129468917847,1.539883017539978,1.524808645248413,1.5637408590316773,1.58510846753933,1.600576804365827,1.5269049136975275,38.15205876222383,-0.006405272067260492
2012-01-16,1.5300110578536987,1.5330604314804077,1.5284444093704224,1.5622754096984863,1.584560234606751,1.5985156107924485,1.5260352086045241,36.28417980156916,-0.007267920944055151
2012-01-17,1.5324965715408325,1.5403099060058594,1.5319331884384155,1.5608014726638795,1.5840421882077265,1.595721704697323,1.5258812406304358,38.21124521971361,-0.007662685542638048
2012-01-18,1.5338599681854248,1.5433051586151123,1.5331073999404907,1.559280846118927,1.5835428626350228,1.5920301668772934,1.5265315253605605,39.29581759677722,-0.007775889008139858
2012-01-19,1.542995572090149,1.5486828088760376,1.5416635274887085,1.5583108568191528,1.5831394070074365,1.5900222565759414,1.5265994570623642,46.12035956687573,-0.007047200938761433
2012-01-20,1.5488266944885254,1.5539048910140991,1.5453084707260132,1.5574031925201417,1.5827979869821434,1.5874762631847366,1.5273301218555468,49.985377137796995,-0.005930820739363574
2012-01-23,1.554557204246521,1.5602571964263916,1.5521442890167236,1.5563405132293702,1.5825169841686664,1.582684434921293,1.5299965915374474,53.51452488286311,-0.004531441505700506
2012-01-24,1.5578993558883667,1.5597461462020874,1.5537117719650269,1.5556984567642211,1.582272032643328,1.580193749917743,1.5312031636106993,55.48728597822387,-0.003116811017803478
2012-01-25,1.5626953840255737,1.5628662109375,1.554146409034729,1.5553408074378967,1.5820772401196412,1.5788560037422141,1.5318256111335793,58.226928418841574,-0.0015903739349412138
2012-01-26,1.5660971403121948,1.571610450744629,1.5652391910552979,1.5552468347549437,1.5819182341513052,1.5785465076072867,1.5319471619026008,60.10261552716998,-0.00010495835217128047
2012-01-27,1.5682092905044556,1.5727968215942383,0.6373892426490784,1.5551070189476013,1.581781826751747,1.577998299801805,1.5322157380933976,61.26558228071581,0.0012285155055316022
2012-01-30,1.5724011659622192,1.5726978778839111,1.5656802654266357,1.5550008416175842,1.5816884868433343,1.5775102667169998,1.5324914165181687,63.537229044376296,0.0025936544276499163
2012-01-31,1.570845127105713,1.5795294046401978,1.5703023672103882,1.5551398873329163,1.581580592716524,1.5779572924551704,1.5323224822106623,62.081754871662596,0.003509521943005689
2012-02-01,1.5760440826416016,1.5795294046401978,1.5703023672103882,1.555362844467163,1.5815255030640032,1.5787793569679107,1.5319463319664153,64.96915637163562,0.004601818905842325
2012-02-02,1.5842838287353516,1.5857913494110107,1.5802781581878662,1.555991175174713,1.5815529490906006,1.5807801383847426,1.5312022119646835,68.99841591218218,0.006062466426587809
2012-02-03,1.5802781581878662,1.5856908559799194,1.5752992630004883,1.556642737388611,1.5815402646039984,1.5822415632837414,1.5310439114934804,65.07950859067356,0.006818219780345913
2012-02-06,1.5803030729293823,1.5809026956558228,1.5732917785644531,1.5572689056396485,1.5815279542390694,1.5836246162942191,1.5309131949850778,65.09278885953992,0.007334621221726456
2012-02-07,1.5812777280807495,1.5860931873321533,1.5790305137634277,1.5578924775123597,1.5815254644265473,1.5850198618575932,1.5307650931671262,65.6432390349591,0.007733374087057099
2012-02-08,1.5893198251724243,1.5928640365600586,1.5805277824401855,1.5584829807281495,1.5816030202549103,1.5870277378306292,1.5299382236256698,69.86571141507125,0.008599192492141361
2012-02-09,1.5812777280807495,1.5883101224899292,1.5794293880462646,1.5586941027641297,1.581599783516857,1.587759723275084,1.5296284822531754,61.69949480353433,0.00853800893904344
2012-02-10,1.5812777280807495,1.584861397743225,1.5740596055984497,1.558953504562378,1.5815965789851525,1.5885951213722154,1.5293118877525405,61.69949480353433,0.008392773859675629
2012-02-13,1.5782082080841064,1.5827794075012207,1.5760440826416016,1.559297912120819,1.5815628638517893,1.5894320828742856,1.5291637413673524,58.66420261950965,0.007938479551496735
2012-02-14,1.572574257850647,1.5767897367477417,1.5664160251617432,1.559463222026825,1.5814734249860556,1.5897995979709,1.5291268460827498,53.465229699279845,0.00704265203157628
2012-02-15,1.5691196918487549,1.5734403133392334,1.5672998428344727,1.5596317052841187,1.5813505022682026,1.590089346515613,1.5291740640526243,50.50938485138637,0.005984956806056596
2012-02-16,1.568873643875122,1.5762925148010254,1.5661708116531372,1.559608552455902,1.5812263544234264,1.5900356714715627,1.5291814334402414,50.2961022109797,0.005068445816017064
2012-02-17,1.5807777643203735,1.5863195657730103,1.579105257987976,1.559948205947876,1.581221890840309,1.5909399855873565,1.5289564263083955,59.25948843807395,0.005242238029527391
2012-02-20,1.5869237184524536,1.5880577564239502,1.5845348834991455,1.5603784656524657,1.581278625443446,1.592264218806506,1.5284927124984256,62.97216151900103,0.005808934959144141
2012-02-21,1.5828293561935425,1.5865461826324463,1.5776104927062988,1.5608736681938171,1.581294055600172,1.5933761503581936,1.5283711860294407,59.107725570657344,0.005860113798342281
2012-02-22,1.5790305137634277,1.5812777280807495,1.5654351711273193,1.5614940476417543,1.5812715327958142,1.5941781037940093,1.5288099914894993,55.692762798027594,0.005530387694475891
2012-02-23,1.5672016143798828,1.5728216171264648,1.5654107332229614,1.5618879103660583,1.581131533607522,1.5943579982933802,1.5294178224387365,46.654011124064915,0.004265415010486162
2012-02-24,1.5745551586151123,1.5878056287765503,1.572574257850647,1.5623332357406616,1.5810660970403991,1.5948766550536801,1.5297898164276431,51.88221347586458,0.0038123383450936466
2012-02-27,1.5886884927749634,1.5888147354125977,1.5833808183670044,1.5630568885803222,1.5811419417741157,1.5963097805876652,1.5298039965729793,59.996979531192906,0.0045413637585196565
2012-02-28,1.5832804441452026,1.58755362033844,1.5808027982711792,1.5637027215957642,1.5811632204046846,1.5972519481661254,1.530153495025403,56.098441265826594,0.004629372795627251
2012-02-29,1.5922045707702637,1.5978269577026367,1.5913430452346802,1.5642047452926635,1.5812730845874825,1.598699565242582,1.529709925342745,60.643117260062326,0.0053574655008232774
2012-03-01,1.5923566818237305,1.5974441766738892,1.590381383895874,1.5647098112106324,1.5813833691371522,1.600105601603979,1.5293140208172857,60.717761954186706,0.0058789889806598605
2012-03-02,1.595914363861084,1.5969338417053223,1.5839828252792358,1.565268337726593,1.5815279561494027,1.6017402323759526,1.5287964430772334,62.50877567638844,0.006504396667492696
2012-03-05,1.5833055973052979,1.5878056287765503,1.5787811279296875,1.5657405018806458,1.5815456441211118,1.6025279212999757,1.528953082461316,53.2434800600984,0.00591443673486336
2012-03-06,1.58755362033844,1.5885623693466187,1.5737621784210205,1.5662537789344788,1.581605424979025,1.603534742620129,1.5289728152488287,55.62969543487752,0.005723690058269337
2012-03-07,1.5723271369934082,1.5759944915771484,1.5700559616088867,1.5663705277442932,1.5815131037054915,1.6036910469240109,1.5290500085645755,46.474288679995034,0.004294369175199764
2012-03-08,1.573564052581787,1.5830299854278564,1.572648525238037,1.566953775882721,1.581434008669397,1.603781189374556,1.530126362390886,47.23400288242674,0.003224263525426929
2012-03-09,1.582528829574585,1.5830299854278564,1.567766785621643,1.5677725076675415,1.5814449024097523,1.604115571385987,1.531429443949096,52.49656160407071,0.0030642568245979884
2012-03-12,1.5672998428344727,1.5694891214370728,1.5604031085968018,1.5680943989753724,1.5813041555482408,1.6041222720052555,1.5320665259454893,44.39619369689132,0.001689127198531315
2012-03-13,1.5654351711273193,1.5745551586151123,1.562255859375,1.5683631086349488,1.5811462552056705,1.6041002613846647,1.5326259558852329,43.51089872986827,0.00044374838439242836
2012-03-14,1.5705984830856323,1.5743072032928467,1.5651901960372925,1.56848694562912,1.581041302249204,1.6042110488328478,1.532762842425392,46.681425708693595,-0.00012514458595824784
2012-03-15,1.5654351711273193,1.568922758102417,1.5636972188949585,1.5685768699645997,1.5808860173623485,1.6042460166619787,1.5329077232672206,44.020651992621616,-0.0009813204359163663
2012-03-16,1.5703518390655518,1.5860931873321533,1.5698341131210327,1.5689804792404174,1.5807811996678058,1.604254070654879,1.5337068878259559,47.11200183094221,-0.001248717514903186
2012-03-19,1.5837068557739258,1.5905836820602417,1.582528829574585,1.5698156428337098,1.58081031067385,1.6044484625307105,1.535182823136709,54.46732452286471,-0.0003786287936133892
2012-03-20,1.5888147354125977,1.58982515335083,1.5832804441452026,1.5706738257408142,1.5808899566911863,1.60501365856697,1.5363339929146582,56.93425800081801,0.0007148456890417876
2012-03-21,1.586294412612915,1.5923060178756714,1.582528829574585,1.571450502872467,1.580943732372023,1.6054018256830462,1.5374991800618878,55.341016547070566,0.00136235868500445
2012-03-22,1.58755362033844,1.5893198251724243,1.578033685684204,1.572529549598694,1.581009502401568,1.6049666294897302,1.5400924697076577,56.00346531775345,0.0019545936008575904
2012-03-23,1.5827794075012207,1.5909886360168457,1.5807777643203735,1.5735008788108826,1.581027113397592,1.6041119804149848,1.5428897772067804,52.805236464065345,0.0020154718573077712
2012-03-26,1.5878056287765503,1.595507025718689,1.5804030895233154,1.5746567702293397,1.5810945613118392,1.6028328803568392,1.5464806601018402,55.67513516510169,0.002441152281250192
2012-03-27,1.596169114112854,1.5999232530593872,1.5943877696990967,1.57593022108078,1.5812445568621611,1.6020061012656452,1.5498543408959147,60.030566082794785,0.003414015805112358
2012-03-28,1.5954052209854126,1.596704363822937,1.5845098495483398,1.5771611261367797,1.5813854589927994,1.6008306523826115,1.553491599890948,59.45590905823233,0.004076387310164575
2012-03-29,1.5893198251724243,1.5931684970855713,1.586294412612915,1.5780876111984252,1.581464407910042,1.5998481811209104,1.55632704127594,54.94364352343602,0.004063440107557881
2012-03-30,1.595914363861084,1.603334903717041,1.5958125591278076,1.5790293645858764,1.58160818856633,1.5996679382051293,1.5583907909666235,58.609539644665915,0.004533049344410678
2012-04-02,1.6014091968536377,1.6062966585159302,1.5983887910842896,1.5799664044380188,1.5818052135244922,1.60032234808017,1.5596104607958676,61.42581795847613,0.0052876523830101
2012-04-03,1.6038492918014526,1.6046212911605835,1.5959398746490479,1.5808854031562805,1.582024557587037,1.6013238106865082,1.5604469956260527,62.641450268490665,0.006013258891903739
2012-04-04,1.590659737586975,1.590887427330017,1.583756923675537,1.5814446902275086,1.5821104797761252,1.6013755807638212,1.5615137996911959,52.93129634466834,0.005461068682139469
2012-04-05,1.5903308391571045,1.5910899639129639,1.5807777643203735,1.5819293642044068,1.5821922743968635,1.601512501018117,1.5623462273906965,52.71186983311296,0.004939969712196124
2012-04-06,1.5830299854278564,1.5889915227890015,1.5827043056488037,1.5822257781028748,1.582200609830011,1.6014057925018503,1.5630457637038992,47.9591264781738,0.0038930010512214785
2012-04-09,1.5880577564239502,1.5884109735488892,1.5840330123901367,1.5825389099121094,1.582258889895645,1.6015749231655119,1.563502896658707,51.22091721589608,0.0034294375239214414
2012-04-10,1.5908114910125732,1.593143105506897,1.5813026428222656,1.5829382371902465,1.5823439904043033,1.601809980423565,1.564066493956928,52.95996080243875,0.003246835952349425
2012-04-11,1.5855399370193481,1.593625545501709,1.5852885246276855,1.5831281542778015,1.5823757908681466,1.6019076133888983,1.5643486951667047,49.333989697693156,0.0026462482378140084
2012-04-12,1.5923566818237305,1.597188949584961,1.5913430452346802,1.5832896113395691,1.5824751032160005,1.6022475901202884,1.5643316325588499,53.744261569642,0.002689331542868656
2012-04-13,1.595914363861084,1.5970104932785034,1.584786057472229,1.5836023354530335,1.582608827202568,1.6028708705759709,1.5643338003300962,55.901732541515926,0.0029762423114283454
2012-04-16,1.5850372314453125,1.5870496034622192,1.5821282863616943,1.583697018623352,1.5826329904288727,1.6029458977511202,1.564448139495584,48.459693061940506,0.002299421184552619
2012-04-17,1.5895723104476929,1.596806287765503,1.5864704847335815,1.583862910270691,1.582702038389284,1.6031695699959134,1.5645562505454684,51.366759988275305,0.0021047166758279
2012-04-18,1.594209909439087,1.604209542274475,1.5898504257202148,1.5839607119560242,1.582816544568925,1.6034290668280766,1.5644923570839717,54.21097512740713,0.002298135949777791
2012-04-19,1.6023072004318237,1.607200264930725,1.6012040376663208,1.5843813014030457,1.5830104814432515,1.6045104898154012,1.5642521129906901,58.74738193155781,0.0030694234265118414
2012-04-20,1.6061676740646362,1.6139966249465942,1.6040292978286743,1.5848791003227234,1.583240901270411,1.6059060615350984,1.5638521391103484,60.74420638783462,0.003946687312878172
2012-04-23,1.6131634712219238,1.6134237051010132,1.6078979969024658,1.5855782055854797,1.5835386382849574,1.6079793678619239,1.5631770433090355,64.13242688123631,0.005147095118870348
2012-04-24,1.6121231317520142,1.6163967847824097,1.6113438606262207,1.5863691830635072,1.583823061105623,1.6096710110619052,1.563067355065109,63.25803493178501,0.005945939167345982
2012-04-25,1.614465594291687,1.6165534257888794,1.6085187196731567,1.5872761011123657,1.5841279619334487,1.611354517924494,1.5631976843002375,64.43387246598925,0.0066909172521671945
2012-04-26,1.6178088188171387,1.620587944984436,1.6160310506820679,1.5882548046112062,1.584463094837877,1.613241148316953,1.5632684609054592,66.10129483009908,0.007465035745129578
2012-04-27,1.617861270904541,1.625514030456543,1.615508794784546,1.5889964747428893,1.5847954149978554,1.615246482773958,1.5627464667118205,66.12812541799542,0.007990651417583816
2012-04-30,1.6281341314315796,1.629991888999939,1.6225073337554932,1.589820683002472,1.5852266460072888,1.6182984074582074,1.5613429585467364,70.97376477813887,0.009130884463201205
2012-05-01,1.6233766078948975,1.6249593496322632,1.6189088821411133,1.590631628036499,1.585606247618235,1.6205686429137807,1.5606946131592172,66.24711867374575,0.00954065623147704
2012-05-02,1.6223231554031372,1.6240885257720947,1.6161617040634155,1.5914974808692932,1.5859715899843725,1.6225485073798378,1.5604464543587486,65.21150409902529,0.009668940965325001
2012-05-03,1.6193020343780518,1.6217180490493774,1.6165534257888794,1.5925394892692566,1.5863032361973513,1.6237589906605245,1.5613199878779886,62.20808562019928,0.0094182604788422
2012-05-04,1.619197130203247,1.6196955442428589,1.614439606666565,1.5934323287010193,1.5866305386253745,1.6251026806135838,1.5617619767884547,62.101130773086496,0.009106159360344535
2012-05-07,1.6123050451278687,1.6199579238891602,1.6116034984588623,1.5939046597480775,1.586886006351848,1.6259879794601337,1.5618213400360212,55.36609275250527,0.008208065835732636
2012-05-08,1.6194331645965576,1.619170904159546,1.6126171350479126,1.5946277141571046,1.5872098586727916,1.6273567787098409,1.5618986496043683,60.1765706475811,0.00797951701098043
2012-05-09,1.6147263050079346,1.615769863128662,1.6076911687850952,1.595078148841858,1.587483654158798,1.628287484970324,1.561868812713392,55.892855620229014,0.007334043896074061
2012-05-10,1.6138142347335815,1.618384838104248,1.6095025539398193,1.595507299900055,1.587745649985493,1.6291251536053175,1.5618894461947925,55.07471651798129,0.006671994751158206
2012-05-11,1.613684058189392,1.614465594291687,1.6065806150436401,1.5958626937866212,1.58800374359954,1.629871545785594,1.5618538417876484,54.9510830000487,0.006066876696759982
2012-05-14,1.6077170372009277,1.6122270822525024,1.6054457426071167,1.5963509225845336,1.588199895774737,1.6303248634898513,1.562376981679216,49.46921599536725,0.005047641484726917
2012-05-15,1.6097874641418457,1.6116034984588623,1.6012810468673706,1.5967955994606018,1.5884146974500952,1.6308814003691523,1.5627097985520513,51.28515231943297,0.0043567346616435465
2012-05-16,1.598720908164978,1.5990022420883179,1.58982515335083,1.5973234748840333,1.5885172468104725,1.6306721350153504,1.5639748147527162,42.49460972492684,0.002882974313077158
2012-05-17,1.5921032428741455,1.5934224128723145,1.57957923412323,1.5976942586898804,1.588552928363355,1.6303701532142496,1.565018364165511,38.27023743286862,0.0011675594377171805
2012-05-18,1.5785319805145264,1.5835312604904175,1.573564052581787,1.5976143217086791,1.5884532174394574,1.630460755596965,1.5647678878203932,31.380686530723395,-0.001272339919958565
2012-05-21,1.5812777280807495,1.5840330123901367,1.5782828330993652,1.5978938794136048,1.5883818195353703,1.6299147778463026,1.565872980980907,33.97063958124096,-0.002950408386701575
2012-05-22,1.5827794075012207,1.584786057472229,1.576590657234192,1.5982407641410827,1.58832607414198,1.6291840998295377,1.5672974284526278,35.40657575417892,-0.004111719415289317
2012-05-23,1.5760937929153442,1.5768393278121948,1.56889808177948,1.598350670337677,1.5882043599008848,1.6289301638695353,1.567771176805819,32.06341951270589,-0.0055080466620274215
2012-05-24,1.568381428718567,1.5726732015609741,1.5640395879745483,1.598409595489502,1.588007116804489,1.6287405498382914,1.5680786411407124,28.697195044164104,-0.007154496815060529
2012-05-25,1.5659254789352417,1.5697108507156372,1.5632083415985107,1.5983210682868958,1.5877873990146851,1.6290100033106272,1.5676321332631644,27.699890221455718,-0.008558834133456372
2012-05-28,1.568135380744934,1.5718327760696411,1.5675946474075317,1.5980096387863159,1.5875918565442866,1.6296065032474247,1.566412774325207,30.05537863118495,-0.009385273379478143
2012-05-29,1.5669069290161133,1.5715856552124023,1.5621339082717896,1.5975714826583862,1.5873860363698218,1.6302769285677583,1.5648660367490141,29.480408461925265,-0.010023809982170562
2012-05-30,1.5634772777557373,1.5637460947036743,1.552168369293213,1.5971151399612427,1.5871481382740962,1.6310754961045095,1.5631547838179758,27.87699468430597,-0.01068344690838785
2012-05-31,1.5482993125915527,1.5527950525283813,1.53678297996521,1.596330053806305,1.5867615827945665,1.6329067724534214,1.5597533351591886,22.138388810361448,-0.012289285631103875
2012-06-01,1.5396459102630615,1.5432099103927612,1.5272072553634644,1.5954673838615419,1.5862927701324394,1.635243289185219,1.5556914785378646,19.654254621062222,-0.014097672444266962
2012-06-04,1.535154938697815,1.5415922403335571,1.5343306064605713,1.5944143700599671,1.5857839359886803,1.6376549868693904,1.5511737532505439,18.494390391691567,-0.01571209662566231
2012-06-05,1.5384615659713745,1.5405946969985962,1.5325905084609985,1.5932602190971374,1.585313066635154,1.6392996724323048,1.54722076576197,22.13779094122245,-0.016534127109198993
2012-06-06,1.5384615659713745,1.551518201828003,1.537988305091858,1.5921213459968566,1.5848468825488295,1.6406918692918093,1.543550822701904,22.13779094122245,-0.016989744985369315
2012-06-07,1.548227310180664,1.5595028400421143,1.5434480905532837,1.5912994956970214,1.5844825086943288,1.641429114378074,1.541169877015969,32.47644877547717,-0.016374061504301762
2012-06-08,1.5523128509521484,1.5525538921356201,1.5408083200454712,1.5904274654388428,1.5841624125973126,1.6417325778214904,1.5391223530561953,36.28788246298056,-0.015379177330762328
2012-06-11,1.5537601709365845,1.557996392250061,1.5500991344451904,1.5894744849205018,1.5838599027299676,1.641708738898749,1.5372402309422546,37.63096230218595,-0.014308992668053966
2012-06-12,1.5486109256744385,1.5570018291473389,1.5460729598999023,1.5883697175979614,1.5835091666397778,1.6416883835072014,1.5350510516887215,34.81869868209171,-0.013718229461282094
2012-06-13,1.5569047927856445,1.5598191022872925,1.5540015697479248,1.5876946187019347,1.583244446501862,1.6417447020688232,1.5336445353350463,42.29859031275151,-0.01243742866691977
2012-06-14,1.5520720481872559,1.555790662765503,1.54774808883667,1.5869294428825378,1.58293427338423,1.6419025600170276,1.531956325748048,39.45726651233245,-0.011677733269875645
2012-06-15,1.5554518699645996,1.565802812576294,1.548107385635376,1.5863778805732727,1.5826608166337215,1.6420595230037256,1.5306962381428197,42.37272944931709,-0.010679835329612919
2012-06-18,1.5715856552124023,1.5730690956115723,1.5638684034347534,1.5860484385490417,1.5825506160225382,1.641884215476113,1.5302126616219702,53.80785177775584,-0.008489273330099634
2012-06-19,1.5686274766921997,1.5743072032928467,1.5620607137680054,1.5856047582626343,1.582412077322702,1.6416382591387255,1.529571257386543,51.77904992466295,-0.006912257248558706
2012-06-20,1.5719810724258423,1.5773866176605225,1.5693659782409668,1.5853335809707643,1.5823082862291773,1.64149944372952,1.5291677182120085,53.90109965578463,-0.00533040786975536
2012-06-21,1.5705984830856323,1.5731184482574463,1.5622069835662842,1.584898416996002,1.5821917707749862,1.6411792227920776,1.5286176111999266,52.86814549278789,-0.004140613826666861
2012-06-22,1.5600625276565552,1.5634772777557373,1.5559117794036865,1.5841813802719116,1.5819715793011215,1.6408018458289282,1.527560914714895,45.683459195215995,-0.0040017276011914404
2012-06-25,1.5583605766296387,1.5592111349105835,1.5541706085205078,1.5836478471755981,1.5817366439511045,1.640736209233421,1.5265594851177753,44.62838566089508,-0.003983078046613464
2012-06-26,1.5566624402999878,1.5647003650665283,1.5566624402999878,1.5829896497726441,1.581487149387357,1.640556076345898,1.5254232231993903,43.547700586777246,-0.004058539236171388
2012-06-27,1.5637216567993164,1.5642108917236328,1.5547263622283936,1.5823798847198487,1.5813103783167908,1.6401068745828142,1.5246528948568832,49.068971459987424,-0.003508281709682981
2012-06-28,1.5571472644805908,1.5625,1.5503876209259033,1.581476686000824,1.5810699493233442,1.6393440674297701,1.523609304571878,44.68559508956469,-0.003561640793162457
2012-06-29,1.5518311262130737,1.5706723928451538,1.5515903234481812,1.5803899550437928,1.580779015759996,1.6384053854856542,1.5223745246019313,41.46036802851939,-0.003986937249785383
2012-07-02,1.5682092905044556,1.572129249572754,1.5645290613174438,1.5794908714294433,1.5806539438668794,1.6368225432214796,1.522159199637407,52.77033324063882,-0.002968191313641455
2012-07-03,1.5691196918487549,1.5713387727737427,1.5662198066711426,1.5786308026313782,1.5805391751900584,1.6352501822144232,1.5220114230483333,53.31032174322691,-0.002063578392460519
2012-07-04,1.5691196918487549,1.5691196918487549,1.5578750371932983,1.5777238845825194,1.5804255484901215,1.6334460028496331,1.5220017663154057,53.31032174322691,-0.001331319512418938
2012-07-05,1.5584092140197754,1.562255859375,1.5503394603729248,1.5765358924865722,1.5802064804853966,1.6312942711923801,1.5217775137807643,46.116333470491014,-0.0015968377721065075
2012-07-06,1.5530362129211426,1.555088996887207,1.5479875802993774,1.5752393913269043,1.5799361295643046,1.6290658568202292,1.5214129258335793,42.98272230427418,-0.002215282789449269
2012-07-09,1.5479875802993774,1.5530362129211426,1.5472211837768555,1.5736364603042603,1.5796182335516546,1.625780782027173,1.5214921385813476,40.21739944954009,-0.003077314020277999
2012-07-10,1.5530362129211426,1.5547988414764404,1.548227310180664,1.5722296524047852,1.5793537358338856,1.6226640539406203,1.52179525086895,44.09102918656697,-0.0033148855843447844
2012-07-11,1.5518311262130737,1.5578750371932983,1.5515903234481812,1.570819811820984,1.5790798790216845,1.6194473523660964,1.5221922712758715,43.36867749788428,-0.0035593729507461536
2012-07-12,1.5511090755462646,1.5518311262130737,1.5396220684051514,1.5694559526443481,1.5788015625691385,1.6163268508398057,1.5225850544488906,42.915005794594585,-0.003767959710370139
2012-07-13,1.5427337884902954,1.5561779737472534,1.5415446758270264,1.567926685810089,1.5784426792449018,1.6131334668670907,1.5227199047530875,37.9553127526033,-0.004556556740632933
2012-07-16,1.5583605766296387,1.5644556283950806,1.5520720481872559,1.5668477964401246,1.5782428573282938,1.6102713125568846,1.5234242803233646,49.648059469736936,-0.0038758954541890933
2012-07-17,1.5625,1.5677175521850586,1.556105375289917,1.5657091331481934,1.578086211981714,1.606404593604466,1.5250136726919208,52.21692203786894,-0.0029682336594341052
2012-07-18,1.5664160251617432,1.5669069290161133,1.5586034059524536,1.5647429275512694,1.5779700907198022,1.6029032927602662,1.5265825623422726,54.577849580872716,-0.00191088712745624
2012-07-19,1.5647003650665283,1.5723271369934082,1.5639173984527588,1.5637606501579284,1.577838053648601,1.5991965713102492,1.5283247290056077,53.334516862243504,-0.0011975670074058087
2012-07-20,1.5718327760696411,1.5718327760696411,1.5620118379592896,1.5629236245155333,1.5777782996428293,1.5953998791665074,1.5304473698645593,57.65347066666441,-5.60832207090467e-05
2012-07-23,1.5607929229736328,1.561036467552185,1.5488028526306152,1.5619851422309876,1.5776092909197221,1.5917792860084379,1.5321909984535373,49.94779494102004,-4.179123342629154e-05
2012-07-24,1.5518311262130737,1.555088996887207,1.5491867065429688,1.560826015472412,1.577352791768366,1.5873606722267826,1.5342913587180416,44.722316688701056,-0.0007450187202044933
2012-07-25,1.550147294998169,1.5547263622283936,1.5464555025100708,1.559854543209076,1.577082090307918,1.5841921388376419,1.5355169475805102,43.79522092826481,-0.0014218129025422854
2012-07-26,1.5487068891525269,1.572203516960144,1.5472451448440552,1.5589866161346435,1.5767997499978643,1.5816690359431969,1.5363041963260902,42.97452479386585,-0.0020507659287833935
2012-07-27,1.5686274766921997,1.5765410661697388,1.5671523809432983,1.558788526058197,1.576718433845555,1.5809410437705067,1.5366360083458874,55.41745072983446,-0.00093105814357064
2012-07-30,1.5728216171264648,1.5733165740966797,1.56788969039917,1.5586194038391112,1.5766796595498362,1.5801926777871382,1.5370461298910842,57.51915800327267,0.00029139144522472016
2012-07-31,1.5713387727737427,1.573192834854126,1.5629884004592896,1.5583905911445617,1.5766265163978261,1.5791451020974212,1.5376360801917022,56.50494065478013,0.0011275408163404776
2012-08-01,1.566784143447876,1.5691196918487549,1.5585306882858276,1.5582043981552125,1.5765285823386062,1.5784719938983702,1.5379368024120548,53.390875388536315,0.0014064618780702531
2012-08-02,1.5544847249984741,1.56788969039917,1.549426794052124,1.5579264640808106,1.5763092404744887,1.5780046800264746,1.5378482481351465,46.015828940702015,0.0006278115301503462
2012-08-03,1.5515903234481812,1.5654351711273193,1.5507723093032837,1.5576397609710693,1.5760632811010518,1.5776610827921744,1.537618439149964,44.45943148743601,-0.00022028913995431054
2012-08-06,1.5654107332229614,1.5654351711273193,1.5548955202102661,1.55758526802063,1.57595728559976,1.5775045638910163,1.5376659721502435,52.688114602669906,0.0002202377716551407
2012-08-07,1.558797836303711,1.5685044527053833,1.5566624402999878,1.5574230861663818,1.5757865448107167,1.5771638480421557,1.537682324290608,48.9509945184456,3.534556614792628e-05
2012-08-08,1.5616215467453003,1.5676438808441162,1.5578266382217407,1.557385971546173,1.575645599556312,1.5770872126420037,1.5376847304503425,50.56344247657619,0.00011533745670466722
2012-08-09,1.5670297145843506,1.5686274766921997,1.5606467723846436,1.557760579586029,1.5755598693575723,1.5774689003884448,1.5380522587836132,53.587225578936696,0.0006081155751367362
2012-08-10,1.563110589981079,1.5701051950454712,1.5581178665161133,1.5582298731803894,1.5754359959309212,1.5772842292115452,1.5391755171492336,51.1458402743925,0.0006746284850418505
2012-08-13,1.5669069290161133,1.5719068050384521,1.5659009218215942,1.5588649129867553,1.5753511295934473,1.576867778620105,1.5408620473534056,53.36236302615415,0.0010218935256820494
2012-08-14,1.56788969039917,1.5719068050384521,1.5672508478164673,1.5594534754753113,1.5752768864173734,1.5766393586063405,1.5422675923442821,53.944890271631195,0.0013607186846531505
2012-08-15,1.5676438808441162,1.5701051950454712,1.56624436378479,1.5600371217727662,1.5752009361131503,1.5762688214665463,1.543805422078986,53.76400355845099,0.0015910644864678414
2012-08-16,1.568135380744934,1.5745799541473389,1.5637950897216797,1.5604352831840516,1.575130632079625,1.5764599260466219,1.5444106403214812,54.09545612560934,0.0017926110242914017
2012-08-17,1.573564052581787,1.5740596055984497,1.5677913427352905,1.5608603072166443,1.5751150442239228,1.5771310418069275,1.544589572626361,57.70218836932792,0.0023631456830841557
2012-08-20,1.568873643875122,1.5718327760696411,1.5681109428405762,1.5611625766754151,1.575052940737856,1.5774564571799767,1.5448686961708535,53.77113271417072,0.002409051679235219
2012-08-21,1.571091890335083,1.580502986907959,1.570845127105713,1.561612195968628,1.5750135273010066,1.5777321508723416,1.5454922410649143,55.32137817950622,0.0025945184687039546
2012-08-22,1.577909231185913,1.5815277099609375,1.577038288116455,1.5620322847366332,1.57504234027499,1.578735720954525,1.5453288485187415,59.7847945647071,0.0032540935030409557
2012-08-23,1.5883604288101196,1.5910899639129639,1.5863698720932007,1.5627580523490905,1.575174858568891,1.5807952848171605,1.5447208198810205,65.47847786666797,0.0045674846537768765
2012-08-24,1.5857913494110107,1.5870496034622192,1.581027626991272,1.5633648419380188,1.5752804952937032,1.582411892794015,1.5443177910820227,63.11300472073155,0.005339502900677751
2012-08-27,1.5803030729293823,1.5827794075012207,1.5793297290802002,1.5635391902923583,1.5753304711905824,1.583047391232643,1.5440309893520736,58.27007504475273,0.005445700236317297
2012-08-28,1.579279899597168,1.5837820768356323,1.5756219625473022,1.5637522387504577,1.5753697689856783,1.583714634238294,1.5437898432626214,57.38599189619721,0.005385223350429902
2012-08-29,1.5826040506362915,1.5852885246276855,1.5804779529571533,1.5639646983146667,1.5754417518876842,1.5845023914191425,1.5434270052101908,59.534085088963074,0.005541645550073193
2012-08-30,1.5827794075012207,1.5871001482009888,1.5804030895233154,1.5642083168029786,1.5755147633863364,1.585347370416749,1.5430692631892082,59.64963640456439,0.005615034481468051
2012-08-31,1.5790305137634277,1.588789463043213,1.578033685684204,1.5645876765251159,1.575549745977158,1.5861005473082224,1.5430748057420094,55.96999227306767,0.0053094868847429755
2012-09-03,1.5873016119003296,1.5899008512496948,1.5852885246276855,1.5651664972305297,1.575666679966459,1.5875358250482803,1.5427971694127791,61.598473626602285,0.005669393469343698
2012-09-04,1.5880577564239502,1.5911405086517334,1.586294412612915,1.5657944035530091,1.575789974259585,1.5889385235832114,1.5426502835228069,62.07576720845457,0.005947082311364316
2012-09-05,1.5865461826324463,1.593092441558838,1.5829046964645386,1.5662508940696716,1.5758970012085827,1.5901172514910629,1.5423845366482802,60.458057752110236,0.0059762903915583365
2012-09-06,1.5905836820602417,1.5939048528671265,1.5885370969772339,1.5669196224212647,1.576043137336479,1.5916045522570412,1.5422346925854882,63.215527548821434,0.006253148068097847
2012-09-07,1.5933715105056763,1.603334903717041,1.5923566818237305,1.5677504301071168,1.5762155589600753,1.5931485067932218,1.5423523534210117,65.02895279972469,0.006621189279631068
2012-09-10,1.600819706916809,1.6020506620407104,1.596169114112854,1.5684026384353638,1.5764603763527107,1.5954688624322493,1.5413364144384782,69.37312972726754,0.0074282436259696105
2012-09-11,1.599206805229187,1.6084928512573242,1.5992324352264404,1.5690043807029723,1.576686708978376,1.597438893701877,1.5405698677040676,67.4200088092804,0.007847234291171512
2012-09-12,1.607200264930725,1.6129032373428345,1.606632113456726,1.5697659921646119,1.576990326450577,1.6001838956071626,1.5393480887220612,71.67602799306567,0.008723731064416151
2012-09-13,1.610824704170227,1.6129032373428345,1.608751654624939,1.5708143019676208,1.577326986925441,1.6031848506381972,1.5384437532970445,73.3744364370746,0.009600158378064716
2012-09-14,1.615508794784546,1.6255934238433838,1.6152479648590088,1.572063753604889,1.577706905411648,1.606396665081853,1.5377308421279248,75.4253374282145,0.010551074090150214
2012-09-17,1.6225864887237549,1.6273921728134155,1.621271014213562,1.5735557317733764,1.5781534684297331,1.6100346970609458,1.537076766485807,78.1624965565972,0.01174045572764526
2012-09-18,1.6246954202651978,1.6268097162246704,1.6225864887237549,1.5749889159202575,1.5786165724281518,1.6137374762608108,1.5362403555797042,78.91605969818978,0.01270674692582463
2012-09-19,1.6244314908981323,1.6273393630981445,1.6189088821411133,1.5764409232139587,1.5790724422637283,1.6170441729190026,1.5358376735089148,78.55073684382205,0.01329795225208752
2012-09-20,1.6231131553649902,1.6236402988433838,1.6167625188827515,1.5778810048103333,1.579510658314539,1.619899995277437,1.5358620143432296,76.64219233019682,0.013504437325551732
2012-09-21,1.6221915483474731,1.6307892799377441,1.621533989906311,1.5794701600074768,1.5799353437875534,1.6220697406798803,1.5368705793350732,75.26545147645734,0.013438798150081421
2012-09-24,1.6231131553649902,1.6244314908981323,1.618384838104248,1.5807652115821837,1.5803649737535477,1.624662690431526,1.5368677327328415,75.73486084222172,0.013307741257305938
2012-09-25,1.6225864887237549,1.6265981197357178,1.62179696559906,1.5819669413566588,1.5807850883304138,1.627096057257449,1.5368378254558686,74.86053082882245,0.013011392891217444
2012-09-26,1.6194331645965576,1.6210345029830933,1.614205002784729,1.5830272841453552,1.5811696463032547,1.6291455660108185,1.536909002279892,69.67410201932573,0.012379385917426378
2012-09-27,1.617861270904541,1.6236402988433838,1.6168148517608643,1.5840905022621155,1.5815347370953485,1.630929770699256,1.5372512338249749,67.17567427600369,0.011617754906489752
2012-09-28,1.6232975721359253,1.6271010637283325,1.611499547958374,1.585119798183441,1.5819502876928135,1.6331074275856592,1.537132168781223,71.04302555940903,0.01132230444166149
2012-10-01,1.6124871969223022,1.6175994873046875,1.611084222793579,1.5861536836624146,1.5822541375359267,1.6342294620677975,1.5380779052570317,56.72944514198473,0.010099430932898334
2012-10-02,1.6129032373428345,1.617861270904541,1.6127991676330566,1.5873751258850097,1.5825591037031927,1.6349927271289706,1.5397575246410489,57.08777852786509,0.00905943433213885
2012-10-03,1.6131634712219238,1.6139445304870605,1.607200264930725,1.5886354494094848,1.5828636247730636,1.6355620503328134,1.541708848486156,57.32583109704522,0.008162140161418252
2012-10-04,1.610046625137329,1.6168148517608643,1.6084411144256592,1.589862244129181,1.5831341023886574,1.635723342504916,1.544001145753446,53.49789422046864,0.007117478771211827
2012-10-05,1.6186468601226807,1.6221126317977905,1.617494821548462,1.5908626317977905,1.5834874631621676,1.6370143728375108,1.5447108907580702,61.19728209492627,0.006903959632175383
2012-10-08,1.6138923168182373,1.6139445304870605,1.6022816896438599,1.591684045791626,1.5837899990194737,1.6379869053555656,1.5453811862276863,55.70605786689003,0.00627871514702405
2012-10-09,1.60341215133667,1.6048789024353027,1.5979546308517456,1.5923255133628844,1.5839852443161824,1.6383658600341964,1.5462851666915725,45.9241756534397,0.004881274327968255
2012-10-10,1.599692940711975,1.603592038154602,1.5982099771499634,1.5929836893081666,1.5841415398027237,1.6384712953973608,1.5474960832189724,43.036027319594474,0.003434097062886554
2012-10-11,1.6007683277130127,1.6056002378463745,1.5989766120910645,1.5939093613624573,1.5843069804784646,1.638063391547347,1.5497553311775676,44.130121095362135,0.0023469195696672607
2012-10-12,1.6045955419540405,1.6097874641418457,1.6023072004318237,1.5949694657325744,1.5845088567120729,1.637491428937275,1.5524475025278737,47.960897062631275,0.0017737016489687285
2012-10-15,1.605909824371338,1.6079754829406738,1.6023072004318237,1.595779447555542,1.5847218016639275,1.637539311938748,1.554019583172336,49.24782517713615,0.0014092292070779777
2012-10-16,1.6081048250198364,1.6131634712219238,1.6064256429672241,1.5967655873298645,1.5849544685630141,1.6372708236999443,1.5562603509597848,51.409100354521904,0.0012827140498405942
2012-10-17,1.6130073070526123,1.6181230545043945,1.6118632555007935,1.5977933025360107,1.5852336012843309,1.637253060976055,1.5583335440959665,55.923769180968335,0.001560055851772324
2012-10-18,1.6137100458145142,1.6173378229141235,1.6118632555007935,1.598726909160614,1.5855169489911263,1.637417204177719,1.560036614143509,56.547006202776565,0.0018156269556397486
2012-10-19,1.605703353881836,1.607200264930725,1.600000023841858,1.5995787644386292,1.5857178087413017,1.6369203947524698,1.5622371341247887,48.186737909284545,0.001356459353434314
2012-10-22,1.5997952222824097,1.6056002378463745,1.5997439622879028,1.6002365303039552,1.585857882507893,1.6363681861854082,1.5641048744225021,43.12059884918745,0.0005099504850465397
2012-10-23,1.6022816896438599,1.6025898456573486,1.5916976928710938,1.600924370288849,1.5860213034744355,1.6358312917154567,1.5660174488622411,45.70765278623361,3.927055733643492e-05
2012-10-24,1.5948964357376099,1.6048789024353027,1.5937016010284424,1.6014694213867187,1.5861096132482064,1.6350823832147916,1.5678564595586457,39.90245015628642,-0.0009190803592580288
2012-10-25,1.6031550168991089,1.614309310913086,1.6030265092849731,1.6021698141098022,1.5862792192546986,1.6343777960123478,1.5699618322072566,47.87503155966814,-0.0010006470490142583
2012-10-26,1.6118113994598389,1.6141008138656616,1.6090104579925537,1.6029347610473632,1.5865332707990514,1.6341718414303807,1.5716976806643457,54.66396314617749,-0.0003626115498303051
2012-10-29,1.6095284223556519,1.6095284223556519,1.6029495000839233,1.6037478566169738,1.5867620782772474,1.6334446392835487,1.574051073950399,52.713978376933056,-4.0711693540584903e-05
2012-10-30,1.603078007698059,1.608751654624939,1.602384328842163,1.6043875789642335,1.5869244258336876,1.6325515824247612,1.5762235755037057,47.55249884964546,-0.00030260999313824755
2012-10-31,1.6074585914611816,1.6135278940200806,1.607122778892517,1.6049785661697387,1.5871287458897008,1.6320953969800804,1.5778617353593969,51.05731502608017,-0.00015490414427610233
2012-11-01,1.6134237051010132,1.6175994873046875,1.6123311519622803,1.6054798316955567,1.5873903872749109,1.6322674244869142,1.5786922389041993,55.42547544295008,0.0004384346219048485
2012-11-02,1.6134237051010132,1.613501787185669,1.6028209924697876,1.6060324788093567,1.5876494252632527,1.6322972113685132,1.5797677462502002,55.42547544295009,0.0008983047706574432
2012-11-05,1.6021019220352173,1.6041065454483032,1.5960417985916138,1.6064684557914735,1.5877932312012946,1.6316930571845263,1.5812438543984206,46.32451645670723,0.000345202622458185
2012-11-06,1.5984655618667603,1.600000023841858,1.5969338417053223,1.6068521690368653,1.5878994235462336,1.630947055012389,1.5827572830613417,43.83488887852073,-0.00038215346290226826
2012-11-07,1.5992324352264404,1.6043637990951538,1.5958890914916992,1.6071847367286682,1.5880121898316182,1.6303548481559447,1.5840146253013918,44.5121603006275,-0.0008864892337041574
2012-11-08,1.5982099771499634,1.600256085395813,1.5931178331375122,1.6074933481216431,1.5881136603522072,1.6297288711692692,1.585257825074017,43.754584258488684,-0.0013530852626986167
2012-11-09,1.5977503061294556,1.6017940044403076,1.5905836820602417,1.6078677439689637,1.5882095473748743,1.6287354746646558,1.5870000132732716,43.39698760799773,-0.0017399010903249579
2012-11-12,1.5894207954406738,1.5915963649749756,1.5867977142333984,1.6079101276397705,1.5882215995944355,1.628615339567118,1.587204915712423,37.427728873386165,-0.002687596382410007
2012-11-13,1.5878056287765503,1.5915963649749756,1.5860427618026733,1.6079050850868226,1.588217460581322,1.6286301443974371,1.587180025776208,36.382676629847666,-0.00352831001884657
2012-11-14,1.5878056287765503,1.5901284217834473,1.5846102237701416,1.6079302740097046,1.5882133627524184,1.6285521817735864,1.5873083662458227,36.382676629847666,-0.0041467801326491305
2012-11-15,1.5841082334518433,1.5879316329956055,1.58318030834198,1.6078007650375366,1.588172515694698,1.628942115298907,1.5866594147761661,33.87177125196996,-0.004879028650759842
2012-11-16,1.5865461826324463,1.589092493057251,1.583882451057434,1.607664258480072,1.5881563332761668,1.6292689474043638,1.5860595695557802,36.96105690650101,-0.00520264588956465
2012-11-19,1.5905585289001465,1.5923566818237305,1.5888400077819824,1.6074590349197388,1.5881802357201882,1.6295192380955523,1.5853988317439254,41.78153761625272,-0.005076829540896499
2012-11-20,1.5894207954406738,1.593625545501709,1.5893198251724243,1.6072633147239686,1.5881925795980047,1.6297910434514353,1.5847355859965018,40.8281533696009,-0.005011159235534635
2012-11-21,1.592610239982605,1.5946420431137085,1.5885623693466187,1.606971514225006,1.5882365364177553,1.6298773705786782,1.584065657871334,44.641670793568046,-0.004648172289407171
2012-11-22,1.5969338417053223,1.5979546308517456,1.5934224128723145,1.606693696975708,1.588323076768882,1.629745293587856,1.58364210036356,49.402223261499664,-0.003965907481490394
2012-11-23,1.5941334962844849,1.6012810468673706,1.5928640365600586,1.6062661910057068,1.5883808918884448,1.6294430125153978,1.5830893694960158,46.606637863018555,-0.0036095633780155456
2012-11-26,1.6027952432632446,1.603592038154602,1.5999743938446045,1.6058703660964966,1.5885243182702942,1.6285808481140733,1.5831598840789198,55.074893449049696,-0.0025982762060130504
2012-11-27,1.603334903717041,1.6053941249847412,1.6017940044403076,1.6054431557655335,1.5886716872797253,1.6275025447919775,1.5833837667390895,55.547934055397214,-0.0017332973745856073
2012-11-28,1.6023072004318237,1.6023072004318237,1.5964239835739136,1.6050006699562074,1.588807364027517,1.6263826031115312,1.5836187368008836,54.37376522201912,-0.0011178367587600935
2012-11-29,1.6015374660491943,1.6049045324325562,1.600512146949768,1.6045691561698914,1.588934031709334,1.6253206754122316,1.5838176369275512,53.46224222267446,-0.0006843027027101378
2012-11-30,1.6041065454483032,1.6062707901000977,1.5993090867996216,1.604207456111908,1.5890850019953047,1.6243260574227287,1.5840888548010872,56.107051173849776,-0.0001319001403181641
2012-12-03,1.6023072004318237,1.6095284223556519,1.6023072004318237,1.6037913370132446,1.5892165661588615,1.6231606051319376,1.5844220688945516,53.80083777091466,0.00015885953135619246
2012-12-04,1.6097874641418457,1.6131634712219238,1.608751654624939,1.6035353565216064,1.5894212517109454,1.622216863733505,1.5848538493097077,60.981154612462646,0.0009815685212866132
2012-12-05,1.6100986003875732,1.6121231317520142,1.6084928512573242,1.6033486652374267,1.5896269964739111,1.6215624241207935,1.5851349063540598,61.25092188717561,0.00163977511110458
2012-12-06,1.6093212366104126,1.6128771305084229,1.6074585914611816,1.6031778645515442,1.5898229590623476,1.6209919260622057,1.5853638030408828,60.13230574073181,0.0020747652136545724
2012-12-07,1.6050076484680176,1.6061676740646362,1.6005377769470215,1.602812066078186,1.5899740504992301,1.6196650430372497,1.5859590891191222,54.215454910040606,0.002047821479636003
2012-12-10,1.603566288948059,1.6095284223556519,1.6015374660491943,1.602633647918701,1.5901092966529586,1.6192558576492395,1.5860114381881627,52.36144226649558,0.0018883944729910507
2012-12-11,1.6074068546295166,1.6121231317520142,1.607071042060852,1.602523720264435,1.590281411657712,1.6189401470075526,1.5861072935213172,56.618430099521696,0.002048337021029356
2012-12-12,1.6118632555007935,1.6149871349334717,1.6096837520599365,1.6024977159500122,1.5904961563725823,1.6188493429118758,1.5861460889881487,60.97604478459778,0.0025058016279300155
2012-12-13,1.613684058189392,1.6152479648590088,1.6112658977508545,1.6025704646110535,1.5907268817638094,1.619090671117813,1.586050258104294,62.62783590646554,0.002980907142650091
2012-12-14,1.6116034984588623,1.614465594291687,1.610565423965454,1.6024295973777771,1.5909346092931267,1.618504394513126,1.5863548002424281,59.527264386985365,0.003153199779466709
2012-12-17,1.6175994873046875,1.621533989906311,1.615978717803955,1.602503740787506,1.5911999314624128,1.6188266201158665,1.5861808614591455,64.91774147363925,0.0037305654879846717
2012-12-18,1.6204829216003418,1.6246954202651978,1.6196955442428589,1.6028451561927795,1.5914913044986296,1.6199413863088794,1.5857489260766795,67.18143758288883,0.004370421522653656
2012-12-19,1.6249593496322632,1.6306031942367554,1.6249593496322632,1.6033504843711852,1.5918243198731146,1.621525992767374,1.5851749759749965,70.37712316354994,0.005179021831306363
2012-12-20,1.6252235174179077,1.6294606924057007,1.624563455581665,1.6038395881652832,1.592156650196964,1.623019887278674,1.5846592890518922,70.55931350711927,0.00577459361350674
2012-12-21,1.6273393630981445,1.6273658275604248,1.6186468601226807,1.6042944645881654,1.5925067269422706,1.6245940569943058,1.583994872182025,72.04246598156303,0.006344187757944653
2012-12-24,1.6156916618347168,1.6207455396652222,1.6128771305084229,1.6044901013374329,1.592737422811861,1.625040234791875,1.5839399678829906,55.474412219978085,0.005788991186185921
2012-12-25,1.6131634712219238,1.6144917011260986,1.5997952222824097,1.6045912742614745,1.59294066707466,1.6252634919105833,1.5839190566123658,52.64439339019609,0.005086357684372267
2012-12-26,1.613684058189392,1.6170763969421387,1.6119931936264038,1.6046048092842102,1.5931470689763114,1.62530039116073,1.5839092274076905,53.17411871521823,0.0045194254660043676
2012-12-27,1.6126431226730347,1.6202203035354614,1.6126431226730347,1.6045834708213806,1.5933410595603696,1.625242902568034,1.5839240390747273,51.92340555469115,0.003940706786878412
2012-12-28,1.6116034984588623,1.6152479648590088,1.6084411144256592,1.604701473712921,1.5935227753703154,1.625454204316633,1.5839487431092092,50.64223333915354,0.003359453391140521
2012-12-31,1.616292119026184,1.6274452209472656,1.6134496927261353,1.6050314116477966,1.59374933600372,1.6259893046923797,1.5840735186032135,55.924224718244496,0.0032397920763045374
2013-01-01,1.6236402988433838,1.632200002670288,1.6233766078948975,1.6054585838317872,1.5940467585195546,1.6270488567709651,1.5838683108926093,62.66720728563921,0.0036952992130467877
2013-01-02,1.6246954202651978,1.638404130935669,1.6244314908981323,1.6060545635223389,1.594351720327986,1.6280952511527844,1.5840138758918934,63.52997810747758,0.004094235582171146
2013-01-03,1.6252498626708984,1.6254876852035522,1.6150914430618286,1.6064964604377747,1.5946591645304202,1.6291765594316716,1.5838163614438778,64.00077844135527,0.00440436363499197
2013-01-04,1.608234167098999,1.6090104579925537,1.6015374660491943,1.606424915790558,1.5947942391828513,1.6290591043482059,1.58379072723291,44.860668430770495,0.003239771851438089
2013-01-07,1.606787085533142,1.6082600355148315,1.6022816896438599,1.6063700890541077,1.5949135709873385,1.628986867435357,1.5837533106728585,43.664705560565196,0.0021749852083412513
2013-01-08,1.6122010946273804,1.612408995628357,1.603078007698059,1.606552550792694,1.5950855861479452,1.6292080936118651,1.583897007973523,49.128986270070676,0.0017478512680382252
2013-01-09,1.6061676740646362,1.6074585914611816,1.5994113683700562,1.6065267324447632,1.5951958556794603,1.6291810030991944,1.583872461790332,44.00631235400752,0.0009119851301113702
2013-01-10,1.6015374660491943,1.6117075681686401,1.6005890369415283,1.6062890076637268,1.5952589562801576,1.6288972861458801,1.5836807291815735,40.514943501743915,-0.00012265006328648909
2013-01-11,1.616292119026184,1.6168148517608643,1.6089587211608887,1.6063463759422303,1.5954682414816215,1.6290429339992554,1.5836498178852052,53.244808009699845,0.00024514539376307987
2013-01-14,1.6126950979232788,1.615769863128662,1.6036691665649414,1.6065582394599915,1.5956396529885126,1.6292908196629097,1.5838256592570734,50.4124238842218,0.00024356869357000654
2013-01-15,1.6077170372009277,1.6095284223556519,1.6034891605377197,1.6067432689666747,1.5957598259657568,1.6293572876791407,1.5841292502542088,46.709206051803974,-0.0001575525815102896
2013-01-16,1.6074585914611816,1.608234167098999,1.598056674003601,1.6069077920913697,1.595876231592583,1.6294182345450394,1.5843973496377,46.5181512324693,-0.0004906426699260447
2013-01-17,1.600256085395813,1.6041065454483032,1.5964494943618774,1.6069487142562866,1.5959198122274434,1.6294019849592,1.5844954435533731,41.43198874630899,-0.0013205782068632654
2013-01-18,1.5976994037628174,1.5997439622879028,1.586621642112732,1.606947696208954,1.5959375196059058,1.629402673758382,1.584492718659526,39.76973182940077,-0.0021597150887839867
2013-01-21,1.5855399370193481,1.5893449783325195,1.5837318897247314,1.6068700790405273,1.595834061072701,1.6295975098943143,1.5841426481867402,32.99058621533226,-0.003762532328072332
2013-01-22,1.5837820768356323,1.5882848501205444,1.5815277099609375,1.606789608001709,1.5957141408315305,1.6298190411465379,1.5837601748568801,32.13769908065662,-0.005115651121907039
2013-01-23,1.5839076042175293,1.5890419483184814,1.5808526277542114,1.6067116475105285,1.595596662855266,1.6300279935810036,1.5833953014400535,32.27234908395184,-0.006107475330237033
2013-01-24,1.5832804441452026,1.5850372314453125,1.5758453607559204,1.6066950917243958,1.595474113415359,1.6300780266963262,1.5833121567524655,31.931453721935583,-0.0068649745837841
2013-01-25,1.5782828330993652,1.5828293561935425,1.5756467580795288,1.606529824733734,1.595303055899769,1.6306007105783382,1.58245893888913,29.277500601309853,-0.0077788934033673485
2013-01-28,1.577510952949524,1.5778844356536865,1.5702037811279297,1.6062688732147217,1.5951260200495097,1.6313098197227576,1.5812279267066858,28.878275432064612,-0.008467852793588193
2013-01-29,1.5698586702346802,1.5772870779037476,1.5693413019180298,1.6058776307106017,1.59487460363343,1.6325510783290924,1.579204183092111,25.208372772853778,-0.009521574551855982
2013-01-30,1.574803113937378,1.5800284147262573,1.5730443000793457,1.6055214881896973,1.5946748873180372,1.6333677160256008,1.5776752603537938,31.284786087991563,-0.009844203502399118
2013-01-31,1.579778790473938,1.5851378440856934,1.577909231185913,1.6051783871650696,1.594526667448935,1.6338665129250212,1.576490261405118,36.84535243510377,-0.009587870751305294
2013-02-01,1.587024450302124,1.5880577564239502,1.5741090774536133,1.6050362062454224,1.5944520185220974,1.6340167343933043,1.5760556780975405,43.957403366674015,-0.008699775410150767
2013-02-04,1.5704996585845947,1.5750513076782227,1.5693659782409668,1.6043902945518493,1.59421368658241,1.6349701478731848,1.5738104412305138,34.433526322173506,-0.00922304848032951
2013-02-05,1.575547456741333,1.5798038244247437,1.5661708116531372,1.6038345456123353,1.5940279529521422,1.6354839820210292,1.5721851092036414,38.79580690795157,-0.00912524093613909
2013-02-06,1.5666614770889282,1.56788969039917,1.5634772777557373,1.6031216311454772,1.5937556497097103,1.636471667701949,1.5697715945890054,34.45054566736276,-0.009653472821809839
2013-02-07,1.5664160251617432,1.5766654014587402,1.5647003650665283,1.6024192023277282,1.5934836136445445,1.637347557119667,1.5674908475357894,34.33614502777348,-0.009976898836719705
2013-02-08,1.571017861366272,1.5842838287353516,1.5707710981369019,1.6017574286460876,1.5932600738208704,1.6377916266669839,1.5657232306251914,38.462099364111864,-0.009749500389502064
2013-02-11,1.5802282094955444,1.5810775756835938,1.565582275390625,1.601315848827362,1.5931304035290705,1.6378600712661293,1.5647716263885947,45.80230803632522,-0.008725505169665748
2013-02-12,1.5656802654266357,1.5667105913162231,1.5579720735549927,1.600433704853058,1.5928572678265474,1.638250502773782,1.562616906932334,38.07666121522809,-0.008984313510964181
2013-02-13,1.5676438808441162,1.5691196918487549,1.5532050132751465,1.5995846104621887,1.5926063883540749,1.6384087185832308,1.5607605023411466,39.55857079793895,-0.008928056554051933
2013-02-14,1.5533015727996826,1.5544847249984741,1.548778772354126,1.5984642171859742,1.592215295661975,1.6393214778565643,1.557606956515384,33.29170158814911,-0.00992635209786119
2013-02-15,1.548658847808838,1.5549923181533813,1.54659903049469,1.5973372411727906,1.5917818981708813,1.640501259172071,1.5541732231735104,31.54933762310199,-0.010965731487889041
2013-02-18,1.5480115413665771,1.5499069690704346,1.5441869497299194,1.5962261462211609,1.5913463722325125,1.641542151895758,1.5509101405465637,31.303348818774595,-0.011706731449967034
2013-02-19,1.54774808883667,1.5503876209259033,1.5444492101669312,1.595032970905304,1.5909125584673622,1.6422491908585257,1.5478167509520822,31.196735521683536,-0.012174893087029792
2013-02-20,1.5427337884902954,1.5449025630950928,1.528794765472412,1.593650381565094,1.5904331677213028,1.6428614374941544,1.5444393256360336,29.161025037852482,-0.012802942339287915
2013-02-21,1.522997260093689,1.5271838903427124,1.5142338275909424,1.5918366456031798,1.5897621636652803,1.644591141905867,1.5390821493004927,22.842729199571522,-0.014723525160139195
2013-02-22,1.5262515544891357,1.531628131866455,1.5246226787567139,1.5901296067237853,1.589130217305294,1.6457208102561547,1.534538403191416,25.701301208408978,-0.015800863997806003
2013-02-25,1.5097301006317139,1.5163002014160156,1.5090012550354004,1.587972218990326,1.5883401663930885,1.6474488126020537,1.5284956253785984,21.37220102160734,-0.01778281679659499
2013-02-26,1.5164152383804321,1.5220005512237549,1.5126991271972656,1.5858908653259278,1.5876244954675622,1.6479512720966865,1.5238304585551692,26.748758546011857,-0.018599688293793104
2013-02-27,1.5129966735839844,1.518879771232605,1.5085004568099976,1.5836516118049622,1.5868819300756578,1.6479959066962333,1.519307316913691,25.778033789372884,-0.0193004310939493
2013-02-28,1.5167601108551025,1.521375298500061,1.5151973962783813,1.581482343673706,1.5861842005311484,1.647400208363025,1.515564478984387,28.83968616594622,-0.019329280957413264
2013-03-01,1.516530156135559,1.5186028480529785,1.4988008737564087,1.5792661595344544,1.58549112546251,1.646332143900287,1.5122001751686218,28.761617087461758,-0.019149951386957742
2013-03-04,1.50360107421875,1.5074998140335083,1.5008254051208496,1.577024347782135,1.5846762990819452,1.6465684718424356,1.5074802237218345,24.711258853573568,-0.019822597701053546
2013-03-05,1.5128592252731323,1.519849181175232,1.5109848976135254,1.5750182628631593,1.5839617013325777,1.6460776668492954,1.5039588588770232,32.08651964859267,-0.019385159285239872
2013-03-06,1.51377534866333,1.5156108140945435,1.5044381618499756,1.573020088672638,1.5832633296642018,1.6452508087292816,1.5007893686159943,32.788148753930386,-0.018748442315395852
2013-03-07,1.4996776580810547,1.5076135396957397,1.4970060586929321,1.5707607793807983,1.5824316314394644,1.644972580877329,1.4965489778842676,27.995095553390655,-0.019160534624042658
2013-03-08,1.5026296377182007,1.504664421081543,1.4908239841461182,1.5685813021659851,1.5816375817506678,1.6442830608939611,1.492879543438009,30.292947988361632,-0.01902955974239484
2013-03-11,1.491001844406128,1.494321584701538,1.4868340492248535,1.566075496673584,1.580735733617855,1.643603667472144,1.488547325875024,26.681078368269922,-0.019637656270358628
2013-03-12,1.4905351400375366,1.491424322128296,1.4838776588439941,1.563413393497467,1.5798382152737414,1.6420073439792768,1.4848194430156572,26.5442769274935,-0.019927524197507207
2013-03-13,1.4905351400375366,1.4976786375045776,1.4900908470153809,1.5607301878929138,1.5789496274604156,1.6399427071559312,1.4815176686298965,26.5442769274935,-0.01992753440598527
2013-03-14,1.492537260055542,1.5044381618499756,1.491869330406189,1.5580759358406067,1.5780898029090942,1.637358107485344,1.4787937641958693,28.371496666404695,-0.019540734717106156
2013-03-15,1.5090012550354004,1.5173815488815308,1.5071135759353638,1.5560912775993347,1.577402354671522,1.63521654706856,1.4769660081301095,41.30206865330923,-0.01770163297139038
2013-03-18,1.5107566118240356,1.5140045881271362,1.5078407526016235,1.5541706681251526,1.5767392129516244,1.6329343970774948,1.4754069391728104,42.49402323083229,-0.01591898481743259
2013-03-19,1.509889841079712,1.5140732526779175,1.5074089765548706,1.5521244430541992,1.57607404507228,1.6300461937695105,1.4742026923388878,42.040056811375926,-0.014410054330916688
2013-03-20,1.5096617937088013,1.5181418657302856,1.5030813217163086,1.5501943254470825,1.5754132266507315,1.627430078348011,1.472958572546154,41.91318881233434,-0.013081818505475074
2013-03-21,1.5096617937088013,1.5207045078277588,1.5094338655471802,1.5483568120002746,1.5747589835368605,1.6249759996405273,1.471737624360022,41.91318881233434,-0.01189209734872776
2013-03-22,1.5182108879089355,1.5243902206420898,1.5177501440048218,1.5463951873779296,1.5741963159186543,1.6209084631133928,1.4718819116424664,48.65053849900759,-0.010142478131906607
2013-03-25,1.5245994329452515,1.5255529880523682,1.5146925449371338,1.544633274078369,1.5737028145955203,1.6168794270269293,1.4723871211298087,53.034410571031984,-0.008146482524583831
2013-03-26,1.5179113149642944,1.5207045078277588,1.5137982368469238,1.5428371596336365,1.5731476752956897,1.6131206419551265,1.4725536773121466,48.377948449987365,-0.007023355975736889
2013-03-27,1.5163002014160156,1.5179113149642944,1.5095934867858887,1.5410139918327332,1.5725820287894066,1.60915205112901,1.4728759325364564,47.30056193421232,-0.006191897156693882
2013-03-28,1.5129051208496094,1.519826054573059,1.5119900703430176,1.539266972541809,1.5719882287103855,1.6056622756921335,1.4728716693914847,45.025011132845755,-0.005740739014231666
2013-03-29,1.5197569131851196,1.5218383073806763,1.5179113149642944,1.5377081227302551,1.5714685141280287,1.602134579582563,1.4732816658779473,50.22898951753436,-0.004775264283096936
2013-04-01,1.5195951461791992,1.5239489078521729,1.5179113149642944,1.5363892269134523,1.5709523612130996,1.5995056631108695,1.473272790716035,50.108388434430246,-0.003977323736006788
2013-04-02,1.5223017930984497,1.52587890625,1.511258840560913,1.5351596212387084,1.5704682759582131,1.5968877363629486,1.4734315061144683,52.17736974449571,-0.0030909161601295754
2013-04-03,1.5108022689819336,1.5158405303955078,1.5078407526016235,1.5336975145339966,1.5698745843464914,1.5941630144791787,1.4732320145888145,43.85606152787349,-0.0032785541295192733
2013-04-04,1.5140045881271362,1.520218849182129,1.5039855241775513,1.5323119974136352,1.5693186639860837,1.5912968110464858,1.4733271837807846,46.41872678916415,-0.0031327458360674854
2013-04-05,1.522626280784607,1.5360982418060303,1.520218849182129,1.5311988663673402,1.5688540631581949,1.5887253240021475,1.4736724087325328,52.68106574121709,-0.002295037407427314
2013-04-08,1.5349195003509521,1.535154938697815,1.524855136871338,1.5303470373153687,1.5685164058168197,1.5863146638070083,1.4743794108237291,59.88104067928342,-0.0006319031756225613
2013-04-09,1.5262515544891357,1.5325905084609985,1.525087594985962,1.5294748950004577,1.5680958600324526,1.5842763314614656,1.4746734585394499,53.67898628623876,-1.3136673292279966e-05
2013-04-10,1.532332181930542,1.534448266029358,1.5296601057052612,1.528625476360321,1.5677400025388912,1.5818532193744432,1.475397733346199,57.040409913969285,0.0009568658999081769
2013-04-11,1.5325671434402466,1.5411407947540283,1.532261848449707,1.5276812434196472,1.5673900238413827,1.5788399848279293,1.476522502011365,57.169748714180024,0.0017246783395157284
2013-04-12,1.5391719341278076,1.5411169528961182,1.5346838235855103,1.5267241930961608,1.5671092468292995,1.5750644231659012,1.4783839630264204,60.74729535205971,0.002833464227794069
2013-04-15,1.5353907346725464,1.5382249355316162,1.5306669473648071,1.52602201461792,1.566793639743154,1.5727602726981162,1.4792837565377237,57.77214847114292,0.003368246785110607
2013-04-16,1.5297303199768066,1.5329194068908691,1.5274171829223633,1.5251056718826295,1.5664248504917377,1.5696245890479221,1.4805867547173368,53.544492690067884,0.0032973083367939804
2013-04-17,1.5360982418060303,1.5370663404464722,1.5221394300460815,1.5244944071769715,1.5661230931913745,1.567497929333046,1.481490885020897,57.327709356208075,0.0037121359851814972
2013-04-18,1.5243902206420898,1.5312998294830322,1.5220468044281006,1.5236538910865784,1.5657078407281866,1.5649207935519958,1.4823869886211611,49.36732462759211,0.003060866659755579
2013-04-19,1.5283509492874146,1.53678297996521,1.5249946117401123,1.5228005528450013,1.565336130365582,1.5617704874060325,1.48383061828397,51.8053839442502,0.0028316868048781085
2013-04-22,1.5225335359573364,1.526344656944275,1.520912528038025,1.521646659374237,1.5649102339037975,1.5569171541703797,1.4863761645780944,48.13890562982217,0.002155792843188342
2013-04-23,1.5299878120422363,1.5299878120422363,1.5201495885849,1.5209328103065491,1.5645627471190966,1.5539377362593048,1.4879278843537935,52.75321511580808,0.0021963219586862426
2013-04-24,1.522997260093689,1.5288883447647095,1.5227652788162231,1.5200398778915405,1.5641491601835098,1.5501779335109038,1.4899018222721772,48.40376032009941,0.0016453953614437022
2013-04-25,1.5279772281646729,1.5479875802993774,1.5276038646697998,1.5195333909988404,1.5637892404619202,1.5482054126168676,1.4908613693808133,51.473254592786,0.0015922691799625799
2013-04-26,1.5436862707138062,1.549738883972168,1.542210340499878,1.5194339394569396,1.5635892109121827,1.5477255895174842,1.491142289396395,59.63153850721884,0.0027856435809554547
2013-04-29,1.5491867065429688,1.5546056032180786,1.5479875802993774,1.5194574427604675,1.563445902410993,1.5478477747188644,1.4910671108020705,62.03810363314371,0.004127659504504777
2013-04-30,1.549426794052124,1.5564203262329102,1.547340989112854,1.5194910168647766,1.5633064087954787,1.5480215291702872,1.490960504559266,62.14418647645284,0.0051512099068251604
2013-05-01,1.5537601709365845,1.5595271587371826,1.5530362129211426,1.5197115445137024,1.5632114213540944,1.5491319261589283,1.4902911628684765,64.09448031598188,0.006240116099918147
2013-05-02,1.557195782661438,1.5588949918746948,1.549955129623413,1.5203955149650574,1.5631515642526737,1.5516599922862806,1.4891310376438343,65.60732958723611,0.007296201191077101
2013-05-03,1.5537117719650269,1.5596001148223877,1.5488028526306152,1.520944719314575,1.5630576359712023,1.5535644527964845,1.4883249858326657,62.72124407771656,0.007762543914167974
2013-05-06,1.5578750371932983,1.5598191022872925,1.5526021718978882,1.5219076180458069,1.563006067824157,1.5559859167366556,1.487829319354958,64.71854108587378,0.008371562431503943
2013-05-07,1.5537601709365845,1.555209994316101,1.5454756021499634,1.5226545166969299,1.562914068850149,1.5578598316039864,1.4874492017898733,61.2268981358327,0.008425059831371318
2013-05-08,1.5479875802993774,1.5586034059524536,1.5472689867019653,1.5233543348312377,1.5627655465760086,1.5591620148063745,1.487546654856101,56.61251867909355,0.007910470109992795
2013-05-09,1.5542914867401123,1.5584092140197754,1.5489466190338135,1.524104962348938,1.5626812275726645,1.5609081103105589,1.4873018143873171,60.14498257977048,0.007920029444812071
2013-05-10,1.5445923805236816,1.5458818674087524,1.53169846534729,1.5246662068367005,1.56250123904481,1.5618517703830006,1.4874806432904004,52.995727527029956,0.007063544331524119
2013-05-13,1.5341894626617432,1.5383905172348022,1.5280005931854248,1.5252779746055602,1.5622195298270618,1.562053215575962,1.4885027336351584,46.59785671245711,0.005482150361112437
2013-05-14,1.530901312828064,1.5330134630203247,1.5235542058944702,1.525638816356659,1.5619079057773135,1.562270475495066,1.489007157218252,44.75855986894035,0.003918389282335566
2013-05-15,1.5227190256118774,1.5267407894134521,1.5177040100097656,1.52581768989563,1.5615179666711811,1.5622999411606757,1.4893354386305842,40.477000143255026,0.0019958482685287215
2013-05-16,1.523995280265808,1.531909704208374,1.5200109481811523,1.526304042339325,1.5611446066074381,1.562003910893762,1.490604173784888,41.4183153205282,0.0005686487199221268
2013-05-17,1.527697205543518,1.5282107591629028,1.516208291053772,1.5268053936958312,1.560811796646596,1.5618462250877072,1.4917645623039553,44.17600961504771,-0.00026069761332769836
2013-05-20,1.5181187391281128,1.5234380960464478,1.516990303993225,1.527347731590271,1.5603869901041145,1.5609360442417997,1.4937594189387424,39.05334922992821,-0.0016715936555546929
2013-05-21,1.5262281894683838,1.5263913869857788,1.5116244554519653,1.5280615925788879,1.5600471015405677,1.5599296205081101,1.4961935646496656,44.88096375773709,-0.002111039317841401
2013-05-22,1.5160013437271118,1.5172895193099976,1.5036689043045044,1.5285709166526795,1.5596088352936586,1.558760780692524,1.498381052612835,39.72258270536519,-0.0032470936785624627
2013-05-23,1.5035107135772705,1.512310266494751,1.5016593933105469,1.528790385723114,1.5590506450278125,1.5580564734996933,1.4995242979465346,34.50613465986066,-0.0050965643870513055
2013-05-24,1.5095024108886719,1.5140045881271362,1.5069092512130737,1.5288004088401794,1.5585576277726867,1.5580391641601365,1.4995616535202223,38.66698345088904,-0.00600952923766962
2013-05-27,1.5131111145019531,1.5154041051864624,1.5090012550354004,1.5288474988937377,1.558105423660531,1.557975013661237,1.4997199841262385,41.0942905930531,-0.006368456633103925
2013-05-28,1.5108935832977295,1.5131797790527344,1.50360107421875,1.5288675737380981,1.557635654104673,1.5579430961918166,1.4997920512843796,40.04550340176453,-0.006753989627207524
2013-05-29,1.502606987953186,1.5141420364379883,1.5010732412338257,1.5287264776229859,1.557088105187732,1.5582474691810766,1.4992054860648951,36.31565762058132,-0.007640115793922098
2013-05-30,1.5131338834762573,1.521722674369812,1.5112359523773193,1.528795919418335,1.5566507497478084,1.558149729111418,1.499442109725252,43.51332824342651,-0.007407554990574106
2013-05-31,1.5229045152664185,1.5239256620407104,1.514371395111084,1.5288897919654847,1.5563149663201266,1.5581352561606947,1.4996443277702747,49.246943176686614,-0.006361509033287804
2013-06-03,1.520912528038025,1.5375863313674927,1.5198029279708862,1.52881605386734,1.5559627032526362,1.5581241959411916,1.4995079117934886,48.17335428533245,-0.00562836649200027
2013-06-04,1.5321444272994995,1.5342600345611572,1.5276038646697998,1.5291007161140442,1.5557257054819538,1.5582526211650125,1.4999488110630759,54.23195615901623,-0.004093834172503641
2013-06-05,1.5303858518600464,1.5402624607086182,1.529402732849121,1.5293824291229248,1.5554735676349647,1.558300739819085,1.5004641184267646,53.1836457328102,-0.0029851971005749878
2013-06-06,1.5403337478637695,1.5606955289840698,1.5384851694107056,1.529931001663208,1.5553229226621141,1.5586131793026874,1.5012488240237285,58.115831746306704,-0.0012890231083046988
2013-06-07,1.5602571964263916,1.5617679357528687,1.5489227771759033,1.5307410073280334,1.5553720199135008,1.5605170902543801,1.5009649244016867,65.87088585263234,0.0016439127893048688
2013-06-10,1.5531085729599,1.5572928190231323,1.5500991344451904,1.5314112758636476,1.5553494980532654,1.561668202785721,1.5011543489415742,61.47283003548637,0.0033528024292583947
2013-06-11,1.5531085729599,1.5641618967056274,1.5500991344451904,1.5320274114608765,1.555327200291142,1.5627778337897882,1.5012769891319648,61.47283003548637,0.004653467504102338
2013-06-12,1.5531085729599,1.5692921876907349,1.5500991344451904,1.5328735375404359,1.5553051243972986,1.5635683101180555,1.5021787649628162,61.47283003548637,0.00561947612394742
2013-06-13,1.568135380744934,1.5730690956115723,1.5647739171981812,1.5339561533927917,1.555432788639566,1.5657338615453755,1.5021784452402078,67.21910494205594,0.007511000579624394
2013-06-14,1.5713881254196167,1.5719068050384521,1.5617679357528687,1.534931390285492,1.5555915482095195,1.5682456768276165,1.5016171037433674,68.32055492991873,0.009166846943965634
2013-06-17,1.5723023414611816,1.575200080871582,1.5692428350448608,1.5356790471076964,1.55575782475929,1.5706299736259082,1.5007281205894847,68.63949607853709,0.010432625894341019
2013-06-18,1.571783423423767,1.5723271369934082,1.556710958480835,1.536589684486389,1.5559172834524717,1.5728848287506163,1.500294540222162,68.21966250286873,0.011264047554535583
2013-06-19,1.5636972188949585,1.5677913427352905,1.560549259185791,1.5372169852256774,1.5559946957454331,1.5742876856017303,1.5001462848496245,61.86916201682011,0.011142027724132975
2013-06-20,1.5482512712478638,1.548778772354126,1.5418298244476318,1.53753066778183,1.555917646745456,1.5747060554321248,1.500355280131535,51.92574520100109,0.009687298099130492
2013-06-21,1.5517107248306274,1.5527950525283813,1.5370663404464722,1.5377814435958863,1.555875786825905,1.5751705739189692,1.5003923132728034,53.71979429950144,0.008713123914074083
2013-06-24,1.5389113426208496,1.5432099103927612,1.5345896482467651,1.5378518557548524,1.555706986386051,1.5752358694193453,1.5004678420903594,46.76605111942511,0.006829553833103574
2013-06-25,1.5447354316711426,1.5473887920379639,1.5400015115737915,1.538151957988739,1.5555978166873936,1.575510765444559,1.500793150532919,49.941367264094346,0.005740592311191506
2013-06-26,1.541687250137329,1.54421067237854,1.531909704208374,1.538263738155365,1.5554594030898783,1.5756309090115763,1.5008965672991537,48.31695829417316,0.004578837693763438
2013-06-27,1.5325905084609985,1.5346838235855103,1.5207737684249878,1.538427743911743,1.5552318518995376,1.5756179423248584,1.5012375454986278,43.744134214724134,0.00289078459545844
2013-06-28,1.5258322954177856,1.5280005931854248,1.516829252243042,1.5383773708343507,1.5549393189992171,1.575630048777922,1.5011246928907793,40.66494882555452,0.0009961757475220878
2013-07-01,1.5204732418060303,1.5249946117401123,1.5185105800628662,1.5383361649513245,1.5545963729574885,1.5756648544787895,1.5010074754238596,38.35912756131794,-0.000927059686386178
2013-07-02,1.5216530561447144,1.523902416229248,1.5143026113510132,1.538169469833374,1.5542685787603416,1.5757240801566768,1.5006148595100715,39.17681034334326,-0.0023291870484831723
2013-07-03,1.515289306640625,1.5297303199768066,1.5131568908691406,1.5380153107643126,1.553880725306408,1.5758860791327223,1.500144542395903,36.37401488104612,-0.003908825972976704
2013-07-04,1.5274404287338257,1.528397560119629,1.5063190460205078,1.5380045747756959,1.5536176377783186,1.5758872607143233,1.5001218888370684,44.533800237746256,-0.004132569510681083
2013-07-05,1.5038950443267822,1.5056159496307373,1.4865025281906128,1.5372087502479552,1.5531228856046642,1.5762581284763972,1.4981593720195132,35.13182659001207,-0.006139036628125982
2013-07-08,1.4879401922225952,1.4946788549423218,1.4861048460006714,1.5359838199615479,1.5524743015909026,1.5772775487218722,1.4946900912012235,30.44183764292744,-0.008913846228416844
2013-07-09,1.4953718185424805,1.497992753982544,1.4818986654281616,1.534902720451355,1.5519061176799647,1.577567564964424,1.492237875938286,34.80744672349721,-0.010393423773173316
2013-07-10,1.4861490726470947,1.4945001602172852,1.4848030805587769,1.5335504984855652,1.5512518187244042,1.5780233099462397,1.4890776870248907,32.11374925236437,-0.012169910994786148
2013-07-11,1.5180034637451172,1.5178653001785278,1.5063416957855225,1.5327666521072387,1.5509209893216205,1.5769188187803336,1.4886144854341439,47.28725767582519,-0.0108819662404267
2013-07-12,1.5178653001785278,1.5189026594161987,1.5079090595245361,1.5320497226715089,1.5505920769918338,1.5759772810071278,1.48812216433589,47.237939835968376,-0.009759903298699912
2013-07-15,1.5103687047958374,1.512630581855774,1.5032395124435425,1.5310995960235596,1.550191844432664,1.5748016996528431,1.487397492394276,44.52453538922554,-0.009367589191992431
2013-07-16,1.5100038051605225,1.5143026113510132,1.5045965909957886,1.5302244687080384,1.5497919634448758,1.5738267464530087,1.4866221909630681,44.390872358254136,-0.00898257623950327
2013-07-17,1.5138440132141113,1.5263680219650269,1.5082728862762451,1.529541597366333,1.5494342723977985,1.5730778067164286,1.4860053880162376,46.220630234713106,-0.008272220990520163
2013-07-18,1.520982027053833,1.5238791704177856,1.5159553289413452,1.5288754081726075,1.5491511654789492,1.5718819928548482,1.4858688234903668,49.54392110973744,-0.007051990321162327
2013-07-19,1.5222090482711792,1.5280005931854248,1.5200109481811523,1.5284277415275573,1.5488830847107091,1.5712320750456061,1.4856234080095085,50.11459177328908,-0.0059177225449693616
2013-07-22,1.5284910202026367,1.5386035442352295,1.5266709327697754,1.5283137726783753,1.5486801785961983,1.5710858229514661,1.4855417224052845,53.04280564172853,-0.00446048681074207
2013-07-23,1.5365231037139893,1.5379645824432373,1.5327785015106201,1.5284262084960938,1.548559212676971,1.5712555396122738,1.4855968773799137,56.55430743388879,-0.0026272101370288237
2013-07-24,1.537491798400879,1.5386509895324707,1.5319331884384155,1.5287216639518737,1.548449089151834,1.5715940949724836,1.4858492329312638,56.9722177596505,-0.0010836677522647609
2013-07-25,1.530854344367981,1.538130283355713,1.527113914489746,1.5288588452339171,1.5482740170644305,1.5717134395606276,1.4860042509072067,53.196344088446295,-0.0003914736955752396
2013-07-26,1.538177490234375,1.5417109727859497,1.5360039472579956,1.5290684509277344,1.5481735541108963,1.5720023014547095,1.4861346004007592,56.61295296202779,0.0007394874002393248
2013-07-29,1.5392429828643799,1.541401982307434,1.5332014560699463,1.5294909358024598,1.5480846927054572,1.572400727626615,1.4865811439783045,57.103605138498864,0.0017021373871002332
2013-07-30,1.534165859222412,1.5353200435638428,1.5243902206420898,1.5296496891975402,1.5479461968499026,1.5725689438410344,1.486730434554046,53.971542489982845,0.0020319400505284246
2013-07-31,1.5242043733596802,1.5244134664535522,1.5132943391799927,1.5298137497901916,1.5477099598002457,1.5725825091030419,1.4870449904773413,48.3662255230502,0.001472527993787942
2013-08-01,1.5174967050552368,1.5241347551345825,1.5135921239852905,1.530093469619751,1.5474093303997942,1.5723398226216747,1.4878471166178273,44.97875942512304,0.0004823765974826255
2013-08-02,1.5120357275009155,1.5304795503616333,1.5106197595596313,1.5301441359519958,1.5470573542515422,1.5722956630852973,1.4879926088186943,42.37655221115482,-0.0007345137497962728
2013-08-05,1.5287247896194458,1.537728190422058,1.5266942977905273,1.5304564094543458,1.546874940673111,1.5723232710010868,1.4885895479076048,51.59344975562795,-0.00034822614633078786
2013-08-06,1.5353907346725464,1.5389825105667114,1.5333895683288574,1.530946352481842,1.5467606699666365,1.572450577851046,1.4894421271126381,54.7095178913883,0.0004901455261054899
2013-08-07,1.53449547290802,1.5528191328048706,1.5231132507324219,1.5315841221809388,1.5466386282048579,1.5722831148248464,1.4908851295370311,54.20484047231238,0.0010699868321133454
2013-08-08,1.549690842628479,1.5572443008422852,1.5487068891525269,1.5323152613639832,1.5466689984976305,1.5729748354496689,1.4916556872782976,60.8124584015405,0.0027242511170038064
2013-08-09,1.553591012954712,1.5559117794036865,1.550051212310791,1.532928991317749,1.5467378742633735,1.5739336939450108,1.4919242886904873,62.315413768362546,0.004300406225298481
2013-08-12,1.5513978004455566,1.5519516468048096,1.5465034246444702,1.5335386967658997,1.5467842416880724,1.574720313968745,1.4923570795630545,60.900911395728485,0.005311320982060552
2013-08-13,1.5458101034164429,1.548730731010437,1.5432337522506714,1.5338120102882384,1.5467745487699465,1.5751370009621377,1.4924870196143392,57.330403367421965,0.005597078125553878
2013-08-14,1.545069694519043,1.5543880462646484,1.5427337884902954,1.5341056871414185,1.5467575850460569,1.5755398557799478,1.4926715185028891,56.85474363232307,0.005698113603705535
2013-08-15,1.5516144037246704,1.5593812465667725,1.5511090755462646,1.5343313002586365,1.5468059116000734,1.576025916858221,1.492636683659052,60.01290728582784,0.006234421751381891
2013-08-16,1.5642108917236328,1.5652881860733032,1.5611096620559692,1.5344103741645814,1.5469790954819018,1.5763201199152663,1.4925006284138964,65.28057010635783,0.007588406701742212
2013-08-19,1.5625,1.5673243999481201,1.5610122680664062,1.5345982027053833,1.5471335323427802,1.5769320253652501,1.4922643800455164,64.04646810830798,0.008426262161230547
2013-08-20,1.5648962259292603,1.5693906545639038,1.563159465789795,1.5348339557647706,1.547310275562548,1.5777162589090925,1.4919516526204486,65.04322310379914,0.009177827770158187
2013-08-21,1.5663915872573853,1.5699080228805542,1.5654351711273193,1.5350996160507202,1.5475001393605086,1.5786040795877958,1.4915951525136446,65.68261064343764,0.009781358677742213
2013-08-22,1.5616704225540161,1.562475562095642,1.5564203262329102,1.5349703168869018,1.5476411372032315,1.578110931638762,1.4918297021350415,61.83697018648668,0.009766124926119168
2013-08-23,1.559721827507019,1.5638928413391113,1.5542914867401123,1.53473699092865,1.5477613430769024,1.5771944494006798,1.49227953245662,60.268536914377655,0.009487451300145722
2013-08-26,1.558093547821045,1.5611096620559692,1.5559600591659546,1.5344528150558472,1.547864151084308,1.5760658268520782,1.4928398032596162,58.92360818401558,0.0090311069025657
2013-08-27,1.5584819316864014,1.5592111349105835,1.5483951568603516,1.5341867852210997,1.5479698006425389,1.5749878548629455,1.493385715579254,59.15772649917546,0.008601635709646116
2013-08-28,1.5547988414764404,1.5547988414764404,1.5449025630950928,1.5340088176727296,1.5480377512976031,1.5743596432445839,1.4936579921008752,55.90371112005094,0.007873323325684689
2013-08-29,1.5527467727661133,1.5549681186676025,1.5486348867416382,1.5340987277030944,1.5480846072326138,1.5745988421495025,1.4935986132566863,54.117590422927336,0.007049285938843575
2013-08-30,1.550652027130127,1.5526986122131348,1.546431541442871,1.5340775537490845,1.5481101536992559,1.5745411760327828,1.4936139314653862,52.2813030552929,0.006156236642705926
2013-09-02,1.5519033670425415,1.5589923858642578,1.5507482290267944,1.5343373942375182,1.5481478971156073,1.5750935142713898,1.4935812742036467,53.30069523179505,0.005486219590110197
2013-09-03,1.5547021627426147,1.5598920583724976,1.5524816513061523,1.5345367288589478,1.548213113689011,1.575596783504545,1.4934766742133505,55.58604537831342,0.005122022187767916
2013-09-04,1.556371808052063,1.5645534992218018,1.5557664632797241,1.5348304200172425,1.5482942947274503,1.5763071871317904,1.4933536529026945,56.939848752622815,0.004911502798221834
2013-09-05,1.5622069835662842,1.5667595863342285,1.557559609413147,1.5354227495193482,1.5484327294422657,1.577608793629987,1.4932367054087095,61.37143410250524,0.005156078499304773
2013-09-06,1.5589923858642578,1.567103385925293,1.5566624402999878,1.5360859513282776,1.5485378006504456,1.5786970761643297,1.4934748264922255,57.83986102359562,0.005032503764671903
2013-09-09,1.5635994672775269,1.5731680393218994,1.5629884004592896,1.5369484758377074,1.5486876679800696,1.5800131750914777,1.4938837765839372,61.2788742146159,0.005245851948400881
2013-09-10,1.5697600841522217,1.5729947090148926,1.5686274766921997,1.5379106163978578,1.548897343762879,1.5817236030067525,1.494097629788963,65.34919077496079,0.005844668515988527
2013-09-11,1.5732917785644531,1.5816527605056763,1.5719810724258423,1.5390706658363342,1.5491400744574242,1.583506030720838,1.4946353009518305,67.46087822569204,0.00652895149480659
2013-09-12,1.5826040506362915,1.5840078592300415,1.579005479812622,1.5401739382743835,1.549473049344779,1.586143473808154,1.4942044027406132,72.26111329552631,0.0077335259426905
2013-09-13,1.5804529190063477,1.58750319480896,1.5778096914291382,1.5417050957679748,1.5497813067543498,1.5878421532494233,1.4955680382865262,69.70308870627828,0.008417549258242563
2013-09-16,1.593625545501709,1.5963984727859497,1.591799020767212,1.543818802833557,1.550217567836417,1.5895842868992724,1.4980533187678418,75.4372202922297,0.009908346285633085
2013-09-17,1.5903055667877197,1.593143105506897,1.588890552520752,1.545717477798462,1.5506164533981248,1.591155064387401,1.5002798912095228,71.75129403410111,0.010698592420670394
2013-09-18,1.5905078649520874,1.5979546308517456,1.5894207954406738,1.5478046536445618,1.551013382866327,1.5916327069172962,1.5039766003718273,71.84157799514145,0.011211947594615967
2013-09-19,1.6133195161819458,1.6147263050079346,1.6042351722717285,1.5497109746932984,1.5516333443918608,1.5964437250015964,1.5029782243850005,79.71464729356161,0.013306110320805864
2013-09-20,1.6037977933883667,1.606787085533142,1.5990022420883179,1.5514296245574952,1.5521523936356116,1.599678076796893,1.5031811723180974,70.81442255767706,0.014035631888323685
2013-09-23,1.6016913652420044,1.607071042060852,1.601511836051941,1.5532560777664184,1.5526453187262268,1.602070915663364,1.5044412398694729,68.97957841933217,0.014279209994921827
2013-09-24,1.6041579246520996,1.6043124198913574,1.5957616567611694,1.55513916015625,1.5531578819692746,1.6044058826693923,1.5058724376431079,69.96108084513953,0.014504084077022972
2013-09-25,1.599590539932251,1.6078205108642578,1.598056674003601,1.5568540906906128,1.5536198984664227,1.6062230956899677,1.5074850856912578,65.80878533292136,0.014150628989028524
2013-09-26,1.6073811054229736,1.609606146812439,1.600358486175537,1.5585820722579955,1.5541548358490795,1.6088659900607383,1.5082981544552527,69.16996573418871,0.014333914369614398
2013-09-27,1.6037464141845703,1.6138923168182373,1.6032065153121948,1.5602128195762635,1.5546482843897353,1.6109684492746097,1.5094571898779172,65.9142974766634,0.014024217695846053
2013-09-30,1.6168932914733887,1.6195118427276611,1.613189458847046,1.5619808650016784,1.5552676376940553,1.6143591943320024,1.5096025356713545,71.19539592373079,0.014670511450880941
2013-10-01,1.6186991930007935,1.6259105205535889,1.6185683012008667,1.5636243867874144,1.5558987974483565,1.6178661418274343,1.5093826317473946,71.84079529544987,0.015153742161987616
2013-10-02,1.6192234754562378,1.6250386238098145,1.6165013313293457,1.5652590203285217,1.5565288937469475,1.621186307684444,1.5093317329725995,72.0366848274054,0.015401472605459876
2013-10-03,1.6235610246658325,1.6241940259933472,1.615822196006775,1.5671131539344787,1.5571958801242551,1.62451247443818,1.5097138334307774,73.66870964709902,0.01576606337298614
2013-10-04,1.6156916618347168,1.6178088188171387,1.6036691665649414,1.5686634373664856,1.5577779277034685,1.6270515017674947,1.5102753729654765,66.1281385736185,0.015244285732833873
2013-10-07,1.603592038154602,1.6096837520599365,1.6027182340621948,1.56995041847229,1.5582337894990057,1.6285280573637129,1.5113727795808674,56.544535985505696,0.013696549388057644
2013-10-09,1.612097144126892,1.6118113994598389,1.5924580097198486,1.5715090441703796,1.5587697432764016,1.6303469455890032,1.512671142751756,60.84060296308601,0.013006319401899447
2013-10-10,1.595507025718689,1.5977247953414917,1.591672420501709,1.5729350972175598,1.5591352883753327,1.6305366478303505,1.515333546604769,50.37835369753037,0.010993892509503889
2013-10-11,1.598005771636963,1.6000256538391113,1.5936000347137451,1.5745452785491942,1.5595220593530632,1.6302926954004773,1.5187978616979112,51.72487206609097,0.009491248407694552
2013-10-14,1.5971124172210693,1.6016913652420044,1.595685362815857,1.5762468123435973,1.5598960927646879,1.6293368847169063,1.5231567399702883,51.19004546149754,0.008134536027998296
2013-10-15,1.597188949584961,1.6007426977157593,1.591849684715271,1.5776160955429077,1.5602671659668823,1.6292140641833803,1.526018126902435,51.236562698560185,0.006984988613925713
2013-10-16,1.5984655618667603,1.6047500371932983,1.5899262428283691,1.578877592086792,1.5606472495081773,1.6293334264612505,1.5284217577123334,52.05734161831219,0.0061065830599791315
2013-10-17,1.5943877696990967,1.6171023845672607,1.594336986541748,1.5800754380226136,1.5609829760772436,1.629052728751216,1.5310981472940113,49.208162310322635,0.005023488928156183
2013-10-18,1.6149349212646484,1.6225073337554932,1.614439606666565,1.5813803195953369,1.561519811352744,1.630529669644679,1.5322309695459948,60.83883055591565,0.005756752181351521
2013-10-21,1.6172070503234863,1.618306279182434,1.6133455038070679,1.5826526403427124,1.5620739132330537,1.632158102455478,1.5331471782299466,61.87838697671919,0.006446894630214084
2013-10-22,1.6135278940200806,1.6225600242614746,1.6119931936264038,1.583895242214203,1.5625858931413859,1.633317537723973,1.534472946704433,59.14073006810842,0.006620641691242435
2013-10-23,1.6232712268829346,1.6255669593811035,1.6125911474227905,1.5854444646835326,1.5631897273079727,1.6348502283754194,1.5360387009916459,63.718643132704315,0.007458565324227617
2013-10-24,1.616370677947998,1.6222968101501465,1.614205002784729,1.5868704843521118,1.563718890995937,1.6356314742798856,1.5381094944243379,58.70224036581888,0.007479589163531752
2013-10-25,1.620089054107666,1.6240885257720947,1.6153000593185425,1.5882399773597717,1.5642797881413313,1.636805291932964,1.5396746627865794,60.50652715740992,0.007707445948788916
2013-10-28,1.6173901557922363,1.6209031343460083,1.6125911474227905,1.5893035626411438,1.5648082495109956,1.6380498864699782,1.5405572388123094,58.50843532124751,0.007582835348556749
2013-10-29,1.614179015159607,1.614230990409851,1.6058582067489624,1.590337142944336,1.5652995009104878,1.6389551397962587,1.5417191460924133,56.133284668266505,0.0071426325161587645
2013-10-30,1.6048272848129272,1.6075878143310547,1.6025898456573486,1.5911357641220092,1.5656928121931017,1.6393582730357623,1.542913255208256,49.79365335073698,0.0059703397563835026
2013-10-31,1.602615475654602,1.6065031290054321,1.6007426977157593,1.5918602418899537,1.5660602018792882,1.639651918279988,1.5440685654999193,48.40132658837871,0.0048073980914351555
2013-11-01,1.6044667959213257,1.6044667959213257,1.5918244123458862,1.5927161693572998,1.5664423570438881,1.6398290710874885,1.545603267627111,49.66989417301667,0.003989159963918798
2013-11-04,1.5923820734024048,1.598005771636963,1.5905078649520874,1.5933693742752075,1.566700463674323,1.6395107397383635,1.5472280088120516,42.3505245646614,0.002338606244681074
2013-11-05,1.5972399711608887,1.6064256429672241,1.5953797101974487,1.5941523027420044,1.5670043393707085,1.639165237320608,1.5491393681634007,45.80764746485706,0.0014063112004314426
2013-11-06,1.6048015356063843,1.6115776300430298,1.6044925451278687,1.595078694820404,1.5673804308755432,1.6389882801228812,1.551169109517927,50.75765807173244,0.001263055993888873
2013-11-07,1.6085445880889893,1.6091917753219604,1.6010758876800537,1.596153609752655,1.5677900244796596,1.6386470423190498,1.5536601771862601,53.04408524337145,0.001435016289439206
2013-11-08,1.6088809967041016,1.610591173171997,1.5959398746490479,1.5972762942314147,1.5681988898749304,1.6380189275183257,1.5565336609445037,53.254166572430364,0.0015802255696151235
2013-11-11,1.6004866361618042,1.6023072004318237,1.596806287765503,1.5982729864120484,1.5685201609822643,1.6367345768946606,1.5598113959294362,47.53872401709383,0.0010063496567533914
2013-11-12,1.5986955165863037,1.5993090867996216,1.5855146646499634,1.5992088294029236,1.5688204132768337,1.6352672826518488,1.5631503761539984,46.39456850560695,0.00040238207049148045
2013-11-13,1.589092493057251,1.5994882583618164,1.588234305381775,1.5998966360092164,1.5690221255134562,1.6337335083119657,1.566059763706467,40.73396978215989,-0.0008414506170226765
2013-11-14,1.6049045324325562,1.6097874641418457,1.598950982093811,1.6008672904968262,1.5693791643882753,1.6323075486872936,1.5694270323063588,51.27557064057255,-0.0005450149591588183
2013-11-15,1.6058067083358765,1.61324143409729,1.6052652597427368,1.601739284992218,1.5697416275121343,1.6311564260128568,1.5723221439715793,51.80233303846113,-0.0002345853550500543
2013-11-18,1.6113957166671753,1.61496102809906,1.6094505786895752,1.6027873516082765,1.570156096060943,1.6296076719315042,1.5759670312850487,55.044804151644854,0.00045714887807379867
2013-11-19,1.6115256547927856,1.6130073070526123,1.6062192916870117,1.6037458753585816,1.5705677334612624,1.628168208158748,1.5793235425584151,55.120397854911474,0.0010042616590248965
2013-11-20,1.6138923168182373,1.6179134845733643,1.610539436340332,1.604628520011902,1.5709988238429264,1.6271537527545357,1.5821032872692682,56.55339683956277,0.0016102602483072381
2013-11-21,1.6100207567214966,1.6146481037139893,1.6075878143310547,1.6053630995750428,1.571387101782019,1.6260366246820808,1.5846895744680047,53.54161968047184,0.0017578525228107988
2013-11-22,1.6186991930007935,1.6217706203460693,1.6182277202606201,1.6060850024223328,1.5718578688588252,1.6260224643153727,1.5861475405292929,58.83391276404163,0.0025457518994986827
2013-11-25,1.6231131553649902,1.6236928701400757,1.6157176494598389,1.6069382071495055,1.5723678717096354,1.6260318766092,1.5878445376898112,61.25162781924627,0.0034861515211190852
2013-11-26,1.6167103052139282,1.6194069385528564,1.614230990409851,1.60739990234375,1.5728090899534617,1.6262950360060089,1.588504768681491,56.104199684720065,0.003672434955966253
2013-11-27,1.620982050895691,1.6331062316894531,1.619931697845459,1.6080134320259094,1.5732884228981632,1.6266331647012615,1.5893936993505573,58.60368763193433,0.0041172984427140236
2013-11-28,1.6282932758331299,1.6357241868972778,1.6278162002563477,1.6087691402435302,1.5738357348676684,1.6275553257689706,1.58998295471809,62.53570215062762,0.0050021490505005595
2013-11-29,1.6340937614440918,1.6373311281204224,1.6315343379974365,1.6091846251487731,1.5744353172216656,1.6292564930102615,1.5891127572872847,65.34787625963718,0.006101120326985621
2013-12-02,1.6377869844436646,1.6439257860183716,1.6347882747650146,1.6098644089698793,1.5750656820696491,1.6314377300257439,1.5882910879140146,67.04410188727837,0.007187225351810378
2013-12-03,1.6359918117523193,1.643682599067688,1.6348683834075928,1.6105504179000854,1.5756719122157485,1.6332166966232433,1.5878841391769274,65.3691137113228,0.007813051975918306
2013-12-04,1.6388875246047974,1.639908790588379,1.633026361465454,1.6112450098991393,1.5763009232842995,1.635203421290498,1.5872865985077806,66.80956334773248,0.008445331387870958
2013-12-05,1.6378138065338135,1.640527606010437,1.6311883926391602,1.6120094752311707,1.5769129917743476,1.6368722348725755,1.5871467155897658,65.71802641052797,0.008758811179175652
2013-12-06,1.6333998441696167,1.6393442153930664,1.630815863609314,1.6125298500061036,1.5774750500071393,1.6380769375257211,1.586982762486486,61.28522157716065,0.008552488534431024
2013-12-09,1.6328929662704468,1.6395055055618286,1.6325197219848633,1.613112781047821,1.5780264720595132,1.6391669239174147,1.5870586381782272,60.778229056178624,0.008252940777681017
2013-12-10,1.6425215005874634,1.646497130393982,1.642090082168579,1.6136253452301026,1.578668213636909,1.640959960112669,1.5862907303475362,66.45515347058722,0.008692289964745026
2013-12-11,1.6455758810043335,1.645900845527649,1.6341737508773804,1.6141628789901734,1.5793339615709165,1.6429245527797525,1.5854012052005944,68.03567035940398,0.009181106256072491
2013-12-12,1.6376261711120605,1.6417665481567383,1.6327064037322998,1.6145309329032898,1.5799139835564033,1.6440187488256073,1.5850431169809722,60.098756694057634,0.008825289099682498
2013-12-13,1.6339869499206543,1.6361256837844849,1.6265188455581665,1.6147394514083862,1.5804520230227168,1.6446325648313946,1.5848463379853777,56.830342291213256,0.00815563363596361
2013-12-16,1.630496859550476,1.6348683834075928,1.6293809413909912,1.6150355553627014,1.5809499815951347,1.6452586491792027,1.5848124615462,53.80808082797378,0.007259621335588884
2013-12-17,1.6299653053283691,1.6336666345596313,1.6226917505264282,1.6155630207061769,1.5814376962591492,1.6458913142404255,1.5852347271719283,53.34279150816036,0.006432483483268525
2013-12-18,1.6277896165847778,1.6404199600219727,1.6273393630981445,1.6158768701553345,1.58189890939672,1.6463830331780958,1.5853707071325733,51.38422089624933,0.0055375771352865755
2013-12-19,1.6386995315551758,1.6396130323410034,1.6337199211120605,1.6167407202720643,1.5824640897167073,1.6473385723293146,1.586142868214814,59.42860376853643,0.005643639998349048
2013-12-20,1.6364737749099731,1.6394786834716797,1.6319071054458618,1.6175100803375244,1.5830014995196278,1.6481196681955985,1.5869004924794503,57.34390299359835,0.005484869460694153
2013-12-23,1.6331596374511719,1.6375188827514648,1.6329996585845947,1.6182310247421265,1.5835005854691977,1.6485765923891802,1.587885457095073,54.290064396108306,0.005033595316693118
2013-12-24,1.6350288391113281,1.638189435005188,1.6325998306274414,1.6189878225326537,1.5840133044109126,1.649077776886826,1.5888978681784813,55.722299177861494,0.004771780147511784
2013-12-25,1.6370898485183716,1.6377065181732178,1.634387493133545,1.619760308265686,1.5845414292279045,1.6496825190132358,1.589838097518136,57.310597871492945,0.004676686048600942
2013-12-26,1.6354032754898071,1.643709421157837,1.6351090669631958,1.6205806183815001,1.5850475172504133,1.6499066398449436,1.5912545969180567,55.554392189817264,0.004414345119271301
2013-12-27,1.641631841659546,1.6574127674102783,1.6409584283828735,1.621114556789398,1.5856105453539893,1.6509880531947076,1.5912410603840885,60.382679971268196,0.004655367104200003
2013-12-30,1.6482338905334473,1.6530017852783203,1.6462260484695435,1.6217350935935975,1.586233663216474,1.6525514055427113,1.5909187816444836,64.75343469897595,0.005317808545532765
2013-12-31,1.6495118141174316,1.6555194854736328,1.6476364135742188,1.6224547719955444,1.5868632965587748,1.6541567560760986,1.5907527879149903,65.54579803336276,0.005878156188085404
2014-01-01,1.6563969850540161,1.6563969850540161,1.6563969850540161,1.623117287158966,1.5875551740562426,1.656241548439626,1.5899930258783062,69.52135312337565,0.006799431866643779
2014-01-02,1.6580722332000732,1.6604951620101929,1.6423866748809814,1.6239513182640075,1.5882568363362837,1.6584535577875368,1.5894490787404782,70.41581991367337,0.00757738067640612
2014-01-03,1.6447908878326416,1.6475006341934204,1.6400701999664307,1.6244453549385072,1.5888193642118718,1.6594259588729294,1.589464751004085,56.30731575466654,0.007041052270967185
2014-01-06,1.6413085460662842,1.6433043479919434,1.634253978729248,1.624923722743988,1.5893416446283357,1.660163741825337,1.5896837036626392,53.292302542653864,0.006262818396216119
2014-01-07,1.6417936086654663,1.643547534942627,1.6375457048416138,1.6254760146141052,1.5898635547182596,1.6608938298809661,1.5900581993472442,53.664479535084915,0.005620414304010168
2014-01-08,1.6400164365768433,1.647310733795166,1.6378943920135498,1.6261797976493835,1.590362588368596,1.6613202776727203,1.5910393176260467,52.0287159020319,0.004911287235479955
2014-01-09,1.644709825515747,1.6494028568267822,1.6443310976028442,1.6270216846466063,1.5909033568974256,1.6618736741311932,1.5921696951620194,55.85564606611593,0.004674135661410395
2014-01-10,1.6479079723358154,1.651309609413147,1.638404130935669,1.6278905081748962,1.5914705670012923,1.662613165174971,1.5931678511748215,58.29701211328208,0.00469018946610289
2014-01-13,1.6494300365447998,1.6510095596313477,1.63532292842865,1.6290314674377442,1.5920472781410309,1.662725630412476,1.5953373044630124,59.446502414731775,0.004770736008204324
2014-01-14,1.6389949321746826,1.6461988687515259,1.6369291543960571,1.62986656665802,1.5925144189771885,1.6623942132175713,1.597338920098469,49.3942566071066,0.003947044933223731
2014-01-15,1.6434123516082764,1.643979787826538,1.6325197219848633,1.6306387829780578,1.593020866068047,1.6625653595116656,1.59871220644445,53.01619842469948,0.00360910908931511
2014-01-16,1.6361792087554932,1.6376261711120605,1.6323065757751465,1.6311914753913879,1.5934503023136948,1.662507861487496,1.5998750892952798,47.07498760526857,0.002726212242277759
2014-01-17,1.63529634475708,1.6456029415130615,1.6315076351165771,1.6317197823524474,1.5938666808454713,1.6623844047231984,1.6010551599816965,46.391615379557166,0.0019329881002267957
2014-01-20,1.6417936086654663,1.645250916481018,1.6398011445999146,1.6325459218025207,1.5943435656994036,1.6619769283370631,1.6031149152679782,51.92290856408555,0.0018077880944429303
2014-01-21,1.64241361618042,1.648342490196228,1.6401777267456055,1.6334202837944032,1.5948218746594154,1.661303497672986,1.6055370699158205,52.42734043556488,0.00173855463703676
2014-01-22,1.647527813911438,1.6579898595809937,1.6453051567077637,1.6345889902114867,1.595346311865905,1.6596437505450885,1.609534229877885,56.48323093408172,0.0020724695006653082
2014-01-23,1.6562050580978394,1.6633399724960327,1.6558758020401,1.6356150007247925,1.5959518715299064,1.6598978239424607,1.6113321775071243,62.348641623614114,0.003002667639453005
2014-01-24,1.6634783744812012,1.666638970375061,1.6484512090682983,1.636768434047699,1.5966237770319118,1.6607490261959728,1.612787841899425,66.43271337650478,0.004277444495130789
2014-01-27,1.6490492820739746,1.658677339553833,1.6482610702514648,1.637521505355835,1.5971454238482525,1.6605977435427808,1.6144452671688891,53.93397067592909,0.004076416774129399
2014-01-28,1.657495141029358,1.6621235609054565,1.6542870998382568,1.6384408950805665,1.597745918546574,1.6609456418284223,1.6159361483327106,58.818030172943054,0.004546205265237191
2014-01-29,1.6570007801055908,1.6605503559112549,1.6528924703598022,1.6393030643463136,1.5983355191591035,1.6612656471208416,1.6173404815717856,58.4275465624309,0.00482302836531745
2014-01-30,1.6559032201766968,1.656589150428772,1.6448991298675537,1.6402207136154174,1.5989083321045543,1.660991291099989,1.6194501361308458,57.51461268124267,0.004897394636120156
2014-01-31,1.6498383283615112,1.649947166442871,1.6431694030761719,1.640843496322632,1.5994150982364659,1.6608328539801045,1.6208541386651594,52.6217146095666,0.004416039009627504
2014-02-03,1.643790602684021,1.643790602684021,1.6327064037322998,1.6412570452690125,1.5998566455444032,1.6605941322928854,1.6219199582451396,48.21677613386045,0.003506143646967441
2014-02-04,1.6308956146240234,1.6344943046569824,1.6259897947311401,1.6415407514572145,1.600165491007883,1.659793731725107,1.6232877711893219,40.4430040561736,0.0017246465956874957
2014-02-05,1.6330530643463135,1.6343073844909668,1.6259105205535889,1.6417821717262269,1.60049273054359,1.6592266954853465,1.6243376479671072,42.12426293747916,0.0004813369567682191
2014-02-06,1.6327064037322998,1.6338000297546387,1.6274452209472656,1.6418704342842103,1.6008132646051703,1.6590794601570864,1.6246614084113342,41.91949293755064,-0.0005259051962867023
2014-02-07,1.632200002670288,1.6400164365768433,1.6318538188934326,1.6418325591087342,1.6011255704565655,1.6591196036419278,1.6245455145755405,41.601354404265244,-0.0013494584756066352
2014-02-10,1.6410391330718994,1.6428723335266113,1.6384848356246948,1.6418976020812988,1.6015227203333362,1.6591469491912758,1.6246482549713217,48.892334520384,-0.0012741982666764073
2014-02-11,1.6408774852752686,1.6482068300247192,1.6394517421722412,1.6419953155517577,1.601914310034252,1.659163272380137,1.6248273587233784,48.77241157112408,-0.0012136079184801307
2014-02-12,1.6448721885681152,1.6584848165512085,1.6430072784423828,1.6421150088310241,1.602341751611705,1.659277976309267,1.6249520413527812,51.911490692247135,-0.000833640768543864
2014-02-13,1.6609915494918823,1.666888952255249,1.6601643562316895,1.6425785636901855,1.6029253316901166,1.6605025086500502,1.6246546187303208,62.02393767041151,0.0007594294171315852
2014-02-14,1.6657227277755737,1.6742565631866455,1.6646136045455933,1.6432250213623047,1.6035501814024118,1.662103880392391,1.6243461623322184,64.39085283923086,0.002376322794156227
2014-02-17,1.67613685131073,1.6821141242980957,1.6711509227752686,1.6440898990631103,1.6042724368243875,1.6649001696144978,1.6232796285117228,68.97466981143941,0.00444679529127745
2014-02-18,1.6719892024993896,1.6740604639053345,1.665750503540039,1.6446792531013488,1.6049462354878221,1.6669276091782024,1.6224308970244952,65.36572915307468,0.0056874180514645545
2014-02-19,1.668613314628601,1.6735001802444458,1.6641427278518677,1.6451400017738342,1.6055797387628565,1.6683955306878833,1.6218844728597852,62.499332994295756,0.006325300463041472
2014-02-20,1.6675838232040405,1.669588327407837,1.6637550592422485,1.645739154815674,1.6061966948269495,1.6697363632552518,1.621741946376096,61.61203185750461,0.006670858017012504
2014-02-21,1.66616690158844,1.672492504119873,1.6635059118270874,1.6463827538490294,1.60679341330219,1.6708156293102439,1.621949878387815,60.342261988804104,0.006752542034212272
2014-02-24,1.6633399724960327,1.6680009365081787,1.6585948467254639,1.6470396161079406,1.6073560656324783,1.6714952208921579,1.6225840113237233,57.78357214663681,0.00651407742454202
2014-02-25,1.6656949520111084,1.672017216682434,1.665084719657898,1.6477542090415955,1.6079365520641082,1.6722614270232485,1.6232469910599425,59.33067753274122,0.00644087329082299
2014-02-26,1.6677229404449463,1.669811487197876,1.662482738494873,1.6485528755187988,1.608531441500735,1.6730071937911133,1.6240985572464843,60.66743824197058,0.006471896214502282
2014-02-27,1.6668334007263184,1.6678897142410278,1.662013053894043,1.6491155529022217,1.6091115604980062,1.6739364238586896,1.6242946819457538,59.73989168088144,0.006351487687528357
2014-02-28,1.6691983938217163,1.6759402751922607,1.6678062677383423,1.6497700452804565,1.609709439436552,1.6749534775798702,1.6245866129810427,61.42837664004004,0.006373429314318058
2014-03-03,1.6729121208190918,1.6752102375030518,1.6701182126998901,1.650565094947815,1.6103383218383702,1.6761154602192911,1.6250147296763389,63.98282256613078,0.006614240100746738
2014-03-04,1.6668334007263184,1.6715141534805298,1.6643089056015015,1.6512011861801148,1.610900461926809,1.6767564263906016,1.625645945969628,57.29434313968114,0.006242621420596617
2014-03-05,1.6666944026947021,1.6739484071731567,1.6658892631530762,1.6517932772636414,1.6114556255165409,1.6773858344038575,1.6262007201234254,57.147233747437404,0.00586923803709527
2014-03-06,1.6719053983688354,1.6736681461334229,1.6690032482147217,1.652523319721222,1.6120571157936798,1.6782894732432143,1.6267571661992295,61.172249905255384,0.0059255072572219625
2014-03-07,1.6741725206375122,1.6785000562667847,1.6709554195404053,1.6531741333007812,1.6126751795234708,1.67945611341572,1.6268921531858425,62.80893921373348,0.0060829187387856365
2014-03-10,1.6731082201004028,1.6741725206375122,1.6623445749282837,1.6536716198921204,1.6132765033103076,1.6805077553499983,1.6268354844342425,61.49836502178051,0.0060520243440158605
2014-03-11,1.6640042066574097,1.6655008792877197,1.6601643562316895,1.65396146774292,1.613781256577444,1.6809269639332551,1.6269959715525848,51.583165934009756,0.00523260430885486
2014-03-12,1.662068247795105,1.663699746131897,1.6574127674102783,1.6540748929977418,1.6142617241517503,1.6811297657151638,1.6270200202803198,49.746425988639,0.004376542271677497
2014-03-13,1.6621235609054565,1.6714023351669312,1.6609915494918823,1.6541559195518494,1.6147379613333803,1.6812838240780412,1.6270280150256575,49.80142409205354,0.003660375712644548
2014-03-14,1.6625105142593384,1.663948893547058,1.6590076684951782,1.6545103120803832,1.6152133101187145,1.6816018048021444,1.627418819358622,50.211931741171846,0.003088430947185916
2014-03-17,1.6642534732818604,1.6666944026947021,1.6606882810592651,1.654969210624695,1.6157012719412345,1.6819249387271729,1.628013482522217,52.11158175298983,0.002744169745877656
2014-03-18,1.6639212369918823,1.6647799015045166,1.6547250747680664,1.655411763191223,1.616181072588506,1.6822106937214891,1.628612832660957,51.706596836679736,0.0024166736619382068
2014-03-19,1.6598061323165894,1.665389895439148,1.6588973999023438,1.655807557106018,1.6166151527848065,1.682260749587218,1.629354364624818,46.84999354691067,0.001804277511968877
2014-03-20,1.6539040803909302,1.656671404838562,1.6482882499694824,1.6559914422035218,1.6169861868903408,1.6822569195814867,1.6297259648255569,40.91433399236121,0.0008330994344534215
2014-03-21,1.6508733034133911,1.652127981185913,1.6476364135742188,1.6560507488250733,1.617323372129377,1.682255047341416,1.6298464503087307,38.23540743573684,-0.00017906046419535748
2014-03-24,1.6490222215652466,1.6510368585586548,1.647066593170166,1.6560425925254822,1.6176387835665504,1.6822555547062694,1.629829630344695,36.65672314716081,-0.0011176873075562366
2014-03-25,1.6498383283615112,1.653603196144104,1.6482882499694824,1.6562594604492187,1.617959177047098,1.682073127241755,1.6304457936566823,37.87460396577932,-0.0017752389953014092
2014-03-26,1.6533024311065674,1.65763258934021,1.651309609413147,1.6564572620391846,1.6183108512168447,1.6820194640636257,1.6308950600147436,42.89360688468382,-0.001993845494695057
2014-03-27,1.6576874256134033,1.6647521257400513,1.6556017398834229,1.6568874263763427,1.6187026579272592,1.6817717012252154,1.63200315152747,48.55888957140698,-0.001792596375501443
2014-03-28,1.6607985496520996,1.6648907661437988,1.6604124307632446,1.6573974704742431,1.6191215225215372,1.6815088569476164,1.6332860840008698,52.183393402007454,-0.001366313280448006
2014-03-31,1.6643919944763184,1.6680846214294434,1.6616264581680298,1.6578494381904603,1.6195719749787998,1.6816116554189666,1.634087220961954,56.03648206825239,-0.0007301037096800744
2014-04-01,1.666638970375061,1.6674169301986694,1.6623997688293457,1.658333945274353,1.6200403032912014,1.6817975606550133,1.6348703298936929,58.29928073048258,-4.408270693145866e-05
2014-04-02,1.663312315940857,1.6661391258239746,1.6623997688293457,1.6586496353149414,1.6204708705812487,1.681943952677215,1.6353553179526676,53.877898299162666,0.00022852635980896707
2014-04-03,1.6627315282821655,1.6663055419921875,1.6572754383087158,1.658780164718628,1.6208913746379752,1.682091706850615,1.635468622586641,53.12045342479551,0.0003931740335154643
2014-04-04,1.659888744354248,1.6604400873184204,1.655930757522583,1.658708372116089,1.621279408167491,1.6819829374101658,1.635433806822012,49.45551824743395,0.0002909160966308999
2014-04-07,1.657907485961914,1.6623997688293457,1.6567811965942383,1.6588855361938477,1.6216438666530086,1.6819942677631916,1.6357768046245038,47.02065193242993,4.943509373900312e-05
2014-04-08,1.6610468626022339,1.6754629611968994,1.6609915494918823,1.658956570625305,1.6220359362644445,1.682069692447002,1.6358434488036082,51.12665626926082,0.00011011181669817738
2014-04-09,1.675013780593872,1.6763896942138672,1.6726044416427612,1.6593168306350707,1.6225630789940915,1.6828629996391342,1.6357706616310073,64.36050529931796,0.0012705658204383852
2014-04-10,1.6799945831298828,1.6823121309280396,1.67579984664917,1.6597986578941346,1.6231345367466876,1.684035548737376,1.6355617670508933,67.71759838766526,0.0025626030248688814
2014-04-11,1.6777397394180298,1.6786972284317017,1.6719331741333008,1.660356686115265,1.6236778720966525,1.684939878846375,1.635773493384155,64.74432163592343,0.003365805860159554
2014-04-14,1.6729681491851807,1.674312710762024,1.6699509620666504,1.6609402370452881,1.6241683226149475,1.6853025884206758,1.6365778856699005,58.855206385181106,0.0035760993921953865
2014-04-15,1.6729121208190918,1.6749016046524048,1.6688083410263062,1.6617805671691894,1.6246533355324027,1.6847730414382043,1.6387880929001746,58.78758819973611,0.0036956365132512214
2014-04-16,1.6725484132766724,1.6815201044082642,1.6721848249435425,1.6625704741477967,1.6251299034701574,1.6842084780996527,1.6409324701959407,58.31918580107337,0.0037181617299166803
2014-04-17,1.6805875301361084,1.6842105388641357,1.6799100637435913,1.6635280966758728,1.6256817206509142,1.6839769156994868,1.6430792776522587,64.96407537547074,0.004334734549653385
2014-04-18,1.6786692142486572,1.6803051233291626,1.6775989532470703,1.6644574809074402,1.6262089593931812,1.6832517595814316,1.6456632022334488,62.40735170121738,0.004615377690338152
2014-04-21,1.6791765689849854,1.6821141242980957,1.6786128282546997,1.665220229625702,1.626736000284643,1.6832137622877879,1.647226696963616,62.82407576959409,0.0048231306406063545
2014-04-22,1.6792893409729004,1.6840120553970337,1.6787818670272827,1.6659884667396545,1.6272589190974625,1.6829926911722326,1.6489842423070764,62.9224611935329,0.00493993165035822
2014-04-23,1.6826801300048828,1.6837284564971924,1.6763615608215332,1.66674462556839,1.6278103739323633,1.6832719938535499,1.65021725728323,65.8490145343994,0.00524563718875104
2014-04-24,1.6785000562667847,1.6808983087539673,1.6768957376480103,1.667094795703888,1.6283147488809655,1.6838647801030893,1.6503248113046867,59.60327946214258,0.005091917558085024
2014-04-25,1.6809546947479248,1.6829917430877686,1.6791765689849854,1.667399435043335,1.6288385294368566,1.6846151625228152,1.6501837075638548,61.88924714087766,0.00510926601622308
2014-04-28,1.6805592775344849,1.6854311227798462,1.6779930591583252,1.66748788356781,1.6293531637462866,1.6849307780201457,1.6500449891154743,61.28758977989512,0.005033089605815055
2014-04-29,1.6810113191604614,1.6848063468933105,1.6798818111419678,1.6676683259010314,1.629867175242946,1.6854839620293558,1.649852689772707,61.74544141585641,0.004952110387130837
2014-04-30,1.6824253797531128,1.6897029876708984,1.6808983087539673,1.6679445672035218,1.6303901424520033,1.6862418271352972,1.6496473072717464,63.21120652140611,0.004945033378320307
2014-05-01,1.6876497268676758,1.6913032531738281,1.6872795820236206,1.6683458852767945,1.6309598895606179,1.68747228428657,1.649219486267019,68.07777682275525,0.005299892091344738
2014-05-02,1.6895315647125244,1.6897029876708984,1.6829917430877686,1.6688131785392761,1.6315426922984486,1.6888426493715885,1.6487837077069638,69.63590320379255,0.005667635787561576
2014-05-05,1.6879061460494995,1.6884762048721313,1.6857153177261353,1.6693045020103454,1.6321035226840321,1.6899807564250575,1.6486282475956333,66.61158791407522,0.005761502598800039
2014-05-06,1.686995029449463,1.6996396780014038,1.6867672204971313,1.6697305035591126,1.6326497068309527,1.6909731615993318,1.6484878455188934,64.90983020786169,0.005696705156903681
2014-05-07,1.6976776123046875,1.69883131980896,1.695892572402954,1.6703295969963075,1.6332967506665135,1.6929838461499678,1.6476753478426471,73.46835794870205,0.006433190065157746
2014-05-08,1.6955475807189941,1.6971877813339233,1.6939390897750854,1.670903880596161,1.6339161619108178,1.6946269719729894,1.6471807892193324,69.81208460408843,0.006766978398804024
2014-05-09,1.6935373544692993,1.6937094926834106,1.683359980583191,1.6713906598091126,1.634509407607918,1.695954836137733,1.6468264834804922,66.45097068824303,0.00679101698332274
2014-05-12,1.6860277652740479,1.6903027296066284,1.6849768161773682,1.6716529726982117,1.6350220280822088,1.6965611705198056,1.6467447748766177,55.66850452685789,0.0061334045768906
2014-05-13,1.6873650550842285,1.688533067703247,1.682793378829956,1.67206360578537,1.6355428542215333,1.6973220005290939,1.646805211041646,57.00637741549736,0.005654963222499143
2014-05-14,1.6834166049957275,1.6874788999557495,1.6758558750152588,1.6723980498313904,1.6360192099506303,1.6978086442712006,1.6469874553915802,52.015037072713326,0.004900695906756569
2014-05-15,1.6770081520080566,1.6806440353393555,1.6738643646240234,1.6725001049041748,1.6364270601203568,1.6979435898881376,1.647056619920212,45.11121626978969,0.0037426817212551367
2014-05-16,1.6795432567596436,1.683813452720642,1.6785283088684082,1.6726075196266175,1.6368560770023404,1.6981250621913102,1.6470899770619247,48.04875721692454,0.0029949845849202017
2014-05-19,1.6824253797531128,1.6844090223312378,1.6808134317398071,1.6727938628196717,1.6373095029003588,1.6984619633660858,1.6471257622732576,51.24348778242786,0.0026049640521150774
2014-05-20,1.681689739227295,1.6858004331588745,1.6805592775344849,1.6731475734710692,1.6377510972916725,1.698808712954109,1.6474864339880295,50.39169282853726,0.0022110226348708295
2014-05-21,1.6837284564971924,1.691818356513977,1.6833316087722778,1.673580777645111,1.638208583452922,1.6992097994759456,1.6479517558142764,52.73645455966507,0.0020398149518947584
2014-05-22,1.6897029876708984,1.691360592842102,1.6854594945907593,1.67413236618042,1.6387209655844452,1.6999414266922221,1.6483233056686177,58.87151118420364,0.0023590329012901368
2014-05-23,1.6867388486862183,1.687706708908081,1.681972622871399,1.6746169328689575,1.6391987554660556,1.700445146947489,1.648788718790426,55.053340244926794,0.0023457933369239736
2014-05-26,1.6834166049957275,1.6854311227798462,1.682793378829956,1.6750001955032348,1.6396387340683416,1.70076937863798,1.6492310123684895,51.056482593013634,0.002043665482559076
2014-05-27,1.6843807697296143,1.6881341934204102,1.6797971725463867,1.6754093861579895,1.6400839284530315,1.7011101799114203,1.6497085924045587,52.14238427471989,0.0018605794160868605
2014-05-28,1.6812090873718262,1.6816049814224243,1.6702018976211548,1.6758374452590943,1.640493134014413,1.701188073103985,1.6504868174142036,48.34268501837432,0.001442921034428002
2014-05-29,1.6715978384017944,1.674088478088379,1.669811487197876,1.6761913204193115,1.6408026335605566,1.7007746330919316,1.6516080077466915,39.0549598140278,0.00033254294253382
2014-05-30,1.6724364757537842,1.6777114868164062,1.6718493700027466,1.6766225838661193,1.6411173981594944,1.7001258679168598,1.6531192998153788,40.135710400990945,-0.00047430122038716327
2014-06-02,1.675659418106079,1.676193118095398,1.672828197479248,1.677155327796936,1.6414610998505057,1.6992717365334937,1.6550389190603783,44.228877874779435,-0.0008439381265337165
2014-06-03,1.6745930910110474,1.6781903505325317,1.6733040809631348,1.6776504230499267,1.6417907714043423,1.6983326661335738,1.6569681799662797,43.1769966540784,-0.001208985292759035
2014-06-04,1.674116611480713,1.6768957376480103,1.6700066328048706,1.6780667066574098,1.6421124215543563,1.697551917067391,1.6585814962474286,42.688445984846936,-0.0015192230602527612
2014-06-05,1.674004316329956,1.680220365524292,1.6725484132766724,1.6783930444717408,1.6424297538406814,1.6970124606130592,1.6597736283304223,42.56620311601517,-0.0017539317726200654
2014-06-06,1.6810113191604614,1.6844373941421509,1.6782747507095337,1.678797299861908,1.6428136500130182,1.6967222694421562,1.66087233028166,51.83459482571584,-0.0013588693497037507
2014-06-09,1.6801921129226685,1.6832751035690308,1.6785565614700317,1.6791133022308349,1.643185575017095,1.696552222700164,1.6616743817615058,50.80238824793259,-0.001099211603143635
2014-06-10,1.6803898811340332,1.6817179918289185,1.6750980615615845,1.6793883204460145,1.6435557671177614,1.6964540022041927,1.6623226386878363,51.05578218834068,-0.0008674730372324468
2014-06-11,1.6753225326538086,1.6799100637435913,1.6741725206375122,1.6796285247802734,1.643871854337026,1.69609832919366,1.6631587203668867,44.7025660940775,-0.0010802586773230871
2014-06-12,1.6789791584014893,1.6861132383346558,1.6791201829910278,1.6799534773826599,1.6442211807456282,1.6956872330604769,1.664219721704843,49.57840857596642,-0.0009429637923674683
2014-06-13,1.695892572402954,1.6992931365966797,1.6941972970962524,1.680673553943634,1.6447353239461993,1.6959480125647604,1.6653990953225075,64.96598074900007,0.0005245676622573914
2014-06-16,1.697792887687683,1.7009116411209106,1.6962089538574219,1.6814712619781493,1.6452632599038266,1.696042682528957,1.6668998414273417,66.21357914257993,0.0018199571418733296
2014-06-17,1.6978504657745361,1.698888897895813,1.6942836046218872,1.6822073340415955,1.6457865156836353,1.6962772157829613,1.6681374523002297,66.25279294272298,0.002818716300730273
2014-06-18,1.6959787607192993,1.6990042924880981,1.6934226751327515,1.682626633644104,1.6462859410073738,1.697066215393225,1.668187051894983,63.66595702988631,0.0034197879871578074
2014-06-19,1.6998707056045532,1.7061060667037964,1.69883131980896,1.6830241560935975,1.64681912274466,1.6982414200712337,1.6678068921159612,66.5873474246388,0.004162209692588403
2014-06-20,1.7040129899978638,1.7061060667037964,1.7007381916046143,1.6835496211051941,1.6473882159511604,1.6998013982047848,1.6672978440056034,69.40676372822867,0.005026885171892204
2014-06-23,1.7022724151611328,1.70491361618042,1.7003620862960815,1.684135706424713,1.6479343273860863,1.7009343308597493,1.667337081989677,66.85398584584848,0.005508201755062059
2014-06-24,1.70253324508667,1.7032872438430786,1.6968709230422974,1.6847281289100646,1.6484776001990282,1.7019939407713378,1.6674623170487914,67.04956465195235,0.005843337057815479
2014-06-25,1.6980524063110352,1.7003910541534424,1.6953750848770142,1.685238208770752,1.6489708818518847,1.702542232126637,1.667934185414867,60.45057428833389,0.005681870887753071
2014-06-26,1.6986002922058105,1.7041000127792358,1.697475790977478,1.685598464012146,1.6494647068305313,1.703253746548687,1.667943181475605,60.956567866002224,0.005534321385575192
2014-06-27,1.70253324508667,1.7050589323043823,1.70120108127594,1.6860757446289063,1.6499927519873092,1.7042490997291684,1.6679023895286442,64.47060202352137,0.005669390565127719
2014-06-30,1.7034034729003906,1.7113032341003418,1.7009406089782715,1.6865602827072144,1.650524201946644,1.7052668905566974,1.6678536748577313,65.2165853236372,0.00578002543948819
2014-07-01,1.710981011390686,1.7160016298294067,1.7097524404525757,1.6871941161155701,1.6511257622396203,1.7070098974524106,1.6673783347787297,70.9384755652284,0.0064053119535036895
2014-07-02,1.7148540019989014,1.7175933122634888,1.7142367362976074,1.6878375935554504,1.6517598740780217,1.7090923911085993,1.6665827960023014,73.35140489775895,0.007131170302706824
2014-07-03,1.7160900831222534,1.7164729833602905,1.7113909721374512,1.6885893940925598,1.652399975660552,1.7111171855362282,1.6660616026488915,74.09078155865504,0.007717200605481533
2014-07-04,1.7152658700942993,1.7180949449539185,1.713296890258789,1.6892756175994874,1.6530255069484507,1.7129169729208014,1.6656342622781735,72.64345969411,0.008022646662627864
2014-07-07,1.7151482105255127,1.7155896425247192,1.7111860513687134,1.6899673962593078,1.653643643302452,1.714572325568627,1.6653624669499887,72.42595549728179,0.00816114413025959
2014-07-08,1.713443636894226,1.715001106262207,1.7089635133743286,1.6906160426139831,1.654238668114311,1.715956285102803,1.6652758001251633,69.1936630963643,0.008040671667016497
2014-07-09,1.7140311002731323,1.7147953510284424,1.709898591041565,1.6912481570243836,1.6548336176880314,1.7173206872253648,1.6651756268234024,69.6956257935916,0.007901515999066078
2014-07-10,1.715854525566101,1.7168561220169067,1.710659146308899,1.6918122529983521,1.6554407909007491,1.7187723605506247,1.6648521454460796,71.26092043166301,0.007847903564651704
2014-07-11,1.713091492652893,1.7150893211364746,1.7101032733917236,1.6922834515571594,1.6560144297241541,1.719896497479658,1.6646704056346608,65.7213037478806,0.00749605184017188
2014-07-14,1.7122994661331177,1.7145012617111206,1.707154631614685,1.6927713179588317,1.656574479837677,1.7209253593802532,1.6646172765374103,64.181115183267,0.007071777839754878
2014-07-15,1.708788275718689,1.7187150716781616,1.7062225341796875,1.6932071828842163,1.6570940200952,1.721669319003339,1.6647450467650937,57.72286392828964,0.006378684412183144
2014-07-16,1.7143837213516235,1.7152070999145508,1.7122114896774292,1.693541305065155,1.6576640668738716,1.7226035475848425,1.6644790625454677,63.94864997889719,0.0062093312711326565
2014-07-17,1.7139723300933838,1.7145012617111206,1.7089343070983887,1.693909800052643,1.658224348099937,1.7235376041235164,1.6642819959817694,63.211610837816465,0.005973068040066476
2014-07-18,1.7095186710357666,1.7118890285491943,1.703954815864563,1.6942294263839721,1.6587347393729308,1.7241838449130444,1.6642750078548998,55.723927312422134,0.00536461472292471
2014-07-21,1.7091095447540283,1.7101032733917236,1.7057859897613525,1.6946910619735718,1.6592359812175195,1.724840375266184,1.6645417486809595,55.07848460194188,0.004794134218667256
2014-07-22,1.7073588371276855,1.7084964513778687,1.7047100067138672,1.695090937614441,1.659714815604686,1.7253737211669797,1.6648081540619022,52.28751617653699,0.004152884962020487
2014-07-23,1.7065428495407104,1.7096062898635864,1.7025623321533203,1.6955534625053406,1.6601807661911145,1.725814888456259,1.6652920365544222,50.99058320399256,0.0035380623470311345
2014-07-24,1.7041000127792358,1.705291509628296,1.6970725059509277,1.6960952997207641,1.6606177736198526,1.7259690762000333,1.666221523241495,47.21491107659428,0.002821173749220529
2014-07-25,1.699177622795105,1.699899673461914,1.6964967250823975,1.6964879870414733,1.661001453711149,1.7259875426336135,1.666988431449333,40.678550281044465,0.0018346894787064638
2014-07-28,1.698196530342102,1.6999863386154175,1.6974471807479858,1.6968034100532532,1.6613715539761342,1.7260251924225667,1.6675816276839397,39.504669813004156,0.0009626310143469041
2014-07-29,1.6984561681747437,1.6994951963424683,1.693680763244629,1.697138738632202,1.6617405551124391,1.7260356210571757,1.6682418562072285,39.99814555221853,0.00028913602163349594
2014-07-30,1.6947429180145264,1.695604920387268,1.6890751123428345,1.6973590278625488,1.6620689368328583,1.7260054909662448,1.6687125647588528,35.53381166798104,-0.000538039680841651
2014-07-31,1.6910173892974854,1.6929068565368652,1.6859710216522217,1.6973853158950805,1.662356981135989,1.7260055028873613,1.6687651289027996,31.70972538695385,-0.0014771734800851366
2014-08-01,1.6891605854034424,1.6893032789230347,1.681972622871399,1.697433750629425,1.6626236836660138,1.725988519556698,1.668878981702152,29.978104326542862,-0.0023442492917797875
2014-08-04,1.6829917430877686,1.6844942569732666,1.6814634799957275,1.697425253391266,1.6628263509239418,1.7259972951689229,1.668853211613609,25.078280660749158,-0.0034889684823433686
2014-08-05,1.6867672204971313,1.688989520072937,1.6848632097244263,1.6974729824066161,1.6630645685316356,1.7259639411689942,1.668982023644238,32.36452481781822,-0.004044890237367316
2014-08-06,1.6878206729888916,1.6883907318115234,1.6823971271514893,1.6976052141189575,1.6633108979292204,1.7258483696796318,1.6693620585582831,34.284912181207716,-0.0043503097584864925
2014-08-07,1.685487985610962,1.6865113973617554,1.6824253797531128,1.697883017063141,1.6635315654683422,1.7253444763678716,1.6704215577584103,32.110754340207606,-0.004726105701095884
2014-08-08,1.6829917430877686,1.6835017204284668,1.6774020195007324,1.6980941224098205,1.6637251990764959,1.7249118886884738,1.6712763561311672,29.92389395825009,-0.005165804424920983
2014-08-11,1.6777114868164062,1.6797406673431396,1.6774020195007324,1.6981351637840272,1.663864366118684,1.7248187379747193,1.671451589593335,25.904995949801503,-0.0058726451854633765
2014-08-12,1.6787537336349487,1.6812090873718262,1.6759402751922607,1.698218376636505,1.6640125190292938,1.7246268250175634,1.6718099282554468,27.961611555566165,-0.00627637087631272
2014-08-13,1.680700421333313,1.6828784942626953,1.6686969995498657,1.6983500528335571,1.6641785678084384,1.7243301740105539,1.6723699316565603,31.7709031060472,-0.006365863257862703
2014-08-14,1.6689753532409668,1.669811487197876,1.6660834550857544,1.6982494735717772,1.6642262970167223,1.7246498358318263,1.6718491113117282,23.656807326719218,-0.007298765988576372
2014-08-15,1.6686691045761108,1.6702018976211548,1.6677229404449463,1.6980026292800903,1.6642705040571144,1.7252771849170203,1.6707280736431602,23.488073760436095,-0.00797092595896931
2014-08-18,1.672017216682434,1.674004316329956,1.6714861392974854,1.6978391313552856,1.6643475857747794,1.7256423503217402,1.670035912388831,29.415487507341837,-0.008139624389297273
2014-08-19,1.67235267162323,1.672688364982605,1.6614055633544922,1.6976783871650696,1.6644272383702865,1.7259818072030806,1.6693749671270586,30.000613279593196,-0.00815227633357285
2014-08-20,1.6621512174606323,1.6676117181777954,1.6604124307632446,1.6974149608612061,1.664404591396061,1.7267924474683038,1.6680374742541084,23.59486489451716,-0.008883076606775786
2014-08-21,1.6600265502929688,1.6601920127868652,1.656589150428772,1.6970359086990356,1.6643610287980202,1.727838811050286,1.6662330063477853,22.516527501894373,-0.009523898399933284
2014-08-22,1.6579898595809937,1.6594204902648926,1.6565067768096924,1.6962778544425965,1.6642976340794429,1.7290012900170586,1.6635544188681344,21.502064550676778,-0.010079903355642461
2014-08-25,1.6551907062530518,1.659888744354248,1.6549440622329712,1.6954258108139038,1.6642070178821653,1.7301458504803169,1.6607057711474906,20.157859626919333,-0.010623943362992216
2014-08-26,1.657028317451477,1.6596132516860962,1.6566989421844482,1.6946093678474425,1.6641355880271336,1.7309774450477953,1.6582412906470898,23.53731330781534,-0.010782524887246847
2014-08-27,1.6547799110412598,1.660467505455017,1.6539586782455444,1.6937853908538818,1.6640424967138412,1.731853929708743,1.6557168519990206,22.29392512608821,-0.010963251950229846
2014-08-28,1.65763258934021,1.6614055633544922,1.6572479009628296,1.692940628528595,1.6639787165409692,1.7323103361952419,1.6535709208619482,27.525110112431477,-0.010752345802505836
2014-08-29,1.6589525938034058,1.6612951755523682,1.6580173969268799,1.6920394206047058,1.663928705369451,1.7324244659085761,1.6516543753008355,29.8775025034747,-0.010359272586540902
2014-09-01,1.6592552661895752,1.6645305156707764,1.6590901613235474,1.6911790776252746,1.6638822034870642,1.7324964038149233,1.649861751435626,30.435066421086432,-0.009909110046514513
2014-09-02,1.661598801612854,1.661598801612854,1.649348497390747,1.6903603887557983,1.6638594830704054,1.7323757413622425,1.6483450361493541,34.76051557033432,-0.009256545572027264
2014-09-03,1.6468766927719116,1.649811029434204,1.6444664001464844,1.689336874485016,1.6636905000823605,1.7330465720300514,1.6456271769399804,24.46798398139569,-0.00981420265115629
2014-09-04,1.6461988687515259,1.6466867923736572,1.6346546411514282,1.6882888460159302,1.6635164539994667,1.733576358171142,1.6430013338607183,24.113957214018143,-0.010193342134708017
2014-09-05,1.629407525062561,1.6339869499206543,1.628584861755371,1.686826331615448,1.663177061671736,1.7348751200939205,1.6387775431369753,17.39819528098039,-0.011713705703736199
2014-09-08,1.6212447881698608,1.6235084533691406,1.6106950044631958,1.6851831579208374,1.6627598251194784,1.736430888102563,1.6339354277391118,15.184302054692651,-0.013422542717022257
2014-09-09,1.6095025539398193,1.6149089336395264,1.606787085533142,1.68315358877182,1.662229902023163,1.7381330711609695,1.6281741063826707,12.683923772153307,-0.01554511413077364
2014-09-10,1.6124610900878906,1.6161876916885376,1.6054972410202026,1.6811057305336,1.6617346899641054,1.7388252739147037,1.6233861871524962,16.418422134364477,-0.016794936552746664
2014-09-11,1.620089054107666,1.6266510486602783,1.6186991930007935,1.679185709953308,1.6613203055277226,1.7385195909747673,1.6198518289318489,25.290591052898463,-0.016974248311373064
2014-09-12,1.6251970529556274,1.6264657974243164,1.621849536895752,1.6773843336105347,1.6609608701787464,1.7377079438366938,1.6170607233843757,30.60294627235284,-0.01651382031317894
2014-09-15,1.6258047819137573,1.6268892288208008,1.6230077743530273,1.6755974650382996,1.6606110583552138,1.7366439075027384,1.6145510225738609,31.22949927652776,-0.015916414639151277
2014-09-16,1.6229023933410645,1.6295933723449707,1.6166057586669922,1.6737866401672363,1.6602358477580579,1.735617329467183,1.6119559508672896,29.84370174639048,-0.01549850769077854
2014-09-17,1.6265981197357178,1.6356974840164185,1.6255934238433838,1.672037980556488,1.6599011439966413,1.7341678101111988,1.6099081510017772,33.86787071400772,-0.014699650765946926
2014-09-18,1.6268097162246704,1.6407967805862427,1.6255404949188232,1.6702570843696594,1.6595718760586116,1.732365313994634,1.6081488547446847,34.100938419667,-0.013889368831236926
2014-09-19,1.643709421157837,1.6525102853775024,1.630496859550476,1.6688694429397584,1.6594140406864644,1.730166484014069,1.6075724018654478,49.430063050913304,-0.01174812454206653
2014-09-22,1.6319869756698608,1.636687994003296,1.631347894668579,1.667263193130493,1.659141134566896,1.72812262051857,1.6064037657424162,42.11240727910966,-0.010871753590423028
2014-09-23,1.6371970176696777,1.6413085460662842,1.631028652191162,1.665831367969513,1.658922785145033,1.7260686827034544,1.6055940532355715,45.94278962951783,-0.009645627658632527
2014-09-24,1.6393711566925049,1.641497015953064,1.6328662633895874,1.6643311166763306,1.658728241578341,1.723357099625114,1.6053051337275472,47.50383311698392,-0.008401630409298866
2014-09-25,1.6324131488800049,1.634387493133545,1.6280015707015991,1.662699933052063,1.6584663998599496,1.7206240813563614,1.6047757847477648,43.20385580685889,-0.007886298368119604
2014-09-26,1.6331329345703125,1.6335065364837646,1.6240885257720947,1.661172218322754,1.6582143255784605,1.718076579748557,1.6042678568969508,43.77088024117902,-0.007335257045825161
2014-09-29,1.6238247156143188,1.6273127794265747,1.6217706203460693,1.6594665217399598,1.6578721404046877,1.7156136909165787,1.603319352563341,38.427964047063725,-0.0075624728263195
2014-09-30,1.624220371246338,1.6287970542907715,1.6169978380203247,1.6578037524223328,1.6575372969304751,1.7130793576933532,1.6025281471513124,38.77009480039204,-0.007622746588809903
2014-10-01,1.6213761568069458,1.6245369911193848,1.6167625188827515,1.6561004185676576,1.6571774845909373,1.7104875129363013,1.6017133241990138,37.17111189847067,-0.007809989616253121
2014-10-02,1.6192234754562378,1.6249858140945435,1.611499547958374,1.6544028878211976,1.656799832758751,1.707967137833065,1.6008386378093302,35.96219824493221,-0.008039411131642638
2014-10-03,1.6160049438476562,1.6157960891723633,1.5954052209854126,1.6527394342422486,1.6563939134661032,1.7057916611787427,1.5996872073057544,34.172698195160194,-0.008384289072513873
2014-10-06,1.5963984727859497,1.6026924848556519,1.5962965488433838,1.6507034730911254,1.6557969439070963,1.7044441957284144,1.5969627504538364,25.762593496937257,-0.010122994107207184
2014-10-07,1.6075102090835571,1.6126431226730347,1.6028467416763306,1.6488845539093018,1.6553164788839763,1.7021828782469464,1.5955862295716572,35.45733438392071,-0.010483459325950184
2014-10-08,1.608906865119934,1.6106691360473633,1.6042609214782715,1.6471678328514099,1.654854691682344,1.6999643879753574,1.5943712777274623,36.57842992170195,-0.010534991316924591
2014-10-09,1.616292119026184,1.6225073337554932,1.6125130653381348,1.6456733274459838,1.6544709844917354,1.6976273358647878,1.59371931902718,42.287032189290876,-0.009866171439076421
2014-10-10,1.6122791767120361,1.6136059761047363,1.6009989976882935,1.6441356992721559,1.6540511655088526,1.6953823977745603,1.5928890007697514,40.171160425626525,-0.009549853013525178
2014-10-13,1.60929536819458,1.6127212047576904,1.6053426265716553,1.642661771774292,1.6536058341922926,1.69358522672125,1.591738316827334,38.62366856240327,-0.009431219564545623
2014-10-14,1.6066838502883911,1.6082082986831665,1.5910139083862305,1.6410601043701172,1.653138948780313,1.691355178202391,1.5907650305378433,37.270397595516286,-0.00943912105926259
2014-10-15,1.589142918586731,1.601999282836914,1.5880074501037598,1.6390865492820739,1.652502172360476,1.6896358821889654,1.5885372163751823,29.734483005227645,-0.010737019960848526
2014-10-16,1.599206805229187,1.6063225269317627,1.5943114757537842,1.6373609256744386,1.6519718701999653,1.6873323798138529,1.5873894715350243,37.5379234824274,-0.010828715949748435
2014-10-17,1.609606146812439,1.6125390529632568,1.6031807661056519,1.635893213748932,1.651550320713522,1.6846914143179221,1.5870950131799417,44.408273012734185,-0.00994757625976983
2014-10-20,1.6092175245285034,1.6150914430618286,1.6082082986831665,1.6345233345031738,1.6511290988609346,1.6823661763882465,1.586680492618101,44.212562281927895,-0.009174863166228286
2014-10-21,1.6159005165100098,1.6186991930007935,1.6125911474227905,1.633266270160675,1.650778565703214,1.67964620531933,1.5868863350020201,48.42217105197116,-0.007931788155199904
2014-10-22,1.611499547958374,1.613189458847046,1.6017940044403076,1.6318822526931762,1.6503877297057525,1.6765844158154064,1.587180089570946,45.96253256699303,-0.0072185526531833855
2014-10-23,1.6044925451278687,1.605909824371338,1.5996673107147217,1.6305925965309143,1.6499310612024898,1.6746427616463604,1.5865424314154681,42.28012389614601,-0.007136450389898075
2014-10-24,1.6029495000839233,1.6098912954330444,1.6022045612335205,1.6292782044410705,1.6494635829824045,1.6726070823166965,1.5859493265654445,41.49177040640331,-0.0071138900972127495
2014-10-27,1.60929536819458,1.614700198173523,1.6087257862091064,1.6280237674713134,1.649063899253172,1.6699099668268689,1.586137568115758,45.95488757929008,-0.006508921584461369
2014-10-28,1.6124871969223022,1.618306279182434,1.6090363264083862,1.6268264579772949,1.6486999519662977,1.6669250238445146,1.5867278921100751,48.099392248524076,-0.005706148844516479
2014-10-29,1.6142832040786743,1.6160049438476562,1.610565423965454,1.6258690977096557,1.6483574967634356,1.6647938091441328,1.5869443862751786,49.31803711971502,-0.00486889727972617
2014-10-30,1.600563406944275,1.6027694940567017,1.596704363822937,1.6246798348426819,1.6478819336806576,1.6629733418565893,1.5863863278287744,41.33378552650804,-0.005251901696611938
2014-10-31,1.600102424621582,1.6011015176773071,1.5952779054641724,1.6235220861434936,1.6474065156800695,1.6612004051032783,1.585843767183709,41.09306218613159,-0.0055288991692403755
2014-11-03,1.597367525100708,1.6017427444458008,1.5931938886642456,1.6223656225204468,1.6469086152762944,1.6596237641850364,1.5851074808558572,39.6188608826195,-0.005901081205936576
2014-11-04,1.5978779792785645,1.6013065576553345,1.596602439880371,1.6211826157569886,1.6464207482514412,1.6576973471707666,1.5846678843432107,40.05114497008104,-0.006084708038665232
2014-11-05,1.6006401777267456,1.602410078048706,1.5877552032470703,1.6200998210906983,1.6459652201865187,1.6557487098108654,1.5844509323705311,42.452079830818036,-0.0059388874981995965
2014-11-06,1.5964748859405518,1.600102424621582,1.5890672206878662,1.618876667022705,1.6454727790497428,1.6534498117206242,1.5843035223247859,39.85964332095048,-0.006089234995044546
2014-11-07,1.5841333866119385,1.5851880311965942,1.5798038244247437,1.6173802828788757,1.644862436836431,1.651344863404908,1.5834157023528435,33.35933797658977,-0.007122142695481504
2014-11-10,1.5885119438171387,1.59190034866333,1.5867475271224976,1.615965416431427,1.6443017354133531,1.6486809939056066,1.5832498389572474,37.26807753397215,-0.0075009502313578835
2014-11-11,1.585338830947876,1.5878056287765503,1.5837068557739258,1.6144402170181273,1.6437150398465321,1.645543147648135,1.5833372863881197,35.63677323571339,-0.007965381660930415
2014-11-12,1.592610239982605,1.5940066576004028,1.5802781581878662,1.6133548879623414,1.643206534375249,1.6436137461071973,1.5830960298174854,41.91164436888579,-0.007658423437330253
2014-11-13,1.576889157295227,1.5780836343765259,1.5727722644805908,1.6119686937332154,1.6425466599764427,1.6424358420439238,1.581501545422507,34.15796917013893,-0.008584757084074468
2014-11-14,1.5702284574508667,1.5707957744598389,1.5596973896026611,1.6107851123809815,1.6418270758717104,1.6430330277278657,1.5785371970340973,31.499121591570727,-0.009744022953477538
2014-11-17,1.5666369199752808,1.5735888481140137,1.562475562095642,1.6096929550170898,1.6410789151165215,1.6441202060070619,1.5752657040271176,30.136907684457185,-0.010827741106150812
2014-11-18,1.5640885829925537,1.5678404569625854,1.563110589981079,1.6087846755981445,1.640312842160064,1.6455493549115205,1.5720199962847685,29.17288471763922,-0.01175670111491689
2014-11-19,1.5628662109375,1.5697108507156372,1.5596001148223877,1.6077927780151366,1.639542228914068,1.6467625794934977,1.5688229765367756,28.698662830957005,-0.012448050446804304
2014-11-20,1.5673490762710571,1.5735888481140137,1.5633794069290161,1.6067379784584046,1.6388238890867741,1.6471766657175706,1.5662992911992386,33.0000976959215,-0.012490240290514487
2014-11-21,1.5694891214370728,1.5713387727737427,1.5629884004592896,1.6056238198280335,1.6381339909012047,1.6470444529878558,1.5642031866682111,35.01557038536869,-0.01221024023698103
2014-11-24,1.5648717880249023,1.5704010725021362,1.5630618333816528,1.6044051599502565,1.6374050137581568,1.6469719321785032,1.5618383877220097,32.72799641216986,-0.012220053228066963
2014-11-25,1.5697108507156372,1.5720057487487793,1.5651166439056396,1.6033413290977478,1.6367314399965394,1.646673086171234,1.5600095720242617,37.34761624551193,-0.011702459508111884
2014-11-26,1.572104573249817,1.5803780555725098,1.568381428718567,1.6022514581680298,1.636088386596074,1.6459354532931576,1.558567463042902,39.558688805448426,-0.010972623775983292
2014-11-27,1.5789058208465576,1.581827998161316,1.5726978778839111,1.6012933802604676,1.6355194058423475,1.6448801083452738,1.5577066521756615,45.449359074036394,-0.009733221342513199
2014-11-28,1.5724753141403198,1.5730938911437988,1.5637950897216797,1.5998686981201171,1.6348921014473021,1.642441526042849,1.5572958701973851,41.34629130599082,-0.009164234542514027
2014-12-01,1.5612071752548218,1.5761932134628296,1.5591380596160889,1.5984531021118165,1.634158918102103,1.6413724793463602,1.5555337248772727,35.327781510142316,-0.009512894316372034
2014-12-02,1.5734403133392334,1.57420814037323,1.5639417171478271,1.5971779680252076,1.6335547528805816,1.639177621866783,1.5551783141836322,44.73336613791251,-0.008701788886690709
2014-12-03,1.5646514892578125,1.5713140964508057,1.5621339082717896,1.5956835746765137,1.6328691482674196,1.6368647967510446,1.5545023526019828,40.2088956606869,-0.008668244515097179
2014-12-04,1.5694153308868408,1.57111656665802,1.5647982358932495,1.5944236183166505,1.6322377669999508,1.6348663461669724,1.5539808904663286,43.54217383210662,-0.008163158344551835
2014-12-05,1.567865014076233,1.5694891214370728,1.5580207109451294,1.5931182599067688,1.631597242095237,1.6326646931226034,1.5535718266909342,42.707744723219044,-0.007798080112126904
2014-12-08,1.556565523147583,1.5639417171478271,1.5543880462646484,1.591773076057434,1.6308506578271007,1.6316307461196908,1.5519154059951772,37.12364623916426,-0.008324567039867281
2014-12-09,1.565165638923645,1.5702037811279297,1.5629396438598633,1.5905919814109801,1.6301970755494541,1.630022772587376,1.5511611902345843,43.20988875802106,-0.007956140815478019
2014-12-10,1.5687997341156006,1.5720057487487793,1.5649206638336182,1.5895404529571533,1.6295861567292165,1.6284207982563577,1.550660107657949,45.60590810367171,-0.007286920187718149
2014-12-11,1.5747040510177612,1.5757957696914673,1.5656068325042725,1.5886500644683839,1.6290400661251223,1.626787830564634,1.5505122983721338,49.345255173994346,-0.006208560567645849
2014-12-12,1.572252869606018,1.574406385421753,1.5699080228805542,1.587775022983551,1.6284750193935889,1.6253546379829817,1.5501954079841203,47.873848027091825,-0.005488474931572895
2014-12-15,1.5727968215942383,1.5747040510177612,1.5612071752548218,1.5873029899597169,1.6279210074751873,1.6250331038455628,1.549572876073871,48.24268040317444,-0.0048183663694176815
2014-12-16,1.5645290613174438,1.577635407447815,1.562280297279358,1.5864433670043945,1.6272902418417767,1.6242527717726019,1.548633962236187,43.235163056704764,-0.004897978812950177
2014-12-17,1.5745303630828857,1.5745056867599487,1.5650922060012817,1.5857558369636535,1.6267652679237776,1.6231458682405249,1.5483658056867822,49.99666726717385,-0.004106711169893806
2014-12-18,1.5573413372039795,1.5669316053390503,1.5555001497268677,1.5845768213272096,1.626074482543481,1.6217538300850238,1.5473998125693953,40.965198075917186,-0.00481117634963546
2014-12-19,1.5670051574707031,1.568307638168335,1.5618897676467896,1.5836713409423828,1.6254867280651446,1.6202956781142261,1.5470470037705395,46.785307719847175,-0.004537376496535961
2014-12-22,1.5629639625549316,1.5667105913162231,1.5602084398269653,1.58274471282959,1.624864610995391,1.6190660824451968,1.5464233432139831,44.79641239362485,-0.004593527471046466
2014-12-23,1.557778000831604,1.560378909111023,1.5489946603775024,1.581766595840454,1.6241970825360499,1.618090683452326,1.545442508228582,42.31066776874716,-0.004998867460674239
2014-12-24,1.5522165298461914,1.555790662765503,1.5507001876831055,1.5810280680656432,1.6234808581311753,1.6182309393883698,1.5438251967429166,39.7624779929676,-0.00570312448317134
2014-12-25,1.5562022924423218,1.5583120584487915,1.554508924484253,1.580167977809906,1.6228114196666095,1.6176428912283474,1.5426930643914647,42.43809226014817,-0.005871947362266372
2014-12-26,1.5562022924423218,1.5569047927856445,1.5540015697479248,1.5790999007225037,1.622148642281293,1.616192427898006,1.5420073735470015,42.43809226014817,-0.005937299220676762
2014-12-29,1.5553550720214844,1.558797836303711,1.5524816513061523,1.5780226516723632,1.6214840296418915,1.6146709560413808,1.5413743473033457,41.97843198555819,-0.005988423824561773
2014-12-30,1.5515903234481812,1.557195782661438,1.5502192974090576,1.5767364478111268,1.6207885698787696,1.6124612147563742,1.5410116808658794,39.90979238764278,-0.006260556391007865
2014-12-31,1.5569047927856445,1.5621094703674316,1.5552341938018799,1.5756445527076721,1.620152910405206,1.6103554662254635,1.5409336391898807,44.097698359634116,-0.005978474022801938
2015-01-01,1.558093547821045,1.558093547821045,1.558093547821045,1.5747165727615355,1.619535404309841,1.6087539541963682,1.5406791913267028,45.020714836735586,-0.005594509098759026
2015-01-02,1.5579720735549927,1.558457851409912,1.538745641708374,1.573817024230957,1.618922833854569,1.6071795677442826,1.5404544807176315,44.93906029441214,-0.005239617044464406
2015-01-05,1.5284910202026367,1.5320035219192505,1.5206118822097778,1.572200937271118,1.6180230148132557,1.606367544003601,1.5380343305386353,30.487083871641076,-0.007253621918416275
2015-01-06,1.5258322954177856,1.5273704528808594,1.5157945156097412,1.5704678392410278,1.6171056942222557,1.6050817567354363,1.5358539217466194,29.56371065868872,-0.008960975612544386
2015-01-07,1.5137982368469238,1.5156108140945435,1.5067956447601318,1.5684581398963928,1.6160777593229982,1.6043340294746722,1.5325822503181135,25.760586127257042,-0.011156508385818276
2015-01-08,1.5107566118240356,1.5118986368179321,1.5036237239837646,1.566662003993988,1.6150297877060928,1.60489238646265,1.528431621525326,24.88908341833482,-0.012992152202764062
2015-01-09,1.5087963342666626,1.516990303993225,1.5085004568099976,1.5648358821868897,1.613972738418138,1.6052092156965434,1.524462548677236,24.318079801382055,-0.014438651383548828
2015-01-12,1.5189489126205444,1.519202709197998,1.5102773904800415,1.5632675099372864,1.613027227713684,1.6045647311004054,1.5219702887741673,32.90370561707256,-0.01459751313646307
2015-01-13,1.5170363187789917,1.519202709197998,1.5080000162124634,1.5616506767272949,1.6120720942914477,1.6037396221904359,1.5195617312641538,32.16346363498138,-0.014708195635235288
2015-01-14,1.5170363187789917,1.5266010761260986,1.5146925449371338,1.55997859954834,1.6111264646843584,1.6023868096095286,1.5175703894871513,32.16346363498138,-0.014627297927604088
2015-01-15,1.5234380960464478,1.5266010761260986,1.5171973705291748,1.5585178637504578,1.6102539436033838,1.6008263821762412,1.5162093453246743,37.611968667066144,-0.013886540591997898
2015-01-16,1.5181187391281128,1.5234148502349854,1.5092744827270508,1.5571975708007812,1.6093371753996495,1.6003550016832562,1.5140401399183063,35.08999659993425,-0.013572260147706405
2015-01-19,1.5142109394073486,1.5180034637451172,1.5119900703430176,1.5557115507125854,1.608390645688283,1.5995789341429933,1.5118441672821774,33.32230270880757,-0.013483092710129263
2015-01-20,1.5090012550354004,1.519918441772461,1.5060694217681885,1.5541847991943358,1.6074016965275575,1.5991435396978004,1.5092260586908712,31.074820985709778,-0.013675166061241084
2015-01-21,1.5147384405136108,1.5179574489593506,1.5086369514465332,1.552627363204956,1.6064796740796574,1.5975481575617485,1.5077065688481637,36.17977305672727,-0.013212141314577153
2015-01-22,1.5144860744476318,1.5213985443115234,1.5071135759353638,1.5513793015480042,1.6055643148793384,1.5970106933472037,1.5057479097488047,36.053277500752664,-0.012718938691376414
2015-01-23,1.5013211965560913,1.502606987953186,1.4954612255096436,1.5500011563301086,1.604527069920898,1.5974355810763368,1.5025667315838804,30.13436368783411,-0.013237770898833379
2015-01-26,1.4995876550674438,1.5070909261703491,1.499340295791626,1.5486601710319519,1.6034828966387737,1.5979304894337494,1.4993898526301543,29.44877045872302,-0.013631693790962851
2015-01-27,1.5085458755493164,1.5222090482711792,1.5065006017684937,1.5475493168830872,1.6025382496627592,1.5978926956166164,1.497205938149558,37.377556435624605,-0.013070360020818628
2015-01-28,1.5188103914260864,1.5219309329986572,1.5156567096710205,1.546668200492859,1.6017051366454786,1.5974575482604567,1.495878852725261,45.00419366419507,-0.01166279685437277
2015-01-29,1.5142338275909424,1.5161393880844116,1.5083866119384766,1.5456058955192566,1.6008347753613537,1.596849570251912,1.4943622207866012,42.5178556548798,-0.010792177849227258
2015-01-30,1.5079090595245361,1.5095024108886719,1.499497652053833,1.544374294281006,1.5999101413729275,1.5962314370079398,1.492517151554072,39.28749311486162,-0.010491621063037693
2015-02-02,1.5087052583694458,1.5089101791381836,1.5008254051208496,1.5432509636878968,1.5990026300992608,1.5957254777168786,1.490776449658915,39.90646269163965,-0.010073065028531003
2015-02-03,1.5028102397918701,1.5117385387420654,1.4992053508758545,1.5419129514694214,1.5980454918872469,1.5950412918979537,1.488784611040889,36.906330937902915,-0.010100601639837947
2015-02-04,1.5142109394073486,1.5249946117401123,1.514371395111084,1.5407550787925721,1.5972113172357052,1.5937209405814488,1.4877892170036955,45.44793263643522,-0.009097611817378226
2015-02-05,1.5180034637451172,1.5311590433120728,1.5171514749526978,1.5395370316505432,1.5964231793900276,1.5917171832724224,1.487356880028664,47.97128660212868,-0.007905579538451057
2015-02-06,1.5325905084609985,1.535178542137146,1.5241113901138306,1.5387393355369567,1.59578802843551,1.5900768887344752,1.4874017823394383,56.33701896637286,-0.005717920145563715
2015-02-09,1.523902416229248,1.526624321937561,1.5205656290054321,1.5379932403564454,1.5950727487120644,1.589081731782885,1.4869047489300058,51.069959899859484,-0.004631847692181168
2015-02-10,1.5216069221496582,1.5253669023513794,1.5201495885849,1.5369565725326537,1.5943417454626871,1.5872059087218264,1.486707236343481,49.7466112893562,-0.003911267973604415
2015-02-11,1.526205062866211,1.5300110578536987,1.5233917236328125,1.5361876440048219,1.5936637685214283,1.585880761328884,1.4864945266807599,52.406985484783846,-0.0029353351115917192
2015-02-12,1.5242739915847778,1.5387929677963257,1.5218383073806763,1.5352848172187805,1.5929733229797698,1.5841472425957914,1.4864223918417696,51.18154700498155,-0.002291309807831876
2015-02-13,1.5391956567764282,1.542210340499878,1.5373027324676514,1.5347114300727844,1.5924382218235176,1.582678008842296,1.4867448513032728,59.133494537523895,-0.0005702875197080015
2015-02-16,1.5400489568710327,1.5443061590194702,1.536995530128479,1.5343810987472535,1.5919169356050846,1.581959298338228,1.486802899156279,59.53936863351343,0.0008526602921490323
2015-02-17,1.5356265306472778,1.5401201248168945,1.531862735748291,1.5337903165817262,1.591356832073166,1.5805345657692529,1.4870460673941994,56.4122746781413,0.0016050023799751845
2015-02-18,1.5353436470031738,1.5450935363769531,1.534401297569275,1.5331211948394776,1.5907994869480913,1.5787648201559137,1.4874775695230416,56.208910807346015,0.0021535873446401066
2015-02-19,1.543900728225708,1.5466947555541992,1.5407607555389404,1.5325051283836364,1.5903328326324455,1.576665327506518,1.4883449292607547,60.81111225742598,0.003241464239612357
2015-02-20,1.5419963598251343,1.5434956550598145,1.5347074270248413,1.5318999981880188,1.5898518727040145,1.5746435624008739,1.4891564339751637,59.31704757500043,0.003904934250845704
2015-02-23,1.5389113426208496,1.545141339302063,1.5333895683288574,1.531222288608551,1.5893450017579134,1.572363701998058,1.4900808752190438,56.8790670916847,0.00413414802396761
2015-02-24,1.5452368259429932,1.54659903049469,1.5407371520996094,1.530836443901062,1.5889061144363716,1.5710543879758756,1.4906184998262484,60.466901274387254,0.004771215626624858
2015-02-25,1.545905590057373,1.553808331489563,1.5455710887908936,1.5302639484405518,1.5884782485221527,1.5687195418114344,1.4918083550696692,60.83790143753126,0.005269318542370893
2015-02-26,1.552891492843628,1.555403470993042,1.5399067401885986,1.5301749515533447,1.5881241514507247,1.5683946439501755,1.491955259156514,64.57751346325817,0.006156800894723702
2015-02-27,1.5418059825897217,1.5456188917160034,1.5386981964111328,1.529670968055725,1.587663274148625,1.566549413407202,1.492792522704248,55.51786795298071,0.005897644644606181
2015-03-02,1.5406184196472168,1.542210340499878,1.5354379415512085,1.5292240571975708,1.5871951661436356,1.5649802365798935,1.4934678778152481,54.63361712853594,0.005532658007139313
2015-03-03,1.5359095335006714,1.5398118495941162,1.5346132516860962,1.5287866878509522,1.586684861341218,1.5636408818226217,1.4939324938792826,51.15447206582649,0.00480801194037217
2015-03-04,1.5366648435592651,1.5372790098190308,1.5263214111328125,1.5284756541252136,1.586187149721497,1.5627491668360296,1.4942021414143976,51.68594098220153,0.004245729790851138
2015-03-05,1.52650785446167,1.526810884475708,1.5224639177322388,1.5278817653656005,1.5855933258880657,1.5612103374935224,1.4945531932376785,44.65032555479895,0.0029465668136023915
2015-03-06,1.5247621536254883,1.525320291519165,1.5060014724731445,1.527252962589264,1.5849880405919206,1.5595716981019903,1.4949342270765376,43.552995651948926,0.0017558667867907385
2015-03-09,1.5057746171951294,1.512630581855774,1.5052080154418945,1.5262613534927367,1.5841998473242906,1.558099668857228,1.4944230381282455,33.81785682608222,-0.0007117029983101375
2015-03-10,1.5104827880859375,1.5108935832977295,1.5037593841552734,1.525439202785492,1.5834663442472918,1.5567261163989288,1.4941522891720551,37.54567658690933,-0.0022612930096117534
2015-03-11,1.508204698562622,1.5096617937088013,1.4934957027435303,1.5244652009010315,1.582717472150927,1.554770693230787,1.4941597085712761,36.47510938386877,-0.003631317476057161
2015-03-12,1.4932951927185059,1.5028554201126099,1.4896247386932373,1.5231692337989806,1.5818276982262263,1.5531452885387358,1.4931931790592254,30.37137530628442,-0.005852678222505903
2015-03-13,1.4894028902053833,1.4893585443496704,1.4714537858963013,1.5217978501319884,1.5809080483951727,1.5515482415258313,1.4920474587381456,29.006711968019687,-0.007836860452565153
2015-03-16,1.4755791425704956,1.4818986654281616,1.4750133752822876,1.5207396125793458,1.5798599995809968,1.5531624288984107,1.4883167962602808,24.752793363952037,-0.010404859327872495
2015-03-17,1.4825797080993652,1.4844944477081299,1.472970962524414,1.5198745608329773,1.578892036481677,1.5540057664198534,1.4857433552461012,30.32538552078212,-0.011739800691376034
2015-03-18,1.47520911693573,1.4770393371582031,1.4637001752853394,1.5191027784347535,1.5778603656404235,1.5554669263967913,1.4827386304727157,27.976239093201613,-0.013239875405848256
2015-03-19,1.496199607849121,1.5010056495666504,1.473188042640686,1.5188116383552552,1.5770478207867784,1.5556781504498955,1.481945126260615,41.802713399779414,-0.012589810731436613
2015-03-20,1.4761673212051392,1.4923146963119507,1.4725372791290283,1.5181590580940247,1.5760440347212892,1.5568587389619202,1.4794593772261293,34.914135657217955,-0.013535044342953828
2015-03-23,1.494321584701538,1.4959087371826172,1.4842300415039062,1.5176665115356445,1.5752308760146247,1.5569476760286483,1.4783853470426407,43.93144998265626,-0.012673163111889041
2015-03-24,1.4951928853988647,1.498351812362671,1.4856634140014648,1.517229642868042,1.57443447809805,1.55702195583228,1.4774373299038042,44.33009389012593,-0.011783971059138088
2015-03-25,1.4833933115005493,1.4954389333724976,1.4835914373397827,1.516556782722473,1.5735285958433483,1.557484013319029,1.475629552125917,40.165245661093145,-0.01189429690076138
2015-03-26,1.4877409934997559,1.4992504119873047,1.4814814329147339,1.5158428406715394,1.5726749878598298,1.5575186835990782,1.4741669977440006,42.31571938167494,-0.011498363347671958
2015-03-27,1.4858399629592896,1.4923146963119507,1.4799467325210571,1.5151972651481629,1.571810957761317,1.5577206168552853,1.4726739134410405,41.611496760915884,-0.011208772677138601
2015-03-30,1.4885826110839844,1.4885162115097046,1.476232647895813,1.5146846985816955,1.5709828150083085,1.557869271501001,1.47150012566239,43.08318068796317,-0.010635363353501237
2015-03-31,1.4809110164642334,1.4867678880691528,1.4757968187332153,1.5141228938102722,1.5700865782068747,1.55832806825704,1.4699177193635045,40.04290466467339,-0.010676889370420772
2015-04-01,1.482953429222107,1.4872984886169434,1.4747087955474854,1.513487193584442,1.5692195816995635,1.558561865980739,1.4684125211881451,41.23192497658863,-0.010424822532673517
2015-04-02,1.4836794137954712,1.4869887828826904,1.4781748056411743,1.5128710603713988,1.5683684357502692,1.5587254613474328,1.4670166593953649,41.67469101129627,-0.010050619573797714
2015-04-03,1.4830634593963623,1.4945895671844482,1.481261968612671,1.5125059056282044,1.5675196300154042,1.55902173256922,1.465990078687189,41.38976529508988,-0.00969203960567544
2015-04-06,1.4930721521377563,1.4981722831726074,1.4902907609939575,1.5123755955696105,1.5667788590912484,1.5590752760760456,1.4656759150631755,47.65256014476894,-0.008502236054634293
2015-04-07,1.4890702962875366,1.491913914680481,1.4832394123077393,1.511986083984375,1.566005639560863,1.5591388285822523,1.4648333393864978,45.5564533825182,-0.007792398570450221
2015-04-08,1.4823819398880005,1.4970060586929321,1.482206106185913,1.5112575149536134,1.5651735629472026,1.5591005531669129,1.4634144767403139,42.21427842626588,-0.007680999928725285
2015-04-09,1.487851619720459,1.4886047840118408,1.472970962524414,1.5107298707962036,1.5644041903777823,1.559018773327487,1.4624409682649202,45.72128070470923,-0.007069861291978619
2015-04-10,1.4714971780776978,1.4726022481918335,1.4590020179748535,1.5100016331672668,1.5634797424941993,1.559546090645566,1.4604571756889675,38.24697152151788,-0.007815108573243634
2015-04-13,1.4640644788742065,1.4673514366149902,1.457364797592163,1.5091088175773621,1.5624905358910153,1.5603291803103272,1.457888454844397,35.413510930154104,-0.008902852578237086
2015-04-14,1.4667917490005493,1.4803849458694458,1.4607069492340088,1.5083884477615357,1.5615383091557866,1.5609655465774996,1.4558113489455717,37.25045932790518,-0.009436056645253155
2015-04-15,1.4771921634674072,1.480823278427124,1.470588207244873,1.5076480722427368,1.5606990440245587,1.5609283880306808,1.4543677564547928,43.813355734958854,-0.008916613017835306
2015-04-16,1.4828435182571411,1.4938751459121704,1.4814814329147339,1.5069448733329773,1.5599243621761265,1.5605941576716202,1.4532955889943344,47.053812989240996,-0.007957207366200647
2015-04-17,1.4921809434890747,1.5052986145019531,1.491869330406189,1.506136682033539,1.5592502983085936,1.5594253654533732,1.4528479986137046,51.98147863878964,-0.006369990015321791
2015-04-20,1.4968267679214478,1.498374342918396,1.489314079284668,1.5055951690673828,1.558629168653,1.5586969332774565,1.452493404857309,54.262349687545246,-0.004683244101762352
2015-04-21,1.490979552268982,1.4954389333724976,1.485884189605713,1.5049826216697693,1.5579560381417161,1.558037077320726,1.4519281660188126,50.980156671288924,-0.003774793775930707
2015-04-22,1.4935628175735474,1.5080682039260864,1.491713523864746,1.504329776763916,1.5573153095788488,1.5571210148903878,1.4515385386374444,52.351417559473546,-0.002813954906314642
2015-04-23,1.5037593841552734,1.5059107542037964,1.4965578317642212,1.5039194846153259,1.5567824147985145,1.5563959852774896,1.4514429839531622,57.415172649605296,-0.001215691735209079
2015-04-24,1.5052080154418945,1.5183724164962769,1.502990961074829,1.5032397317886352,1.5562692366954634,1.554722236869742,1.4517572267075285,58.09650890485536,0.00016592312239827045
2015-04-27,1.517657995223999,1.5239256620407104,1.5110304355621338,1.5027919125556946,1.555885045238036,1.5533487564586788,1.4522350686527103,63.501306082630954,0.0022396548239693725
2015-04-28,1.5223711729049683,1.5337423086166382,1.5183724164962769,1.5025268054008485,1.5555515738715378,1.552516725529262,1.452536885272435,65.32469509159618,0.004214830247625478
2015-04-29,1.533483624458313,1.5487068891525269,1.5328959226608276,1.5024896049499512,1.5553319922853364,1.5523825219243956,1.4525966879755068,69.22804790743554,0.00660076347841887
2015-04-30,1.542686104774475,1.549426794052124,1.5325671434402466,1.5024653124809264,1.55520616255886,1.5522770492526674,1.4526535757091854,72.03545255659004,0.009128963003795176
2015-05-01,1.5354615449905396,1.5396459102630615,1.5126075744628906,1.5023346161842346,1.5550096987024586,1.551755759558599,1.4529134728098703,66.87701670530075,0.010429394181895146
2015-05-04,1.5146695375442505,1.5176808834075928,1.509183406829834,1.5018497800827026,1.5546083040640684,1.550271857496544,1.4534277026688613,54.73006224158922,0.009670775346436011
2015-05-05,1.5122873783111572,1.520912528038025,1.5094338655471802,1.501190791130066,1.5541872003252333,1.548075225477045,1.454306356783087,53.530424153858796,0.00877617779753681
2015-05-06,1.517427682876587,1.5290520191192627,1.5156108140945435,1.5006212329864501,1.5538214339824605,1.5459547754098142,1.455287690563086,55.782688609463285,0.008385321645669519
2015-05-07,1.5242043733596802,1.5252970457077026,1.516829252243042,1.5000474905967713,1.5535267368618357,1.5433620672720239,1.4567329139215188,58.62947688599833,0.00852412678863379
2015-05-08,1.5407133102416992,1.5521925687789917,1.5357915163040161,1.5000256371498109,1.5533992400795458,1.5432552397473,1.4567960345523217,64.60753094413343,0.00985268844064846
2015-05-11,1.5434004068374634,1.5595757961273193,1.539883017539978,1.5000812768936158,1.553299749201515,1.5435307305099142,1.4566318232773174,65.48184067007446,0.010995658256098162
2015-05-12,1.557705283164978,1.570845127105713,1.5560085773468018,1.5005171918869018,1.5533435853603557,1.545831139843434,1.4552032439303697,69.76401273851022,0.01290697051648193
2015-05-13,1.567103385925293,1.5762180089950562,1.5635504722595215,1.5011259627342224,1.5534804987988127,1.5491583696861992,1.4530935557822455,72.20375206848801,0.015007055607161313
2015-05-14,1.574009895324707,1.5813026428222656,1.5730938911437988,1.502076003551483,1.5536847714010604,1.5538879254047424,1.4502640816982237,73.87224535658498,0.01703234746098392
2015-05-15,1.5772124528884888,1.5807777643203735,1.5704996585845947,1.5031250095367432,1.5539188776845176,1.5587921146153922,1.4474579044580942,74.63263580357072,0.01868048843461123
2015-05-18,1.574604868888855,1.5739108324050903,1.5654841661453247,1.5045016145706176,1.5541247084427696,1.5637266944086403,1.4452765347325949,72.77549105863413,0.019550871517287183
2015-05-19,1.5663670301437378,1.5671523809432983,1.5455950498580933,1.5056192994117736,1.554246522589048,1.5673609056260493,1.443877693197498,67.09523016557398,0.019352844100773092
2015-05-20,1.5516144037246704,1.5590895414352417,1.547700047492981,1.5064874935150145,1.5542203323515915,1.5695834651328886,1.4433915218971405,58.31678757932809,0.017800301492002735
2015-05-21,1.5542914867401123,1.5701051950454712,1.5527467727661133,1.5077074193954467,1.5542210403554575,1.5721074884990451,1.4433073502918483,59.35598860719538,0.016594625996425805
2015-05-22,1.5663915872573853,1.5691196918487549,1.5487068891525269,1.5092471933364868,1.5543421403246307,1.5755153557978192,1.4429790308751544,63.75448719937317,0.016426146079657533
2015-05-25,1.5475084781646729,1.5508685111999512,1.545905590057373,1.5106857800483704,1.554274143686223,1.5770935563934552,1.4442780037032856,53.94343286113854,0.01460060871206248
2015-05-26,1.5472211837768555,1.5471972227096558,1.5356736183166504,1.51197860956192,1.5542039649806574,1.5786693214181162,1.445287897705724,53.80776150296278,0.012981037618627012
2015-05-27,1.5398591756820679,1.5436862707138062,1.530760645866394,1.513271610736847,1.5540612307587809,1.579558225948631,1.4469849955250629,50.31551158061952,0.010976928137649056
2015-05-28,1.5350136756896973,1.5386981964111328,1.526484489440918,1.5140478920936584,1.5538717028476456,1.5804275032874633,1.4476682808998536,48.10263959916682,0.008895128081791714
2015-05-29,1.531909704208374,1.5343071222305298,1.524158000946045,1.515162739753723,1.5536531754980012,1.5808139884002395,1.4495114911072067,46.68617254843293,0.0069151089103813845
2015-06-01,1.5288883447647095,1.5305966138839722,1.5174506902694702,1.5158540749549865,1.5534067592717993,1.5813373336158483,1.4503708162941247,45.28822079412397,0.005043987052256282
2015-06-02,1.519987940788269,1.5342129468917847,1.518349289894104,1.5163499760627746,1.5530742337147492,1.5815696103086456,1.4511303418169035,41.359334485562435,0.0028105233185418133
2015-06-03,1.5339776277542114,1.53751540184021,1.5255529880523682,1.5173616623878479,1.5528842177350424,1.5820619291575366,1.452661395618159,48.86795756840996,0.0021446162387717127
2015-06-04,1.5326610803604126,1.5441631078720093,1.530690312385559,1.518260064125061,1.5526829924875336,1.582527589965794,1.453992538284328,48.24192172728761,0.0014934303729079446
2015-06-05,1.5364996194839478,1.5369482040405273,1.520218849182129,1.5192732572555543,1.5525219639004333,1.5830500668440706,1.455496447667038,50.243351191024466,0.001272431116084105
2015-06-08,1.526787519454956,1.5305966138839722,1.5223017930984497,1.5200373554229736,1.5522658997765975,1.583226093588594,1.4568486172573532,45.45410547002548,0.0003100284924295593
2015-06-09,1.5345896482467651,1.5389113426208496,1.5260186195373535,1.5211109280586244,1.5520900166767981,1.5834040302713321,1.4588178258459166,49.60958465144108,0.00017486829498225553
2015-06-10,1.539408802986145,1.5554518699645996,1.5371136665344238,1.522240035533905,1.5519638354460452,1.5837518382640214,1.4607282328037885,52.04000083853633,0.0004514147486138764
2015-06-11,1.549690842628479,1.5520720481872559,1.5432099103927612,1.5235602641105652,1.5519412186020893,1.5845251740959134,1.462595354125217,56.82476470701095,0.0014831575569889122
2015-06-12,1.5508925914764404,1.5598191022872925,1.5468381643295288,1.5249168467521668,1.5519307845013366,1.585218721472163,1.4646149720321706,57.36021051015491,0.0023704669866699835
2015-06-15,1.5561537742614746,1.5566624402999878,1.5489466190338135,1.5261784791946411,1.5519728042999448,1.5864004816859547,1.4659564767033275,59.71564781634055,0.003458334061304136
2015-06-16,1.5596001148223877,1.5649452209472656,1.5544847249984741,1.527589075565338,1.552048697936984,1.5875669264350272,1.467611224695649,61.22659714217304,0.004546162109693608
2015-06-17,1.563966155052185,1.5755971670150757,1.5629884004592896,1.5292207598686218,1.5521672795998218,1.5886149352861094,1.4698265844511342,63.11410209560109,0.005694929036482055
2015-06-18,1.5848110914230347,1.593143105506897,1.581027626991272,1.5311599493026733,1.552492093647814,1.591366932641163,1.4709529659641836,70.49823773372187,0.008192904555298641
2015-06-19,1.587881326675415,1.5897997617721558,1.5837318897247314,1.5334876322746276,1.5528442253197303,1.5932774364039,1.4736978281453552,71.40619826598713,0.010301560499800244
2015-06-22,1.5885119438171387,1.5910899639129639,1.5807777643203735,1.5359765815734863,1.5531991279913464,1.5943140309557948,1.4776391321911777,71.5995389290449,0.011886550308082278
2015-06-23,1.5829297304153442,1.5830048322677612,1.572574257850647,1.5382993412017822,1.5534949548811376,1.5946062313581804,1.4819924510453841,67.26384760970947,0.012547587404364124
2015-06-24,1.5741090774536133,1.5805277824401855,1.5676438808441162,1.5402376794815062,1.553700070528625,1.5945974780231431,1.4858778809398694,60.98014574762597,0.012218859680522609
2015-06-25,1.570993185043335,1.5770134925842285,1.5681109428405762,1.5420006728172302,1.5538721413198162,1.5944469550720732,1.4895543905623871,58.88737125201042,0.011573501987456103
2015-06-26,1.5745056867599487,1.5765410661697388,1.5713387727737427,1.5436471676826478,1.5540774502296684,1.5948642141376963,1.4924301212275992,60.531745515545474,0.011216187669855326
2015-06-29,1.5693166255950928,1.5789058208465576,1.5686274766921997,1.5450969648361206,1.554229083815394,1.5949913040342718,1.4952026256379694,56.91036842672812,0.01039447855123532
2015-06-30,1.573192834854126,1.57753586769104,1.5698586702346802,1.5467412304878234,1.5544177778555806,1.5947388540443739,1.498743606931273,58.88894247638218,0.009941447033934736
2015-07-01,1.5687012672424316,1.5718327760696411,1.5615484714508057,1.5482439994812012,1.5545599021280865,1.5941032244036675,1.5023847745587349,55.697474843919004,0.009114913277465053
2015-07-02,1.5605005025863647,1.5637950897216797,1.5566140413284302,1.549378821849823,1.5546190125804076,1.5935210215959674,1.5052366221036786,50.3338551752422,0.007709278387126428
2015-07-03,1.5613046884536743,1.5644556283950806,1.556832194328308,1.5505007553100585,1.5546855367184502,1.592876883025415,1.508124627594702,50.833861320096176,0.00658429404494143
2015-07-06,1.555596947669983,1.5625,1.5535186529159546,1.5512595343589783,1.5546946054841373,1.5925808788024638,1.509938189915493,47.201700850741716,0.005172543012964104
2015-07-07,1.5602084398269653,1.5605981349945068,1.5417823791503906,1.5520162796974182,1.554749469507449,1.5925567283949091,1.5114758309999272,50.29199739573227,0.004375392228205932
2015-07-08,1.5462881326675415,1.547029733657837,1.5339070558547974,1.5522723698616028,1.5546652771010818,1.5924955137850927,1.5120492259381129,42.25256589670067,0.0025905300197011094
2015-07-09,1.536995530128479,1.5420199632644653,1.5360039472579956,1.5521585583686828,1.554489458723245,1.592524363975444,1.5117927527619215,37.89736047230322,0.0004213217618338483
2015-07-10,1.5373972654342651,1.555209994316101,1.5369009971618652,1.5521972727775575,1.5543193871482304,1.5925013813300013,1.5118931642251137,38.19396227161539,-0.0012509545042596049
2015-07-13,1.5515903234481812,1.5590895414352417,1.5496188402175903,1.552935688495636,1.5542922322855433,1.591759133834918,1.514112243156354,47.697898656483964,-0.0014146768141429789
2015-07-14,1.548227310180664,1.562255859375,1.545356273651123,1.5536544871330262,1.5542318848019125,1.5906960897833693,1.5166128844826832,45.8969803309314,-0.001795102168706375
2015-07-15,1.5636972188949585,1.5673980712890625,1.5581178665161133,1.5545798778533935,1.5543260672306989,1.590212517923451,1.518947237783336,54.42197517740762,-0.000838632424631891
2015-07-16,1.563403844833374,1.5650922060012817,1.5563960075378418,1.5553638672828674,1.5544163933759991,1.5899790708184587,1.520748663747276,54.247404927717874,-0.00010310753689801722
2015-07-17,1.5613046884536743,1.5672261714935303,1.5561779737472534,1.5557756948471069,1.5544849336255282,1.590168711824764,1.5213826778694497,52.93889045346448,0.0003068793452754015
2015-07-20,1.5600380897521973,1.5629884004592896,1.5540015697479248,1.5561084485054015,1.5545401889103707,1.5903343001899326,1.5218825968208705,52.12193380284989,0.0005235577258315693
2015-07-21,1.5573898553848267,1.5593326091766357,1.5532773733139038,1.5561021399497985,1.5545685438006638,1.5903269065473278,1.5218773733522692,50.37163464114683,0.00047609835678108503
2015-07-22,1.555596947669983,1.5644556283950806,1.5553308725357056,1.5558720111846924,1.5545787766749855,1.5899492694937685,1.5217947528756164,49.16782189809631,0.0002904654908788551
2015-07-23,1.5614020824432373,1.5671523809432983,1.5518794059753418,1.555619854927063,1.5546466702647193,1.58933395782967,1.521905752024456,53.07793286342217,0.0006048041620028144
2015-07-24,1.5519516468048096,1.5527950525283813,1.5471493005752563,1.5551146388053894,1.5546198541108893,1.5882603311663697,1.521968946444409,46.77057749209525,9.03076378862e-05
2015-07-27,1.5522888898849487,1.5595757961273193,1.549426794052124,1.5546683192253112,1.5545966604369994,1.5873404168203904,1.521996221630232,47.01255898292252,-0.00028691449442064254
2015-07-28,1.5564203262329102,1.5617679357528687,1.5532773733139038,1.5544693851470948,1.554614806365317,1.5869714277560518,1.5219673425381377,50.0106875945251,-0.0002496159493030614
2015-07-29,1.5611096620559692,1.568873643875122,1.5590895414352417,1.5546592903137206,1.5546794317950747,1.5872041769159113,1.52211440371153,53.24443139099755,0.0001565292551133357
2015-07-30,1.5602084398269653,1.563966155052185,1.557996392250061,1.5547776293754578,1.554734446800367,1.5873600657516502,1.5221951929992654,52.54098357260034,0.0004010580066287073
2015-07-31,1.5604275465011597,1.5676438808441162,1.5554518699645996,1.5546583485603334,1.5547910945585839,1.5871106518498763,1.5222060452707904,52.70458426444032,0.0006055484952829371
2015-08-03,1.5626953840255737,1.5647003650665283,1.5569047927856445,1.5549620866775513,1.5548697442050217,1.5874255321332298,1.5224986412218728,54.45463873899938,0.0009397711194494285
2015-08-04,1.559040904045105,1.5629884004592896,1.5566624402999878,1.5551984810829163,1.5549112482830325,1.5876039396437818,1.5227930225220507,51.16887223004701,0.0008993913408592569
2015-08-05,1.5569047927856445,1.5649943351745605,1.552939772605896,1.5555393934249877,1.5549310845467401,1.5876434328666913,1.5234353539832841,49.2964639573827,0.0006871032504300878
2015-08-06,1.5605981349945068,1.5637950897216797,1.5472689867019653,1.556051082611084,1.5549874731084095,1.5876310995494312,1.524471065672737,52.530812841247176,0.0008075760252974629
2015-08-07,1.551421880722046,1.5540015697479248,1.5427099466323853,1.5564413261413574,1.554951994577202,1.5872771691387695,1.5256054831439454,44.87210303113698,0.00016075149355487817
2015-08-10,1.5494027137756348,1.5548955202102661,1.5460251569747925,1.556851613521576,1.554896777852808,1.586721892734618,1.5269813343085339,43.37359729861418,-0.0005089249357981274
2015-08-11,1.5585306882858276,1.5615240335464478,1.555790662765503,1.5576224684715272,1.5549329361655746,1.5855349255182671,1.5297100114247872,51.292495146909346,-0.00029964297580797883
2015-08-12,1.5584092140197754,1.5661708116531372,1.5537117719650269,1.5581111001968384,1.5549675259949698,1.5851766168420598,1.531045583551617,51.1899005235059,-0.0001419511483122804
2015-08-13,1.561597228050232,1.5637216567993164,1.5578750371932983,1.5586898231506348,1.5550334931795993,1.584753082783516,1.5326265635177536,53.80157229257322,0.00023752876623861496
2015-08-14,1.561792254447937,1.5659254789352417,1.5593082904815674,1.5591956758499146,1.5551007445355032,1.5844709295400465,1.5339204221597826,53.96385256661462,0.000547692870433103
2015-08-17,1.5651901960372925,1.568996548652649,1.5581905841827393,1.5599637293815614,1.5552011370877596,1.583492992727211,1.5364344660359117,56.810439891740415,0.001055518288307189
2015-08-18,1.5585062503814697,1.5718327760696411,1.5564203262329102,1.5604420614242553,1.5552340237871993,1.5828096063086643,1.5380745165398464,50.230864385760995,0.0009081662609540242
2015-08-19,1.5664896965026855,1.5698586702346802,1.5637216567993164,1.5609836792945861,1.555346020530637,1.5825702774982071,1.5393970810909652,56.683863539416684,0.0014192261436554165
2015-08-20,1.568307638168335,1.5703023672103882,1.561036467552185,1.5613560152053834,1.5554749918504152,1.582789253709812,1.5399227767009547,58.018710605936,0.0019484766559243472
2015-08-21,1.5690950155258179,1.5725001096725464,1.5664160251617432,1.5617200636863708,1.555610514474051,1.583045975503425,1.5403941518693167,58.61358769082616,0.0024037374828753677
2015-08-24,1.5677913427352905,1.5804779529571533,1.5633060932159424,1.5619528150558473,1.5557317167453073,1.5832847897110993,1.5406208404005952,57.16913458282663,0.002629033606366127
2015-08-25,1.5762925148010254,1.5817779302597046,1.5686028003692627,1.56228666305542,1.555936301800588,1.5839876365387724,1.5405856895720675,63.487957189001364,0.0034537433424775
2015-08-26,1.5695877075195312,1.572104573249817,1.548227310180664,1.5623990941047667,1.5560721366833636,1.5841936311171207,1.5406045570924127,56.41839937306949,0.0035256681293118763
2015-08-27,1.5482032299041748,1.550988793373108,1.5377517938613892,1.5616669368743896,1.5559938391034713,1.5828391073067325,1.5404947664420467,40.80984004237827,0.0018359566496315427
2015-08-28,1.541401982307434,1.5445923805236816,1.5339776277542114,1.56073734998703,1.5558486464985357,1.5812838872530657,1.5401908127209945,37.277492895024075,-5.1363624497646754e-05
2015-08-31,1.5418059825897217,1.5441631078720093,1.5358624458312988,1.5598032307624816,1.555708918499443,1.5794216353757304,1.5401848261492328,37.62287640298867,-0.001497220071744021
2015-09-01,1.5363106727600098,1.5408320426940918,1.5304560661315918,1.558870849609375,1.5555159011289013,1.5784342486072627,1.5393074506114874,34.81463025351631,-0.0030513235416520512
2015-09-02,1.5305262804031372,1.5320974588394165,1.5269041061401367,1.5579991936683655,1.5552672481863563,1.578645134952503,1.537353252384228,32.09868702202043,-0.004695586066012725
2015-09-03,1.5308074951171875,1.531510829925537,1.5222785472869873,1.5571954798698426,1.5550238675588022,1.5788794234936248,1.5355115362460605,32.37489222267064,-0.005907881900604428
2015-09-04,1.526205062866211,1.5260884761810303,1.5170823335647583,1.5562294673919679,1.554737113283254,1.5790400860503506,1.5334188487335851,30.2090594063706,-0.007157505632620298
2015-09-07,1.5201033353805542,1.5290520191192627,1.5174506902694702,1.555245201587677,1.5543924985777546,1.5799216510882328,1.5305687520871212,27.57524004094448,-0.008541736041088432
2015-09-08,1.5283042192459106,1.5415446758270264,1.5275105237960815,1.5543474292755126,1.554132913708781,1.5796178151748268,1.5290770433761984,35.69073259065776,-0.008874703761699188
2015-09-09,1.5401912927627563,1.5405946969985962,1.535154938697815,1.5537772297859191,1.5539941911123032,1.5790122299481795,1.5285422296236588,45.264744039365766,-0.008086183105429967
2015-09-10,1.5357915163040161,1.547700047492981,1.534448266029358,1.5532830500602721,1.5538130699699324,1.5789448010285916,1.5276212990919527,42.72912102092283,-0.007727225350298905
2015-09-11,1.54421067237854,1.5464078187942505,1.5404996871948242,1.5529411697387696,1.5537175237252419,1.578622186575057,1.5272601529024823,48.65613323000032,-0.00668631750372084
2015-09-14,1.5448071956634521,1.547292947769165,1.537988305091858,1.552725374698639,1.5536288637445275,1.5784964772753787,1.5269542721218992,49.058403602340825,-0.005747008159557199
2015-09-15,1.5427099466323853,1.545833945274353,1.535154938697815,1.5523754048347473,1.553520217803113,1.5782069197722826,1.5265438898972121,47.64503825329044,-0.0051128909817415025
2015-09-16,1.53449547290802,1.5527950525283813,1.5332720279693604,1.5521395516395569,1.5533309168588831,1.578409544617333,1.5258695586617808,42.482476290216354,-0.005213094618368164
2015-09-17,1.5518070459365845,1.555088996887207,1.5489466190338135,1.552435781955719,1.553315753964134,1.5783402533338275,1.5265313105776106,53.835199115671536,-0.003851213070786841
2015-09-18,1.5569047927856445,1.5659254789352417,1.5562022924423218,1.5528259325027465,1.5533514657932037,1.5783913176849638,1.5272605473205292,56.55458135726855,-0.0023336655219503566
2015-09-21,1.552891492843628,1.5569047927856445,1.5483711957931519,1.5528519558906555,1.5533468889479343,1.5784148562588942,1.5272890555224168,53.86447318175701,-0.0014382585714050045
2015-09-22,1.5508204698562622,1.5531085729599,1.534448266029358,1.5529038190841675,1.5533217504495096,1.5784389298777075,1.5273687082906275,52.477266595579366,-0.0008855483091847471
2015-09-23,1.5353907346725464,1.536570429801941,1.5225335359573364,1.5523376893997192,1.5531433323820771,1.5781497235727315,1.5265256552267068,43.49070749842169,-0.0016732835507708987
2015-09-24,1.5252039432525635,1.5288182497024536,1.5203113555908203,1.551573691368103,1.5528653285101415,1.5782941556025878,1.5248532271336184,38.77024647839282,-0.0030840078157072792
2015-09-25,1.522695779800415,1.5260186195373535,1.5146925449371338,1.550801513195038,1.5525651339956168,1.578584524925211,1.5230185014648647,37.685652747671064,-0.004354212141219449
2015-09-28,1.5201727151870728,1.523716688156128,1.5163002014160156,1.5500042057037353,1.552242821370656,1.5789682887171803,1.5210401226902903,36.57715287911344,-0.005501035930748133
2015-09-29,1.5165071487426758,1.5206812620162964,1.51377534866333,1.5491865515708922,1.551887242538537,1.579572939331193,1.5188001638105915,34.967891966914365,-0.006629264588413397
2015-09-30,1.5157945156097412,1.521375298500061,1.5110304355621338,1.5483905029296876,1.5515281109273051,1.5801460412083301,1.516634964651045,34.64872828821717,-0.007494505472249502
2015-10-01,1.5124017000198364,1.5181418657302856,1.511258840560913,1.5474104952812195,1.5511387934058376,1.5805224834587959,1.5142985071036432,33.0997420898305,-0.00835764523772875
2015-10-02,1.5139129161834717,1.5239256620407104,1.5138212442398071,1.5466497206687928,1.5507683866673065,1.5810583965097698,1.5122410448278159,34.50425062503437,-0.008818097665005409
2015-10-05,1.5194103717803955,1.524158000946045,1.516530156135559,1.5459921503067016,1.5504563666186806,1.581208142592438,1.510776158020965,39.48166063288235,-0.008639816383316345
2015-10-06,1.5154958963394165,1.5236934423446655,1.5142338275909424,1.5451736617088319,1.5501085012427673,1.5812911721365646,1.5090561512810992,37.307540933480354,-0.008713943717646
2015-10-07,1.5226030349731445,1.532801866531372,1.522695779800415,1.5444035291671754,1.5498348150112289,1.5807753451581934,1.5080317131761574,43.40149146657489,-0.008105765257035547
2015-10-08,1.5315576791763306,1.5372790098190308,1.526484489440918,1.5438305139541626,1.5496529529631202,1.5800885895593446,1.5075724383489806,49.99659247189534,-0.0068225681761659995
2015-10-09,1.535131573677063,1.5386981964111328,1.5302218198776245,1.5433245944976806,1.5495084616269403,1.5793425615770476,1.5073066274183136,52.38149324181855,-0.005454367275982808
2015-10-12,1.5323086977005005,1.537491798400879,1.5317922830581665,1.5427168607711792,1.549337319697324,1.5784248675331605,1.507008854009198,50.339228583273574,-0.004545443659713433
2015-10-13,1.5337893962860107,1.5389350652694702,1.5204499959945679,1.5422118306159973,1.5491826139917388,1.5776910327561366,1.506732628475858,51.40938217979912,-0.0036634056839093265
2015-10-14,1.5258090496063232,1.5448787212371826,1.5255763530731201,1.5415899157524109,1.5489500412117845,1.5771080146659493,1.5060718168388725,45.69415983897213,-0.0035672109287796516
2015-10-15,1.5480115413665771,1.5508685111999512,1.5420199632644653,1.5413381838798523,1.548940702904867,1.5764828580172943,1.5061935097424104,59.263039959861565,-0.0016800537474039867
2015-10-16,1.5471972227096558,1.5487068891525269,1.5434480905532837,1.5412536907196044,1.5489233548432233,1.5763196401456392,1.5061877412935696,58.68388645680901,-0.0002473257773920601
2015-10-19,1.543805480003357,1.549690842628479,1.5429717302322388,1.541141746044159,1.5488724307154635,1.5761371782631086,1.5061463138252094,56.21949388067099,0.0006074340490651586
2015-10-20,1.5471972227096558,1.5506279468536377,1.545833945274353,1.5409150767326354,1.5488557619790875,1.5755961989514482,1.5062339545138226,58.11378542328278,0.0015407617181701916
2015-10-21,1.5449025630950928,1.5479875802993774,1.5417823791503906,1.5406449437141418,1.548816426666809,1.5749785585098899,1.5063113289183938,56.33777389405074,0.0020713930370404032
2015-10-22,1.5424481630325317,1.5506279468536377,1.5391719341278076,1.5402619624137879,1.5487530608595026,1.5740647327177664,1.5064591921098094,54.42196323884854,0.0022677316090899957
2015-10-23,1.5383669137954712,1.5420913696289062,1.5328959226608276,1.5397934556007384,1.5486497161125967,1.5730227111952606,1.5065642000062163,51.298136498621645,0.0020701452906841666
2015-10-26,1.531745433807373,1.5381065607070923,1.5313935279846191,1.53912456035614,1.5484815142986144,1.571605200961071,1.5066439197512091,46.622361173697556,0.0013635405659233601
2015-10-27,1.5357915163040161,1.5361926555633545,1.5285844802856445,1.538670265674591,1.5483552456618521,1.5706763776729593,1.5066641536762226,49.64285197740027,0.0011171583674420837
2015-10-28,1.5312998294830322,1.5348016023635864,1.5280239582061768,1.537966468334198,1.548185540028232,1.569008807199868,1.506924129468528,46.49724270254071,0.0005530815325713867
2015-10-29,1.5271838903427124,1.5311590433120728,1.5245994329452515,1.5371439933776856,1.5479765683895703,1.5670639989382409,1.5072239878171303,43.76085273686974,-0.00022349895645645823
2015-10-30,1.532379150390625,1.5444016456604004,1.5312060117721558,1.5364096760749817,1.5478213702005261,1.5648969196124372,1.5079224325375262,47.92657190119007,-0.0004149472678958155
2015-11-02,1.5441631078720093,1.5499069690704346,1.5423054695129395,1.535937111377716,1.5477849695803418,1.563050325455644,1.508823897299788,55.904872934880956,0.00037981715633361723
2015-11-03,1.542400598526001,1.544640064239502,1.5361926555633545,1.5352592730522157,1.5477313937489554,1.5598299424207487,1.5106886036836826,54.558450854083205,0.0008575683994944683
2015-11-04,1.5419248342514038,1.5439245700836182,1.5370900630950928,1.534706015586853,1.547673617037537,1.557286893480331,1.512125137693375,54.17912830863824,0.0011841493641173706
2015-11-05,1.5390061140060425,1.5401201248168945,1.522695779800415,1.5345220732688905,1.5475873732262782,1.556802019192985,1.512242127344796,51.79977033456474,0.001193690677349979
2015-11-06,1.5210051536560059,1.5220237970352173,1.5037593841552734,1.5341141366958617,1.5473228735290616,1.5566256380414984,1.511602635350225,40.10244616509919,-0.0002484112923692994
2015-11-09,1.5055025815963745,1.511487364768982,1.5051627159118652,1.5333880686759949,1.5469067512212735,1.5571916905761987,1.509584446775791,33.157971309722654,-0.002612104780041591
2015-11-10,1.5121043920516968,1.5146925449371338,1.5094338655471802,1.5329039430618285,1.5465604590902329,1.5574383611789038,1.5083695249447533,38.07579506333385,-0.003907593661069297
2015-11-11,1.5138899087905884,1.5204499959945679,1.5131797790527344,1.5325712156295777,1.546235378987749,1.5576817164471652,1.50746071481199,39.374950169546665,-0.004735612461494787
2015-11-12,1.522510290145874,1.5246226787567139,1.5176349878311157,1.5324052715301513,1.5459993084520092,1.5576725222029488,1.5071380208573537,45.33756524316476,-0.004642712297172835
2015-11-13,1.5234612226486206,1.5262515544891357,1.519202709197998,1.5323503947257995,1.5457750488917763,1.5576844386396762,1.5070163508119228,45.968866479761125,-0.004441161002431748
2015-11-16,1.5217920541763306,1.5229045152664185,1.5186028480529785,1.532384169101715,1.5455364121284385,1.5576559972092723,1.5071123409941578,44.986740143903575,-0.0043657919630033515
2015-11-17,1.5204963684082031,1.5241113901138306,1.5157945156097412,1.532228012084961,1.5452872574645555,1.5576984502334135,1.5067575739365084,44.19736376484244,-0.004360349079278958
2015-11-18,1.5220005512237549,1.524855136871338,1.5190643072128296,1.5318641972541809,1.5450555489447466,1.557389972132611,1.5063384223757508,45.39525018545817,-0.004186402332336581
2015-11-19,1.5239256620407104,1.5299878120422363,1.5243902206420898,1.5316268801689148,1.5448453013138608,1.557224160046701,1.5060296002911286,46.964413324000304,-0.0038488408861450107
2015-11-20,1.5288182497024536,1.5311590433120728,1.5218383073806763,1.531319031715393,1.5446858281634985,1.5566676251637785,1.5059704382670076,50.83156846553901,-0.0031502163397745253
2015-11-23,1.518994927406311,1.5192949771881104,1.5127220153808594,1.5308027863502502,1.5444301973101933,1.5560814449165572,1.5055241277839433,43.90879393715722,-0.0033505878744781725
2015-11-24,1.5129051208496094,1.5158405303955078,1.5057066679000854,1.5302066898345947,1.5441165149573515,1.5557436322678149,1.5046697474013746,40.24919368616547,-0.003955187316453168
2015-11-25,1.5085914134979248,1.5124017000198364,1.5057973861694336,1.5296886086463928,1.5437630313607402,1.5559122389127438,1.5034649783800418,37.84316158676474,-0.0047279163851838835
2015-11-26,1.512355923652649,1.5132943391799927,1.5069317817687988,1.5288995862007142,1.5434505228263313,1.554778636096823,1.5030205363046054,41.14942478000338,-0.004979148704351788
2015-11-27,1.5099810361862183,1.5108935832977295,1.503420352935791,1.5279611110687257,1.5431174931085192,1.5530872697254139,1.5028349524120375,39.71422026376529,-0.00530869041949078
2015-11-30,1.5038950443267822,1.5057973861694336,1.4997000694274902,1.5269811820983887,1.5427272199863127,1.5519601213774206,1.502002242819357,36.22717556496241,-0.005991872704532053
2015-12-01,1.5057973861694336,1.5124702453613281,1.5053439140319824,1.526080720424652,1.5423597589533091,1.5507966671067512,1.5013647737425528,38.05796673063155,-0.006307092265711578
2015-12-02,1.5077953338623047,1.508204698562622,1.4949917793273926,1.5255288124084472,1.542015834325538,1.550625693462454,1.5004319313544403,40.005977592507186,-0.006322803020301748
2015-12-03,1.4949023723602295,1.5064778327941895,1.4916467666625977,1.5249227809906005,1.5415470436592162,1.5514730247873445,1.4983725371938565,32.83069176420439,-0.007291555634231006
2015-12-04,1.513500452041626,1.5158405303955078,1.508204698562622,1.5247388744354249,1.5412679730958572,1.5514787906239595,1.4979989582468902,47.467397369699036,-0.00648384770036925
2015-12-07,1.511258840560913,1.5117158889770508,1.5057973861694336,1.5245605969429017,1.5409693747621762,1.5515425342909936,1.4975786595948097,46.161733188263625,-0.0059559561016413465
2015-12-08,1.5050268173217773,1.5060241222381592,1.495863914489746,1.5243309903144837,1.5406117373747095,1.5517839260864519,1.4968780545425155,42.649349982981306,-0.005971633129102871
2015-12-09,1.5010056495666504,1.5179113149642944,1.500690221786499,1.5240352129936219,1.5402176469487587,1.5521736550259235,1.4958967709613202,40.507621842398066,-0.0062366398162228
2015-12-10,1.5183953046798706,1.5203113555908203,1.5116015672683716,1.5241550850868224,1.5400005092147397,1.5521419004896533,1.4961682696839915,51.78393548250242,-0.004985984364721308
2015-12-11,1.516093373298645,1.522997260093689,1.5128592252731323,1.524198694229126,1.5397626272653258,1.5521271035542672,1.4962702849039846,50.42152528880635,-0.004132935624129974
2015-12-14,1.5198955535888672,1.5206812620162964,1.511258840560913,1.5242083978652954,1.539564944940187,1.552130353034132,1.4962864426964588,52.638024867069674,-0.0031141857828611563
2015-12-15,1.5160702466964722,1.5183724164962769,1.5039855241775513,1.5242198848724364,1.5393311668482097,1.5521276792405825,1.4963120905042904,50.20610488769376,-0.002585683342709366
2015-12-16,1.5043702125549316,1.5062055587768555,1.4992952346801758,1.5238552284240723,1.538983296656237,1.552320169489565,1.4953902873585796,43.574910898558386,-0.003075484059377631
2015-12-17,1.497790813446045,1.4992504119873047,1.4883167743682861,1.5231798911094665,1.5385734212014093,1.5524886898328423,1.4938710923860907,40.347628266397685,-0.003949035158793857
2015-12-18,1.4929606914520264,1.4952152967453003,1.488892912864685,1.5223364734649658,1.5381195631939526,1.5526512967502586,1.492021650179673,38.11579363847726,-0.004973746918158106
2015-12-21,1.4908239841461182,1.4932059049606323,1.488693356513977,1.5215067791938781,1.537648960417357,1.55295713703905,1.4900564213487062,37.13715084834341,-0.005890352475758975
2015-12-22,1.4896912574768066,1.490979552268982,1.4830193519592285,1.520624816417694,1.537171769343322,1.5531250558865621,1.488124576948826,36.60064708614612,-0.006631724171422659
2015-12-23,1.4823379516601562,1.490312933921814,1.482206106185913,1.5197553944587707,1.5366261592171213,1.5539701617561432,1.4855406271613982,33.243199849678845,-0.007723584235491243
2015-12-24,1.4876967668533325,1.4940983057022095,1.4872984886169434,1.5185490989685058,1.536139299591611,1.552950160313358,1.4841480376236535,37.7264684907124,-0.0080635282675936
2015-12-25,1.491424322128296,1.4947682619094849,1.491424322128296,1.5174336409568787,1.5356943744427223,1.5516596374152318,1.4832076444985256,40.70928105345699,-0.007940619287704065
2015-12-28,1.4932059049606323,1.4932059049606323,1.4885382652282715,1.516421649456024,1.5352716036021046,1.5504566658399568,1.4823866330720914,42.135868883705314,-0.007611711122673226
2015-12-29,1.4894028902053833,1.491424322128296,1.4791805744171143,1.5152657628059387,1.5348151984936795,1.5489585615436823,1.4815729640681952,39.92740858179216,-0.007570650790116984
2015-12-30,1.4822280406951904,1.485001564025879,1.4797276258468628,1.5140122723579408,1.534291943192202,1.5478677233690843,1.4801568213467973,36.084757885978995,-0.008024558458698205
2015-12-31,1.481920599937439,1.48478102684021,1.4744912385940552,1.5128017210960387,1.5337708352991197,1.5468351386365464,1.478768303555531,35.925209497343346,-0.008313261353974699
2016-01-01,1.4738394021987915,1.4738394021987915,1.4738394021987915,1.5115111708641051,1.533174502631455,1.546468938635091,1.4765534030931193,31.928961799514013,-0.009089369010576664
2016-01-04,1.473708987236023,1.4817010164260864,1.469140648841858,1.5103504419326783,1.5325828059608537,1.5464028672747687,1.474298016590588,31.867354032729523,-0.009604251484880866
2016-01-05,1.4714103937149048,1.472970962524414,1.4641287326812744,1.509062819480896,1.5319741252419885,1.545994585942231,1.4721310530195608,30.741467299592813,-0.01008156286119255
2016-01-06,1.467394471168518,1.4679975509643555,1.460493564605713,1.5077847123146058,1.531331541619367,1.5459770740595178,1.4695923505696937,28.8253126545993,-0.01066099365418327
2016-01-07,1.4629936218261719,1.4643431901931763,1.4534883499145508,1.506500906944275,1.530651562317942,1.546312758260795,1.466689055627755,26.8502107025149,-0.011344535748318396
2016-01-08,1.4626940488815308,1.4647936820983887,1.452854871749878,1.505107204914093,1.5299753681543955,1.5460833403294343,1.4641310694987517,26.716015205226427,-0.011774689524226778
2016-01-11,1.45249605178833,1.460493564605713,1.4515894651412964,1.5032738637924195,1.5292044296830913,1.5453066963386264,1.4612410312462125,22.578961265431502,-0.012791035532453199
2016-01-12,1.454397439956665,1.4564096927642822,1.435956358909607,1.5015138006210327,1.5284600815266096,1.5442239391802912,1.4588036620617741,24.913608779636704,-0.013289873542194242
2016-01-13,1.4436262845993042,1.4478065967559814,1.4390145540237427,1.4995478296279907,1.5276159641442482,1.5436909835685255,1.455404675687456,21.042496440112174,-0.014388486956770086
2016-01-14,1.4407975673675537,1.444460391998291,1.4363688230514526,1.497583658695221,1.5267520994997037,1.5432732142602772,1.4518941031301646,20.156706710615865,-0.015310905257824858
2016-01-15,1.442710041999817,1.4427932500839233,1.4308198690414429,1.4960177564620971,1.5259158601215952,1.5437519307751912,1.448283582149003,22.531094386527954,-0.015706552329207923
2016-01-18,1.4274091720581055,1.432254433631897,1.4250901937484741,1.4944558882713317,1.5249356940712122,1.545890379161933,1.4430213973807304,17.93558331319396,-0.017058122396676367
2016-01-19,1.4253135919570923,1.434308648109436,1.4132277965545654,1.4927200722694396,1.5239444293735591,1.547474435469505,1.4379657090693743,17.411780836426345,-0.018089819039968313
2016-01-20,1.4182385206222534,1.4220706224441528,1.413107991218567,1.490807044506073,1.5228926292864813,1.5491112077921292,1.432502881220017,15.740387375379811,-0.01925636974686551
2016-01-21,1.4198495149612427,1.420494794845581,1.4088475704193115,1.4887538290023803,1.5218673246663295,1.5496729388768484,1.4278347191279122,17.678140967868245,-0.019822375797912795
2016-01-22,1.4226775169372559,1.435956358909607,1.4206361770629883,1.486738154888153,1.5208803614053437,1.549608133186367,1.4238681765899392,21.10804666320989,-0.019814336212493844
2016-01-25,1.4260046482086182,1.431290864944458,1.4225965738296509,1.4848224067687987,1.5199363244581126,1.5491532144662732,1.4204915990713243,25.063837931896387,-0.019316820809535562
2016-01-26,1.4242985248565674,1.4330754280090332,1.4178364276885986,1.4828984498977662,1.5189847045615799,1.548613651924584,1.4171832478709485,24.38851546488202,-0.018842995837472287
2016-01-27,1.434308648109436,1.4355440139770508,1.423284888267517,1.4811446118354796,1.5181421567361855,1.5472797069590203,1.415009516711939,35.3883929657803,-0.017458502100299755
2016-01-28,1.4249074459075928,1.4405070543289185,1.4240957498550415,1.4791642475128173,1.5172144481707268,1.545996954169316,1.4123315408563186,30.849254698833434,-0.016924780947957796
2016-01-29,1.4362038373947144,1.4415452480316162,1.4190435409545898,1.4773119592666626,1.5164083724416122,1.5436595345479418,1.4109643839853834,40.692984125462786,-0.01541261171056374
2016-02-01,1.4246028661727905,1.437814474105835,1.423892855644226,1.4754241180419922,1.5154948848170469,1.5423002390189062,1.4085479970650783,35.157891178551125,-0.014977655035601334
2016-02-02,1.4427932500839233,1.4446691274642944,1.4332807064056396,1.4740218806266785,1.5147714854664684,1.5406299178055343,1.4074138434478227,47.269446291954,-0.013015106729992176
2016-02-03,1.4409221410751343,1.4592149257659912,1.438641905784607,1.4726684951782227,1.514036666119291,1.5391593615774581,1.4061776287789873,46.31121389058458,-0.011478439611142255
2016-02-04,1.4585764408111572,1.466813325881958,1.4535728693008423,1.4715929055213928,1.513484823081399,1.5371973677668147,1.4059884432759708,55.48122097245347,-0.008735369500780577
2016-02-05,1.4581085443496704,1.4585976600646973,1.4459224939346313,1.4705554556846618,1.5129338153328244,1.5353173090804106,1.405793602288913,55.21206499740501,-0.006524017200407517
2016-02-08,1.4512102603912354,1.454545497894287,1.435750126838684,1.469501760005951,1.5123196506070375,1.5337620031870751,1.405241516824827,51.26347494335543,-0.005267418908190713
2016-02-09,1.4436055421829224,1.4488555192947388,1.4380213022232056,1.4682579231262207,1.511635928135156,1.532056570714446,1.4044592755379954,47.25156653309079,-0.004829521198334241
2016-02-10,1.446591854095459,1.457938551902771,1.4455044269561768,1.4670338535308838,1.5109887234183432,1.5300803672627736,1.403987339798994,48.94141765453953,-0.0041931773562977614
2016-02-11,1.452643871307373,1.4566642045974731,1.4388489723205566,1.4661886835098266,1.5104081776261944,1.5288421014675102,1.403535265552143,52.27803833016473,-0.0031640498693494834
2016-02-12,1.4482258558273315,1.456876516342163,1.4452955722808838,1.4648831915855407,1.5097894480560563,1.5262192124670604,1.403547170704021,49.723504959266535,-0.002674130140155828
2016-02-15,1.4518002271652222,1.4538053274154663,1.4427932500839233,1.4636940193176269,1.5092124408830132,1.523650175381075,1.4037378632541788,51.776591792013214,-0.0019746804434326304
2016-02-16,1.4459224939346313,1.4515894651412964,1.4285714626312256,1.4625119328498841,1.508582690167109,1.5214640984911945,1.4035597672085738,48.2848051996011,-0.001873054067603297
2016-02-17,1.4303901195526123,1.4341028928756714,1.423892855644226,1.4610996222496033,1.5078046546386066,1.519669968626579,1.4025292758726275,40.51000566941281,-0.0030111367259311184
2016-02-18,1.4281632900238037,1.4394702911376953,1.426533579826355,1.459294981956482,1.5070122032494044,1.516196341282641,1.402393622630323,39.52733044721869,-0.004046120802692066
2016-02-19,1.4333218336105347,1.4341028928756714,1.4253135919570923,1.4576395511627198,1.50627896574056,1.5125785838738044,1.4027005184516352,42.97808684730174,-0.004399388373831803
2016-02-22,1.426594614982605,1.4301036596298218,1.4066675901412964,1.4557735323905945,1.5054860866285404,1.5083698145848128,1.4031772501963762,39.78937415475733,-0.0051626737018946045
2016-02-23,1.4148073196411133,1.4157087802886963,1.4066082239151,1.4537482738494873,1.5045838103401081,1.5046386901366544,1.4028578575623203,34.902924428902026,-0.006642152448252059
2016-02-24,1.4013453722000122,1.401738166809082,1.388117790222168,1.4516877770423888,1.5035565621994107,1.5025550900900422,1.4008204639947355,30.322829684260313,-0.008799481718354984
2016-02-25,1.3929517269134521,1.3997761011123657,1.3904337882995605,1.449590995311737,1.5024560165746748,1.5013370646781798,1.397844925945294,27.867353238487823,-0.01105899650590092
2016-02-26,1.3966480493545532,1.404237985610962,1.3866548538208008,1.4476647424697875,1.5014032009804446,1.4999885262256596,1.3953409587139154,30.535045457288376,-0.012408379845503914
2016-02-29,1.3861935138702393,1.3943111896514893,1.3838915824890137,1.4455721330642701,1.5002568359345718,1.4992033955298734,1.391940870598667,27.443581309248316,-0.014158163015217884
2016-03-01,1.3927963972091675,1.4017184972763062,1.3914011716842651,1.4436342358589171,1.4991875778378017,1.497758684082119,1.3895097876357152,32.11806273046865,-0.01484100343151562
2016-03-02,1.3963944911956787,1.4072614908218384,1.391788363456726,1.4419153666496276,1.4981647610552928,1.4964798576151885,1.3873508756840667,34.5910305726664,-0.014919836676910103
2016-03-03,1.408093810081482,1.4154281616210938,1.4037057161331177,1.4403233075141906,1.4972685326873942,1.4940747790498865,1.3865718359784946,41.99103706528086,-0.013878294987375472
2016-03-04,1.4174946546554565,1.4236901998519897,1.4112334251403809,1.4388447141647338,1.4964747627567283,1.4908992187726466,1.386790209556821,47.16374327902353,-0.012154190165031498
2016-03-07,1.4215044975280762,1.422009825706482,1.4137072563171387,1.4374106860160827,1.4957287899683835,1.4872563232262705,1.3875650488058948,49.24279630299303,-0.010345012993412839
2016-03-08,1.4261265993118286,1.4274091720581055,1.4176956415176392,1.4361451601982116,1.4950362308573732,1.4837663362547968,1.3885239841416264,51.60662639027541,-0.00844095993325955
2016-03-09,1.4208581447601318,1.4242985248565674,1.4179368019104004,1.4349177622795104,1.4942981404484454,1.4808236079736596,1.3890119165853612,48.81595454755188,-0.007273262771357203
2016-03-10,1.42069673538208,1.430206060409546,1.4124293327331543,1.4336932849884034,1.493565788159228,1.4777090524047043,1.3896775175721026,48.72901424714217,-0.006288390098926566
2016-03-11,1.4287755489349365,1.4393666982650757,1.4258216619491577,1.4327920079231262,1.4929211091619712,1.4752711588271117,1.3903128570191408,53.21982446700609,-0.0048006398858380095
2016-03-14,1.4380005598068237,1.4392009973526,1.431290864944458,1.4320778393745421,1.4923746360340593,1.4729182821998088,1.3912373965492755,57.76858101363217,-0.0028444171720045652
2016-03-15,1.4282041788101196,1.4287755489349365,1.4150274991989136,1.4312137150764466,1.4917361240218807,1.4704543713771119,1.3919730587757813,51.98744982579454,-0.002060826724470388
2016-03-16,1.4156285524368286,1.416029453277588,1.4056789875030518,1.4301783967018127,1.4909788347523778,1.4682365289668113,1.392120264436814,45.669246306526006,-0.002426601250061111
2016-03-17,1.4255167245864868,1.4501160383224487,1.422353744506836,1.429428858757019,1.49032747047212,1.466306997147206,1.392550720366832,50.7388151665034,-0.0018967231000519558
2016-03-18,1.4478065967559814,1.4513788223266602,1.4415037631988525,1.429131109714508,1.4899043772013127,1.465143239214888,1.3931189802141282,59.8365376319367,0.00031814813755071114
2016-03-21,1.4468011856079102,1.4469058513641357,1.436781644821167,1.4290172123908997,1.4894754897227713,1.464762755804359,1.3932716689774405,59.30450737035259,0.0019696167576206403
2016-03-22,1.4370087385177612,1.4398847818374634,1.4198495149612427,1.4286694383621217,1.4889534324968507,1.463739075971737,1.3935998007525063,54.24549462047072,0.002459892783160722
2016-03-23,1.4224953651428223,1.4227787256240845,1.4110342264175415,1.4282468199729919,1.4882921581948207,1.4630893289280464,1.3934043110179373,47.74471828163058,0.0016582172315726673
2016-03-24,1.411691665649414,1.414907455444336,1.405975341796875,1.427664701938629,1.487529964239145,1.4626237030862548,1.3927057007910033,43.55989444869608,0.00014939321040907672
2016-03-25,1.4130080938339233,1.416029453277588,1.4112334251403809,1.4270706629753114,1.4867884530908346,1.4619955665095943,1.3921457594410285,44.20166888586985,-0.0009294221442786021
2016-03-28,1.413107991218567,1.42814302444458,1.4123096466064453,1.4267846393585204,1.4860553141667323,1.4619317645383565,1.3916375141786843,44.25347178345829,-0.0017560871220334562
2016-03-29,1.4263300895690918,1.4310245513916016,1.420051097869873,1.4268049693107605,1.4854610333249647,1.461949797330632,1.391660141290889,50.76837491685262,-0.001328992439924681
2016-03-30,1.438641905784607,1.4459224939346313,1.43709135055542,1.4272130370140075,1.484995171359389,1.4624256275639034,1.3920004464641116,55.93269394436349,2.9102990326546063e-06
2016-03-31,1.4374011754989624,1.442376971244812,1.4330754280090332,1.427564070224762,1.4845215992612752,1.4628269495047266,1.3923011909447975,55.3031031989028,0.0009474150398278702
2016-04-01,1.4366991519927979,1.4374011754989624,1.4173942804336548,1.4278445029258728,1.4840457540148226,1.4631717251472622,1.3925172807044834,54.92637124291996,0.0016206130038929345
2016-04-04,1.422454833984375,1.432254433631897,1.4192450046539307,1.427773506641388,1.4834329090393954,1.4631300765164805,1.3924169367662953,47.80974615799244,0.0009932799094953815
2016-04-05,1.4264928102493286,1.4281632900238037,1.4124293327331543,1.4278173923492432,1.4828663408922305,1.4631618022301327,1.3924729824683537,49.79557564600389,0.0008125779574195136
2016-04-06,1.4156285524368286,1.4172334671020508,1.4007563591003418,1.427443790435791,1.4821973081712811,1.462902863760672,1.39198471711091,44.85082940121077,-0.00020492223460477632
2016-04-07,1.4138071537017822,1.4156285524368286,1.4054814577102661,1.4272217845916748,1.4815168091218334,1.4628840867952049,1.3915594823881448,44.060885725886116,-0.0011450704638058529
2016-04-08,1.4057974815368652,1.414027214050293,1.404297113418579,1.4266136574745178,1.4807633829767093,1.4626854454109244,1.3905418695381113,40.668694888373274,-0.0025075528050957363
2016-04-11,1.4130080938339233,1.4285714626312256,1.4109147787094116,1.4263817620277406,1.480089200995189,1.4626548300104838,1.3901086940449974,44.78957721996957,-0.002971243085200248
2016-04-12,1.4234064817428589,1.4347201585769653,1.4198495149612427,1.4259940266609192,1.4795251938384493,1.4619642613087667,1.3900237920130718,50.16507485966293,-0.0024711718408634287
2016-04-13,1.4268999099731445,1.4281632900238037,1.4198495149612427,1.4257135820388793,1.4790015591731227,1.4614264933014829,1.3900006707762758,51.86084339996674,-0.0017725385929885373
2016-04-14,1.4192047119140625,1.419305443763733,1.4094432592391968,1.4249261474609376,1.4784065656680576,1.4593961197477512,1.390456175174124,47.987272659832676,-0.0018188384451729434
2016-04-15,1.4146071672439575,1.4222726821899414,1.41362726688385,1.4240561199188233,1.4777717457832407,1.4572810860836904,1.3908311537539562,45.7868625075985,-0.0022011414546687647
2016-04-18,1.4174344539642334,1.4280411005020142,1.4134275913238525,1.4233806037902832,1.477171374720365,1.4557136135572861,1.3910475940232803,47.38464856473209,-0.0022500438296684244
2016-04-19,1.4289796352386475,1.4419610500335693,1.4285714626312256,1.4230880856513977,1.476691854924527,1.454935247193914,1.3912409241088812,53.42155761094099,-0.0013417330095051305
2016-04-20,1.4389524459838867,1.4410052299499512,1.435338020324707,1.4229352974891663,1.476316338417655,1.4543931337225022,1.3914774612558303,57.91361490105397,0.00018074878094953561
2016-04-21,1.4338973760604858,1.4438347816467285,1.4306151866912842,1.4225603675842284,1.4758942591902204,1.453003467506211,1.392117267662246,55.01724872658734,0.0009682631382033069
2016-04-22,1.432295322418213,1.4450867176055908,1.4323979616165161,1.4222417569160462,1.4754604389238324,1.4519121365639223,1.39257137726817,54.09392110876947,0.0014464280775432492
2016-04-25,1.4446691274642944,1.4518002271652222,1.4405901432037354,1.4220991349220276,1.4751540577152797,1.4512536518235575,1.3929446180204976,59.7171759493757,0.0027916593803882783
2016-04-26,1.4490653276443481,1.4638073444366455,1.448771357536316,1.422161991596222,1.47489446836134,1.451538856435403,1.392785126757041,61.52062727194274,0.004164495778685495
2016-04-27,1.457726001739502,1.4619883298873901,1.4532772302627563,1.4227087092399597,1.4747236378476898,1.4536845444812951,1.3917328739986243,64.8584575855524,0.0058835011948716875
2016-04-28,1.4542070627212524,1.4617747068405151,1.452770471572876,1.4232295846939087,1.474519492821556,1.4554314128554524,1.391027756532365,62.48670899676103,0.006882538779375169
2016-04-29,1.4611338376998901,1.4667057991027832,1.457938551902771,1.4237858247756958,1.4743863022233303,1.4576187166739059,1.3899529328774858,65.18548249756785,0.008139390289411574
2016-05-02,1.4602802991867065,1.4699397087097168,1.460493564605713,1.4244595384597778,1.47424594398416,1.459827463381574,1.3890916135379816,64.56905440397883,0.008963257884093023
2016-05-03,1.4665981531143188,1.4768867492675781,1.4534883499145508,1.425495355129242,1.4741698465625697,1.4626955916830737,1.3882951185754102,67.05266217333514,0.010010581151825848
2016-05-04,1.4550957679748535,1.4573010206222534,1.446340799331665,1.4265703630447388,1.4739800547358262,1.4640277524523149,1.3891129736371628,58.950666707704684,0.009799483687763733
2016-05-05,1.4507049322128296,1.4530659914016724,1.4446691274642944,1.4277254271507263,1.4737484614768908,1.464507179879693,1.3909436744217596,56.16098498147435,0.00917215280826289
2016-05-06,1.4492753744125366,1.4547570943832397,1.4427932500839233,1.428777973651886,1.4735049481727678,1.4649365771655076,1.3926193701382643,55.24435708485249,0.008462089499134517
2016-05-09,1.443084716796875,1.4476808309555054,1.4376904964447021,1.4299157977104187,1.473202259303356,1.4641332427823146,1.3956983526385227,51.336786904145434,0.0073154963901735925
2016-05-10,1.4415452480316162,1.447387456893921,1.4390560388565063,1.4308907747268678,1.4728872641663238,1.4635330237563537,1.3982485256973818,50.38241720386418,0.006210994350423604
2016-05-11,1.4451494216918945,1.4486455917358398,1.439698338508606,1.431865873336792,1.4726112657337425,1.4631882272722565,1.4005435194013274,52.6039348007143,0.005562375615822068
2016-05-12,1.4438347816467285,1.4530659914016724,1.4409221410751343,1.4325806927680969,1.4723249325587473,1.463314502071919,1.4018468834642748,51.694761810306176,0.004885938078091678
2016-05-13,1.4445230960845947,1.4450031518936157,1.4342880249023438,1.4331212615966797,1.4720482973699498,1.4637225392658597,1.4025199839274998,52.16096518066318,0.004355193716473416
2016-05-16,1.4349260330200195,1.4415452480316162,1.4336096048355103,1.4333896923065186,1.471678921605274,1.4638099770651412,1.402969407547896,45.55875718783429,0.0031241588443395862
2016-05-17,1.4446901082992554,1.4523905515670776,1.443918228149414,1.433760962486267,1.4714103761992439,1.464272422940263,1.403249502032271,52.18926052175559,0.0029029704756913244
2016-05-18,1.4455254077911377,1.462629795074463,1.4405901432037354,1.4342543077468872,1.4711528143245363,1.4647118766583227,1.4037967388354518,52.71977082304905,0.0027632260383456675
2016-05-19,1.4596196413040161,1.466082215309143,1.4565370082855225,1.435032765865326,1.4710380563840335,1.466060298668077,1.4040052330625747,60.65321152183412,0.003746576220502895
2016-05-20,1.4601097106933594,1.4613046646118164,1.4510208368301392,1.4356594491004944,1.4709293166259172,1.467428043853609,1.4038908543473798,60.89889268555088,0.004513405104015211
2016-05-23,1.4490653276443481,1.4548417329788208,1.4445856809616089,1.4358807444572448,1.4707117644967473,1.4678692914544356,1.403892197460054,52.8846775230452,0.00418172874269751
2016-05-24,1.4481840133666992,1.4637216329574585,1.4480162858963013,1.4362803411483764,1.4704876077690852,1.468376471428942,1.4041842108678109,52.293290755383104,0.003803909044385989
2016-05-25,1.4612619876861572,1.4730794429779053,1.4606642723083496,1.437193009853363,1.4703958105543296,1.4694868361681277,1.4048991835385982,59.52615853901182,0.004507804280088568
2016-05-26,1.4698317050933838,1.4738610982894897,1.4671576023101807,1.438079309463501,1.4703901975646683,1.471478673823188,1.4046799451038139,63.437922448169736,0.005691542343052136
2016-05-27,1.466490626335144,1.4688386917114258,1.4613901376724243,1.4384529900550842,1.4703513958608918,1.472703794674938,1.4042021854352305,60.964052125629685,0.006287586766733133
2016-05-30,1.4626511335372925,1.4638930559158325,1.4590657949447632,1.4387699890136718,1.4702747763352837,1.473624232653729,1.4039157453736146,58.157300110901765,0.006376635402361552
2016-05-31,1.4635074138641357,1.4725805521011353,1.4529815912246704,1.4392999625205993,1.4702074393952722,1.474843920657654,1.4037560043835446,58.614915744894944,0.006442041904754392
2016-06-01,1.4482468366622925,1.4509154558181763,1.4393459558486938,1.4398149919509888,1.4699889259352426,1.475110488638667,1.4045194952633107,48.445920515793084,0.0052025047505877
2016-06-02,1.4419403076171875,1.4472198486328125,1.4414414167404175,1.4404199647903442,1.4697098352057099,1.4747722857306962,1.4060676438499922,44.973511908208245,0.0036689846660828973
2016-06-03,1.4405485391616821,1.4583210945129395,1.4401544332504272,1.4409707736968995,1.469419673056018,1.4743998826984686,1.4075416646953305,44.22023282415538,0.0023146727610763307
2016-06-06,1.4383935928344727,1.4474084377288818,1.43589448928833,1.4414764857292175,1.4691109558398834,1.4739361439021337,1.4090168275563013,43.01876755056108,0.001055319592748738
2016-06-07,1.4459224939346313,1.4608776569366455,1.4455254077911377,1.4418683338165283,1.468880224875652,1.4740535588242267,1.40968310880883,48.30358999592347,0.000657216547573336
2016-06-08,1.454355001449585,1.460152506828308,1.4508944749832153,1.442182595729828,1.468735695289323,1.4745455951190636,1.4098195963405924,53.50493056514325,0.0010105014672461277
2016-06-09,1.4518423080444336,1.452833652496338,1.4450658559799194,1.4424714183807372,1.4685676018839011,1.4749178990519705,1.410024937709504,51.83146852268263,0.0010753331814821188
2016-06-10,1.4463825225830078,1.4474921226501465,1.4318441152572632,1.4426650857925416,1.4683468548261809,1.4750865263500943,1.410243645234989,48.29670530091269,0.0006783343090290828
2016-06-13,1.4188824892044067,1.43051278591156,1.411970615386963,1.442593638896942,1.4678546720836758,1.4752120105016626,1.4099752672922214,35.25509914362911,-0.0018341698555335295
2016-06-14,1.4206764698028564,1.4219491481781006,1.4095624685287476,1.4424773120880128,1.4673852372351106,1.4753703813373922,1.4095842428386334,36.46048659150228,-0.0036386442403655295
2016-06-15,1.4123696088790894,1.421565055847168,1.4109346866607666,1.442412133216858,1.4668378180474886,1.4755344692780474,1.4092897971556686,33.36312637447206,-0.00567359576382076
2016-06-16,1.41958749294281,1.4200913906097412,1.4015023708343506,1.4425277400016785,1.4663676655588849,1.4752808587433377,1.4097746212600193,38.27019159746619,-0.0066274890176976076
2016-06-17,1.4295722246170044,1.4319261312484741,1.4225763082504272,1.4430032348632813,1.4660015417684182,1.4742348539386039,1.4117716157879587,44.372674571730364,-0.006502811530141761
2016-06-20,1.4585976600646973,1.4707180261611938,1.4534672498703003,1.4439150261878968,1.4659278713037047,1.4742205874870815,1.413609464888712,57.51967106944741,-0.004015604271640827
2016-06-21,1.467502236366272,1.4780874252319336,1.4646005630493164,1.444796941280365,1.4659435366277103,1.475232686493139,1.4143611960675908,60.596427819283754,-0.0013108391730127789
2016-06-22,1.4670286178588867,1.4770176410675049,1.464707851409912,1.4455995154380799,1.465954333455881,1.4762247499797836,1.4149742808963761,60.346073896977394,0.0007854355865541951
2016-06-23,1.4789398908615112,1.4947012662887573,1.4732965230941772,1.4467942190170289,1.4660835429823051,1.477873926005801,1.4157145120282568,64.33671703984314,0.00336905228344353
2016-06-24,1.4557948112487793,1.4629079103469849,1.3239245414733887,1.4476179718971252,1.4659811675421706,1.4773706136293001,1.4178653301649502,53.14483876642467,0.0035085285038261027
2016-06-27,1.3450984954833984,1.347563624382019,1.3131458759307861,1.4461712527275086,1.4647783548848694,1.4869178460991561,1.405424659355861,28.030123330123175,-0.005252653817657382
2016-06-28,1.323504090309143,1.3419575691223145,1.3221917152404785,1.4440617418289186,1.4633726408094891,1.4974128460096066,1.3907106376482306,25.498630053415894,-0.013779599310582036
2016-06-29,1.3350956439971924,1.3529237508773804,1.329186201095581,1.4419846057891845,1.4620962527815062,1.503595265980733,1.380373945597636,29.19520509951161,-0.019378539795045224
2016-06-30,1.3465837240219116,1.3494912385940552,1.324257731437683,1.4402383327484132,1.4609468743858884,1.5074771099676931,1.3729995555291332,32.75625177886748,-0.022627907981241924
2016-07-01,1.3328713178634644,1.3352025747299194,1.3247840404510498,1.4382498526573182,1.4596724907388994,1.5120116219997133,1.364488083314923,30.76716651836948,-0.026009708527440223
2016-07-04,1.3289920091629028,1.333031177520752,1.3245383501052856,1.4359363102912903,1.4583721874396358,1.5158741577879604,1.3559984627946202,30.2082965283619,-0.028672320948267993
2016-07-05,1.3279860019683838,1.328233003616333,1.30218505859375,1.433514723777771,1.4570748124598223,1.5189743083646776,1.3480551391908644,30.055826880349528,-0.03051191449066426
2016-07-06,1.2957899570465088,1.3013547658920288,1.2828078269958496,1.4302760028839112,1.455469988027849,1.523876710216781,1.3366752955510415,25.60214112585699,-0.03417382282117365
2016-07-07,1.292590856552124,1.3047676086425781,1.2909055948257446,1.4270436787605285,1.4538493001524688,1.5281338547080165,1.3259535028130405,25.202523205864097,-0.03690859294495752
2016-07-08,1.2915725708007812,1.3012022972106934,1.290988802909851,1.4236524534225463,1.452234606328074,1.5312422836399557,1.316062623205137,25.068394524189756,-0.03871183913669074
2016-07-11,1.2946157455444336,1.3014394044876099,1.2853800058364868,1.420339162349701,1.4506662594546051,1.5333898931307608,1.3072884315686413,26.33024748496308,-0.03944071792118531
2016-07-12,1.2981113195419312,1.3246086835861206,1.2979259490966797,1.4169694256782532,1.449148299853484,1.5343534021821055,1.299585449174401,27.833580395278247,-0.03928346071925182
2016-07-13,1.3278273344039917,1.3336178064346313,1.317748785018921,1.414424057006836,1.447941126067917,1.5339337608701735,1.2949143531434986,39.19344385765987,-0.036342070435643636
2016-07-14,1.3119744062423706,1.3400874137878418,1.3109252452850342,1.4116494464874267,1.4465882233830856,1.5341259931798144,1.2891728997950391,35.942909301134065,-0.03488802877977637
2016-07-15,1.3357912302017212,1.348126769065857,1.3201146125793457,1.4093797636032104,1.44548576573949,1.53320893016016,1.2855505970462608,43.52142462988264,-0.03145132039987786
2016-07-18,1.3229613304138184,1.331026315689087,1.3216849565505981,1.4069772958755493,1.4442666171292844,1.5327827481018428,1.2811718436492558,40.72621084524587,-0.029423790793010607
2016-07-19,1.3268934488296509,1.327157735824585,1.311492681503296,1.40468425989151,1.4430987249073974,1.5320873557469565,1.2772811640360633,41.956628528977554,-0.0271862833266181
2016-07-20,1.310839295387268,1.3197487592697144,1.306796669960022,1.4019980573654174,1.4417827106833165,1.5315640950714255,1.2724320196594092,38.447468840926014,-0.026404108425827078
2016-07-21,1.326453447341919,1.3267878293991089,1.3167251348495483,1.3996504306793214,1.440635155824198,1.530370960149521,1.2689299012091217,43.40532365728042,-0.024244818436792714
2016-07-22,1.3246086835861206,1.32908034324646,1.3081984519958496,1.3972521424293518,1.4394806635631228,1.5290083689361644,1.2654959159225392,42.96500228397183,-0.022423933435170795
2016-07-25,1.3129734992980957,1.316239833831787,1.3098777532577515,1.3948130917549133,1.438221885809242,1.5282274329146428,1.2613987505951838,40.195382660357126,-0.021669933580122258
2016-07-26,1.3107877969741821,1.3171932697296143,1.3065917491912842,1.3921350455284118,1.4369538849253112,1.5268324147240737,1.25743767633275,39.67794634547869,-0.021006600163058886
2016-07-27,1.3152875900268555,1.316257119178772,1.3079931735992432,1.3895302891731263,1.4357432750258239,1.5250480968400324,1.2540124815062201,41.351815553449704,-0.019888545189214124
2016-07-28,1.323784351348877,1.3250473737716675,1.312301516532898,1.3868135833740234,1.4346292558847598,1.5220422392929744,1.2515849274550723,44.48442194259299,-0.01810812178300103
2016-07-29,1.316187858581543,1.3301764726638794,1.315564513206482,1.383935146331787,1.4334507345185588,1.518922544279441,1.2489477483841331,42.30859546052228,-0.017112830824723924
2016-08-01,1.3216325044631958,1.327316164970398,1.3165863752365112,1.381386489868164,1.432338115314028,1.5161665728256504,1.2466064069106777,44.407411601236106,-0.015703695720702848
2016-08-02,1.3185480833053589,1.3331022262573242,1.3174536228179932,1.3787937712669374,1.4312058761895636,1.5133163931537297,1.244271149380145,43.44319683646856,-0.014666763686317807
2016-08-03,1.333777904510498,1.3373095989227295,1.3287270069122314,1.376244089603424,1.430236443635543,1.50921040151081,1.243277777696038,49.29723773567942,-0.012472295430064229
2016-08-04,1.332800269126892,1.334507703781128,1.3117679357528687,1.3735034608840941,1.4292669294613276,1.5042263061083663,1.242780615659822,48.94699933426522,-0.010688836280636771
2016-08-05,1.3129217624664307,1.3176966905593872,1.302405595779419,1.3704320836067199,1.4281092661081445,1.499442611275155,1.2414215559382846,42.357360749537136,-0.010755478945245756
2016-08-08,1.3085750341415405,1.3097920417785645,1.303475022315979,1.3673505616188049,1.426919870765193,1.4947203996413418,1.2399807235962679,41.05577378692439,-0.011031869857164533
2016-08-09,1.3032373189926147,1.3034241199493408,1.2959411144256592,1.3641451597213745,1.4256891986082518,1.4896915782105031,1.238598741232246,39.45254003546932,-0.011548496767474825
2016-08-10,1.3007115125656128,1.3094661235809326,1.2994438409805298,1.3611944532394409,1.4244456395431508,1.4856028380983768,1.236786068380505,38.682755187747304,-0.01202314347180966
2016-08-11,1.3020155429840088,1.302897572517395,1.294062852859497,1.3583959579467773,1.4232274296271394,1.4816807246569206,1.235111191236634,39.340811900482436,-0.01215397657178019
2016-08-12,1.2954877614974976,1.3036110401153564,1.292724609375,1.3554947423934935,1.4219563881532127,1.4777113216004567,1.2332781631865304,37.18921798719805,-0.012638708987242175
2016-08-15,1.290988802909851,1.2946659326553345,1.2868356704711914,1.3525466465950011,1.42065322810104,1.4737080883087077,1.2313852048812945,35.7384955573996,-0.013233345507917882
2016-08-16,1.2883111238479614,1.3029316663742065,1.2879958152770996,1.3493944191932679,1.4193363912428005,1.4688289678727553,1.2299598705137804,34.866710411764075,-0.013762025493350816
2016-08-17,1.303373098373413,1.3065063953399658,1.2998830080032349,1.3463747811317444,1.41818252763216,1.4625684327603348,1.230181129503154,43.25223151059718,-0.012817876226422387
2016-08-18,1.3044612407684326,1.3172626495361328,1.304291009902954,1.3434271597862244,1.4170509725389886,1.4561253260672378,1.230728993505211,43.81500790524218,-0.011845282094309573
2016-08-19,1.3166556358337402,1.3163090944290161,1.3024225234985352,1.340832622051239,1.416052013964807,1.4497666278477535,1.2318986162547245,49.82079675039708,-0.00997551691899079
2016-08-22,1.3056023120880127,1.3156163692474365,1.3036110401153564,1.3385670185089111,1.4149530119560827,1.445570284084922,1.2315637529329002,45.11348044502146,-0.00927866670244315
2016-08-23,1.3137152194976807,1.3211784362792969,1.3131976127624512,1.3364277935028077,1.4139456707375913,1.4409795662765468,1.2318760207290687,48.92778787924812,-0.007979778144519667
2016-08-24,1.3196094036102295,1.327492356300354,1.3163090944290161,1.3345725893974305,1.413007001412941,1.4368923189296376,1.2322528598652234,51.56152442594904,-0.006401001446062704
2016-08-25,1.3234516382217407,1.326435923576355,1.3172626495361328,1.3326498723030091,1.412115903271735,1.4320195412516856,1.2332802033543326,53.25382915795146,-0.004784619203948237
2016-08-26,1.3194352388381958,1.3269639015197754,1.3149243593215942,1.330447132587433,1.4111937076057295,1.4258511658343025,1.2350430993405634,51.238606188433266,-0.003784093817458034
2016-08-29,1.3128528594970703,1.3135426044464111,1.306165099143982,1.3275322365760802,1.410215191704151,1.415577126296577,1.2394873468555834,48.030698481848084,-0.0034821729200134044
2016-08-30,1.3107877969741821,1.311991572380066,1.306335687637329,1.3243979477882386,1.409225864393405,1.4027266085986108,1.2460692869778665,47.035779123107616,-0.0033706766583709857
2016-08-31,1.3090718984603882,1.3157894611358643,1.3068478107452393,1.3212388134002686,1.4082293075184495,1.3879705439230223,1.254507082877515,46.17979819966955,-0.003381790560938125
2016-09-01,1.3133701086044312,1.3315579891204834,1.3130252361297607,1.317927417755127,1.4072854348924395,1.3667459379060725,1.2691088976041816,48.698332972184254,-0.003009081948200265
2016-09-02,1.327492356300354,1.3351134061813354,1.3253810405731201,1.3153613686561585,1.4064914739114238,1.3438607440247463,1.2868619932875707,55.98608364769274,-0.001556221173893979
2016-09-05,1.3294336795806885,1.3376137018203735,1.3294336795806885,1.3150480723381042,1.4057247296892275,1.342539743580861,1.2875564010953473,56.892634625911604,-0.00024534183064850446
2016-09-06,1.3313806056976318,1.344266653060913,1.3303179740905762,1.315205602645874,1.4049849871619478,1.3429838182564051,1.287427387035343,57.830703793157895,0.000939806653652342
2016-09-07,1.3421016931533813,1.3426424264907837,1.3337067365646362,1.3153457236289978,1.4043592827439522,1.3436000535638453,1.2870913936941504,62.650633181250555,0.002712875187353303
2016-09-08,1.333866834640503,1.3376137018203735,1.3289036750793457,1.3150913858413695,1.4036578653498881,1.3424114796797142,1.2877712920030249,57.23888619771433,0.00341420369919887
2016-09-09,1.331026315689087,1.3335111141204834,1.3246787786483765,1.315054485797882,1.4029351633632134,1.3422813859650695,1.2878275856306947,55.459325382104865,0.0036981751958400366
2016-09-12,1.327316164970398,1.3324450254440308,1.3244155645370483,1.315020968914032,1.402182735518509,1.3421818849895486,1.2878600528385153,53.13559491522568,0.003582549100881849
2016-09-13,1.333866834640503,1.3342229127883911,1.3173494338989258,1.3151385855674744,1.4015029753107677,1.3425781608516747,1.2876990102832742,56.593733790356204,0.003973692628647996
2016-09-14,1.3194352388381958,1.3229262828826904,1.3140604496002197,1.3156114912033081,1.400686380918006,1.3424994763676716,1.2887235060389446,48.1619952251395,0.003083621452455887
2016-09-15,1.326435923576355,1.3269991874694824,1.3183915615081787,1.3162883925437927,1.3999475703971933,1.3425066520108537,1.2900701330767317,51.905313304700904,0.0029095904365177283
2016-09-16,1.3247665166854858,1.3250298500061035,1.3075313568115234,1.3169522714614867,1.3991995002110071,1.3422820713186008,1.2916224716043727,50.96028104555824,0.0026069115645139807
2016-09-19,1.3016257286071777,1.3091918230056763,1.3013885021209717,1.3170924711227416,1.3982286169114666,1.3419915892915195,1.2921933529539638,40.06969047522118,0.000494072811659807
2016-09-20,1.3044612407684326,1.3065063953399658,1.2951018810272217,1.3172194695472716,1.3972956081936254,1.3417859839783424,1.292652955116201,41.713404859016244,-0.0009407209426604002
2016-09-21,1.2985326051712036,1.3007283210754395,1.2950012683868408,1.316633574962616,1.3963128917456413,1.341562126683446,1.2917050232417857,39.287140170358995,-0.00252706622867116
2016-09-22,1.3036110401153564,1.311991572380066,1.3032711744308472,1.3164663076400758,1.395390485261758,1.3416335524785827,1.2912990628015688,42.37888750785409,-0.0033360135514688416
2016-09-23,1.3087291717529297,1.3090718984603882,1.2916558980941772,1.3159250664710997,1.3945281836348047,1.340554223981361,1.2912959089608385,45.39680657859702,-0.003523502935262268
2016-09-26,1.297858476638794,1.2990386486053467,1.2918227910995483,1.3154230093955994,1.3935662960030035,1.3404863304102037,1.2903596883809951,40.54010552067676,-0.004497420405341845
2016-09-27,1.2969495058059692,1.3008975982666016,1.2945151329040527,1.3148241305351258,1.3926049349065157,1.3401978270200456,1.289450434050206,40.153280623798935,-0.005281718997847795
2016-09-28,1.3012362718582153,1.3032711744308472,1.2981956005096436,1.3146320700645446,1.391695793980662,1.3402728482199548,1.2889912919091344,42.919470911084645,-0.00549404317871649
2016-09-29,1.3039510250091553,1.305483102798462,1.2968486547470093,1.3141820216178894,1.3908227117023386,1.339765768071062,1.288598275164717,44.6638306009582,-0.005381222349080117
2016-09-30,1.2963443994522095,1.3022528886795044,1.294230341911316,1.313616735935211,1.389882628993382,1.3395073332374725,1.2877261386329497,40.892949300888745,-0.005838301830698667
2016-10-03,1.2931592464447021,1.2948336601257324,1.2818869352340698,1.3132204508781433,1.3889202072764797,1.3397499110244102,1.2866909907318764,39.39315864302636,-0.006383965461275842
2016-10-04,1.2848516702651978,1.2860082387924194,1.27273428440094,1.3127017283439637,1.3878846994455218,1.340413239820453,1.2849902168674745,35.71399304454279,-0.007401440588312047
2016-10-05,1.273236632347107,1.2771391868591309,1.2687134742736816,1.3118607091903687,1.3867439226584728,1.3417210068328282,1.2820004115479091,31.31092487116527,-0.009040816540700325
2016-10-06,1.2755101919174194,1.2756729125976562,1.2631046772003174,1.3108952260017395,1.3856371193675172,1.3422654794557776,1.2795249725477014,33.05085740490391,-0.010040832075672412
2016-10-07,1.2402331829071045,1.2482836246490479,1.2232415676116943,1.3093761324882507,1.3841903140296026,1.3465243375331803,1.272227927443321,23.221818280961287,-0.013524014970554
2016-10-10,1.2434717416763306,1.244555115699768,1.2359411716461182,1.3078129172325135,1.3827901292300675,1.3491930415344642,1.2664327929305628,25.414754334244506,-0.015840538020901462
2016-10-11,1.2341108322143555,1.2350252866744995,1.220405101776123,1.3061241722106933,1.3813107332398613,1.3523269333939518,1.2599214110274348,23.33967855607446,-0.018221697997246933
2016-10-12,1.2278977632522583,1.2327415943145752,1.2169891595840454,1.3040065693855285,1.3797842360260542,1.3545387943343357,1.2534743444367213,22.05266831387047,-0.020375253930137616
2016-10-13,1.2187690734863281,1.2231369018554688,1.2137395143508911,1.3017259454727172,1.3781820951052608,1.3570223540579285,1.246429536887506,20.282946009156007,-0.02255853079415604
2016-10-14,1.222195029258728,1.2263919115066528,1.2171372175216675,1.2999114108085632,1.3766299849973351,1.3594963221591048,1.2403264994580216,22.787272014017887,-0.023738702454558336
2016-10-17,1.2183235883712769,1.2199585437774658,1.2140341997146606,1.298106381893158,1.375054796971205,1.3619368578044535,1.2342759059818624,21.94817234810658,-0.024701644738436057
2016-10-18,1.2218962907791138,1.2324377298355103,1.2221503257751465,1.296479561328888,1.3735308317354626,1.3638256746444273,1.2291334480133487,24.703693680019953,-0.024889584572319823
2016-10-19,1.230466365814209,1.2328935861587524,1.2257906198501587,1.29507465839386,1.3721073047113705,1.364943928417554,1.225205388370166,30.99676451840132,-0.024069536182137696
2016-10-20,1.2289540767669678,1.23001229763031,1.2214486598968506,1.2936134290695191,1.370682894483068,1.365904226929165,1.2213226312098733,30.512149776177992,-0.02327338986103822
2016-10-21,1.2256402969360352,1.2260912656784058,1.2174336910247803,1.2922164797782898,1.3692396845572268,1.3670154012645002,1.2174175582920794,29.426493617948424,-0.022648751791293442
2016-10-24,1.2219113111495972,1.2250398397445679,1.2189176082611084,1.2908349299430848,1.3677737305929718,1.3682329940848494,1.2134368658013202,28.210095310585302,-0.022198726508317
2016-10-25,1.2217471599578857,1.2241400480270386,1.2088682651519775,1.2895036506652833,1.3663207298901352,1.369330644318002,1.2096766570125645,28.154921927559002,-0.021606260338847383
2016-10-26,1.217581868171692,1.224289894104004,1.2159976959228516,1.2877878260612488,1.3648407412163197,1.3700489596568053,1.2055266924656922,26.726510257960072,-0.02122812624213477
2016-10-27,1.2235409021377563,1.2272950410842896,1.2161011695861816,1.2861694192886353,1.3634347726682743,1.370255456461827,1.2020833821154435,32.03872581352269,-0.020214586832977277
2016-10-28,1.2171372175216675,1.2190662622451782,1.2116806507110596,1.2841790509223938,1.361979075602139,1.3700128306538775,1.1983452711909102,29.558717391112424,-0.01970097282841965
2016-10-31,1.2215979099273682,1.2211503982543945,1.2150667905807495,1.282498962879181,1.360582248082987,1.3698955119397511,1.1951024138186108,33.424600570787376,-0.01871821747250335
2016-11-01,1.2236906290054321,1.2278977632522583,1.2211503982543945,1.2806984710693359,1.3592201424205237,1.3691727484644287,1.192224193674243,35.2207832491126,-0.017567998877196178
2016-11-02,1.2238553762435913,1.2353304624557495,1.2224042415618896,1.2787833905220032,1.3578732293242357,1.3679624114145965,1.1896043696294099,35.36861647998707,-0.016453483116835255
2016-11-03,1.230466365814209,1.2493752241134644,1.23016357421875,1.2769236850738526,1.3566054993390613,1.3661788135295072,1.187668556618198,41.17044576839759,-0.014865410539787183
2016-11-04,1.2468827962875366,1.2556504011154175,1.2451750040054321,1.2754726362228395,1.355513731149494,1.3642646659321416,1.1866806065135374,52.55907775869333,-0.012142214944059093
2016-11-07,1.248907208442688,1.249843716621399,1.238236665725708,1.2741937232017517,1.354452969729526,1.3626295459134814,1.185757900490022,53.748154691639314,-0.009708792753330586
2016-11-08,1.2399256229400635,1.2440905570983887,1.2363842725753784,1.2727764797210694,1.3533133941395812,1.3610897939714859,1.184463165470653,47.999900979882234,-0.008408103638258835
2016-11-09,1.2388503551483154,1.254862666130066,1.2358494997024536,1.271372048854828,1.3521744584282251,1.359562802805544,1.1831812949041118,47.3470506720256,-0.007379002717948779
2016-11-10,1.242081642150879,1.249843716621399,1.237930178642273,1.2699462795257568,1.3510790075199928,1.3576694811445187,1.1822230779069949,49.56694415086298,-0.006230869384533211
2016-11-11,1.2553352117538452,1.2672665119171143,1.2526618242263794,1.2685031366348267,1.350126332935255,1.3547235284326187,1.1822827448370348,57.48461681394468,-0.004203062851454886
2016-11-14,1.2573871612548828,1.262785792350769,1.2448649406433105,1.2670622062683106,1.3492035551075898,1.3515163625853739,1.1826080499512472,58.56910557810822,-0.0024027391077756644
2016-11-15,1.2520345449447632,1.2529758214950562,1.238420844078064,1.2654752850532531,1.3482366992850743,1.347955332616085,1.1829952374904213,54.65280897980968,-0.0013918367452128155
2016-11-16,1.2456402778625488,1.2503125667572021,1.2414649724960327,1.2635460567474366,1.347215839370422,1.3431737432011919,1.1839183702936813,50.32378836956917,-0.0010940418210430014
2016-11-17,1.2442454099655151,1.2503125667572021,1.2414649724960327,1.2617536282539368,1.3461912579833086,1.338917025878968,1.1845902306289056,49.404460727655284,-0.0009595305096075091
2016-11-18,1.2410026788711548,1.2434717416763306,1.230466365814209,1.259953155517578,1.3451446054548293,1.3346818557123514,1.1852244553228046,47.243715430813666,-0.0011018887374105724
2016-11-21,1.2324377298355103,1.2509382963180542,1.2313754558563232,1.2580555868148804,1.344023144005881,1.3305887170414303,1.1855224565883304,42.01665609880595,-0.001884109622579233
2016-11-22,1.2493752241134644,1.251251220703125,1.240540862083435,1.2563657546043396,1.3430813736586928,1.3255494204041753,1.187182088804504,53.0736943424966,-0.0011243502640276848
2016-11-23,1.2423903942108154,1.2431625127792358,1.2363996505737305,1.254824857711792,1.3420794733656791,1.3216673365434066,1.1879823788801773,48.92987320951856,-0.0010734785050998674
2016-11-24,1.2433171272277832,1.249843716621399,1.2406947612762451,1.2531624817848206,1.3410967634538593,1.3167928502121053,1.1895321133575358,49.49332138454964,-0.0009474609204827011
2016-11-25,1.2452834844589233,1.2473493814468384,1.2419275045394897,1.2515728211402892,1.3401433974937107,1.311781086297647,1.1913645559829316,50.73530343596988,-0.0006810715132929968
2016-11-28,1.248127818107605,1.2531328201293945,1.2386969327926636,1.2505028629302979,1.3392278195893712,1.3089564133637401,1.1920493124968556,52.55282540393433,-0.00023770195433736596
2016-11-29,1.2411566972732544,1.2528188228607178,1.2390038967132568,1.2492367720603943,1.3382519875265242,1.3056258794597608,1.1928476646610278,47.8895470357955,-0.00044372459488362104
2016-11-30,1.249219298362732,1.2515957355499268,1.2422360181808472,1.2482505059242248,1.3373660901219095,1.3028159469993192,1.1936850648491304,53.075753734561346,4.3088803221236205e-05
2016-12-01,1.2517211437225342,1.2696800231933594,1.2510946989059448,1.2472127079963684,1.3365139016005227,1.2994026284481979,1.195022787544539,54.58612429947906,0.0006235816788346948
2016-12-02,1.2589701414108276,1.2677003145217896,1.257228970527649,1.2462175273895264,1.3357423218971427,1.2954324605934633,1.1970025941855895,58.73100715154486,0.001649545067297975
2016-12-05,1.266784906387329,1.2738852500915527,1.2661433219909668,1.245596055984497,1.335056178459234,1.2928968833663903,1.1982952286026036,62.6849498139512,0.003057964357612075
2016-12-06,1.2728476524353027,1.2773023843765259,1.2709709405899048,1.2451140189170837,1.3344371881505381,1.2907403772440609,1.1994876605901066,65.4505286469942,0.0046102160292620376
2016-12-07,1.2671059370040894,1.2675877809524536,1.2573871612548828,1.2444314122200013,1.3337672254525634,1.287584916700424,1.2012779077395785,60.850868304747834,0.005315800968044737
2016-12-08,1.262785792350769,1.270809531211853,1.255177617073059,1.2436081075668335,1.3330609425361277,1.2835802029971488,1.2036360121365182,57.57241959441186,0.005463403828444013
2016-12-09,1.2584948539733887,1.262148141860962,1.2558081150054932,1.2428511166572571,1.3323189914061502,1.2800867261610966,1.2056155071534176,54.43536944786355,0.005174489004311056
2016-12-12,1.2597631216049194,1.2672665119171143,1.2568340301513672,1.2421831941604615,1.331597042452904,1.2768446024491522,1.2075217858717708,55.21217138720926,0.00499033504712898
2016-12-13,1.2675877809524536,1.2727503776550293,1.2663036584854126,1.2418379163742066,1.3309601343782727,1.2750793281425146,1.2085965046058986,59.76918657073155,0.0054133743158393255
2016-12-14,1.2663036584854126,1.271504282951355,1.2639029026031494,1.2416992568969727,1.3303167863594383,1.2744604549389866,1.2089380588549588,58.7133826782633,0.005580687343061275
2016-12-15,1.253824234008789,1.256754994392395,1.2402331829071045,1.2412655377388,1.329555666435551,1.2727490057914996,1.2097820696861004,49.55237612185771,0.004652665826731628
2016-12-16,1.2423903942108154,1.2464165687561035,1.2385435104370117,1.2413086819648742,1.3286883502940112,1.272792288054565,1.2098250758751834,42.9414140914867,0.002960460428894418
2016-12-19,1.248907208442688,1.2504688501358032,1.2357274293899536,1.2414173913002013,1.3278945080865354,1.2729689450746413,1.2098658375257614,47.260245065395985,0.0021207808630017144
2016-12-20,1.2390038967132568,1.2410026788711548,1.2316787242889404,1.2415152525901794,1.327010024391279,1.2730045990130563,1.2100259061673024,42.05125043776112,0.0006487360410740717
2016-12-21,1.2365524768829346,1.23931086063385,1.2327415943145752,1.241688346862793,1.3261099492916937,1.2729666069502472,1.210410086775339,40.85097130466113,-0.000707523290673473
2016-12-22,1.2354830503463745,1.237945556640625,1.2297097444534302,1.2420226263999938,1.325208189103183,1.2726516276096755,1.2113936251903121,40.31041792492295,-0.0018473670687122468
2016-12-23,1.2285012006759644,1.2298610210418701,1.2232415676116943,1.2421487498283386,1.3242459305118677,1.272495134475679,1.2118023651809982,36.87939074624215,-0.00327631111844795
2016-12-26,1.2289540767669678,1.2344155311584473,1.2269939184188843,1.2423613595962524,1.3232977528626646,1.2721706355561235,1.2125520836363812,37.25246656369951,-0.004322390430856693
2016-12-27,1.227596402168274,1.2288031578063965,1.2239902019500732,1.2424753618240356,1.3223455006169493,1.2720074937997041,1.212943229848367,36.554920734322245,-0.005201014755507494
2016-12-28,1.227596402168274,1.2298610210418701,1.2202562093734741,1.242417962551117,1.3214027235179575,1.2720563288264866,1.2127795962757473,36.554920734322245,-0.005830124813219317
2016-12-29,1.2224938869476318,1.227596402168274,1.2223445177078247,1.2422887587547302,1.3204185559898944,1.272221553058567,1.2123559644508934,33.79657684422496,-0.006663615390985367
2016-12-30,1.2288031578063965,1.2386969327926636,1.2269939184188843,1.2423520159721375,1.3195069599880684,1.272154288478243,1.212549743466032,39.84135233077233,-0.006737392779237128
2017-01-02,1.234903335571289,1.2359411716461182,1.228350281715393,1.2426118564605713,1.3186651328794439,1.2719089745079715,1.213314738413171,45.06415415316236,-0.006231792304123962
2017-01-03,1.2281994819641113,1.231072187423706,1.220405101776123,1.2427409029006957,1.317764977148943,1.2717179974739463,1.2137638083274451,40.865334208701036,-0.006299429344375662
2017-01-04,1.2245597839355469,1.2297097444534302,1.2223445177078247,1.242880461215973,1.3168375622910982,1.2714269994506802,1.2143339229812657,38.754087166369914,-0.006570979240362984
2017-01-05,1.2326807975769043,1.241773247718811,1.227144479751587,1.243063259124756,1.3160001815476732,1.271218699665833,1.2149078185836788,45.517565102779116,-0.006061018905539672
2017-01-06,1.2425447702407837,1.2423903942108154,1.2303149700164795,1.2435714101791382,1.3152692819326792,1.2707159612775205,1.2164268590807559,52.3942438582357,-0.004805536277940892
2017-01-09,1.2260912656784058,1.2272950410842896,1.2127091884613037,1.2436612772941589,1.3143819384873632,1.2705373245149278,1.21678523007339,42.71041221550309,-0.005079662374935623
2017-01-10,1.2173447608947754,1.2184720039367676,1.211240291595459,1.2435343599319457,1.3134163944317154,1.2708516495016724,1.216217070362219,38.62366359608762,-0.005934272520563777
2017-01-11,1.2174336910247803,1.219660997390747,1.2043839693069458,1.2434059262275696,1.312461342656522,1.2711577830114416,1.2156540694436977,38.68790121238692,-0.006529117695279973
2017-01-12,1.2214486598968506,1.2316787242889404,1.2169891595840454,1.2432255721092225,1.3115557438230925,1.2714341118334098,1.2150170323850351,41.656808114230046,-0.006600476167780922
2017-01-13,1.2165449857711792,1.2226433753967285,1.212415099143982,1.2426188158988953,1.3106103631459591,1.2717947939022056,1.213442837895585,39.16252803886742,-0.006972340984833458
2017-01-16,1.2039345502853394,1.2087513208389282,1.1995153427124023,1.2417193627357483,1.3095489122717243,1.2728138723346438,1.2106248531368529,33.59208921047038,-0.008190191851937811
2017-01-17,1.2040214538574219,1.2395260334014893,1.2040939331054688,1.2410012793540954,1.3084988878098907,1.273872421840393,1.208130136867798,33.6621173394783,-0.009044080515834052
2017-01-18,1.2388043403625488,1.2399870157241821,1.2270541191101074,1.24100035905838,1.3078054097258374,1.2738717499144938,1.2081289682022662,54.392313887341054,-0.006835311964166202
2017-01-19,1.225970983505249,1.2341108322143555,1.2254301309585571,1.2406781458854674,1.3069911368281202,1.2738209956587911,1.2075352961121437,48.38461154240455,-0.006050643566556824
2017-01-20,1.2338367700576782,1.2372103929519653,1.226286768913269,1.240248177051544,1.3062632326811507,1.2731719916436637,1.2073243624594245,51.89193132374509,-0.004739451523603
2017-01-23,1.2386969327926636,1.249547004699707,1.2382214069366455,1.2398743724822998,1.305590931189723,1.2724262466699285,1.207322498294671,53.97307224640648,-0.0032704481774878946
2017-01-24,1.2517211437225342,1.2545477151870728,1.2422051429748535,1.2398681044578552,1.3050549134039797,1.2724105408227548,1.2073256680929556,59.081513690929945,-0.0010432811719951474
2017-01-25,1.2533055543899536,1.261622667312622,1.2493441104888916,1.2400214099884033,1.3045399944088154,1.2727465441366228,1.2072962758401837,59.66795918065352,0.0008399312208429155
2017-01-26,1.2634079456329346,1.2674272060394287,1.2561867237091064,1.2404046607017518,1.3041307202916426,1.2737741937688398,1.2070351276346638,63.281508838417544,0.003111699420132341
2017-01-27,1.2595410346984863,1.2608751058578491,1.2522070407867432,1.2407754278182983,1.3036870418280293,1.2745811875629565,1.2069696680736401,61.0276077957347,0.004547642300358978
2017-01-30,1.2591921091079712,1.2600171566009521,1.2493752241134644,1.2413105154037476,1.3032443061790735,1.2754231751601766,1.2071978556473186,60.817115032197826,0.0055930092699501
2017-01-31,1.25,1.2587482929229736,1.2415882349014282,1.2413230109214783,1.3027145120877395,1.2754481837067322,1.2071978381362245,55.39636792873628,0.005615017317057047
2017-02-01,1.2589701414108276,1.2659990787506104,1.2547523975372314,1.2416546058654785,1.30227924471782,1.276142397272879,1.207166814458078,59.216566353072544,0.006283838123864349
2017-02-02,1.2661433219909668,1.2705672979354858,1.2531328201293945,1.2421111297607421,1.3019196832976523,1.2772862108636605,1.2069360486578238,62.0180621367987,0.0073084518720707425
2017-02-03,1.2520031929016113,1.2540757656097412,1.2461059093475342,1.242245523929596,1.301423001801174,1.2775212813900791,1.2069697664691128,54.12524002348318,0.006899937224681851
2017-02-06,1.2484238147735596,1.25,1.2428845167160034,1.242251443862915,1.300895646706372,1.2775313296507214,1.2069715580751088,52.31038907648745,0.006215709690447824
2017-02-07,1.2468360662460327,1.2487356662750244,1.234842300415039,1.2423650312423706,1.3003577404331348,1.2776670943923116,1.2070629680924296,51.48570686132102,0.005482141686325548
2017-02-08,1.2496250867843628,1.25448477268219,1.2480967044830322,1.2423731470108033,1.2998529379092665,1.277681827799019,1.2070644662225876,52.89065540317204,0.005067420339300854
2017-02-09,1.252803087234497,1.2582731246948242,1.2498282194137573,1.2423947858810425,1.2993847801911096,1.2777281674510022,1.2070614043110828,54.507317230224665,0.00493826353250526
2017-02-10,1.2498124837875366,1.252097249031067,1.244214415550232,1.2422116327285766,1.2988915235104772,1.2772883286132104,1.2071349368439428,52.675385019936215,0.004542229137879383
2017-02-13,1.2484550476074219,1.2540757656097412,1.2483147382736206,1.2418450355529784,1.298389668028855,1.2762501888871085,1.2074398822188483,51.82399075778362,0.004071896978002476
2017-02-14,1.2523010969161987,1.2547523975372314,1.2450664043426514,1.2414341044425965,1.2979310752814652,1.2748030712086074,1.2080651376765856,54.08825401944194,0.003963807088451343
2017-02-15,1.2470382452011108,1.2471938133239746,1.2384973764419556,1.2410327506065368,1.2974246789622577,1.2736148747447333,1.2084506264683403,50.58471940230452,0.0034141210599532013
2017-02-16,1.2469760179519653,1.2520501613616943,1.2457022666931152,1.2407165551185608,1.296922702235787,1.272739079188797,1.2086940310483247,50.54303161056134,0.002939584008520457
2017-02-17,1.2489228248596191,1.251157283782959,1.2390960454940796,1.2405251145362854,1.296445091515626,1.2722266661161181,1.2088235629564528,51.879164527630095,0.002689597023438628
2017-02-20,1.2433944940567017,1.2482680082321167,1.2410026788711548,1.240197741985321,1.2959172248742439,1.2714229036701306,1.2089725803005114,47.92007360560795,0.002022081150296229
2017-02-21,1.2473337650299072,1.248127818107605,1.2402946949005127,1.2397926616668702,1.295433807363355,1.2700788954016644,1.209506427932076,50.80120763351818,0.0017902988070894743
2017-02-22,1.248704433441162,1.250781774520874,1.2428072690963745,1.2394406771659852,1.2949688384686067,1.2688661659142695,1.2100151884177008,51.800374435659286,0.001697641758385382
2017-02-23,1.2453765869140625,1.2554140090942383,1.2429771423339844,1.2392717242240905,1.294475383229258,1.2684561463564292,1.2100873020917517,49.18844057097251,0.001340231621103749
2017-02-24,1.255618929862976,1.2570710182189941,1.2484861612319946,1.2395362949371338,1.2940887518524788,1.2690738237641537,1.209998766110114,56.464461007440406,0.001861989137720954
2017-02-27,1.2399563789367676,1.2472715377807617,1.2389271259307861,1.2393572783470155,1.293550121276203,1.2687712328535075,1.2099433238405235,45.68990250042667,0.0010001200054845505
2017-02-28,1.2439358234405518,1.2471472024917603,1.2408487796783447,1.2394559168815613,1.2930564466708732,1.2688980989421896,1.210013734820933,48.38482535720976,0.0006309175972767367
2017-03-01,1.2378076314926147,1.2402485609054565,1.228471040725708,1.239481019973755,1.292506707216363,1.268915237057255,1.210046802890255,44.705867032474224,-0.00015439210981305074
2017-03-02,1.227219820022583,1.2305572032928467,1.2260762453079224,1.2393157553672791,1.2918570864482657,1.268933811844528,1.2096976988900303,39.16506017706383,-0.0016125155348025721
2017-03-03,1.227475881576538,1.228350281715393,1.2216874361038208,1.2392952489852904,1.291216477444567,1.268945269522669,1.2096452284479118,39.360802525771206,-0.002716117119481165
2017-03-06,1.23001229763031,1.2297097444534302,1.2246047258377075,1.2393164134025574,1.2906074806304946,1.2689378018282458,1.209695024976869,41.37308772945996,-0.0033474741502592664
2017-03-07,1.224289894104004,1.2250398397445679,1.2170928716659546,1.239250283241272,1.289947604147644,1.2689929831849198,1.209507583297624,38.286198764635905,-0.004260467271625101
2017-03-08,1.2204499244689941,1.2215979099273682,1.2140047550201416,1.2391073536872863,1.2892560849468615,1.2691458521854164,1.2090688551891562,36.327478902651,-0.00523354530316178
2017-03-09,1.217730164527893,1.2195122241973877,1.2141226530075073,1.2390120792388917,1.2885443842461752,1.2692948791397616,1.2087292793380218,34.96312273538018,-0.006153247741369272
2017-03-10,1.2157316207885742,1.2186946868896484,1.2140932083129883,1.2387506484985351,1.2878198791371445,1.269613317312908,1.2078879796841622,33.953983706375,-0.006963117838926225
2017-03-13,1.2171372175216675,1.225084900856018,1.215864658355713,1.2383953261375427,1.2871165690713189,1.269842338753915,1.2069483135211703,35.366935360543096,-0.007406152303159441
2017-03-14,1.220598816871643,1.2218962907791138,1.211328387260437,1.2382433128356933,1.2864547008902276,1.2699637871122007,1.206522838559186,38.83724675901498,-0.00739271950159881
2017-03-15,1.2157464027404785,1.2241400480270386,1.2155542373657227,1.238067045211792,1.2857511357345086,1.2701932345015028,1.205940855922081,35.92532225005351,-0.007685034878342378
2017-03-16,1.2284257411956787,1.2371032238006592,1.2244248390197754,1.2379819440841675,1.285180733798799,1.27018881169806,1.205775076470275,47.08886785788094,-0.006815020953400808
2017-03-17,1.2351168394088745,1.2398487329483032,1.2325440645217896,1.2378333854675292,1.284682585595914,1.2700228683456196,1.2056439025894388,51.85586210463289,-0.005521959235047502
2017-03-20,1.2384514808654785,1.2436264753341675,1.2366137504577637,1.2380805897712708,1.2842225746035714,1.2700913578114361,1.2060698217311054,54.07645722792369,-0.004179937097519737
2017-03-21,1.2367054224014282,1.248470664024353,1.2343544960021973,1.2384678030014038,1.2837497671189728,1.2699182672537845,1.207017338749023,52.705646692853605,-0.0032201473561612737
2017-03-22,1.2482056617736816,1.250296950340271,1.2430543899536133,1.2390832424163818,1.2833960944289697,1.2700543508607662,1.2081121339719973,59.91341818411859,-0.0015140804880093839
2017-03-23,1.2475050687789917,1.252803087234497,1.2466963529586792,1.2396043705940247,1.2830389697956366,1.2702394005882098,1.2089693405998396,59.32030349986053,-0.0002160516935862944
2017-03-24,1.251877784729004,1.251877784729004,1.2471004724502563,1.2403110265731812,1.2827289082526852,1.2704001735094932,1.2102218796368691,61.85826583819325,0.0011522052062455934
2017-03-27,1.2514548301696777,1.2615749835968018,1.2510946989059448,1.241261432170868,1.2824177233961376,1.2696125731586987,1.2129102911830372,61.45885571625712,0.0021773308443302497
2017-03-28,1.2557923793792725,1.2596678733825684,1.250484585762024,1.242296850681305,1.2821527945999498,1.2688192647832206,1.2157744365793894,64.02431863349973,0.0033016943912378416
2017-03-29,1.2421433925628662,1.2471626996994019,1.2381447553634644,1.2423636317253113,1.2817546910970932,1.2688669606585323,1.2158603027920902,52.24043148050192,0.0030561717900277063
2017-03-30,1.2440440654754639,1.2523324489593506,1.240540862083435,1.2427250933647156,1.2813794609914053,1.2688054967698368,1.2166446899595944,53.52326665601381,0.0029806032403407734
2017-03-31,1.2478474378585815,1.2536983489990234,1.2434872388839722,1.2430053067207336,1.2810458090199346,1.26899683800618,1.2170137754352872,56.06631293808957,0.0031908330483239045
2017-04-03,1.2540757656097412,1.2554926872253418,1.2467273473739624,1.2433128833770752,1.2807774503790372,1.269459829367267,1.2171659373868835,59.932624575761075,0.003816026900273828
2017-04-04,1.249219298362732,1.2496875524520874,1.2422051429748535,1.2432628464698792,1.2804634389161886,1.2693536311795108,1.2171720617602475,55.8084870170334,0.0038749531645727586
2017-04-05,1.2439976930618286,1.249484658241272,1.2424675226211548,1.2430766892433167,1.2801005956738567,1.269007337903689,1.2171460405829444,51.689939073933495,0.0034604231406372143
2017-04-06,1.248907208442688,1.2502501010894775,1.2452369928359985,1.2427866744995117,1.2797902137113575,1.2681063637882064,1.217466985210817,55.04888932600497,0.0034878561364184435
2017-04-07,1.246867299079895,1.2478163242340088,1.2386049032211304,1.2425331997871398,1.2794626225209946,1.2674183106447245,1.2176480889295551,53.387904031760925,0.0033068737635864043
2017-04-10,1.2375165224075317,1.2428998947143555,1.236904263496399,1.2420996880531312,1.2790452483905124,1.2665517123261223,1.21764766378014,46.4667152345378,0.002381462383502786
2017-04-11,1.2425447702407837,1.2490320205688477,1.2406023740768433,1.2419505834579467,1.2786820595532016,1.2662966677940042,1.2176044991218893,50.20503886951699,0.002030399592261034
2017-04-12,1.2492347955703735,1.2520345449447632,1.248127818107605,1.2417558765411376,1.2783890519513825,1.2656987740515373,1.217812979030738,54.73421140785529,0.002265889174220881
2017-04-13,1.2549885511398315,1.257703423500061,1.2511416673660278,1.241532781124115,1.2781562111472875,1.2647449019600183,1.2183206602882117,58.251310800537986,0.0028835565083715764
2017-04-14,1.250781774520874,1.2537612915039062,1.2501875162124634,1.2415083527565003,1.2778838286932934,1.264678029987546,1.2183386755254546,54.893048402895666,0.0029990395440613327
2017-04-17,1.253509759902954,1.2596044540405273,1.2532269954681396,1.241610071659088,1.2776413006456284,1.2649477151115793,1.2182724282065969,56.63881947342579,0.003272957684621769
2017-04-18,1.2557765245437622,1.276796817779541,1.2519874572753906,1.2417888808250428,1.2774237406844158,1.2654250470867243,1.2181527145633613,58.09028781278866,0.003631091781084228
2017-04-19,1.2844555377960205,1.2859420776367188,1.278805136680603,1.242485489845276,1.2774937088148794,1.2689483427347694,1.2160226369557825,71.21760247002567,0.006158085742525854
2017-04-20,1.2782330513000488,1.28468656539917,1.2773023843765259,1.242994089126587,1.2775010654565229,1.2711872469519099,1.214800931301264,66.36072882083639,0.0075713660118683634
2017-04-21,1.2801966667175293,1.2833675146102905,1.2761938571929932,1.2436017727851867,1.2775278873596174,1.2736439752333415,1.2135595703370319,67.12270721915738,0.008748995190532627
2017-04-24,1.2826268672943115,1.283202886581421,1.2773349285125732,1.2442852091789245,1.2775786234783706,1.2762700143429928,1.2123004040148562,68.08619247417704,0.009765797639308849
2017-04-25,1.2776614427566528,1.2846039533615112,1.2776286602020264,1.2447924160957335,1.2775794475507913,1.2780740781982414,1.2115107539932257,63.96172269737782,0.010055044350994802
2017-04-26,1.283235788345337,1.2863556146621704,1.2806557416915894,1.2455163669586182,1.277635729548747,1.280527256838477,1.2105054770787596,66.42095526514694,0.010611751886016929
2017-04-27,1.2848351001739502,1.2913223505020142,1.2843730449676514,1.2462735486030578,1.277707365077356,1.28300840167838,1.2095386955277356,67.11432719076743,0.011054567543533178
2017-04-28,1.2893576622009277,1.2953367233276367,1.2892745733261108,1.247082245349884,1.2778232884318195,1.2857828525081405,1.2083816381916275,69.05993459178852,0.01163629908882724
2017-05-01,1.2931592464447021,1.2938284873962402,1.2903059720993042,1.248077540397644,1.2779758850289626,1.2888929417427681,1.20726213905252,70.6327457848501,0.012262724551580062
2017-05-02,1.2897402048110962,1.2928247451782227,1.2866535186767578,1.2489256691932678,1.2780929429372425,1.2914063936306086,1.206444944755927,67.3182851767941,0.012341023521123429
2017-05-03,1.2941633462905884,1.2950012683868408,1.2885435819625854,1.2498348474502563,1.278252847448221,1.2942002730404982,1.2054694218600144,69.32377218103608,0.012614573617891978
2017-05-04,1.287166953086853,1.2923235893249512,1.283235788345337,1.250670654773712,1.2783415450167648,1.2962512144775826,1.2050900950698415,62.7631119543416,0.012127020832806812
2017-05-05,1.2924906015396118,1.2968318462371826,1.2903059720993042,1.251408088207245,1.278482331648833,1.2984839523368241,1.2043322240776657,65.44302625577852,0.01203151387396817
2017-05-08,1.296562910079956,1.298701286315918,1.2931592464447021,1.2525402188301087,1.278662237901879,1.301188400501542,1.2038920371586754,67.37715487404546,0.012144431737082684
2017-05-09,1.2943308353424072,1.295873999595642,1.2904558181762695,1.2535481190681457,1.2788181443440734,1.3035383509451608,1.2035578871911305,65.22239379353788,0.011916444821859606
2017-05-10,1.2948503494262695,1.2990386486053467,1.2928917407989502,1.254688973426819,1.2789776687727519,1.3058039451288734,1.2035740017247645,65.49895545476937,0.011643465372783934
2017-05-11,1.2930588722229004,1.2950012683868408,1.2850496768951416,1.2560057544708252,1.2791177802498679,1.3076221323472326,1.2043893765944178,63.62013399094677,0.011153993658592043
2017-05-12,1.2891582250595093,1.2901561260223389,1.2845544815063477,1.2572394013404846,1.279217685173347,1.3090208152514264,1.2054579874295428,59.610679607108196,0.010332230648301355
2017-05-15,1.2886598110198975,1.2941633462905884,1.2884604930877686,1.2584123516082764,1.2793116366743078,1.310333204229724,1.2064914989868287,59.09816882694309,0.009530893487240677
2017-05-16,1.2903059720993042,1.2949342727661133,1.286852240562439,1.2597326731681824,1.279421033046696,1.311469007416896,1.2079963389194688,60.31185519939874,0.008925768749299845
2017-05-17,1.2916892766952515,1.2990050315856934,1.2909555435180664,1.2611574602127076,1.2795431051228008,1.3123996070123718,1.2099153134130434,61.34973340332156,0.008460299093332901
2017-05-18,1.2970168590545654,1.3048017024993896,1.2937448024749756,1.262743194103241,1.2797169733211269,1.3134039461961167,1.2120824420103653,65.13166632835583,0.008424193550018222
2017-05-19,1.2958402633666992,1.303475022315979,1.2942973375320435,1.2643453669548035,1.279877404067849,1.3139945440719663,1.2146961898376407,63.65036307367789,0.008206044040411697
2017-05-22,1.3012192249298096,1.3042571544647217,1.2966468334197998,1.2660270071029662,1.2800897604943362,1.314838536359731,1.2172154778462014,67.31064101142746,0.008370703961960713
2017-05-23,1.2995283603668213,1.3027278184890747,1.2954542636871338,1.26760559797287,1.2802831793985399,1.3155174632782862,1.2196937326674537,65.09175479996307,0.00826943460245766
2017-05-24,1.2956557273864746,1.2999167442321777,1.2931759357452393,1.2692037844657897,1.2804361400750368,1.3153536489319093,1.2230539199996702,60.197235421703134,0.007786925953674695
2017-05-25,1.2980270385742188,1.3007283210754395,1.293426752090454,1.2705958104133606,1.280611173890949,1.3159166320758326,1.2252749887508885,62.0776194698471,0.007509316640360586
2017-05-26,1.293326497077942,1.2931592464447021,1.2779062986373901,1.271760003566742,1.2807376945196753,1.3163455106663358,1.2271744964671483,56.390607792481106,0.006831268236888954
2017-05-29,1.281427025794983,1.2850167751312256,1.2812464237213135,1.272619514465332,1.28074455353734,1.3162304397635551,1.229008589167109,45.121343887098625,0.005272938949637762
2017-05-30,1.281410574913025,1.2888091802597046,1.2795578241348267,1.273513617515564,1.280751180615705,1.3159361005684356,1.2310911344626922,45.10792279654732,0.003990622896967055
2017-05-31,1.2809016704559326,1.2917225360870361,1.2771717309951782,1.274167537689209,1.2807526780270506,1.3160016432074744,1.2323334321709436,44.66532622798951,0.0028998857719788607
2017-06-01,1.2875481843948364,1.2913223505020142,1.283186435699463,1.2749684000015258,1.2808202950058345,1.316248643975252,1.2336881560277995,51.37575721166827,0.0025424787572483343
2017-06-02,1.2888258695602417,1.29027259349823,1.2846699953079224,1.2757073616981507,1.2808999524640872,1.3166216742235313,1.23479304917277,52.56659331521686,0.0023354085024092086
2017-06-05,1.2870012521743774,1.2939958572387695,1.2861571311950684,1.2764182901382446,1.2809606619139409,1.3168449560091902,1.235991624267299,50.65856563720367,0.0020010061066981777
2017-06-06,1.2907389402389526,1.2949174642562866,1.2874983549118042,1.2771172213554383,1.2810579582156825,1.3172959954979158,1.2369384472129608,54.31661095077711,0.0020143695897771874
2017-06-07,1.2906723022460938,1.2965795993804932,1.2888922691345215,1.2780877995491027,1.2811536233304128,1.317147210694485,1.2390283884037203,54.23940411434817,0.0019965679250695256
2017-06-08,1.2962098121643066,1.2980270385742188,1.2909722328186035,1.2791311144828796,1.2813034361546305,1.3172545089791956,1.2410077199865637,59.403443890486756,0.002401606523972921
2017-06-09,1.2722970247268677,1.2798854112625122,1.264222502708435,1.2796201062202455,1.2812138201205234,1.316719143570362,1.242521068870129,38.95804981181912,0.0007840029352383926
2017-06-12,1.2739177942276,1.2769761085510254,1.265006184577942,1.2800169467926026,1.281141222847957,1.3164186471493706,1.2436152464358345,40.45398339457611,-0.00036299265627848243
2017-06-13,1.2669775485992432,1.2746973037719727,1.2643344402313232,1.2803721117973328,1.2810002907658802,1.3158829610288276,1.244861262565838,36.34642385291333,-0.0018111370854407838
2017-06-14,1.2750548124313354,1.2811479568481445,1.2725075483322144,1.2809932541847229,1.2809411317774766,1.3149600861480684,1.2470264222213774,43.53255037944823,-0.002280743303045618
2017-06-15,1.2754452228546143,1.2794759273529053,1.2692127227783203,1.2815240144729614,1.2808864461165526,1.3142511678974051,1.2487968610485176,43.86243905696944,-0.0025915331742061287
2017-06-16,1.275835633277893,1.2802950143814087,1.2759984731674194,1.2821033811569214,1.280836189272387,1.3133169992852283,1.2508897630286144,44.21342009754532,-0.002774352518993828
2017-06-19,1.277955174446106,1.2815254926681519,1.27273428440094,1.2829121541976929,1.2808075224581952,1.3113856519696614,1.2544386564257244,46.18073121538066,-0.0027168902883121238
2017-06-20,1.273236632347107,1.2755264043807983,1.260636568069458,1.2835259914398194,1.2807321902182838,1.3096759766520552,1.2573760062275836,42.58069617331978,-0.003017316226150646
2017-06-21,1.263248324394226,1.2709063291549683,1.2590811252593994,1.2838062620162964,1.280558221404114,1.3087276670241963,1.2588848570083966,36.15546638716841,-0.00401509540188183
2017-06-22,1.2675718069076538,1.2687134742736816,1.2654863595962524,1.2840579271316528,1.280429003349423,1.3080274937947531,1.2600883604685524,40.351165491067015,-0.004406181958413358
2017-06-23,1.267812728881836,1.2743724584579468,1.2677323818206787,1.284398546218872,1.2803034682800938,1.3068755995684498,1.2619214928692943,40.58548076189319,-0.00464315705794438
2017-06-26,1.2743399143218994,1.2759984731674194,1.2707772254943848,1.284815149307251,1.2802441294347386,1.3056689663768941,1.263961332237608,46.69492128992582,-0.004255220681355976
2017-06-27,1.2724589109420776,1.2794759273529053,1.2717629671096802,1.2851487970352173,1.280166664574115,1.3045924246386078,1.2657051694318269,45.25086524151342,-0.004052840933059132
2017-06-28,1.281295657157898,1.2972356081008911,1.279737949371338,1.2850855994224548,1.2801778983311676,1.3045589425790864,1.2656122562658232,52.65797415420197,-0.0031431694556891543
2017-06-29,1.2941465377807617,1.300102710723877,1.2939121723175049,1.285403869152069,1.280316889768477,1.304940155233853,1.265867583070285,60.93516006141161,-0.0013695028131259779
2017-06-30,1.3011176586151123,1.3031013011932373,1.2956221103668213,1.2858222889900208,1.2805238625928215,1.3057946551420454,1.2658499228379962,64.55542269500074,0.0005918297262450523
2017-07-03,1.301642656326294,1.3022528886795044,1.293326497077942,1.2862026047706605,1.2807339998439007,1.3066452773607133,1.2657599321806077,64.81984087448988,0.0021636219351770514
2017-07-04,1.2948671579360962,1.2958402633666992,1.2917894124984741,1.2865467190742492,1.2808746282826289,1.3069818076799518,1.2661116304685467,58.730456282745116,0.0028299308092227804
2017-07-05,1.2934937477111816,1.2948336601257324,1.2895737886428833,1.2867518782615661,1.2810001916600273,1.3072571424884778,1.2662466140346544,57.550254130097294,0.0032101579625789523
2017-07-06,1.2931759357452393,1.2972187995910645,1.2920564413070679,1.286918694972992,1.281121343342467,1.3074958963118135,1.2663414936341706,57.263489562541494,0.003446121211229336
2017-07-07,1.2973533868789673,1.2976900339126587,1.2868356704711914,1.2870786094665527,1.281282856213477,1.3078564734426574,1.266300745490448,60.07929269535425,0.003924964630825478
2017-07-10,1.2891249656677246,1.290988802909851,1.2860578298568726,1.2869979238510132,1.2813608871533204,1.307710639858495,1.2662852078435314,52.71208007023869,0.003598999639232714
2017-07-12,1.2859586477279663,1.2905224561691284,1.281262755393982,1.2869222927093507,1.2814066360147596,1.3076217502404408,1.2662228351782605,50.1629938163151,0.0030500159538815463
2017-07-13,1.2893743515014648,1.2952864170074463,1.2890751361846924,1.286826512813568,1.2814859167658712,1.3074333245196055,1.2662197011075307,52.81392579675272,0.002857620308214681
2017-07-14,1.294716238975525,1.3094146251678467,1.2936609983444214,1.2869774985313416,1.2816175617629821,1.3077047663478105,1.2662502307148726,56.69362200657164,0.0031004509791048296
2017-07-17,1.311131477355957,1.3113033771514893,1.3051252365112305,1.2873503160476685,1.2819112325649022,1.3091263770933845,1.2655742550019524,65.95665552191193,0.004564847860103249
2017-07-18,1.3053126335144043,1.3123877048492432,1.3006776571273804,1.2875253105163573,1.2821440823255936,1.3097397625716578,1.2653108584610568,60.977611416425546,0.005195965020418525
2017-07-19,1.303865909576416,1.3051763772964478,1.3013039827346802,1.2877160120010376,1.282360219910179,1.3103290562555758,1.2651029677464993,59.76951736689595,0.005515808578086423
2017-07-20,1.3032711744308472,1.3036110401153564,1.2935439348220825,1.287884428501129,1.2825682891093897,1.3108372297439856,1.2649316272582725,59.2498324847933,0.00565609678313006
2017-07-21,1.2965459823608398,1.3019815683364868,1.2955548763275146,1.287954170703888,1.2827073706342798,1.3109921787644734,1.2649161626433025,53.57694638962173,0.005165069692800506
2017-07-24,1.3004746437072754,1.3052616119384766,1.2992074489593506,1.2881804990768433,1.2828841594210756,1.3114875646769293,1.2648734334767573,56.214331250831535,0.005034898151741629
2017-07-25,1.3031013011932373,1.308421015739441,1.301168441772461,1.28846932888031,1.2830853250108483,1.312155484265573,1.264783173495047,57.9350264971779,0.005085068075413313
2017-07-26,1.3027619123458862,1.3066258430480957,1.3004070520401,1.2887184476852418,1.2832811119495053,1.312743039928055,1.2646938554424285,57.61994448329075,0.005039351747727405
2017-07-27,1.311475396156311,1.3156163692474365,1.306335687637329,1.2891141700744628,1.2835616520908668,1.3139757307911497,1.264252609357776,63.15963244221912,0.005641198327748231
2017-07-28,1.3076680898666382,1.3131458759307861,1.3070528507232666,1.2893271946907043,1.2838015171433619,1.3146435073920946,1.264010881989314,59.49988926689709,0.005744726647075593
2017-07-31,1.3144922256469727,1.3196442127227783,1.3100322484970093,1.2897002339363097,1.2841068973274774,1.3159410620610705,1.263459405811549,63.574035407988504,0.0063047471116799425
2017-08-01,1.3195397853851318,1.3243454694747925,1.3197835683822632,1.2900666451454164,1.2844594633778024,1.3174507114371345,1.2626825788536982,66.27633589250797,0.007074314952101313
2017-08-02,1.3207945823669434,1.324327826499939,1.319278597831726,1.2904919695854187,1.2848210068503312,1.3191087248296758,1.2618752143411616,66.93307528344965,0.0076967315099309985
2017-08-03,1.3228389024734497,1.326084017753601,1.311475396156311,1.2910356330871582,1.2851992943689694,1.3210514588600806,1.2610198073142358,68.02557460878448,0.008259747436841547
2017-08-04,1.314405918121338,1.3166556358337402,1.3033220767974854,1.2913632106781006,1.2854899075406347,1.3220406771530135,1.2606857442031876,59.3191583183117,0.007934011904915383
2017-08-07,1.3046995401382446,1.306165099143982,1.3015918731689453,1.2915906715393066,1.2856810481634964,1.3224953655846912,1.260685977493922,51.19698610333026,0.006814091954983947
2017-08-08,1.3037809133529663,1.305483102798462,1.2955045700073242,1.2920377492904662,1.2858611463245857,1.322989040545527,1.2610864580354055,50.49234280820443,0.005785727556012699
2017-08-09,1.2986170053482056,1.3027958869934082,1.2969664335250854,1.29238187789917,1.28598807029497,1.3232333500261395,1.2615304057722005,46.608892208986695,0.00450215905437612
2017-08-10,1.3014055490493774,1.3017443418502808,1.2956725358963013,1.2927919554710388,1.2861414780437699,1.3235655680997966,1.2620183428422809,48.89471077064512,0.0036676554915988646
2017-08-11,1.2976733446121216,1.3009653091430664,1.294598937034607,1.2929944586753845,1.2862562229847483,1.3237604842876824,1.2622284330630866,46.05285498519272,0.002674319805065384
2017-08-14,1.3005930185317993,1.3022528886795044,1.2960922718048096,1.2932298016548156,1.2863988776668087,1.3240456585953455,1.2624139447142857,48.57111666758496,0.002098497231658003
2017-08-15,1.2965123653411865,1.2973533868789673,1.2848020792007446,1.293420023918152,1.2864995093849616,1.3241963465131132,1.2626437013231906,45.38251018775753,0.0012979174996043952
2017-08-16,1.2867032289505005,1.2903226613998413,1.2844555377960205,1.2933393096923829,1.2865015364453154,1.3241654598467067,1.262513159538059,38.79029093312177,-0.00012660362647065604
2017-08-17,1.2891582250595093,1.2911555767059326,1.285413146018982,1.2933090281486512,1.2865279711578943,1.3241488433559794,1.262469212941323,41.096450297151854,-0.0010453985099820873
2017-08-18,1.2865046262741089,1.2914891242980957,1.2835652828216553,1.293114924430847,1.2865277388704934,1.3240023507070056,1.2622274981546886,39.36981159421805,-0.001965021771853648
2017-08-21,1.2873657941818237,1.2914724349975586,1.2851818799972534,1.2934162998199463,1.2865360777293127,1.323763988019363,1.2630686116205296,40.247201574293754,-0.002594433761914372
2017-08-22,1.289823293685913,1.2911555767059326,1.2811970710754395,1.2937344098091126,1.2865687863457964,1.3235771130403844,1.2638917065778408,42.791424556334206,-0.0028619567707592886
2017-08-23,1.2823965549468994,1.2833675146102905,1.2782820463180542,1.2940427899360656,1.286527271605509,1.323064319430313,1.265021260441818,37.58330146313686,-0.003631386072872278
2017-08-24,1.28037691116333,1.2836971282958984,1.2777429819107056,1.2941492319107055,1.286466073989169,1.3229245030996755,1.2653739607217356,36.289790049333966,-0.00435394316611859
2017-08-25,1.280393362045288,1.288676381111145,1.2796396017074585,1.294248194694519,1.2864056489947024,1.3227940306056372,1.2657023587834009,36.30901885760664,-0.004869119243849251
2017-08-28,1.2905224561691284,1.2930755615234375,1.287432074546814,1.2945419311523438,1.2864466122501692,1.3226127422188283,1.2664711200858594,46.92987542953758,-0.004409239782120045
2017-08-29,1.2927078008651733,1.2978754043579102,1.2926911115646362,1.2948369836807252,1.286508912634398,1.322503405606729,1.2671705617547213,48.90938128974055,-0.0038243581223100787
2017-08-30,1.292657732963562,1.2939958572387695,1.2883609533309937,1.295225405693054,1.2865700949262306,1.3221904759556515,1.2682603354304567,48.86441122837179,-0.0033265290975470485
2017-08-31,1.2920564413070679,1.293326497077942,1.2855123281478882,1.295801568031311,1.2866246854374828,1.3211611363332685,1.2704419997293537,48.29016196841048,-0.002946549234817075
2017-09-01,1.2941633462905884,1.299511432647705,1.2906222343444824,1.2963333988189698,1.2866996969882598,1.3203566724623848,1.2723101251755549,50.48590288183232,-0.00244719311308339
2017-09-04,1.2965123653411865,1.2968486547470093,1.2932761907577515,1.2969073915481568,1.2867973354793336,1.3194766890431937,1.27433809405312,52.887869318727816,-0.0018406853086792019
2017-09-05,1.2924071550369263,1.3031013011932373,1.2911388874053955,1.2972687363624573,1.2868531545794093,1.318923267239525,1.2756142054853896,48.4631729882501,-0.0016720058245578429
2017-09-06,1.3041210174560547,1.308215618133545,1.3020833730697632,1.2979019784927368,1.2870249741105202,1.3184170415619025,1.277386915423571,59.0029109243062,-0.0005863561688106422
2017-09-07,1.3049719333648682,1.3116130828857422,1.303407073020935,1.2983755040168763,1.2872035508195188,1.3184134959698839,1.2783375120638687,59.64848076674155,0.00033878549914523326
2017-09-08,1.3104785680770874,1.3221392631530762,1.309963583946228,1.2987021446228026,1.2874351430310367,1.3189896677583137,1.2784146214872916,63.638842116740115,0.001499026492402633
2017-09-11,1.3197661638259888,1.322226643562317,1.3167771100997925,1.2990751147270203,1.2877568447304888,1.320211797031205,1.2779384324228356,69.1755260032071,0.003131855119597571
2017-09-12,1.3169677257537842,1.3287270069122314,1.3162224292755127,1.29938161611557,1.288047500263059,1.321106534574496,1.2776566976566441,65.91853434305105,0.004152208925804146
2017-09-13,1.3289213180541992,1.3328534364700317,1.3205852508544922,1.300062699317932,1.2884542049176972,1.3232930066623412,1.276832391973523,71.98599306257059,0.005857875721858807
2017-09-14,1.3206027746200562,1.3398360013961792,1.319278597831726,1.3006048798561096,1.2887740911833923,1.3244662542080015,1.2767435055042178,63.512175859089,0.006463880422347801
2017-09-15,1.3399077653884888,1.361581563949585,1.3383835554122925,1.3015395164489747,1.2892828839615522,1.327757712109983,1.2753213207879663,71.80658963420662,0.00840500723847648
2017-09-18,1.3575152158737183,1.3615630865097046,1.3482539653778076,1.3027427530288695,1.2899618126372951,1.333334121936348,1.2721513841213912,76.95260556153858,0.011234632477986173
2017-09-19,1.3516618013381958,1.3552155494689941,1.3472731113433838,1.3039934897422791,1.290575742873125,1.3373050703982898,1.2706819090862684,72.23248023408442,0.012856606278437877
2017-09-20,1.3515340089797974,1.3599151372909546,1.3510043621063232,1.3053049969673156,1.2911822927846341,1.3408097481341712,1.26980024580046,72.12846016252034,0.01397067517865258
2017-09-21,1.3489633798599243,1.3578654527664185,1.3472548723220825,1.306496777534485,1.291757228974438,1.3437750438839051,1.2692185111850647,69.9463878746001,0.014479246778333454
2017-09-22,1.3579760789871216,1.3598041534423828,1.349436640739441,1.3077619743347169,1.2924161230044149,1.3476134826224317,1.267910466047002,73.02734913543735,0.015431656403291916
2017-09-25,1.3507307767868042,1.3570178747177124,1.3463480472564697,1.3085539603233338,1.2929963683156824,1.350211799407384,1.2668961212392837,67.07439370474874,0.015424014123068375
2017-09-26,1.3477815389633179,1.3513330221176147,1.3410937786102295,1.309403338432312,1.2935414943917782,1.352498463534709,1.266308213329915,64.76023322392862,0.015006987505941982
2017-09-27,1.3448090553283691,1.3449898958206177,1.3365768194198608,1.310222201347351,1.294051619376222,1.354429459030097,1.266014943664605,62.42261784565911,0.014272116248072786
2017-09-28,1.3398897647857666,1.345279335975647,1.3348639011383057,1.3109545731544494,1.2945077203255706,1.3558989642933672,1.2660101820155316,58.64953036153763,0.013141295176565038
2017-09-29,1.343021035194397,1.3431833982467651,1.3352917432785034,1.3118840742111206,1.2949904398765042,1.3575290493466634,1.2662390990755779,60.294683545991106,0.012355353854829332
2017-10-02,1.3394052982330322,1.339674472808838,1.3259083032608032,1.3126626873016358,1.295432378765624,1.358838360506703,1.2664870140965687,57.45222782339525,0.011310351251368367
2017-10-03,1.3275628089904785,1.3287270069122314,1.3225939273834229,1.3131519174575805,1.2957520845390054,1.359432329821497,1.266871505093664,49.26100387621562,0.00941802412957693
2017-10-04,1.3241175413131714,1.3289036750793457,1.3242226839065552,1.3135790300369263,1.2960343278899922,1.3598622393232702,1.2672958207505824,47.154651070995286,0.0075532675769400814
2017-10-05,1.323276400566101,1.3249069452285767,1.312284231185913,1.313815050125122,1.2963053932897544,1.3601747686123709,1.2674553316378732,46.63041425569682,0.005939099305712459
2017-10-06,1.3112690448760986,1.311475396156311,1.302897572517395,1.3138870692253113,1.2964542853453398,1.360218991079341,1.2675551473712816,39.824095434933845,0.003648903775426149
2017-10-09,1.3084039688110352,1.318426251411438,1.307651162147522,1.3137653040885926,1.2965731876683817,1.3601227285881634,1.2674078795890218,38.38439805825721,0.0015844550125994061
2017-10-10,1.314405918121338,1.3223315477371216,1.3141123056411743,1.3136626267433167,1.2967506277723913,1.3599905801303158,1.2673346733563176,43.030696017107694,0.00042774091248753976
2017-10-11,1.3211086988449097,1.322226643562317,1.3175230026245117,1.313668909072876,1.2969929966387845,1.3600008949581825,1.2673369231875693,47.767691335115146,5.130364490701922e-05
2017-10-12,1.3239772319793701,1.326611876487732,1.31271493434906,1.3136916756629944,1.2972614964929197,1.3600431677669573,1.2673401835590314,49.69547645641145,-1.5381641131018142e-05
2017-10-13,1.326435923576355,1.333653450012207,1.3260313272476196,1.3139322757720948,1.2975517892997201,1.3604235796244646,1.267440971919725,51.352795645901125,0.00012868228371121226
2017-10-16,1.3288860321044922,1.3312033414840698,1.325644612312317,1.3144160056114196,1.2978635728102152,1.3610183862403586,1.2678136249824805,53.014038721760656,0.0004355366682828876
2017-10-17,1.3252933025360107,1.3285858631134033,1.3156336545944214,1.3148462533950807,1.2981365054443028,1.361445090883215,1.2682474159069463,50.30147525430899,0.0003843867570765269
2017-10-18,1.319487452507019,1.3201320171356201,1.3144922256469727,1.3152636623382568,1.2983489526787577,1.3616425135200014,1.268884811156512,46.18856306512445,-0.00012321316720220743
2017-10-19,1.321300745010376,1.322873830795288,1.3138532638549805,1.3156615662574769,1.2985773287218583,1.3618962878943786,1.2694268446205752,47.62884528936249,-0.00037485116268332064
2017-10-20,1.3150626420974731,1.3200970888137817,1.3090718984603882,1.3160093522071838,1.2987413616907697,1.3619524767872142,1.2700662276271535,43.33198756388529,-0.001065358073417677
2017-10-23,1.3189828395843506,1.322226643562317,1.3161531686782837,1.316377148628235,1.2989427694310043,1.3621104978685137,1.2706437993879562,46.592764663412076,-0.001281490376909833
2017-10-24,1.3206549882888794,1.3229262828826904,1.31137216091156,1.3168600010871887,1.2991588114096897,1.3622457747939243,1.2714742273804531,47.96808719408109,-0.0013028301439352852
2017-10-25,1.3131976127624512,1.3271048069000244,1.3112002611160278,1.3173898887634277,1.2992985009753888,1.361949714825003,1.2728300627018523,42.688378954721266,-0.0018995926228420057
2017-10-26,1.327351450920105,1.3281975984573364,1.316326379776001,1.3181537532806396,1.2995776348056844,1.3620426325781465,1.2742648739831326,53.213972403675726,-0.0012164126877811654
2017-10-27,1.3130252361297607,1.3139568567276,1.307497262954712,1.3186841654777526,1.2997114417840336,1.361643026421437,1.2757253045340682,44.337898324729416,-0.0018101274491395536
2017-10-30,1.3134045600891113,1.3201320171356201,1.3128528594970703,1.3192049407958983,1.2998476917174173,1.3612354489013903,1.2771744326904064,44.6013843889756,-0.002224400892772538
2017-10-31,1.3212482929229736,1.3284623622894287,1.3192960023880005,1.3198334407806396,1.3000606330229454,1.3610016350936263,1.278665246467653,49.88424914452964,-0.001897913924338912
2017-11-01,1.3292216062545776,1.3318061828613281,1.3253810405731201,1.3207699418067933,1.3003507919605737,1.3605697605460878,1.2809701230674988,54.62145116504124,-0.0009844428551037954
2017-11-02,1.3255391120910645,1.3299640417099,1.3065063953399658,1.3216731858253479,1.3006014220116233,1.35974365627791,1.2836027153727858,52.168742571332956,-0.0005513018896288191
2017-11-03,1.30532968044281,1.3123188018798828,1.3041549921035767,1.3221719121932984,1.3006484693591973,1.3586554211805102,1.2856884032060867,41.227504210665636,-0.0018178121833241079
2017-11-06,1.30804443359375,1.3152875900268555,1.3059945106506348,1.3225223517417908,1.3007220610431232,1.3580901380548522,1.2869545654287293,42.958159483084046,-0.002572815014681762
2017-11-07,1.3175057172775269,1.3177140951156616,1.3112002611160278,1.323018310070038,1.3008890625976943,1.3575661608003735,1.2884704593397023,48.63501691570882,-0.002380275343510707
2017-11-08,1.3172106742858887,1.3178702592849731,1.3088148832321167,1.3235093688964843,1.3010514666940944,1.3569769205665503,1.2900418172264183,48.47300969728944,-0.002225835721914482
2017-11-09,1.3113033771514893,1.3151664733886719,1.3086949586868286,1.323894307613373,1.301153475753372,1.3563115291903032,1.2914770860364426,45.224757522985364,-0.0025507077473747586
2017-11-10,1.3144404888153076,1.3229262828826904,1.3116475343704224,1.3242998504638672,1.3012856848385654,1.3556900289608873,1.2929096719668471,47.24650466030463,-0.0025259152955945385
2017-11-13,1.312026023864746,1.3137152194976807,1.3063015937805176,1.3246101236343384,1.3013925538836022,1.3551750688979363,1.2940451783707405,45.84401149931002,-0.002670312541161124
2017-11-14,1.3123359680175781,1.3130252361297607,1.3077536821365356,1.3250086998939514,1.3015014435764776,1.3543550831501967,1.2956623166377061,46.065344515471466,-0.0027282884844284094
2017-11-15,1.3157894611358643,1.3208643198013306,1.3131630420684814,1.3252420687675477,1.3016436129054265,1.354091857235373,1.2963922802997223,48.58670522923872,-0.0024671272968179725
2017-11-17,1.3200448751449585,1.3259609937667847,1.3171932697296143,1.3255435276031493,1.3018267100421383,1.3538384606898253,1.2972485945164733,51.58981835597211,-0.0018949351941548453
2017-11-20,1.3202714920043945,1.327492356300354,1.318721890449524,1.3257393860816955,1.302010240210917,1.353742757594164,1.297736014569227,51.75144599884445,-0.0014069641369662822
2017-11-21,1.3245033025741577,1.3267878293991089,1.3222790956497192,1.3258341288566589,1.3022340517767206,1.3537870232056495,1.2978812345076682,54.78715048201501,-0.0006710365209317004
2017-11-22,1.3245558738708496,1.3296104669570923,1.3218071460723877,1.3259858918190002,1.3024561594592492,1.3538244672244948,1.2981473164135056,54.825176321409764,-8.261419386457192e-05
2017-11-23,1.3316820859909058,1.333866834640503,1.3289036750793457,1.3260411071777343,1.30274696469837,1.353914376358388,1.2981678379970805,59.76504283503609,0.0009478146838575174
2017-11-24,1.330672025680542,1.335951805114746,1.3280917406082153,1.3262424921989442,1.3030248260016752,1.3541008827209584,1.29838410167693,58.78385966744375,0.0016637548375555422
2017-11-27,1.3324450254440308,1.338186502456665,1.3311679363250732,1.326093237400055,1.3033175643045845,1.3537318962586629,1.298454578541447,60.02449145991804,0.0023471523198759225
2017-11-28,1.3322319984436035,1.3344186544418335,1.3223490715026855,1.3255875730514526,1.3036052701169132,1.3517663590761957,1.2994087870267095,59.79161449915465,0.0028388359163049603
2017-11-29,1.3365410566329956,1.3446282148361206,1.3353630304336548,1.3252851581573486,1.3039329893857299,1.350568562322357,1.3000017539923403,62.92498506780008,0.0035354492344126243
2017-11-30,1.3417235612869263,1.3548849821090698,1.3411837816238403,1.3250889492034912,1.3043090149767866,1.3496838100834314,1.300494088323551,66.3240325480096,0.004454358054503782
2017-12-01,1.3529969453811646,1.3550136089324951,1.3461849689483643,1.325169620513916,1.3047934719957357,1.3501081660328302,1.300231074995002,72.27792423052892,0.00602284024238342
2017-12-04,1.349400281906128,1.3538578748703003,1.3422459363937378,1.324998104572296,1.3052373208505654,1.3491203201648134,1.3008758889797787,68.1388264902656,0.006896158371717531
2017-12-05,1.347527265548706,1.3480722904205322,1.3376137018203735,1.3249340343475342,1.3056581163201986,1.3487928592115805,1.3010752094834879,66.01855026962848,0.007352378867649723
2017-12-06,1.341525673866272,1.3437248468399048,1.3360588550567627,1.3248089170455932,1.30601500744006,1.3482404926116682,1.3013773414795182,59.61710237495308,0.007147269334323969
2017-12-07,1.3392258882522583,1.343111276626587,1.332338571548462,1.324697253704071,1.3063454639655545,1.3477905773754366,1.3016039300327056,57.32333550332607,0.006721661937759027
2017-12-08,1.348435878753662,1.3519543409347534,1.3358268737792969,1.3248681759834289,1.3067642740629486,1.348539727466568,1.3011966245002897,63.39700969809147,0.007046308810217283
2017-12-11,1.3392080068588257,1.3426424264907837,1.335006594657898,1.3247919154167176,1.307087097274848,1.3482483578129612,1.301335473020474,54.957536506115886,0.006484235424547347
2017-12-12,1.334935188293457,1.3377389907836914,1.3312920331954956,1.324702513217926,1.3073641927078692,1.3479648903768686,1.3014401360589833,51.5364899890169,0.005629118494097751
2017-12-13,1.331948161125183,1.3376315832138062,1.3313628435134888,1.32479022026062,1.3076088093090366,1.3481295561310878,1.3014508843901524,49.22939424288588,0.004656724218993213
2017-12-14,1.3409678936004639,1.345569133758545,1.3395129442214966,1.325127227306366,1.3079407404960157,1.3489093373146979,1.301345117298034,55.68115666158832,0.004561331588731621
2017-12-15,1.3432915210723877,1.3449898958206177,1.3308136463165283,1.3255275297164917,1.308292489556477,1.3498501339237168,1.3012049255092666,57.19041830441345,0.004619973382284037
2017-12-18,1.3317352533340454,1.3417775630950928,1.3311325311660767,1.3259368538856506,1.308525750887597,1.3499671414117769,1.3019065663595244,48.36830275506878,0.003691401026227892
2017-12-19,1.3380789756774902,1.339943766593933,1.3335645198822021,1.3265303540229798,1.3088198128258046,1.3502570929986237,1.3028036150473359,52.68325127264067,0.003427871748723721
2017-12-20,1.3386881351470947,1.3418855667114258,1.3379179239273071,1.3270159983634948,1.3091170100628324,1.3507238364186052,1.3033081603083845,53.08867432578924,0.003230932793853114
2017-12-21,1.3372023105621338,1.3388673067092896,1.3336000442504883,1.3273378705978394,1.3093964657891934,1.3511550982867542,1.3035206429089246,51.92011592583752,0.0029212888276315407
2017-12-22,1.338043212890625,1.339943766593933,1.3364337682724,1.3276191902160646,1.309681508048909,1.3516060786863044,1.3036323017458247,52.55659928089647,0.0027124797654558552
2017-12-25,1.3365052938461304,1.3395847082138062,1.3363088369369507,1.32782057762146,1.309948411390175,1.3519356544531964,1.3037055007897236,51.22109555083966,0.0023952884708520195
2017-12-26,1.3376137018203735,1.3379716873168945,1.334917426109314,1.3279951310157776,1.3102236879118685,1.3522675207113757,1.3037227413201795,52.164544942984534,0.0022079000474310995
2017-12-27,1.337470531463623,1.3431833982467651,1.3370413780212402,1.3282386755943298,1.3104948007830302,1.3526444154381625,1.3038329357504972,52.02457549138344,0.00202450350435579
2017-12-28,1.3403927087783813,1.3457139730453491,1.339925765991211,1.3286567807197571,1.3107922924048745,1.353166649959867,1.3041469114796473,54.696520629860544,0.0020908536509374187
2017-12-29,1.344085931777954,1.3541511297225952,1.3439234495162964,1.3291124844551085,1.3111235723986365,1.3539097059104637,1.3043152629997534,57.88872543260624,0.0024136260717184665
2018-01-01,1.351607084274292,1.351607084274292,1.348199486732483,1.329843373298645,1.3115263934123247,1.35510033980824,1.30458640678905,63.525291086006135,0.003238982713671179
2018-01-02,1.3511322736740112,1.3596748113632202,1.3509314060211182,1.3304863619804381,1.3119204817731376,1.3562467099957478,1.3047260139651284,62.95242992730841,0.003810841542373433
2018-01-03,1.359619379043579,1.3614704608917236,1.3498737812042236,1.3312656497955322,1.3123950976663759,1.3581452111690588,1.3043860884220055,68.43229208468206,0.004892484739158265
2018-01-04,1.3511322736740112,1.3561160564422607,1.3506578207015991,1.3320243430137635,1.3127805422037653,1.358963739174803,1.305084946852724,59.02937186438046,0.005007137131783246
2018-01-05,1.3552889823913574,1.3580313920974731,1.3526674509048462,1.3325830936431884,1.3132035117578706,1.3602752836041172,1.3048909036822596,61.79798703281062,0.00537149241249657
2018-01-08,1.3575890064239502,1.3585480451583862,1.3525760173797607,1.3334743690490722,1.3136451584709659,1.3614642655574316,1.3054844725407129,63.27674993417403,0.005779220063376389
2018-01-09,1.3571282625198364,1.3585110902786255,1.3509862422943115,1.3343488430976869,1.3140778261729447,1.3625109749406545,1.3061867112547192,62.75271920372217,0.005996050246918294
2018-01-10,1.353234887123108,1.356024146080017,1.3485267162322998,1.3349885749816894,1.3144674486699612,1.3633882585910986,1.3065888913722803,58.354863136947834,0.005787017735174649
2018-01-11,1.351278305053711,1.3555278778076172,1.3459312915802002,1.335429708957672,1.314833725847909,1.3641472031280075,1.3067122147873367,56.22243414189248,0.0054012162832848265
2018-01-12,1.3541878461837769,1.3694878816604614,1.3540045022964478,1.3360026836395265,1.3152253091348332,1.3650559578326826,1.3069494094463703,58.64268811797941,0.0052694980133105584
2018-01-15,1.3733056783676147,1.3819599151611328,1.3731547594070435,1.3373622035980224,1.3158032232565524,1.3669145116278487,1.307809895568196,70.2723817709776,0.006631317913171619
2018-01-16,1.379824161529541,1.380643367767334,1.3742681741714478,1.3387977981567383,1.3164402475179753,1.3694889406570057,1.3081066556564709,73.05461162143979,0.008142693210445362
2018-01-17,1.3798813819885254,1.384466290473938,1.3758565187454224,1.3400453114509583,1.317071502587334,1.3722380156237703,1.3078526072781462,73.07843057826625,0.009238589526001206
2018-01-18,1.382800817489624,1.3910139799118042,1.380662441253662,1.341357114315033,1.3177255256211877,1.3750618421108638,1.307652386519202,74.32545039325385,0.010224804120601005
2018-01-19,1.3894678354263306,1.3947001695632935,1.3843704462051392,1.3429204034805298,1.3184393794500946,1.3781517983344205,1.307689008626639,76.95112082665412,0.0114127992751889
2018-01-22,1.3891589641571045,1.396921157836914,1.385809302330017,1.3444147729873657,1.3191430569098659,1.3810269923583007,1.3078025536164306,76.5604845015336,0.012188865015566819
2018-01-23,1.3984841108322144,1.4029179811477661,1.391788363456726,1.346143934726715,1.319932520132974,1.3846311774031363,1.3076566920502937,79.88114042339396,0.013401875629369231
2018-01-24,1.401738166809082,1.4239740371704102,1.4001679420471191,1.3479319787025452,1.3207465066670645,1.3882707645281316,1.3075931928769589,80.89810479128519,0.01445909495595199
2018-01-25,1.4220906496047974,1.4339590072631836,1.421666145324707,1.3500580024719238,1.3217549060992808,1.3944806334887758,1.3056353714550717,85.74985739632538,0.01674618456639765
2018-01-26,1.4150274991989136,1.428122639656067,1.4147073030471802,1.351957654953003,1.3226829916027598,1.3991771580230212,1.3047381518829848,78.31562162311957,0.0177837819830422
2018-01-29,1.4149274826049805,1.4158289432525635,1.4027212858200073,1.3538507747650146,1.3236008472346228,1.4034167185955393,1.3042848309344899,78.2122179858598,0.01838607171812745
2018-01-30,1.4076577425003052,1.414987564086914,1.3983275890350342,1.3555138635635375,1.3244372342521917,1.4066169698918758,1.3044107572351993,70.88600676355719,0.01806850096982271
2018-01-31,1.4155884981155396,1.4224750995635986,1.4129881858825684,1.3573345160484314,1.3253442120020757,1.4103851560093128,1.30428387608755,73.77232966715013,0.018246436005616262
2018-02-01,1.420051097869873,1.4273276329040527,1.4162501096725464,1.3591018962860106,1.3262865690753871,1.4145003993420955,1.3037033932299258,75.25868927774488,0.01853389806812933
2018-02-02,1.4266760349273682,1.427633285522461,1.4104372262954712,1.3610219764709472,1.3272854692331182,1.418993714483304,1.3030502384585905,77.31410033695853,0.019076390126614884
2018-02-05,1.411133885383606,1.4150274991989136,1.3989927768707275,1.3625957536697388,1.3281197818316306,1.4216630429021,1.3035284644373777,63.901804660944805,0.018044195164653942
2018-02-06,1.3943694829940796,1.3998740911483765,1.3840447664260864,1.3638385033607483,1.3287789828382222,1.4229129724173737,1.304764034304123,53.184385127011524,0.01569253230965506
2018-02-07,1.395868182182312,1.3992276191711426,1.3871742486953735,1.3650250458717346,1.3294465370605515,1.424244677563196,1.305805414180273,53.92829862305895,0.013790783486028912
2018-02-08,1.3879250288009644,1.4063708782196045,1.3848114013671875,1.3659490752220154,1.3300284126002573,1.425126482003403,1.3067716684406276,49.443868049148044,0.011510007545518786
2018-02-09,1.3934950828552246,1.3986600637435913,1.378796935081482,1.3667590379714967,1.330659921757023,1.426320222383671,1.3071978535593223,52.431073421031165,0.010036241447789251
2018-02-12,1.3827433586120605,1.3874821662902832,1.3798623085021973,1.3674258995056152,1.3311781649098096,1.4269404230728218,1.3079113759384087,46.6955844475167,0.00790952087378538
2018-02-13,1.3852334022521973,1.3924086093902588,1.3833363056182861,1.3681800222396852,1.3317160279679428,1.4276209229386687,1.3087391215407016,48.111274652067245,0.006351785775715824
2018-02-14,1.3886960744857788,1.3980343341827393,1.3807005882263184,1.3691234302520752,1.332282993604936,1.4283345064763247,1.3099123540278257,50.096127866894385,0.005335177591864859
2018-02-15,1.401581048965454,1.409840703010559,1.4001288414001465,1.3703705334663392,1.3329725264940955,1.4296380192230727,1.3111030477096057,56.72910013120374,0.0055057511659515335
2018-02-16,1.4104173183441162,1.414467215538025,1.4006386995315552,1.3716101622581482,1.3337431214378768,1.4315935334617902,1.3116267910545063,60.596984351360675,0.006281535413280803
2018-02-19,1.4031543731689453,1.405283808708191,1.3962385654449463,1.3728890895843506,1.3344337806590816,1.4327794069298443,1.312998772238857,56.15388666393615,0.006238378893217211
2018-02-20,1.3992668390274048,1.4023475646972656,1.393378734588623,1.3741757225990296,1.3350788857174727,1.4334994141775195,1.3148520310205398,53.876783816639374,0.005823357484233016
2018-02-21,1.4001091718673706,1.4009525775909424,1.391072154045105,1.3755389428138733,1.3357259532413523,1.434028703341672,1.3170491822860746,54.30912489486503,0.0054990298549209005
2018-02-22,1.3910139799118042,1.395206093788147,1.385809302330017,1.3765398645401001,1.3362760828599638,1.4343234969766978,1.3187562321035025,48.971332713348424,0.004456717626327267
2018-02-23,1.3953033685684204,1.4004818201065063,1.3925055265426636,1.3775801014900209,1.3368634190361675,1.4347905096123632,1.3203696933676785,51.39747305342059,0.003931475885633917
2018-02-26,1.3968042135238647,1.4072614908218384,1.3933398723602295,1.3788814806938172,1.3374598448519652,1.4347806349783352,1.3229823264092992,52.252882352029886,0.0035948840808452953
2018-02-27,1.3966480493545532,1.3994430303573608,1.3861743211746216,1.3800528621673585,1.3380487822102,1.4349070020239019,1.325198722310815,52.15003337964002,0.003277747672352671
2018-02-28,1.3906078338623047,1.3915947675704956,1.377771019935608,1.3810912561416626,1.3385717578485294,1.4347008941430914,1.3274816181402338,48.19838820824801,0.0025100851743244945
2018-03-01,1.375421166419983,1.3777141571044922,1.3715351819992065,1.3818556332588197,1.3389384186303348,1.4339803772876727,1.3297308892299666,39.99295400289511,0.0006685631913043721
2018-03-02,1.377543330192566,1.381577968597412,1.375932216644287,1.3826456356048584,1.339322547103591,1.4332347988469298,1.332056472362787,41.49190052960377,-0.0006125542231212311
2018-03-05,1.3795006275177002,1.3877323865890503,1.3769173622131348,1.3835055422782898,1.3397223289982587,1.4323242114018397,1.3346868731547399,42.908407254906884,-0.0014531603398473258
2018-03-06,1.3852334022521973,1.392835259437561,1.382055401802063,1.3844579362869263,1.340175175498298,1.4314460258205777,1.3374698467532748,46.95890061390392,-0.0016378792805149534
2018-03-07,1.390008568763733,1.3910139799118042,1.384868860244751,1.3855086970329284,1.3406710301576554,1.4305160209152787,1.3405013731505782,50.1325658515574,-0.0013830118424480453
2018-03-08,1.390627145767212,1.3912075757980347,1.3814635276794434,1.386513385772705,1.3411681059348648,1.4296123240478438,1.3434144474975662,50.54537135300264,-0.0011182233839421851
2018-03-09,1.3805670738220215,1.3886574506759644,1.3789299726486206,1.3872430086135865,1.3415601354660802,1.428610701503613,1.3458753157235601,44.14504116675625,-0.001700537614256703
2018-03-12,1.38554048538208,1.390627145767212,1.3843896389007568,1.3879216766357423,1.34199775088813,1.4279963046230226,1.347847048648462,47.67270558102812,-0.0017406479823416365
2018-03-13,1.3907625675201416,1.3987970352172852,1.3875783681869507,1.3887142825126648,1.3424829729441699,1.427361195887143,1.3500673691381866,51.1606487260685,-0.0013356606872654275
2018-03-14,1.397233486175537,1.3997761011123657,1.3926994800567627,1.389466564655304,1.3430277541703526,1.4272567155597387,1.3516764137508692,55.15006926221326,-0.0004869431053677875
2018-03-15,1.3971552848815918,1.3987970352172852,1.3924474716186523,1.3903870248794556,1.3435663365654893,1.4265740742523472,1.3541999755065641,55.09150168956599,0.00017731749637817096
2018-03-16,1.3938642740249634,1.398014783859253,1.3892555236816406,1.3911585307121277,1.344066813555136,1.4259076182127046,1.3564094432115508,52.5617325294297,0.00043319809896802397
2018-03-19,1.3943500518798828,1.4087482690811157,1.3914011716842651,1.3918937516212464,1.3445671442847353,1.4252723578859996,1.3585151453564932,52.905495895104046,0.0006674891338800393
2018-03-20,1.4025245904922485,1.4068654775619507,1.3985426425933838,1.3928016781806947,1.3451438352917753,1.4247599010169667,1.3608434553444226,58.37218759611636,0.001495543718528225
2018-03-21,1.4004818201065063,1.4078954458236694,1.4003640413284302,1.3937466168403625,1.3456944620063496,1.4236581547900644,1.3638350788906606,56.603944238173604,0.0019643051575690684
2018-03-22,1.414627194404602,1.4199503660202026,1.4079549312591553,1.3950135946273803,1.3463803598411581,1.4228795355583261,1.3671476536964344,64.60064715982477,0.0034375890762377015
2018-03-23,1.4114724397659302,1.4170929193496704,1.4088078737258911,1.3961592864990235,1.3470280422284693,1.421795321385643,1.3705232516124042,61.86269795077376,0.004301035205713566
2018-03-26,1.4147672653198242,1.4245014190673828,1.414627194404602,1.3969885182380677,1.3477020643487814,1.4222873287206994,1.371689707755436,63.597962646354006,0.0051913447791953615
2018-03-27,1.423892855644226,1.4242985248565674,1.4069050550460815,1.3978698921203614,1.3484601816751043,1.4237908905091394,1.3719488937315834,67.94792184527012,0.006557687464876061
2018-03-28,1.417635440826416,1.420454502105713,1.409343957901001,1.3986249732971192,1.3491484927114357,1.4246066551781298,1.3726432914161086,62.43821335735008,0.007054285395941662
2018-03-29,1.4080342054367065,1.409641981124878,1.4020919799804688,1.3991296410560607,1.3497344202012393,1.4248355614951032,1.3734237206170183,55.06068470333024,0.006597056616874486
2018-03-30,1.4029377698898315,1.4061731100082397,1.401443600654602,1.3993990397453309,1.350263806765305,1.4249736657358918,1.37382441375477,51.576986656113824,0.005757095545582569
2018-04-02,1.403823971748352,1.407736897468567,1.402760624885559,1.3996923398971557,1.3507967437303103,1.4251235964721596,1.3742610833221518,52.14399073201366,0.0051040926260694786
2018-04-03,1.4046719074249268,1.4088475704193115,1.4023277759552002,1.39981609582901,1.3513328150108537,1.4252835515456321,1.3743486401123879,52.714518932604044,0.004601955946792469
2018-04-04,1.4068654775619507,1.409840703010559,1.401738166809082,1.3999186420440675,1.3518853788173322,1.4254588737291434,1.3743784103589916,54.234547319793705,0.004331085728126682
2018-04-05,1.4088078737258911,1.409602165222168,1.396765112876892,1.3996529865264893,1.3524517718014968,1.4245193377779608,1.3747866352750178,55.595739661835864,0.004224457350761268
2018-04-06,1.400874137878418,1.410258173942566,1.3984057903289795,1.3993699193000793,1.3529335863893268,1.4238410070616212,1.3748988315385373,49.16367132926553,0.0034598840262376473
2018-04-09,1.4091651439666748,1.4164307117462158,1.4081333875656128,1.3992546725273132,1.3534931043751712,1.423479744256036,1.3750296007985903,55.020206731133186,0.003482821263053104
2018-04-10,1.4138271808624268,1.4187617301940918,1.4122298955917358,1.3993780612945557,1.3540934434446963,1.4238395227006935,1.3749165998884179,57.95346284014941,0.0038330021409820336
2018-04-11,1.4182183742523193,1.4222726821899414,1.4162299633026123,1.3994306588172913,1.3547315024577073,1.4240452201431144,1.3748160974914683,60.56223620358832,0.004413974071989291
2018-04-12,1.4189025163650513,1.424663782119751,1.4147073030471802,1.3994076871871948,1.3553700200090242,1.423945726051196,1.3748696483231935,60.96855710881732,0.004873425251178842
2018-04-13,1.4238117933273315,1.429592490196228,1.4223132133483887,1.3993504023551941,1.356051032678858,1.4236407323094127,1.3750600724009756,63.84699694564327,0.005569479747521422
2018-04-16,1.4246840476989746,1.4336917400360107,1.4238320589065552,1.3996214056015015,1.3567339482511975,1.4247366787169635,1.3745061324860395,64.35004770330207,0.006120933280029162
2018-04-17,1.4342057704925537,1.4377111196517944,1.4294085502624512,1.400418131351471,1.3575048121540967,1.4273174516792735,1.3735188110236685,69.36178155941273,0.007242797173304671
2018-04-18,1.4296538829803467,1.431639313697815,1.417474627494812,1.4010938453674315,1.358222713356348,1.4291971129993497,1.3729905777355134,64.68051685257679,0.0076760978331784635
2018-04-19,1.4204343557357788,1.4247043132781982,1.4166713953018188,1.4017440319061278,1.3588417346735562,1.4301068024405903,1.3733812613716654,56.38058790743392,0.007192640645955484
2018-04-20,1.4086490869522095,1.4088475704193115,1.4008938074111938,1.4020471119880675,1.3593373302186174,1.430373942803732,1.373720281172403,47.91614655030975,0.005791760831111992
2018-04-23,1.4001679420471191,1.404297113418579,1.3938837051391602,1.4023956036567689,1.3597436049631797,1.4301765816267042,1.3746146256868335,42.92213346493688,0.003951643880260258
2018-04-24,1.3938252925872803,1.3981907367706299,1.3919821977615356,1.4025674414634706,1.3600827262330712,1.4300194718943358,1.3751154110326054,39.59825772908132,0.0019589574931355713
2018-04-25,1.3993842601776123,1.3992079496383667,1.39271879196167,1.4027812051773072,1.3604737862723204,1.4299574316817751,1.3756049786728393,43.712444313798315,0.0008188620689117965
2018-04-26,1.3939224481582642,1.3996193408966064,1.3896030187606812,1.4026280331611634,1.3608066087786481,1.4299179631027945,1.3753381032195322,40.77382541674589,-0.0005194069523954958
2018-04-27,1.391943335533142,1.3935340642929077,1.3750240802764893,1.4022585535049439,1.3611164269553098,1.4296181877407839,1.374898919269104,39.73152747404982,-0.0017198670850262499
2018-04-30,1.37710702419281,1.3793102502822876,1.3716667890548706,1.4017376065254212,1.3612755373755834,1.4300044979085476,1.373470715142295,32.93472595041517,-0.0038243223148344274
2018-05-01,1.3772207498550415,1.3776001930236816,1.3591018915176392,1.4012966847419739,1.3614341962062249,1.4303963881372117,1.372196981346736,33.029299869189174,-0.00542045787151646
2018-05-02,1.3609329462051392,1.366474986076355,1.3582526445388794,1.4005131602287293,1.3614292086440252,1.43177288420862,1.3692534362488387,27.12875319502831,-0.007908531799718288
2018-05-03,1.3573862314224243,1.3628991842269897,1.3540228605270386,1.3998406052589416,1.3613889800149546,1.433303856814986,1.3663773537028971,26.03794591952645,-0.010050680566022097
2018-05-04,1.3572388887405396,1.35869562625885,1.3494548797607422,1.399079315662384,1.361347685574413,1.434630669032128,1.36352796229264,25.99119056508634,-0.011626218410928812
2018-05-07,1.3531982898712158,1.3575890064239502,1.3517167568206787,1.398207197189331,1.3612665970599536,1.4360518013716295,1.3603625930070327,24.682274890119828,-0.01305044861618998
2018-05-08,1.3570362329483032,1.3591203689575195,1.3485630750656128,1.397414960861206,1.3612245038847133,1.4370107323728123,1.3578191893495999,28.372095203591087,-0.01371141472964732
2018-05-09,1.3553440570831299,1.3605997562408447,1.350001335144043,1.3967096853256225,1.3611659919762398,1.438019476651267,1.3553998939999778,27.727117942241378,-0.014207998622829843
2018-05-10,1.3544628620147705,1.361767053604126,1.3461849689483643,1.3962905192375183,1.3610992941656779,1.438887270152662,1.3536937683223746,27.37808429422418,-0.014505440326670227
2018-05-11,1.352338194847107,1.359619379043579,1.3503477573394775,1.395786416530609,1.3610121190480802,1.4398596976259461,1.351713135435272,26.511520122613646,-0.014742663654145893
2018-05-14,1.355380892753601,1.3607293367385864,1.3544812202453613,1.3953040218353272,1.3609560869456476,1.4406154674322806,1.3499925762383738,29.931872090866392,-0.014517792483369263
2018-05-15,1.3562448024749756,1.3574045896530151,1.3452974557876587,1.3947242498397827,1.3609092084932033,1.4412862168545306,1.3481622828250348,30.915043481172972,-0.014107250562869211
2018-05-16,1.3500195741653442,1.352155327796936,1.3457863330841064,1.393924469947815,1.3608008539227767,1.4421607027903882,1.3456882371052419,27.879318164356647,-0.014121433931190142
2018-05-17,1.354830026626587,1.3569257259368896,1.347563624382019,1.3932085275650024,1.3607414427058993,1.442691048018597,1.3437260071114077,33.327535762490314,-0.013587878437311796
2018-05-18,1.3515340089797974,1.3528138399124146,1.3456233739852905,1.392627866268158,1.3606498264499183,1.4433809449461723,1.3418747875901436,31.56787767366079,-0.013277933193848401
2018-05-21,1.3477089405059814,1.3475998640060425,1.3392976522445679,1.391871235370636,1.3605210614156502,1.4441603243331071,1.3395821464081648,29.613750308598753,-0.013188916790825678
2018-05-22,1.3431833982467651,1.3490906953811646,1.3414356708526611,1.3909196519851685,1.3603485473542682,1.4449924101442182,1.3368468938261189,27.448804593881007,-0.013329885466790037
2018-05-23,1.3441040515899658,1.3444474935531616,1.3307960033416748,1.389857063293457,1.3601869105804942,1.445489020850278,1.334225105736636,28.592492861591566,-0.013214981052013464
2018-05-24,1.3371307849884033,1.3422459363937378,1.3350956439971924,1.3886565732955933,1.3599574963954983,1.446203319276012,1.3311098273151747,25.33483153290301,-0.013530630130566657
2018-05-25,1.3383476734161377,1.3385089635849,1.330672025680542,1.3875462412834167,1.359742473281276,1.4467998753369806,1.3282926072298529,26.900033073022144,-0.013526664603795258
2018-05-28,1.3309022188186646,1.3347570896148682,1.329734206199646,1.3862772846221925,1.3594555055751802,1.4476170256846626,1.3249375435597224,23.635360769131466,-0.013963347083715494
2018-05-29,1.3315579891204834,1.3326226472854614,1.3207770586013794,1.384857952594757,1.3591779183467751,1.4479231330933657,1.3217927720961484,24.504428187126663,-0.014094038608479798
2018-05-30,1.3253810405731201,1.330849051475525,1.324327826499939,1.3833559370040893,1.3588416310057438,1.4484470840428534,1.3182647899653253,21.968334887341925,-0.014528564460908333
2018-05-31,1.328356385231018,1.334935188293457,1.3278625011444092,1.3816305208206177,1.358538295226891,1.4479012762356012,1.3153597654056342,25.94416585801936,-0.014466087826016771
2018-06-01,1.3289390802383423,1.3361839056015015,1.3256269693374634,1.3799798536300658,1.3582437756747663,1.4473195785167268,1.3126401287434049,26.73150709107611,-0.014205800401217994
2018-06-04,1.3356484174728394,1.339943766593933,1.3296988010406494,1.3783974766731262,1.3580189462399213,1.446117933648502,1.3106770196977504,35.265677890978,-0.013304764258795121
2018-06-05,1.3316465616226196,1.3392438888549805,1.3303357362747192,1.3765525507926941,1.3577565344526843,1.444240230655491,1.3088648709298973,32.81081314896352,-0.012766439380176076
2018-06-06,1.3406083583831787,1.3444474935531616,1.3399975299835205,1.3750120091438294,1.3575859058350774,1.442388736943209,1.3076352813444498,42.46899970877812,-0.011484287219387879
2018-06-07,1.3421558141708374,1.3473457098007202,1.3375064134597778,1.373694441318512,1.357432372584687,1.441011935846106,1.3063769467909179,43.966785092747386,-0.010225433216115132
2018-06-08,1.3419216871261597,1.3436344861984253,1.3357733488082886,1.3724741196632386,1.3572780374059952,1.4398400278927623,1.305108211433715,43.78106793397667,-0.009141299237444223
2018-06-11,1.341381549835205,1.3440499305725098,1.3345789909362793,1.3712252712249755,1.3571198634003157,1.438534173537374,1.303916368912577,43.326376314308874,-0.008230820043890086
2018-06-12,1.3374348878860474,1.3422818183898926,1.3347392082214355,1.369880530834198,1.3569239929971886,1.4371486075312008,1.302612454137195,40.05313821023318,-0.007738516557204589
2018-06-13,1.3372559547424316,1.3381506204605103,1.331398367881775,1.3684883403778076,1.3567282911240068,1.4355130054772085,1.3014636752784068,39.905938043660676,-0.0072788943433983455
2018-06-14,1.3382760286331177,1.3445558547973633,1.3307428359985352,1.3670777034759523,1.3565446865221076,1.4336058128649858,1.3005495940869187,41.23192347312515,-0.006754467690664567
2018-06-15,1.3256621360778809,1.329787254333496,1.3213355541229248,1.3655734634399415,1.3562373974629611,1.4323831430157714,1.2987637838641115,31.867894625717597,-0.007272854560414377
2018-06-18,1.3275099992752075,1.3276686668395996,1.3228213787078857,1.363940360546112,1.355951552704874,1.4303918307508456,1.2974888903413784,34.22456189026171,-0.007448708695498185
2018-06-19,1.3258730173110962,1.327492356300354,1.3151837587356567,1.3621812772750854,1.355652263795483,1.4278950867538063,1.2964674677963646,33.1312525053236,-0.007632186038407429
2018-06-20,1.317332148551941,1.3215975761413574,1.3149935007095337,1.3601635527610778,1.3552709691164428,1.4250445809383319,1.2952825245838238,28.089396634074134,-0.008370282478301183
2018-06-21,1.3175230026245117,1.3270167112350464,1.3103240728378296,1.358135962486267,1.3548953674598068,1.4218504758215043,1.2944214491510297,28.351783458347356,-0.008837950504015257
2018-06-22,1.3247840404510498,1.3315579891204834,1.324643611907959,1.3561554074287414,1.35459575226569,1.417655207559111,1.294655607298372,37.6699135739852,-0.008524411603480386
2018-06-25,1.3262423276901245,1.32908034324646,1.3222790956497192,1.3541865730285645,1.3543136286380724,1.412975065380432,1.295398080676697,39.37522073586632,-0.008065286569989949
2018-06-26,1.3278449773788452,1.3294336795806885,1.3213530778884888,1.3520593571662902,1.3540502589738015,1.406571380956347,1.2975473333762335,41.27671678469449,-0.007485814428183746
2018-06-27,1.3221042156219482,1.3234341144561768,1.3127838373184204,1.3499083638191223,1.3537323878956735,1.4002514159399777,1.2995653116982668,36.82155951865425,-0.007404456116171465
2018-06-28,1.3120431900024414,1.3121638298034668,1.305193305015564,1.3477405405044556,1.3533175700061888,1.3949236950931185,1.3005573859157926,30.590023392940523,-0.008058921520952556
2018-06-29,1.3075141906738281,1.3208295106887817,1.3070528507232666,1.345717842578888,1.3528618149879565,1.390870921247987,1.300564763909789,28.270636443823363,-0.008841127450958552
2018-07-02,1.3207770586013794,1.3208295106887817,1.3096375465393066,1.3441300249099732,1.3525425636806274,1.3869933362886437,1.3012667135313027,42.11259007884259,-0.008295206707301439
2018-07-03,1.314405918121338,1.3208295106887817,1.311785101890564,1.3425416374206542,1.3521630945705847,1.3837422234753087,1.3013410513659998,38.29006025803616,-0.008281197881393476
2018-07-04,1.3194352388381958,1.3227514028549194,1.3172626495361328,1.340942656993866,1.3518374442647898,1.3792424588168455,1.3026428551708866,42.710739261219686,-0.007774650306686004
2018-07-05,1.3229262828826904,1.327351450920105,1.3206201791763306,1.3395227336883544,1.3515497710172066,1.3749629839473954,1.3040824834293134,45.62267876433091,-0.007010694701224285
2018-07-06,1.3225764036178589,1.3280036449432373,1.3204632997512817,1.3381353950500487,1.3512614788042778,1.3704970782078951,1.3057737118922024,45.37375782039479,-0.006360170624609918
2018-07-09,1.329787254333496,1.3360053300857544,1.321038842201233,1.3371889996528625,1.3510478049289467,1.3676082234872355,1.3067697758184895,51.27429767325055,-0.00520279562858339
2018-07-10,1.325556755065918,1.3301409482955933,1.3227163553237915,1.3361557197570801,1.3507941626417523,1.3644611489062137,1.3078502906079466,47.998564814606716,-0.0045742049535708595
2018-07-11,1.3257324695587158,1.3283741474151611,1.3231364488601685,1.3354517102241517,1.350544792561324,1.3629822037218002,1.307921216726503,48.14674339722426,-0.004015574579664838
2018-07-12,1.3210039138793945,1.3242928981781006,1.3182177543640137,1.3347240638732911,1.3502508534699615,1.3618078507594629,1.3076402769871194,44.47406781368115,-0.0039093463969814835
2018-07-13,1.3180439472198486,1.321999430656433,1.3103584051132202,1.3339401650428773,1.3499303867411048,1.360630138864939,1.3072501912208154,42.29892405018471,-0.004017690928723505
2018-07-16,1.3227688074111938,1.3292746543884277,1.3224014043807983,1.3333315753936767,1.3496601222701603,1.3596137955007188,1.3070493552866347,46.77391785768875,-0.0036798786699099306
2018-07-17,1.3236442804336548,1.3269639015197754,1.3146305084228516,1.3326637363433838,1.3494012581722845,1.3581730501166707,1.3071544225700968,47.58506946075137,-0.0033034367027242606
2018-07-18,1.3106160163879395,1.311991572380066,1.3012362718582153,1.33176917552948,1.3490153353684602,1.357168959228368,1.306369391830592,38.24447180160367,-0.00401014925398635
2018-07-19,1.3078221082687378,1.3083868026733398,1.2959076166152954,1.3308363604545592,1.3486054525117466,1.3562601590793388,1.3054125618297796,36.58592310849822,-0.0047410175785413955
2018-07-20,1.3023037910461426,1.311475396156311,1.2997984886169434,1.32983567237854,1.3481447394623376,1.3557393189988487,1.3039320257582314,33.496103824693634,-0.005699814163074413
2018-07-23,1.3147169351577759,1.3157894611358643,1.3099292516708374,1.3290223932266236,1.347812124494133,1.3541955623054274,1.30384922414782,44.79114072740231,-0.0053958305988823785
2018-07-24,1.3102725744247437,1.3157894611358643,1.3073604106903076,1.3281029486656188,1.347438596632746,1.352566016427231,1.3036398809040066,42.03819997802074,-0.005450711789698692
2018-07-25,1.3152183294296265,1.3177140951156616,1.3134218454360962,1.3274069237709045,1.3471179969590832,1.3512984525226095,1.3035153950191996,46.01459128446649,-0.005037060337217181
2018-07-26,1.3199577331542969,1.3212658166885376,1.3115614652633667,1.3267094779014588,1.3468477455779408,1.3493360026523618,1.3040829531505558,49.583962753498014,-0.004277499952396457
2018-07-27,1.3108737468719482,1.3130252361297607,1.3083524703979492,1.3258962726593018,1.3464897953420603,1.3477920429505,1.3040005023681036,43.62961515499687,-0.004358304824961801
2018-07-30,1.3111830949783325,1.3152703046798706,1.3099122047424316,1.3251657557487488,1.3461384848906797,1.3465217387845316,1.303809772712966,43.876782553920904,-0.0043472688525312275
2018-07-31,1.3135426044464111,1.3175230026245117,1.3095347881317139,1.3245729398727417,1.345814147771831,1.3455293500494756,1.3036165296960078,45.82786267501722,-0.004100857932489488
2018-08-01,1.3121638298034668,1.314578652381897,1.3097577095031738,1.3239341354370118,1.34547931873732,1.3444020584630842,1.3034662124109393,44.84674805557094,-0.003971055240925336
2018-08-02,1.3126115798950195,1.3128528594970703,1.3018969297409058,1.323443751335144,1.3451522765597845,1.3437957342812363,1.3030917683890517,45.256620598967785,-0.0037883858286538175
2018-08-03,1.3018121719360352,1.3043080568313599,1.2976226806640625,1.322713041305542,1.3447210317376577,1.3434997929675319,1.301926289643552,37.934158898480064,-0.004463587512876677
2018-08-06,1.3003562688827515,1.3007283210754395,1.292073130607605,1.3221021223068237,1.3442795913112406,1.343686682814372,1.3005175617992752,37.063518479070034,-0.005057865001770523
2018-08-07,1.2944984436035156,1.2973533868789673,1.2938284873962402,1.3213609313964845,1.3437842565081786,1.3441326894209937,1.2985891733719752,33.71101781989407,-0.005933118441250107
2018-08-08,1.2946659326553345,1.2961763143539429,1.2855453491210938,1.3207466292381287,1.3432955169673544,1.3447021443478584,1.296791114128399,33.89513332090961,-0.0065378834801130825
2018-08-09,1.2881617546081543,1.2911388874053955,1.2843565940856934,1.3199427366256713,1.342746922317014,1.345500068139587,1.2943854051117556,30.367752602395,-0.00745604825814139
2018-08-10,1.2828407287597656,1.283861756324768,1.2726045846939087,1.3190207695960998,1.3421508407890812,1.3465066387031446,1.291534900489055,27.81729818093845,-0.008514908214495076
2018-08-13,1.2758845090866089,1.2792631387710571,1.2733014822006226,1.3178254914283754,1.3414914743044795,1.3474728997659398,1.288178083090811,24.875945425177704,-0.009802375468021207
2018-08-14,1.2762752771377563,1.2818048000335693,1.2735122442245483,1.316718065738678,1.3408425569197358,1.348329800581563,1.2851063308957928,25.353444334572416,-0.010668194520486729
2018-08-15,1.271779179573059,1.2732527256011963,1.2663357257843018,1.3153414821624756,1.3401553591351918,1.3486556393446818,1.2820273249802694,23.50243904166743,-0.011583630968229341
2018-08-16,1.2693899869918823,1.2754452228546143,1.2689388990402222,1.3138861656188965,1.3394512260790394,1.3487410710360523,1.2790312602017406,22.559882024236657,-0.012359436927002143
2018-08-17,1.2714558839797974,1.2748597860336304,1.2700024843215942,1.3124768495559693,1.3387746555108877,1.3483873039863465,1.2765663951255921,25.34779692635506,-0.012661612924987464
2018-08-20,1.2747135162353516,1.2776776552200317,1.27304208278656,1.3111434888839721,1.3381372312394895,1.3476197200537192,1.274667257714225,29.648737858739466,-0.012494200516413478
2018-08-21,1.2804261445999146,1.287713885307312,1.2800164222717285,1.3100033140182494,1.337562991571434,1.3466885518727776,1.2733180761637213,36.552043287939675,-0.011764944651367015
2018-08-22,1.290555715560913,1.2936609983444214,1.287166953086853,1.309069309234619,1.3370952574817772,1.3452976285205311,1.272840989948707,46.56477540502159,-0.010251459955067377
2018-08-23,1.2904725074768066,1.2909221649169922,1.2817555665969849,1.3081132388114929,1.3366313495215287,1.3437131943765326,1.2725132832464532,46.499860300718076,-0.008955493274304782
2018-08-24,1.281065821647644,1.2880123853683472,1.2800819873809814,1.3072213125228882,1.336078458696913,1.343258644185423,1.2711839808603533,39.752837464061464,-0.008588468752679823
2018-08-27,1.2860909700393677,1.289324402809143,1.2830052375793457,1.3063929319381713,1.335581070750072,1.3424308863550622,1.2703549775212803,44.394516320276885,-0.007802173101894017
2018-08-28,1.2896735668182373,1.2931592464447021,1.2862894535064697,1.3056689429283141,1.335124279666173,1.3415637425992377,1.2697741432573906,47.50001530930056,-0.006811424651232967
2018-08-29,1.2867693901062012,1.3014055490493774,1.2846205234527588,1.3050576877593993,1.334643136486472,1.3411819969122858,1.268933378606513,45.29179163820289,-0.00618924637602003
2018-08-30,1.3035939931869507,1.304291009902954,1.2990050315856934,1.3047791075706483,1.3343341897869743,1.3407254484763789,1.2688327666649177,57.59180474659566,-0.004289118463060904
2018-08-31,1.301100730895996,1.3028637170791626,1.2961763143539429,1.3043054413795472,1.3340035086039794,1.3397971168423142,1.2688137659167802,55.59694735966409,-0.0029504281332339843
2018-09-03,1.292306900024414,1.2934937477111816,1.2856279611587524,1.303626732826233,1.333588616976322,1.3387016134608463,1.2685518521916197,49.13271772456777,-0.002569475743401828
2018-09-04,1.2869019508361816,1.2870012521743774,1.2813942432403564,1.3028078722953795,1.333124073034629,1.3374844504828822,1.2681312941078768,45.62168151924479,-0.00267289103426549
2018-09-05,1.2858428955078125,1.2979259490966797,1.2793285846710205,1.302082645893097,1.3326536135567502,1.3366285172860115,1.2675367745001824,44.94396569178471,-0.002807937159749141
2018-09-06,1.2914891242980957,1.2959914207458496,1.289723515510559,1.30167156457901,1.3322440166487037,1.3362228242679255,1.2671203048900945,49.27069530179619,-0.0024313318313762267
2018-09-07,1.2925406694412231,1.3024225234985352,1.2918561697006226,1.3013720941543578,1.3318489584675348,1.3359761811834516,1.266768007125264,50.05787873882157,-0.002024679248368688
2018-09-10,1.2930254936218262,1.3052103519439697,1.289823293685913,1.3008170628547668,1.3314626553347417,1.3350388901026666,1.266595235606867,50.43972782378163,-0.0016443280962961104
2018-09-11,1.302643060684204,1.30804443359375,1.2976733446121216,1.300581805706024,1.3311758931989155,1.3345833601381776,1.2665802512738706,57.39826140096557,-0.00056038007079251
2018-09-12,1.3015578985214233,1.3044441938400269,1.298414707183838,1.3002242588996886,1.330881186784214,1.3337897947982877,1.2666587230010895,56.43543056710005,0.0002086874127935623
2018-09-13,1.3045463562011719,1.3120088577270508,1.3027619123458862,1.2998566603660584,1.33061914866896,1.3328042946374836,1.2669090260946332,58.50003172995403,0.001047250442332004
2018-09-14,1.311131477355957,1.3143367767333984,1.3073604106903076,1.2996277618408203,1.3304252414917164,1.3320865406451765,1.267168983036464,62.69536858990253,0.0022176186009863486
2018-09-17,1.307326316833496,1.3156682252883911,1.3070186376571655,1.2991785430908203,1.330195401445366,1.330536702951062,1.2678203832305786,58.984698584298584,0.0028057561354510874
2018-09-18,1.3146305084228516,1.3171066045761108,1.3120776414871216,1.298960018157959,1.330040526887928,1.3297143566056573,1.2682056797102608,63.4558428295875,0.0038172437762999945
2018-09-19,1.3168463706970215,1.3211784362792969,1.3120431900024414,1.2987822961807252,1.3299092417517002,1.3290032343631826,1.2685613579982677,64.71258980899441,0.004742982436713117
2018-09-20,1.3141123056411743,1.3296104669570923,1.3140085935592651,1.2986444640159607,1.3297520583078144,1.3285125365791253,1.268776391452796,61.88469083916502,0.005196123121337104
2018-09-21,1.327087163925171,1.3278449773788452,1.305841088294983,1.298825328350067,1.329725541945798,1.3292767056889796,1.2683739510111545,68.84307183462701,0.006526964226004406
2018-09-24,1.30804443359375,1.3166556358337402,1.3064552545547485,1.2985308408737182,1.3295098095243847,1.3283145835227599,1.2687470982246765,53.4268044535742,0.005976186441387865
2018-09-25,1.311733365058899,1.3175750970840454,1.3097233772277832,1.2982926225662232,1.329332929479952,1.3274402526319402,1.2691449925005063,55.505456520687176,0.005770834431385374
2018-09-26,1.3179919719696045,1.3196094036102295,1.3141123056411743,1.2984401416778564,1.3292200841315902,1.3279151651871552,1.2689651181685575,58.86027424155129,0.006043443699258688
2018-09-27,1.3172800540924072,1.3180439472198486,1.309706211090088,1.29862930059433,1.3291012778625435,1.3284692140525054,1.2687893871361544,58.32159717195403,0.00613136413602966
2018-09-28,1.3078734874725342,1.3090718984603882,1.3002548217773438,1.2987406945228577,1.328890056067618,1.3286780209091298,1.2688033681365856,51.601788850746225,0.005379993190762988
2018-10-01,1.3039000034332275,1.3097577095031738,1.3014055490493774,1.2985243558883668,1.3286413988274748,1.3281451168027576,1.268903594973976,49.031805091172615,0.00441302870127025
2018-10-02,1.3043591976165771,1.3049719333648682,1.2944146394729614,1.2984060883522033,1.3283997848850777,1.3278822585597345,1.268929918144672,49.34577705380366,0.0036417753899260497
2018-10-03,1.2981956005096436,1.3020155429840088,1.2964619398117065,1.2980656337738037,1.3280992457370635,1.327139703661332,1.2689915638862754,45.31101477984393,0.002504332423619804
2018-10-04,1.294062852859497,1.3036959171295166,1.2924572229385376,1.2975477361679078,1.3277605751611674,1.32594476275285,1.2691507095829655,42.78492895019514,0.0012549561283696775
2018-10-05,1.3024225234985352,1.310753345489502,1.3005592823028564,1.2973787117004394,1.3275084552441263,1.3255517104002539,1.269205713000625,48.98093422285876,0.0009286668753378802
2018-10-08,1.31271493434906,1.313266634941101,1.3030165433883667,1.297409348487854,1.32736125603124,1.3256468767511058,1.269171820224602,55.38679365422435,0.0014834910682997027
2018-10-09,1.309311866760254,1.3147169351577759,1.3035430908203125,1.297324733734131,1.3271816601180957,1.3253897683242817,1.2692596991439802,53.01654207406493,0.0016298067272875194
2018-10-10,1.3157029151916504,1.3210039138793945,1.3137842416763306,1.2973955154418946,1.3270674437506684,1.3256306416606498,1.2691603892231393,56.75910500610085,0.002235695432106777
2018-10-11,1.3206725120544434,1.3245735168457031,1.3184958696365356,1.297556734085083,1.327003812589512,1.3262350544191972,1.268878413750969,59.4631147067724,0.0030813516265657537
2018-10-12,1.3234164714813232,1.3257324695587158,1.3152357339859009,1.2979888200759888,1.3269681176531123,1.3275657644232082,1.2684118757287695,60.91639503503384,0.003927679008111529
2018-10-15,1.3103927373886108,1.317905068397522,1.3102554082870483,1.298189549446106,1.3268031884962515,1.3279676187481073,1.2684114801441047,51.48231410682707,0.0035070657867346533
2018-10-16,1.315477967262268,1.3236967325210571,1.3142677545547485,1.298609139919281,1.3266904997277542,1.328763770807533,1.2684545090310289,54.44868899735996,0.0035432183150445606
2018-10-17,1.318721890449524,1.3192611932754517,1.310186743736267,1.2990902590751647,1.3266112100831948,1.329751471263271,1.2684290468870585,56.28481683882011,0.003789938888458355
2018-10-18,1.3104442358016968,1.3131976127624512,1.3058068752288818,1.2995359086990357,1.3264503446674585,1.3301965223696897,1.2688752950283817,50.67187625335718,0.0032797225693581566
2018-10-19,1.3024225234985352,1.3058068752288818,1.301337718963623,1.299927544593811,1.326211261869758,1.330215727314902,1.26963936187272,45.895348334459634,0.0022026960094763126
2018-10-22,1.3065404891967773,1.3089861869812012,1.296125888824463,1.3005406641960144,1.3260155327884346,1.3300740411652454,1.2710072872267835,48.57524408565169,0.0016622685210014865
2018-10-23,1.2965964078903198,1.3040870428085327,1.2939958572387695,1.3009470868110657,1.325722805177508,1.3296655492406297,1.2722286243815017,43.03225498354279,0.00042665339280967274
2018-10-24,1.2981280088424683,1.2992074489593506,1.2890751361846924,1.3014740633964539,1.3254482300895971,1.3289479600314007,1.274000166761507,44.09048578070751,-0.00042410429141792605
2018-10-25,1.2888258695602417,1.2918895483016968,1.2812135219573975,1.301862781047821,1.3250838284922903,1.3280013716172747,1.2757241904783672,39.31388226500557,-0.0018278702341507636
2018-10-26,1.2824623584747314,1.2833675146102905,1.2778736352920532,1.3020829105377196,1.32465973426326,1.3273470524894457,1.2768187685859935,36.40805100509158,-0.0034144869398751165
2018-10-29,1.2831040620803833,1.2851818799972534,1.2800655364990234,1.3022507214546204,1.3242462449878085,1.326876237604055,1.2776252053051858,36.91443134825915,-0.00456746114316986
2018-10-30,1.2802459001541138,1.2815583944320679,1.273058295249939,1.3022471165657044,1.323808430611354,1.3268857222689308,1.277608510862478,35.556340588981485,-0.005646739192369132
2018-10-31,1.2708903551101685,1.2829229831695557,1.2702445983886719,1.3018538093566894,1.3232818825964168,1.3278448894878823,1.2758627292254965,31.47448037261657,-0.007174288388924088
2018-11-01,1.276943564414978,1.2974039316177368,1.276487112045288,1.3015832304954529,1.3228208048035668,1.328328658703359,1.2748378022875468,36.54992929171016,-0.007806450824713984
2018-11-02,1.3003731966018677,1.3039510250091553,1.2962435483932495,1.3019693779945374,1.3225974455179776,1.3280550911293212,1.2758836648597536,51.51803392305667,-0.006343741893974464
2018-11-05,1.3005592823028564,1.3035260438919067,1.296714186668396,1.302258744239807,1.322378160311857,1.3279434369795666,1.2765740515000474,51.61566132335385,-0.005110607070165418
2018-11-06,1.3058068752288818,1.309569001197815,1.302371621131897,1.30258141040802,1.322213271903071,1.3280250079329694,1.2771378128830706,54.404027481319574,-0.0036676238600319433
2018-11-07,1.3112518787384033,1.3174362182617188,1.3075655698776245,1.303071060180664,1.3221042033143677,1.3282131595425288,1.2779289608187994,57.162638200724416,-0.0020609259213042463
2018-11-08,1.3128528594970703,1.315028190612793,1.3089348077774048,1.3032562375068664,1.3220121501420563,1.3285499873531748,1.277962487660558,57.96786463216865,-0.0006509170948711951
2018-11-09,1.3066771030426025,1.3070186376571655,1.2974375486373901,1.3033677649497986,1.3218595626087284,1.328671895474137,1.2780636344254601,53.76914237603023,-3.144440278135541e-05
2018-11-12,1.2938451766967773,1.2948336601257324,1.2828242778778076,1.3033985304832458,1.3215808125001518,1.3286514594186416,1.27814560154785,46.2699386956727,-0.0005693736613205935
2018-11-13,1.2857933044433594,1.3040189743041992,1.2853139638900757,1.3033763575553894,1.3212247178926215,1.3286902803271747,1.278062434783604,42.28469449691987,-0.001626654215590495
2018-11-14,1.3014055490493774,1.3029825687408447,1.2893409729003906,1.3036876106262207,1.32102751223249,1.3284993142105417,1.2788759070418998,51.08248395697159,-0.0011910493340900885
2018-11-15,1.2986170053482056,1.3028467893600464,1.2744860649108887,1.3038301682472229,1.3208045221142382,1.328436861564595,1.2792234749298508,49.62735824506164,-0.0010586381770640862
2018-11-16,1.276650071144104,1.287713885307312,1.276617407798767,1.3035123562812805,1.3203651743433908,1.3291049242141715,1.2779197883483895,39.96854939384913,-0.00269518101701971
2018-11-19,1.2833181619644165,1.2881120443344116,1.2804917097091675,1.3033182096481324,1.3199965473545452,1.3293784942865083,1.2772579250097564,43.55950447348847,-0.0034147309143159887
2018-11-20,1.2859750986099243,1.2881120443344116,1.2804261445999146,1.3029848504066468,1.3196580254764894,1.3295027951806775,1.2764669056326161,44.97197513329569,-0.0037276171594013974
2018-11-21,1.2789195775985718,1.2820513248443604,1.2775144577026367,1.3025320839881898,1.3192526677861618,1.3299086244911231,1.2751555434852564,41.96836705981053,-0.004493109572731191
2018-11-22,1.277726650238037,1.2921231985092163,1.2773839235305786,1.301995689868927,1.3188394735817026,1.3302481012882157,1.2737432784496385,41.464120031388866,-0.005136813109681837
2018-11-23,1.287597894668579,1.2884937524795532,1.2800819873809814,1.3015250182151794,1.3185286120999802,1.3299398634343333,1.2731101729960255,47.125356762832894,-0.0047951503637204684
2018-11-26,1.2812299728393555,1.2862728834152222,1.2798361778259277,1.3010030913352966,1.3181574813610684,1.3299369432990633,1.2720692393715298,44.158388625046044,-0.004980802656096683
2018-11-27,1.2812299728393555,1.2820513248443604,1.27273428440094,1.3003350806236267,1.3177900434653298,1.3295258860308232,1.2711442752164301,44.158388625046044,-0.005069495447489913
2018-11-28,1.2743724584579468,1.2806065082550049,1.273382544517517,1.2994856023788453,1.3173580276941121,1.3291828744439615,1.269788330313729,40.939271956498914,-0.005628250258095768
2018-11-29,1.2824130058288574,1.2851818799972534,1.2756729125976562,1.298851616382599,1.3170103160337614,1.328627724873837,1.269075507891361,45.91759491955746,-0.005360470330741718
2018-11-30,1.2784454822540283,1.2806884050369263,1.2736905813217163,1.297878782749176,1.3166265863444109,1.3270620848002928,1.2686954806980593,43.94901955132456,-0.0054060808684905926
2018-12-03,1.2753475904464722,1.2824294567108154,1.2700024843215942,1.2972248458862305,1.3162158500668193,1.3269388983597432,1.2675107934127179,42.419789455753715,-0.005627333133500834
2018-12-04,1.2725884914398193,1.283400535583496,1.2717145681381226,1.296441948413849,1.315781746995904,1.3266543078399091,1.2662295889877888,41.049790266626026,-0.005956648838714829
2018-12-05,1.2720541954040527,1.2792631387710571,1.2673307657241821,1.295523192882538,1.3153466469800645,1.3258544120737261,1.2651919736913497,40.77516098788312,-0.006189399586807198
2018-12-06,1.2727665901184082,1.2800164222717285,1.2700347900390625,1.2946329236030578,1.3149229648222371,1.3249706996049162,1.2642951476011994,41.33868330566011,-0.006244390485314888
2018-12-07,1.2778573036193848,1.2788541316986084,1.273382544517517,1.294032599925995,1.3145541522729551,1.3244886605667046,1.2635765392852853,45.34100098044779,-0.005810216573978844
2018-12-10,1.2721028327941895,1.2756729125976562,1.2513452768325806,1.293396656513214,1.3141317510841117,1.3243358071917828,1.2624575058346452,41.8639476755396,-0.005862884640053245
2018-12-11,1.2561235427856445,1.2634717226028442,1.2503751516342163,1.2924319434165954,1.3135545549816396,1.3249439875638789,1.259919899269312,34.054336120421496,-0.007112036491476292
2018-12-12,1.2492972612380981,1.2670738697052002,1.248127818107605,1.2914539766311646,1.31291517892449,1.3261282210764276,1.2567797321859016,31.362712835356277,-0.00855421454420191
2018-12-13,1.2628655433654785,1.2686651945114136,1.2610976696014404,1.290830030441284,1.3124171726005196,1.3264232439427586,1.2552368169398096,41.2948637705647,-0.008504272113307731
2018-12-14,1.2655024528503418,1.265390396118164,1.2534940242767334,1.2900916290283204,1.3119503594686772,1.326230905913882,1.253952352142759,43.020529406668935,-0.008157876892437965
2018-12-17,1.2585581541061401,1.2644782066345215,1.2576085329055786,1.289008493423462,1.3114190937436767,1.3256233858985575,1.2523936009483665,39.7099940561562,-0.008347478520724927
2018-12-18,1.2615749835968018,1.2705026865005493,1.2611771821975708,1.2880537557601928,1.310923132448683,1.3249958075595765,1.251111703960809,41.80513943537017,-0.008160240081857228
2018-12-19,1.2655024528503418,1.267909288406372,1.2608431577682495,1.2870497465133668,1.310471185388003,1.3236517924122984,1.2504477006144352,44.50872579386565,-0.007607246719705696
2018-12-20,1.262785792350769,1.2705351114273071,1.2615113258361816,1.2858920121192932,1.3099967038652445,1.3218087824293714,1.249975241809215,43.01993848757766,-0.00730401119981261
2018-12-21,1.2669775485992432,1.269728422164917,1.2633600234985352,1.2847632336616517,1.3095686525690655,1.3193908634354776,1.2501356038878257,46.02023266926796,-0.00664881180457888
2018-12-24,1.2648941278457642,1.273658275604248,1.2636953592300415,1.2838532614707947,1.309124129935003,1.318121290893367,1.2495852320482224,44.758740858477985,-0.006225907816515441
2018-12-25,1.2710840702056885,1.277791976928711,1.266784906387329,1.282965383529663,1.308745621877995,1.3161730325298333,1.2497577345294928,49.213066077212495,-0.005329837690984496
2018-12-26,1.2688745260238647,1.2719732522964478,1.266512155532837,1.2819684362411499,1.3083488945560633,1.313757269727636,1.2501796027546637,47.73347344519437,-0.004743309491001879
2018-12-27,1.2648781538009644,1.2671220302581787,1.261877417564392,1.2810571146011354,1.3079163498719328,1.312118177480936,1.2499960517213347,45.09278755409587,-0.004548522964739954
2018-12-28,1.2646220922470093,1.2700024843215942,1.2636473178863525,1.2803011059761047,1.307485561238849,1.3110784163886933,1.2495237955635161,44.92130922593613,-0.004364503981633794
2018-12-31,1.269357681274414,1.2813942432403564,1.268182635307312,1.2795574498176574,1.3071061793486556,1.309533395047468,1.249581504587847,48.79918044244443,-0.0037928238418958315
2019-01-01,1.2738043069839478,1.2756729125976562,1.2714558839797974,1.27910160779953,1.3067748174345788,1.308710913831333,1.249492301767727,52.202159685600485,-0.002946986651974237
2019-01-02,1.2754288911819458,1.2773349285125732,1.2584631443023682,1.2786476254463195,1.306462917670871,1.3077580972377214,1.2495371536549176,53.42024011676697,-0.002121113343198422
2019-01-03,1.2521913051605225,1.2638230323791504,1.251877784729004,1.2779149341583251,1.305922901625992,1.307813249052677,1.2480166192639732,38.36129822315147,-0.0033035999395338855
2019-01-04,1.2628813982009888,1.2739664316177368,1.261781930923462,1.2775233149528504,1.3054946279600714,1.3076902626260694,1.2473563672796315,45.91470666340366,-0.003339630734693566
2019-01-07,1.2734960317611694,1.2787723541259766,1.2724264860153198,1.277331154346466,1.3051762339680424,1.3074754006956,1.2471869079973321,52.18084001749979,-0.0024830501251351667
2019-01-08,1.278608798980713,1.2792304754257202,1.2714881896972656,1.277298412322998,1.3049118813811038,1.30743329140689,1.247163533239106,54.89173247126599,-0.0013757870189348154
2019-01-09,1.2737879753112793,1.2802950143814087,1.271779179573059,1.2773563647270203,1.3046021907734437,1.3074520638297071,1.2472606656243335,51.90387394979463,-0.0008771618350695842
2019-01-10,1.279967188835144,1.2801146507263184,1.273058295249939,1.2774168372154235,1.3043570663760478,1.3075213004850381,1.247312373945809,55.26508906305095,1.642378194288696e-05
2019-01-11,1.2753963470458984,1.2837464809417725,1.2716660499572754,1.2769173002243042,1.3040689000145536,1.3062869017046872,1.2475476987439211,52.350643772151294,0.00035171375189091414
2019-01-14,1.2849836349487305,1.2927746772766113,1.2821005582809448,1.2766057872772216,1.3038789968795703,1.305273903235976,1.2479376713184673,57.42252629624331,0.0013751950852456396
2019-01-15,1.2874983549118042,1.2916558980941772,1.2756240367889404,1.27623961687088,1.3037160054172043,1.3038329259436783,1.2486463077980818,58.66533730033639,0.002362000627404104
2019-01-16,1.2872166633605957,1.2895737886428833,1.2827255725860596,1.275758912563324,1.303551832859427,1.3016474008732672,1.2498704242533807,58.459488147358094,0.0030857503657233387
2019-01-17,1.2885768413543701,1.2939958572387695,1.2836146354675293,1.27527339220047,1.3034028279688294,1.2991551951588727,1.2513915892420673,59.203865469609596,0.0037261297400841276
2019-01-18,1.2983977794647217,1.299376368522644,1.2892080545425415,1.2751078057289122,1.3033530264911768,1.2982027200314803,1.2520128914263442,64.19305974397639,0.004968825113527808
2019-01-21,1.2853471040725708,1.2910722494125366,1.2831699848175049,1.2749378442764283,1.3031738630840264,1.2975907791791188,1.2522849093737378,54.63167839728274,0.004844742538777647
2019-01-22,1.2891747951507568,1.296714186668396,1.2855949401855469,1.275005474090576,1.3030345688757352,1.2978103705332387,1.2522005776479135,56.670166401190045,0.004997658983158848
2019-01-23,1.2957731485366821,1.3080273866653442,1.2945822477340698,1.2748928260803223,1.3029623159370383,1.2972160057820112,1.2525696463786333,60.00620763159653,0.0055868763081676764
2019-01-24,1.308215618133545,1.3095861673355103,1.301371693611145,1.275084798336029,1.3030145876006851,1.2983844478610533,1.2517851488110046,65.41378913226285,0.00697740738468311
2019-01-25,1.3121638298034668,1.3176618814468384,1.3063528537750244,1.2757950735092163,1.3031056248365336,1.3013459549387705,1.250244192079662,66.94126796708818,0.008302297251522983
2019-01-28,1.3208470344543457,1.3210039138793945,1.3138705492019653,1.276545650959015,1.3032821562755168,1.3050345265352417,1.2480567753827883,70.07179317450164,0.009938380597960261
2019-01-29,1.3160146474838257,1.3196616172790527,1.3131458759307861,1.2771464419364928,1.303408847730326,1.307643194658663,1.2466496892143226,66.30851217720884,0.01072146482218761
2019-01-30,1.30804443359375,1.311991572380066,1.3058068752288818,1.2777289390563964,1.303454972962798,1.3094518630208363,1.2460060150919565,60.53399463491806,0.010577009874756627
2019-01-31,1.3117163181304932,1.3160665035247803,1.3101180791854858,1.2784087324142457,1.3035371754022775,1.311556206002927,1.2452612588255643,62.168562615476226,0.010636211062751588
2019-02-01,1.3109424114227295,1.311475396156311,1.3045804500579834,1.2788756227493285,1.3036108593427798,1.3131885275065023,1.2445627179921548,61.58957232194134,0.010499647229789133
2019-02-04,1.3077365159988403,1.3098777532577515,1.3042230606079102,1.2794057536125183,1.3036519106527904,1.3146729035131888,1.2441386037118478,59.13274886956808,0.010017257728784257
2019-02-05,1.3031013011932373,1.3051422834396362,1.2929919958114624,1.279843180179596,1.3036464319517005,1.31573961785199,1.243946742507202,55.674709620693534,0.009155399728076663
2019-02-06,1.2957228422164917,1.297858476638794,1.2929919958114624,1.2802701878547669,1.3035675902627928,1.316408140658926,1.2441322350506077,50.601893678264624,0.007787224798003312
2019-02-07,1.2934435606002808,1.2994775772094727,1.2856279611587524,1.2804907989501952,1.3034668536492355,1.3168163340410783,1.2441652638593121,49.11319655281085,0.006444726535279388
2019-02-08,1.2949174642562866,1.2976900339126587,1.2924572229385376,1.2808202385902405,1.3033817850980618,1.317368153964749,1.244272323215732,50.134824405313616,0.005437043840059941
2019-02-11,1.293677806854248,1.2939958572387695,1.2860082387924194,1.281186842918396,1.3032852281006109,1.3178781488957976,1.2444955369409942,49.23942299496991,0.004486698188200577
2019-02-12,1.2864052057266235,1.2896569967269897,1.283433437347412,1.281463177204132,1.303117267678979,1.3180982421800065,1.2448281122282576,44.24675718141439,0.003110844403050539
2019-02-13,1.2892080545425415,1.295706033706665,1.2860909700393677,1.2818062543869018,1.3029788675482683,1.3184029386514422,1.2452095701223613,46.498307466138314,0.0022210341418462676
2019-02-14,1.2856775522232056,1.2878466844558716,1.277400255203247,1.282064473628998,1.3028067151569742,1.318582933565558,1.245546013692438,44.083359838070805,0.0012169429072594884
2019-02-15,1.2798361778259277,1.2859750986099243,1.2786579132080078,1.2821040511131288,1.3025781525964664,1.3186081869442592,1.2455999152819983,40.349390275997266,-4.958513907737938e-05
2019-02-18,1.290555715560913,1.293727993965149,1.2893908023834229,1.282473108768463,1.3024585263573067,1.3189376369758032,1.246008580561123,48.90279343363149,-0.00018619430035005102
2019-02-19,1.2924071550369263,1.304665446281433,1.2896569967269897,1.2831987810134888,1.3023585127123278,1.3189603644377463,1.2474371975892313,50.23021230923229,-0.00014340922006583767
2019-02-20,1.3061310052871704,1.3085408210754395,1.301371693611145,1.2843354558944702,1.3023960499518783,1.3193029454931096,1.2493679662958308,58.77860802744848,0.000986526224279638
2019-02-21,1.30451238155365,1.3092432022094727,1.3027619123458862,1.2851683926582336,1.3024171079777667,1.3200323817758428,1.2503044035406243,57.52367635302367,0.0017314398361294447
2019-02-22,1.3041380643844604,1.3080615997314453,1.2972187995910645,1.285941104888916,1.3024342319221118,1.3207385858297773,1.2511436239480547,57.219431771955016,0.002265470044610529
2019-02-25,1.306557536125183,1.3095861673355103,1.3057047128677368,1.286901092529297,1.3024752598246299,1.3212608040552256,1.2525413810033683,58.73853184274829,0.002851058750861446
2019-02-26,1.31271493434906,1.3280211687088013,1.3123359680175781,1.287923891544342,1.3025771471333307,1.3222510825306206,1.2535967005580635,62.39795530372952,0.0037685510855742788
2019-02-27,1.3258028030395508,1.3348817825317383,1.3234516382217407,1.2891298985481263,1.3028082481871242,1.3244641391892602,1.2537956579069924,68.74344898442592,0.005488484165453
2019-02-28,1.3318239450454712,1.3320900201797485,1.32650625705719,1.2905106616020203,1.3030969615886998,1.3270191724633598,1.2540021507406809,71.15511616434983,0.00725378227505602
2019-03-01,1.3264886140823364,1.3286387920379639,1.3214752674102783,1.291700882911682,1.3033297143498306,1.328950672440034,1.2544510933833302,66.27538646527239,0.008128575961872997
2019-03-04,1.3239772319793701,1.325486421585083,1.3168984651565552,1.2928825449943542,1.303535162286443,1.3304089089208908,1.2553561810678175,64.04881397228561,0.008520984113280727
2019-03-05,1.3178529739379883,1.3197312355041504,1.3099464178085327,1.2938179230690003,1.3036776280740205,1.3314578878083407,1.25617795832966,58.85602287057808,0.008242776364065119
2019-03-06,1.3156682252883911,1.3170892000198364,1.3125942945480347,1.2947537970542908,1.303796937499039,1.3321887634964635,1.2573188306121181,57.07818323987374,0.007756590612842285
2019-03-07,1.3182177543640137,1.3187392950057983,1.3089348077774048,1.2958205890655519,1.3039404282141134,1.3328180690696632,1.2588231090614406,58.647973540152634,0.007490662892271738
2019-03-08,1.3092432022094727,1.3108049631118774,1.3005930185317993,1.296713011264801,1.3039931921344652,1.332779803240991,1.2606462192886112,51.50685737502857,0.006481032592974945
2019-03-11,1.2988362312316895,1.3097577095031738,1.2962266206741333,1.2973025822639466,1.3039418790906565,1.3324974096416606,1.2621077548862325,44.70856200305167,0.004785968062899881
2019-03-12,1.3248542547225952,1.324591040611267,1.3010668754577637,1.2983235812187195,1.304149962430278,1.3336974828506518,1.2629496795867872,59.205375666353945,0.00547889695099979
2019-03-13,1.3066771030426025,1.3230488300323486,1.3064721822738647,1.2989485454559326,1.3041751081080126,1.333771325601713,1.2641257653101523,49.450503121892645,0.0045093231885600105
2019-03-14,1.3285682201385498,1.3331555128097534,1.3211086988449097,1.3004760837554932,1.3044178256406547,1.3335857785619654,1.267366388949021,58.35062110244374,0.005444597266227813
2019-03-15,1.3258554935455322,1.3296104669570923,1.3207248449325562,1.3017355656623841,1.3046311357690614,1.333782119783661,1.2696890115411072,57.01106512874847,0.005898915322322562
2019-03-18,1.329716444015503,1.3299640417099,1.3131976127624512,1.3028599739074707,1.30488074082624,1.3348073395025584,1.270912608312383,58.47231989773471,0.006495634459917632
2019-03-19,1.326435923576355,1.330866813659668,1.324275255203247,1.3038165163993836,1.3050952202565895,1.3356640175722798,1.2719690152264873,56.70851425844722,0.006627431191264854
2019-03-20,1.3271400928497314,1.3269639015197754,1.3149935007095337,1.3048835587501526,1.3053145722226904,1.336195123769956,1.2735719937303491,57.00829523816471,0.006711337504683668
2019-03-21,1.320533037185669,1.3229262828826904,1.306796669960022,1.3056948757171631,1.3054659997347597,1.336468892982441,1.2749208584518852,53.280232008548545,0.006173535019149856
2019-03-22,1.313232183456421,1.322209119796753,1.3084039688110352,1.3064515924453735,1.3055432751946767,1.3360218765589897,1.2768813083317572,49.4332944650183,0.0050994218339153186
2019-03-25,1.3206549882888794,1.3245735168457031,1.3162916898727417,1.3071650195121765,1.3056936404990966,1.3363398412006475,1.2779901978237054,53.13796230124558,0.004791899674466915
2019-03-26,1.3215277194976807,1.3261544704437256,1.316482424736023,1.307845606803894,1.305851193523958,1.3367341112658244,1.2789571023419635,53.56868007435202,0.004565974549966434
2019-03-27,1.321143627166748,1.3246086835861206,1.3167943954467773,1.308524146080017,1.306003357042792,1.3370261302051476,1.2800221619548864,53.33633439474885,0.004306293943973305
2019-03-28,1.3152703046798706,1.3199577331542969,1.3076339960098267,1.309058015346527,1.3060955654769917,1.3370300317330956,1.2810859989599583,49.780696551634456,0.00358523875292871
2019-03-29,1.30565345287323,1.3128355741500854,1.2980438470840454,1.3092031288146972,1.3060911663466062,1.3370242929133411,1.2813819647160534,44.54443243354542,0.0022122957810344346
2019-04-01,1.3022867441177368,1.3147860765457153,1.3011515140533447,1.3095419216156006,1.3060533113990553,1.33657885446193,1.2825049887692712,42.84532317557613,0.000842847503117472
2019-04-02,1.3068991899490356,1.3083868026733398,1.301676630973816,1.3098964095115662,1.3060617281010454,1.3363007673678524,1.28349205165528,45.89049532180929,0.00012825723769505082
2019-04-03,1.312766671180725,1.3196094036102295,1.3123877048492432,1.310236279964447,1.3061284439525844,1.3363343293079772,1.2841382306209166,49.571301495513126,3.4992629562191624e-05
2019-04-04,1.3176966905593872,1.319087266921997,1.3068478107452393,1.3104259014129638,1.3062435508839954,1.3366016840149997,1.2842501188109279,52.49536611730449,0.00035480119038200364
2019-04-05,1.3077024221420288,1.3119399547576904,1.300576090812683,1.310336673259735,1.306258067015916,1.336518690608832,1.284154655910638,46.59672870440983,-0.00019594344272966246
2019-04-08,1.3038150072097778,1.3071895837783813,1.3035260438919067,1.3099960327148437,1.3062337579631187,1.3360628441014148,1.2839292213282725,44.50210571447098,-0.0009353127260280925
2019-04-09,1.306335687637329,1.3116645812988281,1.303407073020935,1.3098024535179138,1.3062347721887326,1.3358305612312014,1.2837743458046262,46.191167667801075,-0.001302851899907198
2019-04-10,1.305721640586853,1.3103927373886108,1.3049379587173462,1.309755997657776,1.3062296664016493,1.3358051956699128,1.283706799645639,45.82528420143728,-0.0016249464373159217
2019-04-11,1.3099292516708374,1.3109596967697144,1.3064382076263428,1.3097202563285828,1.3062664781953726,1.3357633792370953,1.2836771334200703,48.81705122747078,-0.0015231319122062104
2019-04-12,1.3056023120880127,1.3130252361297607,1.3051422834396362,1.3096134543418885,1.3062598695773888,1.335679908726267,1.28354699995751,46.00351769686372,-0.0017711740383177244
2019-04-15,1.3083868026733398,1.311991572380066,1.3080615997314453,1.3096264600753784,1.3062810330907815,1.3356897407754713,1.2835631793752855,48.07741140870818,-0.0017232001127855945
2019-04-16,1.3102725744247437,1.3104442358016968,1.30451238155365,1.3097698855400086,1.306320749919975,1.3357654425898398,1.2837743284901775,49.492250656787974,-0.0015155441611851561
2019-04-17,1.3046314716339111,1.306796669960022,1.303186297416687,1.309948058128357,1.30630394118081,1.3356713370007203,1.2842247792559935,45.49827625481265,-0.0017855820951122592
2019-04-18,1.3039339780807495,1.3052444458007812,1.2997647523880005,1.3101578664779663,1.3062803594584211,1.3354999930954248,1.2848157398605078,45.01456962122609,-0.0020324422744228965
2019-04-19,1.2994438409805298,1.3009991645812988,1.2988699674606323,1.3102483940124512,1.3062123343989398,1.335399930086082,1.2850968579388204,41.92456086753098,-0.0025608770864424812
2019-04-22,1.299376368522644,1.3000519275665283,1.2976900339126587,1.3103623652458192,1.3061443148379817,1.335257761511411,1.2854669689802274,41.878040346419446,-0.0029510915986372677
2019-04-23,1.2981449365615845,1.3018798828125,1.2929418087005615,1.3105971598625183,1.3060647190342365,1.3347816175081777,1.286412702216859,40.98419772308348,-0.0033214184344456665
2019-04-24,1.2938116788864136,1.2963443994522095,1.2916725873947144,1.3106892323493957,1.3059427982367457,1.3345745238277933,1.2868039408709981,37.91728955935087,-0.003919382596879517
2019-04-25,1.2904890775680542,1.2916725873947144,1.2867032289505005,1.3107854628562927,1.3057890298718833,1.3342952726547068,1.2872756530578786,35.71065435209687,-0.004608258526212383
2019-04-26,1.289607048034668,1.2943308353424072,1.2888258695602417,1.3109808802604674,1.3056280151272344,1.3335856825002192,1.2883760780207156,35.12624843566668,-0.005165821698282391
2019-04-29,1.2920230627059937,1.2946659326553345,1.2905889749526978,1.3110102272033692,1.3054926424663265,1.3335103636454517,1.2885100907612868,38.11377589079534,-0.005351058663322306
2019-04-30,1.2932428121566772,1.3046144247055054,1.2927913665771484,1.3110269403457642,1.3053707536075239,1.3334718488468684,1.28858203184466,39.625430885545036,-0.005337904663645698
2019-05-01,1.3039849996566772,1.3092432022094727,1.3035260438919067,1.3109840202331542,1.3053569650109982,1.3334753013241494,1.288492739142159,50.9814462614785,-0.0044098413628888
2019-05-02,1.3053126335144043,1.308010220527649,1.3018969297409058,1.3110000252723695,1.3053565239015794,1.3334736412674395,1.2885264092772994,52.17863916102713,-0.003526563524780313
2019-05-03,1.3033220767974854,1.3176966905593872,1.299156904220581,1.31098370552063,1.3053362806468123,1.3334788349953621,1.2884885760458977,50.199028115594786,-0.0029531388196373243
2019-05-06,1.3150626420974731,1.3150454759597778,1.3082668781280518,1.3111538076400757,1.3054330603627393,1.3336409521309316,1.2886666631492198,59.86973612554991,-0.001533651134188574
2019-05-07,1.3099292516708374,1.3129562139511108,1.304206132888794,1.3110980939865113,1.3054777985847104,1.3335832548895408,1.288612933083482,54.8540630078567,-0.0008135406325096017
2019-05-08,1.3068820238113403,1.308215618133545,1.299106240272522,1.310719678401947,1.3054917709750251,1.3328284484909365,1.2886109083129575,52.06564151294276,-0.0004831640785896152
2019-05-09,1.3012022972106934,1.3026090860366821,1.2968318462371826,1.3101072454452514,1.305449089644037,1.33151525229133,1.2886992385991727,47.24492121495668,-0.0006718995092900304
2019-05-10,1.3009653091430664,1.3046314716339111,1.2993087768554688,1.309596779346466,1.305404474912684,1.3306242749590282,1.2885692837339038,47.04917361666537,-0.0008310172052985454
2019-05-13,1.3010668754577637,1.3040870428085327,1.2950851917266846,1.309138572216034,1.305361314719103,1.3298836132413185,1.2883935311907495,47.150236633516684,-0.0009381096291434243
2019-05-14,1.2963106632232666,1.2971850633621216,1.2909221649169922,1.3087077260017395,1.3052712584853134,1.3296082736680535,1.2878071783354255,43.01034775110423,-0.0013907361835785448
2019-05-15,1.2906556129455566,1.2922568321228027,1.2829065322875977,1.3082074737548828,1.3051258291764603,1.3296191252771496,1.286795822232616,38.66357672448277,-0.002180624404408027
2019-05-16,1.2847524881362915,1.2855123281478882,1.2790340185165405,1.3075381684303284,1.3049231093651152,1.3297498636541685,1.2853264732064884,34.71907513180231,-0.0032455368197070733
2019-05-17,1.2797706127166748,1.2799180746078491,1.2721351385116577,1.3069487166404725,1.3046728357666233,1.3304996342052908,1.2833977990756542,31.772999419289278,-0.004440298297421208
2019-05-20,1.2731555700302124,1.2757542133331299,1.2716821432113647,1.306435103416443,1.3043592311324304,1.3317613573727776,1.2811088494601084,28.334875426488352,-0.005853459005121131
2019-05-21,1.2729123830795288,1.2794268131256104,1.268617033958435,1.3053962659835816,1.3040463271717049,1.3318737233831626,1.2789188085840006,28.214004915689955,-0.006913329641064392
2019-05-23,1.2664159536361694,1.268343448638916,1.2605888843536377,1.3045910429954528,1.303671895594237,1.333267048674446,1.2759150373164596,25.130027709415117,-0.008183161922358684
2019-05-24,1.2664639949798584,1.2717145681381226,1.2649421691894531,1.303348958492279,1.3033016677274274,1.3331441313883057,1.2735537855962524,25.19514574731774,-0.009080956999404588
2019-05-27,1.2724751234054565,1.2748597860336304,1.2668330669403076,1.3022813510894775,1.3029949359431292,1.3326056207680688,1.2719570814108863,33.04242154998222,-0.009201350795055019
2019-05-28,1.2682307958602905,1.2700024843215942,1.26558256149292,1.3010516381263733,1.3026490241015087,1.3318184007389766,1.27028487551377,30.601418808878677,-0.009529396555420622
2019-05-29,1.2659670114517212,1.2669614553451538,1.2612568140029907,1.2998422598838806,1.3022840289507644,1.331282792536014,1.2684017272317472,29.355755927313012,-0.00985840214322331
2019-05-30,1.2629451751708984,1.2640626430511475,1.2583998441696167,1.298558361530304,1.3018925975698703,1.3306844083361884,1.2664323147244196,27.732918249334915,-0.010244881755576474
2019-05-31,1.2609704732894897,1.2636473178863525,1.2560131549835205,1.2973671102523803,1.3014854122536477,1.3305665992000293,1.2641676213047313,26.69439277811294,-0.01058845445943457
2019-06-03,1.2639508247375488,1.2658227682113647,1.261304497718811,1.296381483078003,1.3011119337709005,1.33056991513129,1.262193051024716,30.90019664452025,-0.010499220371621432
2019-06-04,1.2664159536361694,1.2705835103988647,1.2644623517990112,1.2952967023849487,1.3007667001377192,1.3297821814924644,1.260811223277433,34.25988589932135,-0.010113009930605932
2019-06-05,1.2702767848968506,1.2744048833847046,1.2693254947662354,1.2942716836929322,1.3004633178965166,1.3286212529740278,1.2599221144118367,39.2424025900914,-0.009387188887013842
2019-06-06,1.2688584327697754,1.2741937637329102,1.2669614553451538,1.2932259798049928,1.300148841427594,1.3274196005137324,1.259032359096253,38.09996927115463,-0.008824694063715555
2019-06-07,1.269841194152832,1.2761775255203247,1.2689388990402222,1.292317397594452,1.2998472727979944,1.3265344301707527,1.2581003650181513,39.41604712084806,-0.008205029757768267
2019-06-10,1.2722970247268677,1.2729123830795288,1.2656145095825195,1.2916502690315246,1.299573140976391,1.326105892171309,1.2571946458917402,42.69487901756856,-0.007430126455091335
2019-06-11,1.2691160440444946,1.2727665901184082,1.2672985792160034,1.2909868550300598,1.2992700852855263,1.3258811301812872,1.2560925798788325,39.69794690663614,-0.006992088121900331
2019-06-12,1.2724426984786987,1.27586829662323,1.268842339515686,1.2902977252006531,1.2990031461133191,1.325270211427745,1.2553252389735612,44.11589641436685,-0.006303839636792485
2019-06-13,1.2693415880203247,1.2705672979354858,1.266496181488037,1.2894292235374452,1.2987080062317966,1.324280812800175,1.2545776342747152,41.09347027252697,-0.005940157018224479
2019-06-14,1.268005609512329,1.268391728401184,1.2590177059173584,1.2884354019165039,1.2984025097470258,1.3228278489795253,1.2540429548534824,39.8275365954494,-0.005694100180745343
2019-06-17,1.2596044540405273,1.2605571746826172,1.2555242776870728,1.2874734425544738,1.2980164594414885,1.3223534494350722,1.2525934356738755,32.95281796550029,-0.006106608221146059
2019-06-18,1.2541544437408447,1.2560920715332031,1.2507191896438599,1.2864802312850951,1.297580021474318,1.3222770704970181,1.2506833920731721,29.406644771883876,-0.006794965960794874
2019-06-19,1.2566603422164917,1.26385498046875,1.2545477151870728,1.2854867243766785,1.297172860486678,1.3217881288959918,1.2491853198573653,32.9780199021876,-0.007056941337552969
2019-06-20,1.2656625509262085,1.2725722789764404,1.2653743028640747,1.2846855425834656,1.2968593250681657,1.3209323192610885,1.2484387659058427,43.94857479451689,-0.006463646805889844
2019-06-21,1.2707933187484741,1.2724426984786987,1.2644941806793213,1.2839028239250183,1.2965999618212036,1.3196108458314593,1.2481948020185774,49.065845692376925,-0.005515863095193696
2019-06-24,1.2750873565673828,1.276666283607483,1.2711002826690674,1.2832925248146057,1.2963859060475336,1.3185267163217742,1.248058333307437,52.93831024502303,-0.004367894343764389
2019-06-25,1.2739664316177368,1.2783963680267334,1.2712457180023193,1.2826041173934937,1.2961628266999734,1.3171758990575109,1.2480323357294765,51.83051566704272,-0.003508130567616341
2019-06-26,1.2690677642822266,1.2706964015960693,1.2664159536361694,1.2817800211906434,1.2958932240888517,1.3156164002177813,1.2479436421635055,47.18358501524213,-0.0031853246550326286
2019-06-27,1.269841194152832,1.2724264860153198,1.266688585281372,1.2810842156410218,1.2956339999103839,1.3144298651996549,1.2477385660823888,47.97664618223047,-0.0028344159343556274
2019-06-28,1.267748475074768,1.273414969444275,1.2666083574295044,1.2803605055809022,1.2953565320015716,1.3132495754609752,1.2474714357008292,45.96549648992608,-0.002694126966441557
2019-07-01,1.2694543600082397,1.270809531211853,1.263296127319336,1.2797607159614564,1.2950987989469116,1.3123214870025794,1.2471999449203333,47.88334597584473,-0.0024174296667853756
2019-07-02,1.2644623517990112,1.2648621797561646,1.2586374282836914,1.2790624356269837,1.2947939586767834,1.3114029492114068,1.2467219220425607,43.06619659145689,-0.0025713178542092763
2019-07-03,1.25982666015625,1.2602394819259644,1.2558870315551758,1.278296070098877,1.2944460253581713,1.3106069205433906,1.2459852196543635,39.129484262994495,-0.003032381518374816
2019-07-04,1.2582731246948242,1.2592872381210327,1.2570552825927734,1.2775852990150451,1.2940860959983371,1.3100661440973074,1.245104453932783,37.879811552557236,-0.0034829854343061406
2019-07-05,1.2583048343658447,1.2587007284164429,1.248299241065979,1.276941614151001,1.2937300635442825,1.3096535007721322,1.24422972752987,37.923390365932974,-0.003793801002270003
2019-07-08,1.2525520324707031,1.2540757656097412,1.2501249313354492,1.2762005138397217,1.2933203318918092,1.3094163254087927,1.2429847022706506,33.35210576021355,-0.004452996245132956
2019-07-09,1.2516427040100098,1.2520345449447632,1.2441215515136719,1.275392906665802,1.2929056291268162,1.3089997884883686,1.2417860248432355,32.68151232379553,-0.004991252381048028
2019-07-10,1.2458575963974,1.252112865447998,1.2445240020751953,1.2744452023506165,1.2924374894976678,1.3086644640820062,1.2402259406192269,28.724528386932207,-0.005817572725793196
2019-07-11,1.2508130073547363,1.257228970527649,1.2506252527236938,1.2733817625045776,1.2920233155459968,1.3071560067065038,1.2396075183026514,35.885490625775404,-0.006003374142022233
2019-07-12,1.2523481845855713,1.256265640258789,1.2522697448730469,1.272322473526001,1.291628538123505,1.3053225303836025,1.2393224166683996,37.96486432921593,-0.005958066251513516
2019-07-15,1.2571974992752075,1.2576401233673096,1.2511886358261108,1.2713999819755555,1.2912859407220296,1.3034274394297087,1.2393725245214022,44.12896178857787,-0.005467830507337679
2019-07-16,1.251799464225769,1.2520345449447632,1.2397410869598389,1.2701347184181213,1.2908930404583854,1.3000505782390666,1.240218858597176,39.43196565525736,-0.005452043697384834
2019-07-17,1.2412029504776,1.2439358234405518,1.2383440732955933,1.2687601923942566,1.2903986117023578,1.2975056906014781,1.2400146941870351,32.18900625099131,-0.006222849502006467
2019-07-18,1.2434717416763306,1.249547004699707,1.242915391921997,1.2674919867515564,1.289931677672248,1.2949384606033385,1.2400455128997743,34.9443077767245,-0.006574855327358131
2019-07-19,1.2541857957839966,1.2554926872253418,1.249640703201294,1.2665516567230224,1.2895759972554497,1.292462796889916,1.2406405165561287,46.08522209628334,-0.005921033861966851
2019-07-22,1.2512825727462769,1.251564383506775,1.2457643747329712,1.2655580019950867,1.2891949681558559,1.2898419867735895,1.241274017216584,43.89176171638446,-0.005572900547510029
2019-07-23,1.2474894523620605,1.2481745481491089,1.2420353889465332,1.2644864535331726,1.2887799878992012,1.2870418774535497,1.2419310296127954,41.13689539318994,-0.005539222789938458
2019-07-24,1.243904948234558,1.2521286010742188,1.2429462671279907,1.2634383392333985,1.2883334700915927,1.2847964011810946,1.2420802772857025,38.66701829610772,-0.005735655385602723
2019-07-25,1.2485953569412231,1.251799464225769,1.2465252876281738,1.2625971341133118,1.2879380659806436,1.282865126889255,1.2423291413373685,43.45146249702648,-0.005450028315741262
2019-07-26,1.2453454732894897,1.2459505796432495,1.2377768754959106,1.2618089938163757,1.2875142590881943,1.2816201390813433,1.241997848551408,41.06138065328311,-0.005423387816521075
2019-07-29,1.2376697063446045,1.2383900880813599,1.2215979099273682,1.2609669756889343,1.287018293389253,1.2812356482277918,1.240698303150077,36.02161640361605,-0.0059530225341994925
2019-07-30,1.2217471599578857,1.2220158576965332,1.212106466293335,1.2599388074874878,1.2863688293750106,1.2827410798964591,1.2371365350785164,28.2702012210799,-0.007570312437483961
2019-07-31,1.2161602973937988,1.224679708480835,1.2147272825241089,1.2588037657737732,1.2856702370169886,1.2844435590307561,1.2331639725167902,26.144336724156304,-0.009196824190896402
2019-08-01,1.215376853942871,1.2154655456542969,1.2081964015960693,1.2577829837799073,1.284970800369485,1.2861090577305636,1.229456909829251,25.850771546428135,-0.01042884656141152
2019-08-02,1.2124298810958862,1.2144912481307983,1.2091752290725708,1.2567023015022278,1.284249000177708,1.287675811527448,1.2257287914770076,24.72607526146254,-0.011510345152185186
2019-08-05,1.215214490890503,1.2188136577606201,1.210316777229309,1.2555570888519287,1.2835620896375368,1.2883321669623944,1.222782010741463,27.91735841816933,-0.01200436696872309
2019-08-06,1.2158203125,1.2209714651107788,1.2142847776412964,1.254508879184723,1.2828880421038298,1.288940084476079,1.220077673893367,28.626322044246052,-0.01220629154595132
2019-08-07,1.2169743776321411,1.2191405296325684,1.212224006652832,1.2535290265083312,1.2822321847459024,1.2893881797776643,1.2176698732389981,30.03796841285454,-0.01213332934895428
2019-08-08,1.2143291234970093,1.2183235883712769,1.2097749710083008,1.2525567054748534,1.2815565323951672,1.289976240182717,1.2151371707669898,28.63973830619281,-0.012148911098850634
2019-08-09,1.2143733501434326,1.2147716283798218,1.2057344913482666,1.2516247630119324,1.280888043019528,1.2904823949681936,1.2127671310556711,28.69949712113292,-0.012019141841660641
2019-08-12,1.2021976709365845,1.2100677490234375,1.2019230127334595,1.250389699935913,1.2801050542425831,1.2915080480113674,1.2092713518604585,22.99125809421315,-0.012751779746782654
2019-08-13,1.207875370979309,1.209760308265686,1.204355001449585,1.249218888282776,1.2793863509265306,1.2917830195664342,1.2066547569991177,29.984608888644743,-0.012727542435458261
2019-08-14,1.2064181566238403,1.2099945545196533,1.2046741247177124,1.2479417157173156,1.2786602992419267,1.2917411647063066,1.2041422667283246,29.25041131946297,-0.012679754890150718
2019-08-15,1.2060399055480957,1.2142553329467773,1.2051095962524414,1.246685345172882,1.2779377082598986,1.291624876436401,1.2017458139093633,29.051561387458264,-0.012527989749411939
2019-08-16,1.209160566329956,1.217730164527893,1.208313226699829,1.2454717326164246,1.277253358588954,1.2911305390612926,1.1998129261715567,33.09282549706744,-0.01201737472208153
2019-08-19,1.2161011695861816,1.2172706127166748,1.2105804681777954,1.2443478155136107,1.2766448790963891,1.2900779691135296,1.198617661913692,41.12512232934719,-0.010926703717584418
2019-08-20,1.2131506204605103,1.2167226076126099,1.2066947221755981,1.243228507041931,1.2760130954283706,1.2892231228565691,1.197233891227293,38.982586822864945,-0.010183039997959886
2019-08-21,1.2162343263626099,1.217581868171692,1.211475133895874,1.2421043395996094,1.2754182818058257,1.287931843653391,1.1962768355458278,42.36231769959853,-0.009238357809505882
2019-08-22,1.213224172592163,1.2269787788391113,1.2109616994857788,1.2409819912910462,1.2747994349479783,1.2868355066118324,1.19512847597026,40.031386916575144,-0.00863306798759611
2019-08-23,1.2251899242401123,1.2277922630310059,1.2196460962295532,1.2401256775856018,1.2743058079757608,1.285516159736321,1.1947351954348826,51.4640879300072,-0.0071059226339831305
2019-08-26,1.2262415885925293,1.228380560874939,1.2209415435791016,1.2394584202766419,1.2738275570366242,1.2846606488519479,1.194256191701336,52.32437440175192,-0.005744568603649247
2019-08-27,1.222195029258728,1.2305269241333008,1.2210012674331665,1.2388192319869995,1.2733138005413218,1.2840770706048747,1.1935613933691243,48.74426062723606,-0.004935317972851516
2019-08-28,1.2283201217651367,1.2289540767669678,1.216367483139038,1.2382524275779725,1.2728661022450414,1.283307671857888,1.193197183298057,53.88735230704349,-0.0037564353929648853
2019-08-29,1.2218515872955322,1.2231069803237915,1.2184572219848633,1.237376208305359,1.272358495131116,1.2819572319008574,1.1927951847098606,48.36766114680379,-0.003306009507233254
2019-08-30,1.218650221824646,1.2223743200302124,1.216219425201416,1.2363333463668824,1.2718240844514497,1.2801567956319675,1.1925098971017973,45.86379032419692,-0.003170815993215337
2019-09-02,1.21592378616333,1.217581868171692,1.203905463218689,1.2351500749588014,1.2712678625779361,1.277883926590393,1.1924162233272098,43.78492606198865,-0.003246253936773913
2019-09-03,1.2066656351089478,1.2102434635162354,1.1959433555603027,1.2338040590286254,1.2706250543444138,1.275780530812709,1.1918275872445419,37.559246628324885,-0.00400690535630166
2019-09-04,1.2090436220169067,1.222045660018921,1.2086782455444336,1.2326035761833192,1.2700123037739908,1.27389130586902,1.1913158464976183,39.92215227453084,-0.00436749762274613
2019-09-05,1.2248897552490234,1.2353304624557495,1.2212995290756226,1.2317045474052428,1.2695633231916528,1.2716174513909557,1.19179164341953,52.752899157156314,-0.0033361618742617782
2019-09-06,1.2323921918869019,1.2344155311584473,1.228893756866455,1.2309974217414856,1.2691934611886204,1.2695329030106188,1.1924619404723524,57.39256476339716,-0.0018916313779915317
2019-09-09,1.2283051013946533,1.2381141185760498,1.2236906290054321,1.2301744365692138,1.2687866118374367,1.2670808188359137,1.1932680543025138,54.26621442510709,-0.0010643553717144538
2019-09-10,1.2345373630523682,1.2375165224075317,1.2308449745178223,1.229575936794281,1.2684458232923117,1.265159648712316,1.1939922248762458,58.02135766247265,9.308522551942922e-05
2019-09-11,1.2354830503463745,1.2371184825897217,1.2322858572006226,1.2290890645980834,1.2681178355018048,1.2636343821102232,1.1945437470859437,58.57715421299063,0.0010742905462299834
2019-09-12,1.233471393585205,1.2359259128570557,1.2286370992660522,1.2285930299758911,1.2677730947862167,1.262125329617633,1.1950607303341494,56.852785182467386,0.001670324482690777
2019-09-13,1.2329391241073608,1.2470382452011108,1.232863187789917,1.2280857157707215,1.2674264881127952,1.2605332420623123,1.1956381894791306,56.37986446697894,0.0020758073579509873
2019-09-16,1.2497344017028809,1.249843716621399,1.2402024269104004,1.228029363155365,1.267250447452,1.2603128273105766,1.1957458990001533,65.99265754887614,0.003709631671168223
2019-09-17,1.2428536415100098,1.2495313882827759,1.239464521408081,1.227853581905365,1.26700769316402,1.2597050799559593,1.196002083854771,60.1448269635985,0.004398525899230066
2019-09-18,1.2502655982971191,1.2506252527236938,1.2441370487213135,1.2279417419433594,1.266841105155394,1.2600202298080223,1.1958632540786964,63.859917826052744,0.005479399401107976
2019-09-19,1.247053861618042,1.24985933303833,1.2442454099655151,1.2278665590286255,1.2666442171599974,1.259743241906687,1.195989876150564,61.197888031421556,0.006007587402241388
2019-09-20,1.2525050640106201,1.2583048343658447,1.2464786767959595,1.2278696966171265,1.2665035290689588,1.2597562443649937,1.1959831488692594,63.945063209664816,0.006787801127867921
2019-09-23,1.2471938133239746,1.2491724491119385,1.2415266036987305,1.2276696228981019,1.2663113925938843,1.258924351340031,1.1964148944561728,59.523189256364304,0.006898036315360123
2019-09-24,1.243456244468689,1.2502187490463257,1.2415573596954346,1.2275027585029603,1.2660839781846782,1.25831765962144,1.1966878573844806,56.55918018242954,0.0066076391739098295
2019-09-25,1.2485953569412231,1.2487823963165283,1.2356815338134766,1.2276506066322326,1.2659099620529026,1.258802894325349,1.196498318939116,59.54234754689311,0.006714777004782846
2019-09-26,1.2359564304351807,1.2380834817886353,1.2304966449737549,1.2275003004074097,1.265611916962179,1.2584126127238882,1.1965879880909311,50.3793259820962,0.005713961772024323
2019-09-27,1.2331976890563965,1.2336541414260864,1.227310061454773,1.2270805382728576,1.2652893873312756,1.2570700329745224,1.1970910435711928,48.62052037354103,0.004644660362615349
2019-09-30,1.2293167114257812,1.2343850135803223,1.2284860610961914,1.2266412210464477,1.264931450257589,1.255816122160731,1.1974663199321645,46.17812153184943,0.0034443643435406734
2019-10-01,1.2289994955062866,1.2313754558563232,1.221060872077942,1.2262714219093322,1.2645739183695164,1.2548299434417545,1.19771290037691,45.97483170362967,0.002439404490647279
2019-10-02,1.2292261123657227,1.2317850589752197,1.2228676080703735,1.2259778451919556,1.264222198906792,1.2540948698756456,1.1978608205082657,46.157191465973064,0.0016423209993536858
2019-10-03,1.230436086654663,1.2412645816802979,1.2266929149627686,1.2256146597862243,1.263886018685378,1.2529988136895895,1.198230505882859,47.18232578136617,0.001095631643191819
2019-10-04,1.2342326641082764,1.2357884645462036,1.2277470827102661,1.2253924036026,1.2635909604308795,1.2522991521646554,1.1984856550405447,50.37499852324873,0.0009576888203539635
2019-10-07,1.2334411144256592,1.2338062524795532,1.2289540767669678,1.2253078317642212,1.2632909619631658,1.2520833348254492,1.1985323287029932,49.70046095024676,0.0007755565620202187
2019-10-08,1.2288031578063965,1.2303149700164795,1.2199287414550781,1.2254489517211915,1.2629477997327503,1.2522222339249618,1.1986756695174212,45.82826191664964,0.000254042651395725
2019-10-09,1.2219561338424683,1.2283201217651367,1.2200329303741455,1.2255648684501648,1.2625399224602103,1.2522239476673283,1.1989057892330013,40.77728471603148,-0.0007036472831265517
2019-10-10,1.2212995290756226,1.238482117652893,1.220956563949585,1.2256833219528198,1.2621295702872293,1.2522099363916386,1.199156707514001,40.31837013573087,-0.0014983341102854375
2019-10-11,1.2433171272277832,1.2700347900390625,1.2430081367492676,1.2263010668754577,1.2619423817990756,1.2530059048623958,1.1995962288885196,57.56455130964233,-0.0003474873660320732
2019-10-14,1.261899709701538,1.2646702527999878,1.252219557762146,1.2272347712516785,1.2619419572010901,1.2555721390478083,1.1988974034555486,66.39168685696845,0.002040504410033117
2019-10-15,1.2611771821975708,1.2789523601531982,1.260366439819336,1.2281419086456298,1.2619343474995626,1.2578582286946893,1.1984255885965702,65.81840087616962,0.003830547004525453
2019-10-16,1.2760635614395142,1.286173701286316,1.2668169736862183,1.2293236923217774,1.262074936692995,1.2617990160415353,1.1968483686020195,71.31433925493428,0.006376866503789325
2019-10-17,1.2823801040649414,1.2978416681289673,1.2755752801895142,1.2306847119331359,1.2622769781593826,1.2661604276683127,1.195208996197959,73.2776926120566,0.008803059067306274
2019-10-18,1.286860466003418,1.2914891242980957,1.2840760946273804,1.2321344542503356,1.262521589978726,1.27068102366536,1.1935878848353112,74.60537375828268,0.01096101021538387
2019-10-21,1.2900229692459106,1.3012700080871582,1.2890751361846924,1.2338909602165222,1.2627952355435736,1.2748011347707282,1.1929807856623162,75.52956958823037,0.01277908034543973
2019-10-22,1.297168254852295,1.2988699674606323,1.28940749168396,1.2356768178939819,1.2631372556361977,1.2796339955076346,1.1917196402803292,77.52018856537643,0.014627858013138928
2019-10-23,1.2884771823883057,1.2894906997680664,1.2842575311660767,1.2373179984092713,1.2633893942108456,1.2829133754469177,1.1917226213716248,70.05525865805812,0.015216326382292644
2019-10-24,1.2923235893249512,1.294783353805542,1.2808033227920532,1.2390436720848084,1.263677296649792,1.2863079261235226,1.191779418046094,71.36930113587265,0.015810807550993955
2019-10-25,1.2840267419815063,1.286024808883667,1.280524492263794,1.2405409955978393,1.2638797786928937,1.2886766640972853,1.1924053270983932,64.76714010917416,0.01543453223923441
2019-10-28,1.283202886581421,1.2875149250030518,1.2812299728393555,1.2418830299377441,1.2640720484231278,1.290969750920666,1.1927963089548224,64.13272005145524,0.014898116880564416
2019-10-29,1.2857435941696167,1.2904725074768066,1.280983805656433,1.2433348894119263,1.264287685694237,1.2932403131163608,1.1934294657074918,65.2627904233025,0.014510746855815215
2019-10-30,1.2866700887680054,1.2904558181762695,1.2858924865722656,1.2447436046600342,1.264510396172583,1.2954959273480817,1.1939912819719867,65.68734570807436,0.01411579558665732
2019-10-31,1.290172815322876,1.2975385189056396,1.290289282798767,1.2462825775146484,1.2647657436268147,1.2977947677695854,1.1947703872597115,67.31383538973529,0.013924916846404622
2019-11-01,1.2939623594284058,1.2973533868789673,1.2934770584106445,1.2476580262184143,1.2650562572168804,1.3005262212010889,1.1947898312357397,69.02455922895645,0.013918979279452293
2019-11-04,1.2937614917755127,1.2944984436035156,1.2901227474212646,1.249008424282074,1.2653418814413444,1.303079428989354,1.1949374195747942,68.81895514320556,0.013739682862612623
2019-11-05,1.2891582250595093,1.2914557456970215,1.2861074209213257,1.2503476881980895,1.2655788599848088,1.305021763647192,1.195673612748987,64.10625990154632,0.013075418719793674
2019-11-06,1.288062334060669,1.2897733449935913,1.2867693901062012,1.2515425324440002,1.2658025761447678,1.3068591839113448,1.1962258809766555,63.00017380513746,0.012318554725144537
2019-11-07,1.2856775522232056,1.287713885307312,1.27962327003479,1.2528190517425537,1.266000337100772,1.3082846788352618,1.1973534246498456,60.55177937894968,0.011394948716944908
2019-11-08,1.2779992818832397,1.2822155952453613,1.2769761085510254,1.2540060329437255,1.2661197295861697,1.3090254560417833,1.1989866098456676,53.36118885317742,0.009928957216540857
2019-11-11,1.2796396017074585,1.2891747951507568,1.2786742448806763,1.255280349254608,1.2662542556769287,1.3096472475500287,1.2009134509591874,54.601495338948794,0.008798089591472102
2019-11-12,1.2858428955078125,1.2868356704711914,1.2817226648330688,1.2568638944625854,1.266449167516042,1.3100507836721793,1.2036770052529915,59.03800234861238,0.008306668711558052
2019-11-13,1.285214900970459,1.2860082387924194,1.282495141029358,1.2583873200416564,1.2666358912320064,1.3103325921369833,1.2064420479463296,58.41563482367144,0.007776893031020915
2019-11-14,1.2853800058364868,1.2891582250595093,1.2825939655303955,1.2595971250534057,1.266822399835036,1.3111744101747744,1.208019839932037,58.539383259371,0.007286371811582315
2019-11-15,1.2881784439086914,1.2917393445968628,1.2869184017181396,1.2607128500938416,1.2670348977860177,1.3123016413551902,1.209124058832493,60.67544578431583,0.007042261963803753
2019-11-18,1.2921231985092163,1.2982122898101807,1.2916558980941772,1.261989212036133,1.2672845326190842,1.3134630685056348,1.210515355566631,63.52795643545954,0.007085435390642436
2019-11-19,1.2950851917266846,1.2971850633621216,1.2925406694412231,1.263200168609619,1.2675611560927917,1.3148864304253896,1.2115139067938485,65.54872913276107,0.007274799381830954
2019-11-20,1.2929502725601196,1.2928917407989502,1.2891747951507568,1.264349513053894,1.2678137841173422,1.3160758603044957,1.2126231658032922,62.84591321033357,0.007169950844468254
2019-11-21,1.2927078008651733,1.2970168590545654,1.2900062799453735,1.2655342411994934,1.2680614857765247,1.3170871376998938,1.213981344699093,62.53055165533358,0.0069867532415877065
2019-11-22,1.2919896841049194,1.2929919958114624,1.2826762199401855,1.2667152523994445,1.2682995773021803,1.3179247447941564,1.2155057600047325,61.54552744929243,0.00670631556909318
2019-11-25,1.2853471040725708,1.2913223505020142,1.284191608428955,1.2674275064468383,1.268469204434224,1.3186636382120482,1.2161913746816284,53.19769249963287,0.0058802817710355
2019-11-26,1.289723515510559,1.2904890775680542,1.2838454246520996,1.2683649039268494,1.2686806901165757,1.3194808434985672,1.2172489643551316,57.30640811136721,0.005515207978197045
2019-11-27,1.2860909700393677,1.2892745733261108,1.2828242778778076,1.2690814113616944,1.268853926732723,1.3201661673206722,1.2179966554027166,53.13665246106614,0.0048765544222519885
2019-11-28,1.2929919958114624,1.2951691150665283,1.2901227474212646,1.2700001740455626,1.2690941065245513,1.321120310600476,1.2188800374906492,59.20902949487884,0.004871120735769896
2019-11-29,1.29128897190094,1.2943308353424072,1.288195013999939,1.2707758522033692,1.2693149509561572,1.3219893609727953,1.219562343433943,57.2379625844539,0.004675498467336059
2019-12-02,1.29128897190094,1.2943308353424072,1.2898067235946655,1.2716577553749084,1.269533597930732,1.3227322312061978,1.2205832795436191,57.2379625844539,0.0044689511234936585
2019-12-03,1.294062852859497,1.3008129596710205,1.2931424379348755,1.2726698875427247,1.269777670119078,1.3234682629765715,1.221871512108878,59.76797009634893,0.004477476316624651
2019-12-04,1.2997816801071167,1.311991572380066,1.2984483242034912,1.2736936140060424,1.270076217482143,1.324574734819076,1.2228124931930089,64.43927171577235,0.004889332971262483
2019-12-05,1.311131477355957,1.3166556358337402,1.3106160163879395,1.275197114944458,1.2704847275306386,1.3259694008210046,1.2244248290679116,71.50947923705506,0.00606169072370677
2019-12-06,1.3158414363861084,1.3165169954299927,1.310186743736267,1.2768499898910521,1.2709360380665138,1.3274220364747753,1.226277943307329,73.83438901520786,0.0072868487632267165
2019-12-09,1.3139568567276,1.3180439472198486,1.3137152194976807,1.2785427927970887,1.2713641059138878,1.328280056487484,1.2288055291066935,71.32633057523537,0.00801335256771929
2019-12-10,1.314578652381897,1.318878412246704,1.313456416130066,1.2802543759346008,1.2717941014011318,1.3289110764363128,1.2315976754328888,71.66828614336336,0.008540832380496743
2019-12-11,1.3131287097930908,1.318704605102539,1.3113206624984741,1.281932427883148,1.2722053910368727,1.3291726804332102,1.234692175333086,69.58434356630934,0.008741103681081386
2019-12-12,1.3200099468231201,1.3229262828826904,1.3116475343704224,1.2837239050865172,1.2726810582586265,1.329771939153323,1.2376758710197115,73.51968383546851,0.009347328267341304
2019-12-13,1.347527265548706,1.3509862422943115,1.3309553861618042,1.285989797115326,1.2734257966396225,1.3332320604454388,1.2387475337852132,82.99489214111337,0.011910882035057968
2019-12-16,1.335327386856079,1.341705560684204,1.3326226472854614,1.2880275225639344,1.274041732860682,1.3348054631652886,1.2412495819625802,70.88467252168688,0.012810418088016196
2019-12-17,1.3272457122802734,1.3304948806762695,1.3104099035263062,1.289996373653412,1.2745711256907275,1.3348470328278175,1.2451457144790063,64.20158799120907,0.012724503142400367
2019-12-18,1.3122154474258423,1.3125598430633545,1.3062334060668945,1.2918015599250794,1.274945696056251,1.3325528244149314,1.2510502954352274,54.00393990967785,0.011313186793289187
2019-12-19,1.3087291717529297,1.3129562139511108,1.2996634244918823,1.2935501527786255,1.2752818500432828,1.329128501984421,1.25797180357283,51.943019512069306,0.009800421944228699
2019-12-20,1.3017443418502808,1.3078391551971436,1.3008298873901367,1.2947186970710753,1.2755451584194717,1.3272723200362528,1.2621650741058978,47.99137593325702,0.007946327190545777
2019-12-23,1.3005423545837402,1.3032541275024414,1.2907055616378784,1.2954915499687194,1.275793886739514,1.3266707672550957,1.264312332682343,47.32416637019146,0.00630724739143429
2019-12-24,1.2944984436035156,1.2969495058059692,1.292306900024414,1.2961579751968384,1.2759800017331855,1.3257263853674657,1.2665895650262111,44.010858609794646,0.004469055249646026
2019-12-25,1.2934937477111816,1.2986996173858643,1.2923002243041992,1.2965065789222718,1.27615426786232,1.3255136852946439,1.2674994725498998,43.46606701138317,0.0028978001357549132
2019-12-26,1.2973533868789673,1.301574945449829,1.296125888824463,1.2968060445785523,1.276365204369948,1.3255256254749004,1.2680864636822042,46.220209636821586,0.0019416278845725277
2019-12-27,1.3002209663391113,1.3118194341659546,1.2972187995910645,1.2970732545852661,1.2766025751358103,1.3256634664140927,1.2684830427564395,48.23784649372212,0.0013991160448874052
2019-12-30,1.3091918230056763,1.3152703046798706,1.3087635040283203,1.2974566316604614,1.2769268462588936,1.326174764850053,1.2687384984708698,54.046145705539445,0.0016737507074826574
2019-12-31,1.3113033771514893,1.3281975984573364,1.3109596967697144,1.2977393341064454,1.2772689012926506,1.3267229467121877,1.268755721500703,55.3171029915833,0.002038289298555318
2020-01-01,1.326259970664978,1.3270995616912842,1.3218770027160645,1.2984949898719789,1.2777563746197382,1.3284469221384023,1.2685430576055554,63.101616909828536,0.0034937866596049805
2020-01-02,1.3250298500061035,1.3267878293991089,1.312508225440979,1.2991491150856018,1.2782267574594035,1.3299669698989764,1.2683312602722272,62.142702124129066,0.004496189078983193
2020-01-03,1.3152703046798706,1.316118597984314,1.305483102798462,1.2997739863395692,1.2785953499690599,1.330607311180095,1.2689406614990435,55.001364762562154,0.004451769249577353
2020-01-06,1.308010220527649,1.3173998594284058,1.3065404891967773,1.3002701330184936,1.27888803524825,1.3308120769563223,1.2697281890806649,50.364634268987395,0.0037870829636879044
2020-01-07,1.317002534866333,1.3212134838104248,1.3096375465393066,1.300895311832428,1.2792672840006687,1.331503216869904,1.2702874067949521,55.38186744817848,0.003940495331234528
2020-01-08,1.31137216091156,1.3169505596160889,1.3082668781280518,1.3013893532752991,1.27958673551222,1.331857189404199,1.2709215171463992,51.84795995818556,0.0035666376361256358
2020-01-09,1.3105130195617676,1.312456488609314,1.3015071153640747,1.301796157360077,1.2798944597316184,1.3321958039810409,1.271396510739113,51.30993660935272,0.003164548250103927
2020-01-10,1.3070186376571655,1.309569001197815,1.3049379587173462,1.3020572829246522,1.2801643520492856,1.3324065335118014,1.271708032337503,49.07915548663249,0.0025347036133938072
2020-01-13,1.3045634031295776,1.3046314716339111,1.2961931228637695,1.3022733211517334,1.2804071286769503,1.3325351988996057,1.2720114434038612,47.51599834299848,0.0018164909173217225
2020-01-14,1.2988194227218628,1.3018969297409058,1.2956725358963013,1.3024665451049804,1.2805903355828696,1.3325092047649292,1.2724238854450316,43.98637486162402,0.0007748786480761272
2020-01-15,1.3022528886795044,1.3041210174560547,1.2989206314086914,1.3027503561973572,1.280805883374876,1.3325043325183288,1.2729963798763857,46.54260972629198,0.00022386485371472808
2020-01-16,1.3041210174560547,1.3081642389297485,1.302897572517395,1.303119225502014,1.2810378747587685,1.332463778114298,1.2737746728897301,47.93484610531356,-6.136775916520953e-05
2020-01-17,1.3078734874725342,1.3115785121917725,1.3017781972885132,1.3037167096138,1.2813048957807962,1.3321768514300563,1.2752565677975438,50.71164635746672,1.5201081165594488e-05
2020-01-20,1.3007283210754395,1.3009653091430664,1.2964787483215332,1.3041384840011596,1.2814981636941758,1.3317547756195305,1.2765221923827887,45.712329773654545,-0.0004949671021743374
2020-01-21,1.3005592823028564,1.3084039688110352,1.2995991706848145,1.3044328117370605,1.281687826565904,1.3315626286487725,1.2773029948253485,45.59780339779508,-0.0009025154430351012
2020-01-22,1.3048017024993896,1.3149763345718384,1.3037809133529663,1.3048245477676392,1.2819178153811626,1.3313813263091363,1.2782677692261422,49.04801182250094,-0.0008731079400767783
2020-01-23,1.3144749402999878,1.3151837587356567,1.3098434209823608,1.3054064464569093,1.2822417668728923,1.331495110068209,1.2793177828456095,55.91358152251162,-6.846362813783813e-05
2020-01-24,1.311991572380066,1.3160665035247803,1.3059945106506348,1.3058827090263367,1.2825377848381379,1.3315537735446383,1.2802116445080352,53.90540607467727,0.00036463249305285217
2020-01-27,1.3061821460723877,1.3103067874908447,1.3051422834396362,1.3061638879776,1.2827730521141008,1.331525929328441,1.2808018466267592,49.432651097389225,0.00023636744103083807
2020-01-28,1.3060115575790405,1.3068478107452393,1.2977573871612549,1.3063824152946473,1.2830042810241995,1.331542318554685,1.2812225120346095,49.303285197516324,0.00011957303395426777
2020-01-29,1.3024563789367676,1.3031013011932373,1.2991230487823486,1.3065725374221802,1.2831978342372599,1.3314603476497135,1.2816847271946468,46.568075783893065,-0.0002568992055487218
2020-01-30,1.3022021055221558,1.3109596967697144,1.2980438470840454,1.30676242351532,1.2833869314639754,1.3313616683491252,1.2821631786815146,46.36993429823729,-0.0005692123811904537
2020-01-31,1.3089004755020142,1.3196094036102295,1.3086265325546265,1.3071006393432618,1.2836407975738064,1.3313331403851323,1.2828681383013913,52.14630977890028,-0.00027307253600739045
2020-02-03,1.31816565990448,1.3183393478393555,1.3001364469528198,1.3077570104599,1.283984328542271,1.3313540528873868,1.284159968032413,58.76251380097768,0.0007011608282045945
2020-02-04,1.2997479438781738,1.3042571544647217,1.2943978309631348,1.3079574990272522,1.2841411804361607,1.3310950265667763,1.2848199714877282,45.342205699441344,-1.2760872339478979e-05
2020-02-05,1.3032711744308472,1.3070015907287598,1.2958570718765259,1.3083011031150817,1.2843315286351127,1.3306085866633768,1.2859936195667867,47.79825518978517,-0.00029090038426393683
2020-02-06,1.2997140884399414,1.3000519275665283,1.2924071550369263,1.3084355449676515,1.2844845889316783,1.3304454799167251,1.2864256100185778,45.57177448593572,-0.0007892569996128529
2020-02-07,1.2930254936218262,1.2955045700073242,1.2900062799453735,1.3084702754020692,1.2845695730579485,1.330375005207334,1.2865655455968044,41.64368599925365,-0.0017042760769054865
2020-02-10,1.2891582250595093,1.2948336601257324,1.2874155044555664,1.3084276604652405,1.2846152312868198,1.3304766372064638,1.2863786837240172,39.522476326506414,-0.0027102494720414594
2020-02-11,1.2918227910995483,1.2968486547470093,1.289607048034668,1.3083828592300415,1.2846869482998817,1.3305597022350113,1.2862060162250717,41.72501452361745,-0.0032549612573782305
2020-02-12,1.2956557273864746,1.2992074489593506,1.2953367233276367,1.3083003401756286,1.2847960903803455,1.3306379365829004,1.2859627437683567,44.837200505285715,-0.003338874875338682
2020-02-13,1.295756459236145,1.3068649768829346,1.2945318222045898,1.3079928398132323,1.2849051487769205,1.3305931222749126,1.2853925573515521,44.92045230395194,-0.003358533717637835
2020-02-14,1.3046824932098389,1.306335687637329,1.3003901243209839,1.307769660949707,1.2851019382737654,1.3302737810010135,1.2852655408984004,51.85439691637212,-0.0026236137617925426
2020-02-17,1.3052955865859985,1.3053126335144043,1.300440788269043,1.307596435546875,1.2853028700977676,1.3300394212454756,1.2851534498482744,52.29859222876736,-0.001969015307555777
2020-02-18,1.3008975982666016,1.3049037456512451,1.2972524166107178,1.307322814464569,1.2854580415223331,1.3297519369886812,1.2848936919404568,48.81907480563233,-0.0017845510249283603
2020-02-19,1.3002209663391113,1.3021681308746338,1.292808175086975,1.3070646595954896,1.2856049362966293,1.3295181461392265,1.2846111730517527,48.28679438677055,-0.0016736672988526546
2020-02-20,1.2928247451782227,1.2930420637130737,1.2851488590240479,1.3065209555625916,1.2856767751909735,1.3290115204007638,1.2840303907244195,42.79419535526063,-0.002157731397538498
2020-02-21,1.2883278131484985,1.2976900339126587,1.2879626750946045,1.3053369665145873,1.285703153678113,1.325081754360016,1.2855921786691586,39.82781319643651,-0.0028711239855176984
2020-02-24,1.29537034034729,1.295499563217163,1.2888922691345215,1.3045378255844116,1.285799344590244,1.3224804118882862,1.2865952392805369,46.12603652233445,-0.0028355333991532117
2020-02-25,1.292657732963562,1.3017951250076294,1.2916558980941772,1.3038460659980773,1.2858675872606253,1.3208581453951604,1.2868339866009941,44.20669017413832,-0.002991725598291417
2020-02-26,1.3003394603729248,1.3010668754577637,1.2913223505020142,1.303608546257019,1.286011585998061,1.3204746741589735,1.2867424183550646,50.48959302036642,-0.002467217293184998
2020-02-27,1.2906889915466309,1.2945318222045898,1.2862563133239746,1.303247742652893,1.286058127346803,1.320435533618433,1.286059951687353,43.81432714043061,-0.0027979992705617907
2020-02-28,1.2888922691345215,1.2918895483016968,1.2754452228546143,1.302990701198578,1.2860863277626013,1.3206482435643112,1.2853331588328447,42.682871367577995,-0.0031686011914604517
2020-03-02,1.2807048559188843,1.2851818799972534,1.2741937637329102,1.3025939512252807,1.2860327807790817,1.3213342968779849,1.2838536055725764,37.882150364442595,-0.004075976386671787
2020-03-03,1.2767152786254883,1.2837464809417725,1.275982141494751,1.3022382879257202,1.285940069314867,1.3222383908514348,1.2822381850000055,35.77086407252004,-0.005058689883399525
2020-03-04,1.2820841073989868,1.2846039533615112,1.2771555185317993,1.3020100951194764,1.2859017015346097,1.3226670025376748,1.281353187701278,40.570946254223664,-0.005342690585418364
2020-03-05,1.2874983549118042,1.2945822477340698,1.286173701286316,1.301812994480133,1.2859175886328902,1.3228360801080326,1.2807899088522336,45.032306975257306,-0.005072407110645161
2020-03-06,1.295068383216858,1.3049719333648682,1.294999599456787,1.301709942817688,1.2860086413153178,1.322815234405595,1.2806046512297808,50.61458326786029,-0.0041989644424209605
2020-03-09,1.3099292516708374,1.3199751377105713,1.3036450147628784,1.3017246913909912,1.2862466573387559,1.3228523422165548,1.2805970405654277,59.34357985019018,-0.002281309433182388
2020-03-10,1.3075313568115234,1.308832049369812,1.2934435606002808,1.301649250984192,1.2864584453932113,1.3226639349464155,1.2806345670219683,57.575215295212644,-0.0009441604040867357
2020-03-11,1.2909722328186035,1.2977406978607178,1.2855453491210938,1.3009434962272644,1.2865033587009267,1.3209296429493278,1.280957349505201,47.13059044645885,-0.0012067326182862992
2020-03-12,1.2818212509155273,1.2851818799972534,1.2542959451675415,1.300079324245453,1.2864567705637584,1.3195443790904282,1.2806142694004776,42.53807973743136,-0.002128692509220542
2020-03-13,1.257023572921753,1.2624987363815308,1.2400639057159424,1.2989143896102906,1.2861639029255296,1.321405314059713,1.2764234651608681,33.119944866754224,-0.0048049295000913705
2020-03-16,1.2399870157241821,1.2400332689285278,1.2222847938537598,1.2975539255142212,1.2857044314110884,1.3253927014914826,1.2697151495369599,28.458186597636228,-0.00820598094174696
2020-03-17,1.2266627550125122,1.2270541191101074,1.2009271383285522,1.2957471299171448,1.2851169520439385,1.329526489476344,1.2619677703579455,25.442005236318337,-0.0118400109207073
2020-03-18,1.2121652364730835,1.213032841682434,1.1746463775634766,1.2937629914283753,1.2843910643268157,1.3346937481995516,1.252832234657199,22.631417079160514,-0.015708753711691115
2020-03-19,1.1625338792800903,1.1788560152053833,1.1476839780807495,1.2908034086227418,1.2831785550228683,1.3457804456282867,1.2358263716171969,16.081673725346192,-0.022519999449803985
2020-03-20,1.149438500404358,1.1924351453781128,1.148211121559143,1.2876518058776856,1.2818478082107438,1.3554147705709216,1.2198888411844495,14.859680999376366,-0.028644452978870305
2020-03-23,1.162304162979126,1.171165943145752,1.148026466369629,1.2848066210746765,1.280658319203464,1.361082737691179,1.208530504458174,21.19528938735604,-0.032090060832101974
2020-03-24,1.1595547199249268,1.1789672374725342,1.1583727598190308,1.2820213270187377,1.279453308265369,1.3659916084804862,1.1980510455569893,20.838415314858963,-0.03464324123616991
2020-03-25,1.1792036294937134,1.1973179578781128,1.1647138595581055,1.2795603418350219,1.27845579902386,1.3681935877745486,1.1909270958954952,29.919750284764646,-0.03468136710012404
2020-03-26,1.1851149797439575,1.213916301727295,1.1822566986083984,1.27718022108078,1.2775270346529157,1.3694387935574592,1.184921648604101,32.43114344430407,-0.033844447832831026
2020-03-27,1.2200626134872437,1.237991452217102,1.215347409248352,1.2754240036010742,1.276955249367685,1.368635972219319,1.1822120349828293,44.983559404134674,-0.03001520471417307
2020-03-30,1.245319128036499,1.2467273473739624,1.2319822311401367,1.2743158197402955,1.2766404620907579,1.3676173333330826,1.1810143061475085,51.933255117627446,-0.024658267153299107
2020-03-31,1.2371643781661987,1.2469450235366821,1.2267379760742188,1.2730479216575623,1.2762476652357873,1.366616403347467,1.1794794399676576,49.74815090392532,-0.020830751764452593
2020-04-01,1.2408487796783447,1.2438429594039917,1.23350191116333,1.2717688632011415,1.2758954375187979,1.3653140839585154,1.1782236424437675,50.75628524249744,-0.017300686290575795
2020-04-02,1.238236665725708,1.2465564012527466,1.235498309135437,1.2702440977096559,1.275520723371603,1.363432750236138,1.1770554451831736,49.99057519639447,-0.014546180422186694
2020-04-03,1.2394952774047852,1.2394031286239624,1.2207329273223877,1.26879417181015,1.2751622612226794,1.3615867008942877,1.1760016427260125,50.379015437143394,-0.012121921269736768
2020-04-06,1.2220158576965332,1.2327415943145752,1.2212845087051392,1.267110846042633,1.2746334412870959,1.3601882663428357,1.1740334257424303,45.135629817086034,-0.011478801041327591
2020-04-07,1.2240501642227173,1.238236665725708,1.222045660018921,1.2654716181755066,1.2741301250974006,1.3586395942538543,1.1723036420971589,45.84210669155106,-0.010681838506538366
2020-04-08,1.2338672876358032,1.2418040037155151,1.2289540767669678,1.2640998363494873,1.2737294998490265,1.357064697409754,1.1711349752892206,49.23906126350757,-0.009152574954801596
2020-04-09,1.23931086063385,1.2475205659866333,1.2362467050552368,1.2628420114517211,1.2733870258269848,1.3554036534735172,1.170280369429925,51.071682612238746,-0.0074158860075306254
2020-04-10,1.2454850673675537,1.2488136291503906,1.2449579238891602,1.261573703289032,1.2731093943995277,1.3532934434010677,1.1698539631769962,53.13822186681265,-0.005478191440370095
2020-04-13,1.2461059093475342,1.253337025642395,1.2455781698226929,1.2601325082778931,1.2728407030059754,1.3504769771073917,1.1697880394483946,53.35157789997077,-0.0038480992831904093
2020-04-14,1.2523951530456543,1.2620844841003418,1.2511730194091797,1.2591854524612427,1.2726372646979125,1.3488249324346129,1.1695459724878725,55.558935271616285,-0.0020254025199295533
2020-04-15,1.26262629032135,1.262785792350769,1.244075059890747,1.2583725547790527,1.2725376530125736,1.3471128978042168,1.1696322117538887,58.961000451481915,0.0002418768638192681
2020-04-16,1.252097249031067,1.2526618242263794,1.241434097290039,1.2574202179908753,1.2723342659082801,1.3453681634816685,1.1694722725000821,54.34988100269264,0.0011755554021319892
2020-04-17,1.2487823963165283,1.2523167133331299,1.2408641576766968,1.2565353560447692,1.2720999189471682,1.343909536581159,1.1691611755083793,52.94598589908296,0.0016292405885149908
2020-04-20,1.248751163482666,1.2491568326950073,1.2418195009231567,1.2557272148132324,1.2718675930221484,1.34261593952622,1.1688384901002447,52.93211236436353,0.0019636335929398285
2020-04-21,1.2442762851715088,1.244400143623352,1.2263468503952026,1.2547762846946717,1.2715930526455252,1.3410914349079872,1.1684611344813562,50.87520478669389,0.0018462744736595926
2020-04-22,1.2298610210418701,1.2383134365081787,1.227596402168274,1.2534603905677795,1.2711778085499665,1.3392362260050064,1.1676845551305526,44.83147991410668,0.0005833506807062516
2020-04-23,1.2323921918869019,1.2415728569030762,1.23093581199646,1.2521931052207946,1.2707918820160056,1.3372879679108884,1.1670982425307008,46.04354369220095,-0.00021085063588643926
2020-04-24,1.235223650932312,1.237424612045288,1.2299668788909912,1.2508039283752441,1.270437969268904,1.334660096634845,1.1669477601156433,47.434796322700066,-0.0006048139015502052
2020-04-27,1.2366595268249512,1.2453765869140625,1.2361245155334473,1.249431207180023,1.270101865363989,1.3318818122112324,1.1669806021488138,48.16472311594582,-0.0007920393074118959
2020-04-28,1.2422668933868408,1.251846432685852,1.2405717372894287,1.248258593082428,1.2698249004686941,1.3293785795963386,1.1671386065685172,51.02483852220145,-0.0004823884972964265
2020-04-29,1.2435646057128906,1.248626470565796,1.2390499114990234,1.2471254658699036,1.2695636040034621,1.3268537216944913,1.1673972100453158,51.689203149252045,-0.0001307660702296598
2020-04-30,1.2471472024917603,1.2637752294540405,1.242992639541626,1.2462119150161743,1.2693405552322015,1.3248420923260014,1.1675817377063473,53.56207314631243,0.00043200299396572994
2020-05-01,1.2581465244293213,1.25809907913208,1.2504063844680786,1.2456082892417908,1.269229171841128,1.3233774932741191,1.1678390852094624,58.83814859968615,0.0017454346034517787
2020-05-04,1.2454230785369873,1.2468827962875366,1.240648627281189,1.2446093440055848,1.268992295290838,1.321041242153397,1.1681774458577725,51.54304059028352,0.0017396097294046786
2020-05-05,1.244555115699768,1.2480343580245972,1.2422205209732056,1.2436472916603087,1.2687491392750063,1.3188110896336922,1.1684834936869253,51.07779110421954,0.0016459822686563097
2020-05-06,1.2444202899932861,1.2450199127197266,1.2337758541107178,1.242528908252716,1.2685070611727005,1.315892199914125,1.169165616591307,51.000780780393626,0.0015431144607875869
2020-05-07,1.232559323310852,1.2414649724960327,1.2269939184188843,1.2413663148880005,1.2681493722387518,1.3134456542449044,1.1692869755310966,44.62636458471743,0.0004987606940776157
2020-05-08,1.237593173980713,1.2463544607162476,1.2357732057571411,1.2403403329849243,1.2678453304650399,1.311106934157186,1.1695737318126627,47.618664258616825,7.64116631220002e-05
2020-05-11,1.2417423725128174,1.2437810897827148,1.22857666015625,1.239561083316803,1.2675855995401422,1.309365024237621,1.169757142395985,50.016277961418226,7.563083330319742e-05
2020-05-12,1.2333498001098633,1.237623691558838,1.2288635969161987,1.2386937737464905,1.267244944819443,1.3076863874147024,1.1697011600782785,45.481528867882076,-0.0005953357730104081
2020-05-13,1.2254902124404907,1.2337453365325928,1.222195029258728,1.2375618958473205,1.266829474845523,1.3054978318592156,1.1696259598354253,41.671161510775576,-0.0017412130618612576
2020-05-14,1.224155068397522,1.2241400480270386,1.2168854475021362,1.236295030117035,1.2664048538858415,1.3027769842814678,1.1698130759526022,41.04212668178642,-0.002725644501717861
2020-05-15,1.2233912944793701,1.2238104343414307,1.2116365432739258,1.2348614883422853,1.2659768582698567,1.2992281754858142,1.1704948011987564,40.663971320651406,-0.0035267890534611546
2020-05-18,1.2085760831832886,1.2224340438842773,1.208605170249939,1.2328344249725343,1.2654057062789454,1.2938482519149337,1.1718205980301348,34.100559949704646,-0.005296115297922288
2020-05-19,1.2200031280517578,1.2269337177276611,1.2184869050979614,1.2310838603973389,1.2649539393314113,1.2882515003412986,1.173916220453379,41.89119001430496,-0.0057104258384295115
2020-05-20,1.2255953550338745,1.228697419166565,1.2223145961761475,1.2297763228416443,1.2645623116269582,1.2842816884357602,1.1752709572475284,45.299341972023036,-0.005523848458903746
2020-05-21,1.2236906290054321,1.224949836730957,1.218650221824646,1.2286137104034425,1.2641556282177888,1.2810276865808525,1.1761997342260324,44.34532259329742,-0.005466663716998221
2020-05-22,1.2223445177078247,1.2235409021377563,1.2163379192352295,1.2279201292991637,1.263739597267441,1.279713781704138,1.1761264768941895,43.64573793050339,-0.005466944792328787
2020-05-25,1.218605637550354,1.2203902006149292,1.2165006399154663,1.2274925017356872,1.263290503140903,1.2792325438635948,1.1757524596077797,41.67896316759884,-0.005703121889068852
2020-05-26,1.220137119293213,1.2362773418426514,1.2198543548583984,1.2273619890213012,1.2628611162369459,1.2791434788946658,1.1755804991479366,42.81566054365688,-0.0057009985991749446
2020-05-27,1.23350191116333,1.234933853149414,1.2209415435791016,1.2277887225151063,1.2625689848431785,1.2794104670851745,1.176166977945038,51.66854076439508,-0.004568229164756632
2020-05-28,1.2264822721481323,1.23350191116333,1.2235409021377563,1.229067690372467,1.2622099130750686,1.2771370107130173,1.1809983700319169,47.508337283368704,-0.0041886433564986
2020-05-29,1.2321492433547974,1.239218831062317,1.2293318510055542,1.2307219052314757,1.2619108019335732,1.2729433296405415,1.18850048082241,50.942454408135426,-0.0033914471613887276
2020-06-01,1.2347996234893799,1.2485017776489258,1.2345373630523682,1.232171814441681,1.2616410389639792,1.2694988028885044,1.1948448259948574,52.50737670197817,-0.0025167879418188654
2020-06-02,1.248704433441162,1.2575452327728271,1.2479565143585205,1.2339548087120056,1.261512316520966,1.2651344808722722,1.202775136551739,59.75987811306271,-0.0006936166717363967
2020-06-03,1.2581465244293213,1.261304497718811,1.2554926872253418,1.2355336666107177,1.2614788260523926,1.263193427897046,1.2078739053243894,63.80220630711896,0.001495913566520013
2020-06-04,1.2575136423110962,1.2622278928756714,1.250156283378601,1.2369816398620606,1.2614393714878025,1.2612392006042046,1.2127240791199165,63.34289249896105,0.003143823714509164
2020-06-05,1.2609069347381592,1.2729772329330444,1.2584314346313477,1.2377985262870788,1.2614340736096967,1.2624777904263143,1.2131192621478433,64.80583616242906,0.004669784352106854
2020-06-08,1.2725722789764404,1.271876335144043,1.2628655433654785,1.2383435893058776,1.2615449015237936,1.2648378847284822,1.211849293883273,69.33641136587565,0.00674268941365308
2020-06-09,1.2735283374786377,1.2754939794540405,1.2626900672912598,1.2390708684921266,1.2616641396924986,1.2673681077258931,1.21077362925836,69.68089662151024,0.00836618734052541
2020-06-10,1.2711325883865356,1.280032753944397,1.2707449197769165,1.2396765446662903,1.2617583531123397,1.269390059971006,1.2099630293615746,67.63052783010008,0.00935170359679005
2020-06-11,1.2710679769515991,1.2750385999679565,1.2624987363815308,1.240333170890808,1.261850986185367,1.2713397271675217,1.2093266146140944,67.57277905587026,0.010012105408492067
2020-06-12,1.257703423500061,1.2650861740112305,1.2523324489593506,1.2406973338127136,1.2618097169049163,1.272089030228451,1.2093056373969762,56.773904302216245,0.009349297943936685
2020-06-15,1.2508755922317505,1.2578458786010742,1.2456247806549072,1.241274528503418,1.2617009196444868,1.2723236201215018,1.210225436885334,52.18542322593067,0.008178789339830628
2020-06-16,1.2637752294540405,1.2687134742736816,1.2560290098190308,1.2420690298080443,1.2617215595430893,1.2733512942082033,1.2107867654078854,58.937601456395626,0.008197549507168667
2020-06-17,1.258510708808899,1.2587324380874634,1.2514234781265259,1.2425618982315063,1.261689610779565,1.27409227888784,1.2110315175751727,55.49338215871162,0.007698866515502889
2020-06-18,1.2552721500396729,1.2563287019729614,1.2404638528823853,1.2428811240196227,1.26162575544882,1.2745997930583524,1.211162454980893,53.42504714093101,0.006962077528869237
2020-06-19,1.2426837682724,1.2454850673675537,1.2350863218307495,1.2428250980377198,1.2614372779644776,1.2745348886602892,1.2111153074151504,46.21460721839955,0.005301279890910893
2020-06-22,1.234811782836914,1.2455006837844849,1.2337301969528198,1.2425992155075074,1.2611723476647008,1.274374454119039,1.2108239768959759,42.36413290578829,0.0033117070641421886
2020-06-23,1.250156283378601,1.2531641721725464,1.24337899684906,1.2425544381141662,1.2610627350847396,1.2742796029725871,1.2108292732557453,50.9439948744576,0.0029392474047384987
2020-06-24,1.2524893283843994,1.2543007135391235,1.2416961193084717,1.2423516988754273,1.2609774275553831,1.273680400169614,1.2110229975812405,52.111276826937456,0.002800050436668533
2020-06-25,1.2412954568862915,1.2464165687561035,1.2393569946289062,1.2421356630325318,1.2607815870512131,1.2733387875537248,1.2109325385113388,46.40573221278927,0.0017661251662610677
2020-06-26,1.2425447702407837,1.2436883449554443,1.2317243814468384,1.2420109105110169,1.2606001261874278,1.2731553910052347,1.210866430016799,47.10184824833289,0.001035603297026677
2020-06-29,1.2342174053192139,1.2390038967132568,1.2254151105880737,1.241720235347748,1.2603376115519231,1.2728792374012652,1.2105612332942306,43.08478961663976,-0.00021283586260745224
2020-06-30,1.2310571670532227,1.2392034530639648,1.2260010242462158,1.241455852985382,1.2600462638454684,1.2727503651116663,1.2101613408590979,41.63364217312157,-0.001440631010461324
2020-07-01,1.2389271259307861,1.2477384805679321,1.2360328435897827,1.2416371750831603,1.2598361231697004,1.2727620780867404,1.2105122720795802,46.46901655799452,-0.001758358341077182
2020-07-02,1.2464786767959595,1.2529758214950562,1.2461835145950317,1.2419189047813415,1.259703213255534,1.2729571389830705,1.2108806705796125,50.690333401171294,-0.001384848820650486
2020-07-03,1.2466403245925903,1.248626470565796,1.244075059890747,1.242147238254547,1.2595732342638628,1.2731523930018926,1.2111420835072015,50.77980894450303,-0.0010635364226287969
2020-07-06,1.247551679611206,1.2519874572753906,1.247676134109497,1.2423650813102722,1.2594536168046324,1.2733659181467791,1.2113642444737653,51.31617276347104,-0.0007269751814100722
2020-07-07,1.249547004699707,1.2590969800949097,1.2463854551315308,1.2425106835365296,1.259355043549857,1.2735779521817951,1.211443414891264,52.53570687854384,-0.00029583174967573456
2020-07-08,1.2542802095413208,1.2600330114364624,1.25101637840271,1.2427249956130981,1.2593045476890756,1.2739692740774826,1.2114807171487136,55.390427564607855,0.0004229075844863761
2020-07-09,1.2613521814346313,1.2669453620910645,1.2602235078811646,1.2430090951919555,1.2593249221542056,1.2746730075480115,1.2113451828358994,59.32662376640974,0.0015453488938006466
2020-07-10,1.2605094909667969,1.26639986038208,1.2569130659103394,1.2430563545227051,1.2593367089085599,1.274819381933125,1.2112933271122852,58.66239042400195,0.002339920493193315
2020-07-13,1.2627506256103516,1.266640543937683,1.259303092956543,1.2434029054641724,1.2593706782289757,1.2756458093874656,1.2111600015408792,59.946769263450605,0.003114562310514435
2020-07-14,1.255177617073059,1.2559658288955688,1.24819016456604,1.2436153554916383,1.2593289562274244,1.2760287804610941,1.2112019305221824,53.85732395824945,0.003081867186517595
2020-07-15,1.25692880153656,1.2649741172790527,1.2564393281936646,1.2438655257225038,1.2593050740911969,1.2764966609950394,1.211234390449968,54.99577247527241,0.003160825981767701
2020-07-16,1.2591001987457275,1.262434959411621,1.252097249031067,1.244396343231201,1.2593030355305455,1.2771400808224083,1.2116526056399939,56.431190432244854,0.0033598843482163243
2020-07-17,1.2559500932693481,1.257228970527649,1.2513452768325806,1.244763481616974,1.2592696729209814,1.2776073706252349,1.211919592608713,53.752666211811864,0.003226262012153258
2020-07-20,1.2571184635162354,1.265934944152832,1.2519091367721558,1.2450710034370422,1.2592482678522774,1.27808692142545,1.2120550854486345,54.61315737400693,0.003178008953597322
2020-07-21,1.266175389289856,1.275136113166809,1.2652782201766968,1.2457275152206422,1.2593171944337458,1.2790956913173412,1.2123593391239431,60.715127351406615,0.003826477029791331
2020-07-22,1.2730745077133179,1.2740801572799683,1.2645741701126099,1.2466792011260985,1.2594540831230947,1.2804039031219632,1.212954499130234,64.61747851852812,0.004841286513241894
2020-07-23,1.2729934453964233,1.275982141494751,1.2674272060394287,1.2476559686660766,1.259588803145715,1.2815465541177886,1.2137653832143647,64.53636082996394,0.005574727302480875
2020-07-24,1.2730745077133179,1.2794759273529053,1.2720056772232056,1.2486496329307557,1.2597229892608155,1.2825498028334625,1.2147494630280489,64.58424002154452,0.006092297253204038
2020-07-27,1.2795906066894531,1.2899564504623413,1.2798033952713013,1.250069923400879,1.2599206769964237,1.283055457434718,1.21708438936704,68.290273582011,0.006948175654252209
2020-07-28,1.2889753580093384,1.2948838472366333,1.2841421365737915,1.2514493680000305,1.2602097783000348,1.2850654891559747,1.2178332468440862,72.71824550663636,0.008288195297067036
2020-07-29,1.292373776435852,1.299376368522644,1.2912722826004028,1.25278493642807,1.2605298180824809,1.2874968401527154,1.2180730327034248,74.12719259333686,0.009514714774355282
2020-07-30,1.298246145248413,1.3069844245910645,1.2945654392242432,1.2542760467529297,1.260905104919953,1.2902684455766213,1.218283647929238,76.3956736382878,0.010835684358140307
2020-07-31,1.311785101890564,1.3169677257537842,1.3106675148010254,1.2560648584365846,1.2614113735465262,1.2943942290517143,1.2177354878214548,80.61556526282848,0.012827179184603299
2020-08-03,1.3101695775985718,1.3111659288406372,1.3005930185317993,1.2578961372375488,1.2618965298057505,1.2976437299386898,1.2181485445364078,78.80515381756308,0.014112414741193513
2020-08-04,1.3078734874725342,1.3106331825256348,1.298419713973999,1.2596508646011353,1.262354011971589,1.300330258153272,1.2189714710489985,76.18639251632041,0.014775376551929842
2020-08-05,1.3086093664169312,1.3162050247192383,1.306045651435852,1.2611530137062072,1.2628142642546274,1.3034076398455388,1.2188983875668757,76.4564248899835,0.015185113310300036
2020-08-06,1.3126804828643799,1.31851327419281,1.3119744062423706,1.2628769779205322,1.2633104455343265,1.306373373874151,1.2193805819669135,77.94634522134318,0.015657843839756325
2020-08-07,1.3138015270233154,1.3148033618927002,1.301168441772461,1.2645100235939026,1.2638128443551124,1.309406272033057,1.2196137751547482,78.35259244638496,0.015939207818934653
2020-08-10,1.3052273988723755,1.3102039098739624,1.3019646406173706,1.2659185791015626,1.2642249294746872,1.3114252425402468,1.2204119156628783,68.03054772199164,0.015294030254182633
2020-08-11,1.3077194690704346,1.3131287097930908,1.3057386875152588,1.267098879814148,1.264657710963202,1.313828080766327,1.2203696788619691,69.2966061097614,0.014813055935726904
2020-08-12,1.3050740957260132,1.3066771030426025,1.3007283210754395,1.2680374312400817,1.2650598640454191,1.3159039562331032,1.2201709062470603,66.29528431812307,0.014056387517031865
2020-08-13,1.3048017024993896,1.3121638298034668,1.3045003414154053,1.2689831924438477,1.2654553052240656,1.317859036757404,1.2201073481302915,65.9784031639434,0.013281640008328877
2020-08-14,1.3070528507232666,1.3141640424728394,1.3050740957260132,1.2699061107635499,1.2658692111494307,1.3198896786425367,1.219922542884563,67.36665371309827,0.012702865151753118
2020-08-17,1.3107001781463623,1.312129259109497,1.3074800968170166,1.2706686687469482,1.2663152904230321,1.3219644072867656,1.2193729302071308,69.53565751453988,0.012395601965660141
2020-08-18,1.3107877969741821,1.324047327041626,1.3107191324234009,1.2714138579368592,1.2667578029260287,1.3239468004522617,1.2188809154214568,69.58795150078296,0.012020597815064038
2020-08-19,1.325398564338684,1.326735019683838,1.3173668384552002,1.272499177455902,1.2673412930893386,1.327205683127353,1.217792671784451,76.75385748027254,0.012755335574413884
2020-08-20,1.311079978942871,1.3193656206130981,1.3066089153289795,1.2732994174957275,1.2677765038938515,1.3290805000153438,1.2175183349761112,61.46809923921679,0.012043401530085651
2020-08-21,1.3220343589782715,1.325486421585083,1.3064039945602417,1.2745860362052917,1.2683163830489204,1.3318468590153874,1.217325213395196,66.89930504726404,0.012222225383876628
2020-08-24,1.3094146251678467,1.3149243593215942,1.3064552545547485,1.2757568168640137,1.268725320781447,1.3334312242268747,1.2180824095011527,56.941730573815065,0.011216342510842692
2020-08-25,1.307138204574585,1.3170545101165771,1.305977463722229,1.2766240763664245,1.2691075385306325,1.3348644351884884,1.2183837175443606,55.34154542888361,0.010118841266572032
2020-08-26,1.3152183294296265,1.3212482929229736,1.3118194341659546,1.2777582287788392,1.2695663523704235,1.3367624588576432,1.218753998700035,59.6734681014903,0.00978822955346792
2020-08-27,1.3219819068908691,1.327980637550354,1.3166730403900146,1.279092423915863,1.270087900176597,1.3390308078791633,1.2191540399525627,62.91615380468195,0.009957201147762218
2020-08-28,1.3199577331542969,1.3353630304336548,1.3188261985778809,1.280637903213501,1.2705841174201562,1.3407292818705163,1.2205465245564855,61.326801064389635,0.00981464137344834
2020-08-31,1.3356484174728394,1.33931565284729,1.3302648067474365,1.2826546359062194,1.2712315233908296,1.3432349531426053,1.2220743186698335,68.06192572876633,0.010842779998773366
2020-09-01,1.3364516496658325,1.3480722904205322,1.3356484174728394,1.2843805432319642,1.2718804798711778,1.346088366778713,1.2226727196852154,68.36564921245461,0.011588812771916146
2020-09-02,1.339943766593933,1.3401411771774292,1.3285329341888428,1.2861296319961548,1.272557726505235,1.3490928453213764,1.2231664186709332,69.71412194602964,0.012319818571099539
2020-09-03,1.335131287574768,1.3349993228912354,1.3246963024139404,1.2880063486099242,1.2731803490034392,1.3511087545759906,1.224903942643858,65.5662230181173,0.012368245659288846
2020-09-04,1.3262248039245605,1.3318239450454712,1.317800760269165,1.2896799492835997,1.2737081545250426,1.3522978643912338,1.2270620341759657,58.615328241354426,0.01155474971743442
2020-09-07,1.3245735168457031,1.3259083032608032,1.3143022060394287,1.2914870715141296,1.2742142775332084,1.3527729343635237,1.2302012086647354,57.40032923714633,0.010653990682996328
2020-09-08,1.3162224292755127,1.3166556358337402,1.3012192249298096,1.2931903767585755,1.2746322690928333,1.3523169964766684,1.2340637570404827,51.57754707022216,0.009160671169697876
2020-09-09,1.2968486547470093,1.3017951250076294,1.2887262105941772,1.2943488073348999,1.2748533276565566,1.351368145077717,1.2373294695920827,41.14885581393912,0.006340810093817817
2020-09-10,1.2999167442321777,1.3033561706542969,1.284406065940857,1.2954175686836242,1.2751027148861647,1.3507529835686958,1.2400821537985527,43.110585022542175,0.004304005163169311
2020-09-11,1.2808295488357544,1.2860082387924194,1.2765848636627197,1.2961013531684875,1.2751596983085487,1.349797256133878,1.242405450203097,35.24041755464772,0.0011365440586654785
2020-09-14,1.2806557416915894,1.2915056943893433,1.2791976928710938,1.2967634344100951,1.275214385307385,1.3488068942512335,1.2447199745689568,35.17744163820427,-0.0013719020382287894
2020-09-15,1.2849671840667725,1.2924906015396118,1.2817226648330688,1.2974718379974366,1.2753114280811104,1.3478289784070265,1.2471146975878467,38.13100412670606,-0.0029776418729519083
2020-09-16,1.2884771823883057,1.300576090812683,1.2878299951553345,1.2981557774543762,1.2754424306115304,1.3470254983767531,1.2492860565319992,40.50757449534523,-0.00392176704119751
2020-09-17,1.2959998846054077,1.299511432647705,1.2866535186767578,1.2988487315177917,1.275646982392564,1.346557192932566,1.2511402701030174,45.35262758963127,-0.004016672143829503
2020-09-18,1.2975554466247559,1.2999167442321777,1.2936609983444214,1.299589650630951,1.275864977061541,1.3460008728598842,1.2531784284020178,46.32604389183444,-0.0039211635344469364
2020-09-21,1.2932761907577515,1.2966132164001465,1.278159499168396,1.300200161933899,1.2760382229689657,1.3454212774470857,1.2549790464207122,44.00391534063942,-0.004143014367945952
2020-09-22,1.2820513248443604,1.2865873575210571,1.2714072465896606,1.300737636089325,1.2760980548284224,1.344386079126491,1.257089193052159,38.54587718128848,-0.005165046183659205
2020-09-23,1.2744048833847046,1.2775797843933105,1.2679574489593506,1.301087157726288,1.2760812073513705,1.3435680078764274,1.2586063075761484,35.3310021688669,-0.006516894974134768
2020-09-24,1.2717468738555908,1.2774492502212524,1.2692770957946777,1.3013400912284852,1.276038079654895,1.3429420691803478,1.2597381132766226,34.26127857450322,-0.0077138041031930005
2020-09-25,1.2757054567337036,1.28037691116333,1.269132137298584,1.3017351984977723,1.276034769974087,1.3419290685347214,1.2615413284608232,37.30574544911421,-0.008247862432227526
2020-09-28,1.2766826152801514,1.2919062376022339,1.2753149271011353,1.3021264815330504,1.276041216196038,1.3409034753693194,1.2633494876967815,38.06819951083975,-0.008494341496201985
2020-09-29,1.2873492240905762,1.2898732423782349,1.2836475372314453,1.302549958229065,1.276153733687526,1.340169640987571,1.264930275470559,45.81482306181447,-0.007739752692544455
2020-09-30,1.2866535186767578,1.2939623594284058,1.2807868719100952,1.3028215384483337,1.2762582091600556,1.3397626425051574,1.26588043439151,45.41580781802466,-0.007115846196279474
2020-10-01,1.2917560338974,1.2980270385742188,1.2822978496551514,1.3031967902183532,1.2764124163713724,1.3392722133417716,1.2671213670949348,48.92899649781384,-0.00613890004973805
2020-10-02,1.2886265516281128,1.2951018810272217,1.2839607000350952,1.3035078310966492,1.276533950055519,1.3387824916077826,1.2682331705855159,46.93376694157157,-0.005553172736467937
2020-10-05,1.2931090593338013,1.298751950263977,1.2901561260223389,1.3037782001495362,1.2766988765159994,1.3385076399556226,1.2690487603434497,50.074167929526,-0.004673406588734608
2020-10-06,1.2992581129074097,1.3008975982666016,1.2923402786254883,1.3039838552474976,1.2769233465298442,1.3384764853038802,1.269491225191115,54.0880490724708,-0.0034403501299236083
2020-10-07,1.2883278131484985,1.2929251194000244,1.2850332260131836,1.3039029359817504,1.2770368238096317,1.3385254767677333,1.2692803951957676,46.873991376108954,-0.0033070067298004435
2020-10-08,1.2917560338974,1.2969328165054321,1.2896569967269897,1.3037731337547303,1.2771832836115,1.338530637206894,1.2690156303025666,49.1641712434836,-0.0028913724194805646
2020-10-09,1.29404616355896,1.3015071153640747,1.2926744222640991,1.3034183549880982,1.2773510734617233,1.338204181897156,1.2686325280790405,50.69330089296598,-0.002350094483470455
2020-10-12,1.3031693696975708,1.3079760074615479,1.3005592823028564,1.303278350830078,1.2776079719317317,1.3380095770459663,1.2685471246141897,56.32890620887079,-0.0011714574970951297
2020-10-13,1.3065747022628784,1.3067454099655151,1.2961931228637695,1.303252375125885,1.2778961981041808,1.337971514501176,1.2685332357505943,58.24720782147508,3.6976443275937854e-05
2020-10-14,1.2935272455215454,1.306267499923706,1.2866700887680054,1.3029507327079772,1.2780517309143036,1.3377418994381658,1.2681595659777887,49.30987830441459,-5.748897247426221e-05
2020-10-15,1.3012362718582153,1.3029316663742065,1.2892578840255737,1.302721848487854,1.2782824228639942,1.3374021512530196,1.2680415457226883,53.81864418621958,0.0004841198707887795
2020-10-16,1.2902060747146606,1.2961763143539429,1.2873326539993286,1.3022499394416809,1.2784010661659908,1.3369570075424713,1.2675428713408905,47.33150660608718,2.3038481599790828e-05
2020-10-19,1.2927746772766113,1.3022867441177368,1.2924906015396118,1.3020008850097655,1.2785440871720666,1.3367993437849321,1.2672024262345989,48.87688896528827,-0.00013356739936543072
2020-10-20,1.2948671579360962,1.2977911233901978,1.2912722826004028,1.3017438387870788,1.278706505786634,1.3365597514064054,1.2669279261677522,50.15985044308657,-8.782064495616027e-05
2020-10-21,1.2954038381576538,1.3171412944793701,1.2955213785171509,1.3015504336357118,1.278872648397291,1.3363982601660693,1.2667026071053542,50.50294554519823,-8.166268187004277e-06
2020-10-22,1.3131976127624512,1.3149935007095337,1.307172417640686,1.301718351840973,1.2792141903312728,1.3367107371658238,1.2667259665161221,60.26868798497509,0.0014737804771649543
2020-10-23,1.307805061340332,1.3114409446716309,1.3022699356079102,1.3017333960533142,1.27949867660997,1.3367357877665145,1.2667310043401139,56.62260420090668,0.002187879603215759
2020-10-26,1.3054660558700562,1.307257890701294,1.299545168876648,1.301628713607788,1.279757058493155,1.3365528677095637,1.2667045595060122,55.066481422292654,0.002535838543624269
2020-10-27,1.301574945449829,1.3077878952026367,1.3002548217773438,1.3014444565773011,1.279974151895709,1.3362684445118036,1.2666204686427986,52.48246513164682,0.002469155531292344
2020-10-28,1.303186297416687,1.3063528537750244,1.2918394804000854,1.301000211238861,1.2802051185178083,1.3351368708039195,1.2668635516738025,53.456486810769555,0.0025173133790290514
2020-10-29,1.2989881038665771,1.3025243282318115,1.2883609533309937,1.3007583737373352,1.280392013894413,1.334774682895302,1.2667420645793683,50.54921356709175,0.0021914579237822807
2020-10-30,1.2931926250457764,1.298751950263977,1.2900062799453735,1.3001815390586853,1.2805193831596007,1.3336997642319914,1.2666633138853791,46.76788256824933,0.0014488667873993055
2020-11-02,1.2926744222640991,1.294247031211853,1.2856775522232056,1.2998467350006104,1.2806403288223318,1.3333229246693297,1.2663705453318912,46.433413467073535,0.0008092151989609331
2020-11-03,1.2923903465270996,1.3077024221420288,1.291605830192566,1.2995517778396606,1.2807572444213844,1.3330256291387201,1.266077926540601,46.23819170771157,0.0002761805315751875
2020-11-04,1.3121638298034668,1.3137669563293457,1.2917894124984741,1.2994906878471375,1.2810697477585196,1.3328588209358316,1.2661225547584434,59.12147485785275,0.0014327853067344076
2020-11-05,1.2966804504394531,1.3132493495941162,1.2942638397216797,1.298984658718109,1.2812250781334542,1.3317220616203467,1.2662472558158715,49.18271037283773,0.0010874877276731976
2020-11-06,1.3139395713806152,1.3175925016403198,1.3095518350601196,1.2988642954826355,1.2815505954791973,1.3313300893103899,1.266398501654881,57.7157436228616,0.0021813583863627972
2020-11-09,1.318061351776123,1.3205852508544922,1.3121638298034668,1.2985125541687013,1.2819138865866293,1.3297079350548755,1.267317173282527,59.46623411163491,0.00334232376718413
2020-11-10,1.3169677257537842,1.3276333808898926,1.3158761262893677,1.2981228756904601,1.282262681006203,1.327835424178186,1.2684103272027343,58.77102889616269,0.004126582046476646
2020-11-11,1.3261544704437256,1.329451322555542,1.3194352388381958,1.297847089767456,1.282699415229462,1.3262001349276256,1.2694940446072867,62.714347172277215,0.0054268485705162295
2020-11-12,1.3224189281463623,1.322873830795288,1.3125598430633545,1.2975928425788879,1.283094634263461,1.3247855000276028,1.270400185130173,60.19328211038068,0.006085739497874165
2020-11-13,1.3121638298034668,1.318687081336975,1.311131477355957,1.297311623096466,1.2833838799902273,1.3235704879903978,1.2710527582025344,53.79938933891486,0.005714540903660303
2020-11-16,1.3220518827438354,1.3241876363754272,1.316863775253296,1.2972611904144287,1.283768636236532,1.323315231969292,1.2712071488595653,58.389050145500235,0.006147383368921844
2020-11-17,1.322209119796753,1.3271400928497314,1.319383144378662,1.2973809242248535,1.2841511286102656,1.3238424697371187,1.2709193787125883,58.45971949525724,0.006428992434315051
2020-11-18,1.3259083032608032,1.3311147689819336,1.3245033025741577,1.2979621171951294,1.2845666228853954,1.3256251815242228,1.270299052866036,60.17340946159552,0.006871453004797301
2020-11-19,1.325644612312317,1.3263497352600098,1.3199577331542969,1.2984766745567322,1.2849753590985986,1.3272240106520439,1.2697293384614206,59.98344678444002,0.007118767814785265
2020-11-20,1.3249244689941406,1.3295574188232422,1.324959635734558,1.2993585729599,1.285372862679649,1.3285974789233825,1.2701196669964174,59.43163655409691,0.00717396008993787
2020-11-23,1.3305126428604126,1.3397642374038696,1.326664686203003,1.3003557109832764,1.2858220147212485,1.3303812209955148,1.270330200971038,62.32774986142007,0.007581227621456188
2020-11-24,1.332906723022461,1.3379716873168945,1.3295927047729492,1.3013145017623902,1.2862905192814595,1.3323780383194295,1.2702509652053509,63.528988600354246,0.008004896867094269
2020-11-25,1.3363267183303833,1.3393514156341553,1.3307074308395386,1.3022714924812318,1.2867883919088121,1.334641574971866,1.2699014099905974,65.23439940582786,0.00851842770385769
2020-11-26,1.3385447263717651,1.3398700952529907,1.3323030471801758,1.3031223893165589,1.2873033803114287,1.337020237789406,1.2692245408437117,66.33390204313925,0.009000625693752928
2020-11-27,1.3354523181915283,1.338114857673645,1.3295927047729492,1.3038803267478942,1.2877824742206834,1.3389447521161406,1.2688159013796478,63.32677159771392,0.009029157076657635
2020-11-30,1.333191156387329,1.3381328582763672,1.3306366205215454,1.304678626060486,1.2882343019039335,1.3405654760685555,1.2687917760524163,61.144088388411404,0.008768236767468407
2020-12-01,1.3336889743804932,1.3438512086868286,1.331912636756897,1.3057113790512085,1.2886865872022075,1.3419110917067671,1.2695116663956498,61.45904408930262,0.008503601074339118
2020-12-02,1.3422638177871704,1.3441402912139893,1.329168677330017,1.3070685577392578,1.2892196939741971,1.3435645989696867,1.2705725165088289,66.49661679594507,0.008883391374849392
2020-12-03,1.3370771408081055,1.350001335144043,1.3354344367980957,1.308375163078308,1.2896958874750322,1.344384295017714,1.272366031138902,61.27915474890028,0.008665960639029135
2020-12-04,1.345496654510498,1.3537662029266357,1.341813564300537,1.309770987033844,1.2902511189878227,1.3460210646747208,1.2735209093929674,65.94965836217756,0.00906849365544038
2020-12-07,1.3417415618896484,1.343652606010437,1.3227407932281494,1.311072165966034,1.2907634617032637,1.347144608453056,1.274999723479012,62.33813037266234,0.00898097232070394
2020-12-08,1.3357375860214233,1.3384909629821777,1.329168677330017,1.3120399332046508,1.2912109654278225,1.3481109910407933,1.2759688753685083,56.966558555550435,0.008331104569576642
2020-12-09,1.3365589380264282,1.3476543426513672,1.3362730741500854,1.3130380415916443,1.291662189035769,1.34900359813226,1.2770724850510287,57.50600734044651,0.0077925285191546845
2020-12-10,1.3367018699645996,1.3389569520950317,1.3249948024749756,1.3139369583129883,1.2921103450649116,1.3499780751497519,1.2778958414762247,57.60560227601508,0.0072931654602546026
2020-12-11,1.3305658102035522,1.3324999809265137,1.3136979341506958,1.314775743484497,1.2924929865090773,1.3503618101917647,1.2791896767772295,51.973896294449766,0.006329327351001446
2020-12-14,1.3318239450454712,1.3443751335144043,1.3293275833129883,1.3155500411987304,1.2928843393303349,1.3508958302988707,1.2802042520985901,52.988740623978714,0.005602418479563109
2020-12-15,1.3330844640731812,1.3448632955551147,1.3285152912139893,1.316226568222046,1.2932843405715573,1.3515944580802774,1.2808586783638145,54.03668992380306,0.005069611981591615
2020-12-16,1.3444474935531616,1.3550136089324951,1.3435442447662354,1.317348961830139,1.2937934266708768,1.3526649872448235,1.2820329364154546,62.21381814290103,0.005500850131366475
2020-12-17,1.3502929210662842,1.3621937036514282,1.3496733903884888,1.318519699573517,1.2943556106947118,1.3542513986114169,1.282788000535617,65.6038670152663,0.006242328937720032
2020-12-18,1.3570178747177124,1.3572388887405396,1.347472906112671,1.319779133796692,1.2949791158093686,1.35641756256715,1.283140705026234,69.04471477955241,0.0072885855138917766
2020-12-21,1.3401951789855957,1.3411837816238403,1.3192263841629028,1.3205196499824523,1.2954290268857491,1.3572843175766447,1.28375498238826,54.387647247309275,0.0066832599751236454
2020-12-22,1.3449536561965942,1.3456594944000244,1.3309553861618042,1.3212872290611266,1.2959218092669513,1.3584638069478308,1.2841106511744225,57.158050335659105,0.006512433191209643
2020-12-23,1.339943766593933,1.3561345338821411,1.3372917175292969,1.3222155594825744,1.2963598386930906,1.3588773447851534,1.2855537741799954,53.47540880036313,0.005904729466948533
2020-12-24,1.3505300283432007,1.3620266914367676,1.350712537765503,1.3232014346122742,1.2968988455552806,1.360210027980961,1.2861928412435875,59.42443368893855,0.006205806067916875
2020-12-25,1.3552008867263794,1.3612998723983765,1.3515340089797974,1.3245013308525087,1.2974789653679282,1.3613449888977438,1.2876576728072735,61.748509739415084,0.006743574944622299
2020-12-28,1.3572388887405396,1.3577731847763062,1.3435983657836914,1.325790615081787,1.2980735914711383,1.3626143872400374,1.2889668429235368,62.75102875807264,0.007250629638958506
2020-12-29,1.3466018438339233,1.3520638942718506,1.3461849689483643,1.3268253087997437,1.2985564596538526,1.3630042263119815,1.290646391287506,54.693836676930495,0.006716727260045019
2020-12-30,1.3499903678894043,1.361748456954956,1.3494548797607422,1.3279170393943787,1.2990682398353008,1.3635156116509242,1.2923184671378332,56.60533310077807,0.006492193386290257
2020-12-31,1.36306631565094,1.3684569597244263,1.3609329462051392,1.3289144134521484,1.2997050366095857,1.3656072777949404,1.2922215491093565,63.078830018779335,0.0072853869717468545
2021-01-01,1.3673007488250732,1.3690004348754883,1.3666000366210938,1.3301043272018434,1.3003776307609836,1.3678468473233607,1.292361807080326,64.90465399134828,0.00816160012556244
2021-01-04,1.3684196472167969,1.3703792095184326,1.3549033403396606,1.331363399028778,1.3010546657505937,1.3699420804612865,1.2927847175962697,65.39167100174151,0.008844339076460983
2021-01-05,1.3571596145629883,1.3625833988189697,1.3555645942687988,1.3324750924110413,1.3016129239477319,1.370752441452994,1.2941977433690888,56.842885823639755,0.008380222098924195
2021-01-06,1.3629549741744995,1.3669792413711548,1.3542977571487427,1.3336704659461975,1.3022232926067046,1.37194754177787,1.2953933901145251,59.758822396407275,0.008383404469021194
2021-01-07,1.3625277280807495,1.3633822202682495,1.354132890701294,1.334941258430481,1.3028233367407744,1.3727344958190848,1.297148021041877,59.43997221502085,0.008256278096586911
2021-01-08,1.3569625616073608,1.3631778955459595,1.3540412187576294,1.3362166571617127,1.3033620354956659,1.37253462372098,1.2998986906024455,55.30091262555176,0.007618644119206097
2021-01-11,1.3516253232955933,1.3529785871505737,1.3454241752624512,1.3373956751823426,1.3038422672150682,1.371716706529827,1.3030746438348582,51.590549996536794,0.006606488583633219
2021-01-12,1.3524113893508911,1.3635681867599487,1.3507671356201172,1.3385960960388184,1.3043255420621909,1.3706134678085327,1.306578724269104,52.10028460688661,0.005800907737283811
2021-01-13,1.3670539855957031,1.3699944019317627,1.3622493743896484,1.3396938991546632,1.3049497056794397,1.371776129419494,1.3076116688898325,60.453691752613494,0.0062717177975673
2021-01-14,1.364926815032959,1.3693190813064575,1.3617299795150757,1.3410588264465333,1.3055464928371863,1.3714332830992628,1.3106843697938038,58.84811099880314,0.006399424691102329
2021-01-15,1.3683634996414185,1.3697879314422607,1.3574045896530151,1.3421473050117492,1.3061715376810095,1.3724556459007968,1.3118389641227015,60.665728454754834,0.006700703511599793
2021-01-18,1.357533574104309,1.358991026878357,1.3521004915237427,1.342936749458313,1.306682602720047,1.3727364045964792,1.313137094320147,52.757687076043545,0.00599646119408237
2021-01-19,1.3581236600875854,1.3627877235412598,1.3582526445388794,1.343759868144989,1.307194454037137,1.372897982691179,1.314621753598799,53.11629669681128,0.005423441038635124
2021-01-20,1.3644241094589233,1.3714599609375,1.362416386604309,1.344525260925293,1.3077639033448165,1.3737860637055304,1.3152644581450554,56.879960684563,0.0054152879773672336
2021-01-21,1.3668484687805176,1.374532699584961,1.3660643100738525,1.3454138517379761,1.308351809468555,1.374632994995135,1.3161947084808172,58.26820574819009,0.005540583752998263
2021-01-22,1.3729474544525146,1.3737396001815796,1.363716959953308,1.346629524230957,1.3089945522047137,1.3752540205400754,1.3180050279218385,61.61616853123318,0.006062138174942611
2021-01-25,1.3688204288482666,1.3722879886627197,1.3651131391525269,1.3475648951530457,1.309589834559376,1.3759669815426587,1.3191628087634326,58.21289396796195,0.006072457822851485
2021-01-26,1.3678992986679077,1.3744193315505981,1.36104416847229,1.3484786987304687,1.3101700282320976,1.3764883654826316,1.3204690319783057,57.45017909095919,0.005937860748302937
2021-01-27,1.374154806137085,1.3759889602661133,1.3662322759628296,1.3494436287879943,1.3108066926888635,1.377603402928731,1.3212838546472576,61.17089589782199,0.006263754111957898
2021-01-28,1.3669419288635254,1.3732680082321167,1.3631592988967896,1.3502695751190186,1.3113652522527905,1.3779994760646077,1.3225396741734294,55.179384242440804,0.005872315635882863
2021-01-29,1.3725008964538574,1.375118613243103,1.365877628326416,1.351221103668213,1.3119735671204626,1.3786648385301408,1.323777368806285,58.54911826786613,0.005942162499316117
2021-02-01,1.3697690963745117,1.3756861686706543,1.3658030033111572,1.352006232738495,1.3125486470135377,1.3792774464552409,1.324735019021749,56.308681866901104,0.005711247499957883
2021-02-02,1.3678767681121826,1.3709522485733032,1.3613591194152832,1.3527056336402894,1.3130991755816834,1.3797704590483117,1.325640808232267,54.7459078956768,0.005314290787227005
2021-02-03,1.3659336566925049,1.3682323694229126,1.3621008396148682,1.3532977724075317,1.3136248918116418,1.3801949519837455,1.3264005928313178,53.115748665982125,0.004787717058164498
2021-02-04,1.364908218383789,1.3698630332946777,1.3571467399597168,1.3538250422477722,1.3141351736680809,1.3805750004188062,1.3270750840767382,52.231834365190466,0.004238797068509603
2021-02-05,1.3676148653030396,1.3740037679672241,1.3667550086975098,1.3544682931900025,1.3146673099032546,1.3809605359564838,1.3279760504235212,54.38937805496603,0.003976341023808283
2021-02-08,1.3738716840744019,1.374986171722412,1.368251085281372,1.3552819037437438,1.3152564081537137,1.3816051746990947,1.3289586327883929,58.99954224984809,0.004224518087085016
2021-02-09,1.374570369720459,1.3798813819885254,1.3743815422058105,1.3560995316505433,1.3158465968260196,1.3822241440592888,1.3299749192417978,59.49192735617447,0.004426551757006125
2021-02-10,1.3817994594573975,1.386599063873291,1.3804528713226318,1.3568902444839477,1.3165028442153865,1.3836901322348336,1.3300903567330618,64.27274647279442,0.0051110747337428375
2021-02-11,1.3832597732543945,1.3856172561645508,1.3810819387435913,1.3578138971328735,1.3171670922655259,1.3850070873922293,1.3306207068735176,65.16707670426734,0.005705628312043576
2021-02-12,1.381024718284607,1.3856749534606934,1.377695083618164,1.3585244584083558,1.3178024915293973,1.3862553598241267,1.3307935569925848,62.5848509640921,0.005928130254010622
2021-02-15,1.3871549367904663,1.3919705152511597,1.3866894245147705,1.359432725906372,1.3184925656115971,1.3878854459122687,1.3309800059004755,66.50512767344122,0.006523918377056015
2021-02-16,1.3914785385131836,1.395147681236267,1.3870587348937988,1.3605475449562072,1.3192187941976827,1.3895730931726697,1.3315219967397447,68.97426756238809,0.0072612599969004155
2021-02-17,1.388811707496643,1.390259861946106,1.3831450939178467,1.3615926003456116,1.3199112609966774,1.390854559473247,1.332330641217976,65.75448001602962,0.007543461241933169
2021-02-18,1.3866355419158936,1.3984448909759521,1.384063959121704,1.3625912737846375,1.3205751841899036,1.3917942169107742,1.3333883306585008,63.16336609260609,0.007504996458899793
2021-02-19,1.3967455625534058,1.4035087823867798,1.395206093788147,1.3639148688316345,1.3213330984024758,1.3931921994084047,1.3346375382548643,69.22983264073966,0.008195830580496777
2021-02-22,1.403114914894104,1.4075981378555298,1.3981516361236572,1.3653406882286072,1.3221468478203031,1.3951775285220822,1.3355038479351322,72.32235545284921,0.009151779089490386
2021-02-23,1.4071228504180908,1.4114724397659302,1.4057382345199585,1.3668214559555054,1.32299238018446,1.3974623052423272,1.3361806066686837,74.08720408995708,0.010116169170079958
2021-02-24,1.412030577659607,1.4217066764831543,1.4087086915969849,1.3681731176376344,1.323878332398143,1.4006905869495074,1.3356556483257613,76.09709888683014,0.011147961073909585
2021-02-25,1.4148274660110474,1.4182183742523193,1.4100593328475952,1.3694638085365296,1.3247832989017538,1.404136162777971,1.3347914542950883,77.18325472551857,0.012052416353390605
2021-02-26,1.4008152484893799,1.4020133018493652,1.3890818357467651,1.3703397560119628,1.325539835713571,1.4059295460411019,1.3347499659828237,61.98638165826378,0.011505901954065978
2021-03-01,1.3972529172897339,1.3999720811843872,1.3905692100524902,1.3714809107780457,1.326253398714329,1.406783413616132,1.3361784079399595,58.815811632436244,0.01066242519845173
2021-03-02,1.3929517269134521,1.39621901512146,1.3859821557998657,1.3724408721923829,1.3269170636715342,1.4074079022265726,1.337473842158193,55.147977342558384,0.009536957565621007
2021-03-03,1.3954981565475464,1.4003249406814575,1.3922922611236572,1.3735519599914552,1.3275994626056238,1.4078279613001499,1.3392759586827605,56.86308882207257,0.008749631641016054
2021-03-04,1.3926994800567627,1.4011095762252808,1.391788363456726,1.3743953490257264,1.3282472239732968,1.4084336170332599,1.3403570810181928,54.4008959131325,0.007809813699214629
2021-03-05,1.3894098997116089,1.3905304670333862,1.3781697750091553,1.375079529285431,1.328855807811489,1.4089176787591495,1.3412413798117124,51.57409189004803,0.006722071709309718
2021-03-08,1.385367751121521,1.3859994411468506,1.3802813291549683,1.3756421065330506,1.3294181157051213,1.4092037875533656,1.3420804255127357,48.255935526098256,0.005470796795966404
2021-03-09,1.3823610544204712,1.3921177387237549,1.380338430404663,1.3763572907447814,1.3299449111152242,1.4089017241487043,1.3438128573408585,45.890816130500326,0.004188257491172465
2021-03-10,1.3890432119369507,1.393417477607727,1.3846771717071533,1.3771383476257324,1.3305329539094704,1.4089665628923376,1.3453101323591272,51.57166972389888,0.0036687391768657207
2021-03-11,1.3931456804275513,1.3980538845062256,1.3921760320663452,1.3777399349212647,1.3311559661136303,1.4096195548230703,1.345860315019459,54.71513670507052,0.0035471626087604236
2021-03-12,1.3989927768707275,1.400403380393982,1.3867894411087036,1.3783737754821777,1.331830959255492,1.410663811241026,1.3460837397233294,58.81808145726882,0.003877921850198973
2021-03-15,1.3929517269134521,1.3948947191238403,1.3854252099990845,1.3788644170761108,1.3324391260978596,1.411282368834727,1.3464464653174948,53.431684823461566,0.00361096374533032
2021-03-16,1.3899120092391968,1.3901245594024658,1.3811391592025757,1.379519464969635,1.333010995581853,1.4114675229503717,1.3475714069888982,50.905541195867855,0.0031181733501755016
2021-03-17,1.3902212381362915,1.3926994800567627,1.386885643005371,1.3800647902488707,1.3335802517266733,1.4117888390905924,1.348340741407149,51.15851730943003,0.002721217102455764
2021-03-18,1.3975849151611328,1.400050401687622,1.3898347616195679,1.3807659339904785,1.3342171140494044,1.4124575774107544,1.3490742905702027,56.85928938449205,0.002966616305198899
2021-03-19,1.3925055265426636,1.3956539630889893,1.3832789659500122,1.3814767932891845,1.3347970982533173,1.4125781610222938,1.3503754255560751,52.322633618434935,0.0027198796505447653
2021-03-22,1.3832597732543945,1.387520670890808,1.3818835020065308,1.3821094822883606,1.3352793139249697,1.4119955498299126,1.3522234147468086,45.245951785531965,0.0017580187083692245
2021-03-23,1.3862512111663818,1.3863087892532349,1.375591516494751,1.3827862787246703,1.335786496982098,1.4114343091497144,1.3541382482996263,47.710172802033284,0.0012230227756167
2021-03-24,1.3730417490005493,1.3742493391036987,1.3674839735031128,1.3829060339927672,1.3361571960071572,1.411334859440098,1.3544772085454364,39.29934788855926,-0.0002638174330804599
2021-03-25,1.3688879013061523,1.3739094734191895,1.3670727014541626,1.3829852557182312,1.3364828746668487,1.411231070073682,1.3547394413627802,37.08533605231854,-0.0017570753336573208
2021-03-26,1.374910593032837,1.3809865713119507,1.374343752861023,1.3831161975860595,1.3368652400237244,1.411145214603717,1.3550871805684022,42.17226342712621,-0.002426540441853531
2021-03-29,1.3791011571884155,1.3846579790115356,1.375723958015442,1.3835475492477416,1.33728549790596,1.410617018005813,1.3564780804896701,45.47565930098132,-0.002589107241370181
2021-03-30,1.3775053024291992,1.3783597946166992,1.3708207607269287,1.383935182094574,1.3376856949658926,1.4100571633711716,1.3578132008179764,44.43465671129205,-0.0028142735495173543
2021-03-31,1.3746649026870728,1.381024718284607,1.3718174695968628,1.384139997959137,1.3380536472815263,1.4097939637093149,1.358486032208959,42.5669193299263,-0.0031851990005771214
2021-04-01,1.3786258697509766,1.3837000131607056,1.3749295473098755,1.384375545978546,1.33845735098769,1.4095940644080607,1.3591570275490314,45.97710692162722,-0.0031235369642517163
2021-04-02,1.383508563041687,1.3854252099990845,1.3814444541931152,1.3845867681503297,1.3389056217543964,1.409590599893411,1.3595829364072483,49.92428073193106,-0.002650127790501333
2021-04-05,1.383125901222229,1.3913817405700684,1.381425380706787,1.3848728775978087,1.339345624535171,1.4094643326740481,1.3602814225215694,49.61830239149843,-0.002279548009878729
2021-04-06,1.3914011716842651,1.3919821977615356,1.3819408416748047,1.385342915058136,1.3398635901784455,1.4095048354274438,1.3611809946888282,55.91130434774596,-0.0013030944353837892
2021-04-07,1.383125901222229,1.3839681148529053,1.3730227947235107,1.3855223369598388,1.3402940609351,1.4094775027498934,1.3615671711697843,49.28213293244637,-0.0011833521624760035
2021-04-08,1.3743815422058105,1.3783597946166992,1.372043251991272,1.3856711292266846,1.3406332398532164,1.4092446198622848,1.3620976385910843,43.42327857173644,-0.0017736072016787396
2021-04-09,1.373437762260437,1.3753266334533691,1.3671848773956299,1.3856898665428161,1.340959653011497,1.40922208254268,1.3621576505429522,42.83142647151032,-0.00229113297217598
2021-04-12,1.3712154626846313,1.3777141571044922,1.3670539855957031,1.3857187938690185,1.3412607058440655,1.4091745606298116,1.3622630271082254,41.40051467339004,-0.0028477695622630694
2021-04-13,1.3753834962844849,1.376900315284729,1.3702759742736816,1.3858689284324646,1.341600236097204,1.4089516946061773,1.3627861622587518,45.10474852462615,-0.0029189349275879906
2021-04-14,1.3759700059890747,1.38089120388031,1.3750618696212769,1.386069655418396,1.3419422238573222,1.4086130950168307,1.3635262158199613,45.62561645085238,-0.0028946399533014144
2021-04-15,1.3779228925704956,1.38089120388031,1.3762730360031128,1.3863299489021301,1.3423002404614335,1.4081655262875938,1.3644943715166664,47.414752080491375,-0.0026868322552335844
2021-04-16,1.3785498142242432,1.3827624320983887,1.3718926906585693,1.3865486478805542,1.3426609327376802,1.4078311827655297,1.3652661129955788,48.00620660028386,-0.002443389941004348
2021-04-19,1.3818453550338745,1.39918851852417,1.381043791770935,1.3867081212997436,1.343050827486896,1.4077207239904959,1.3656955186089914,51.118631574059656,-0.001961921739161765
2021-04-20,1.3993842601776123,1.4009525775909424,1.3935922384262085,1.3872043991088867,1.3436113591554604,1.4082190313878413,1.366189766829932,63.605287589198944,-0.00016323003976559392
2021-04-21,1.3938837051391602,1.3948947191238403,1.3886960744857788,1.387446084022522,1.344111581503557,1.408484940410366,1.366407227634678,58.55350760986807,0.0008090708047254758
2021-04-22,1.3931845426559448,1.3950893878936768,1.3828580379486084,1.387644579410553,1.3445998696742276,1.408709483573375,1.3665796752477308,57.92376328581543,0.001505851145141568
2021-04-23,1.3840255737304688,1.3896608352661133,1.3837192058563232,1.3877045965194703,1.3449921652369763,1.4087095314763163,1.3666996615626243,50.29293807615873,0.001303970971695767
2021-04-26,1.3866355419158936,1.3929322957992554,1.3866740465164185,1.3876942086219788,1.3454065271939806,1.408700766762456,1.3666876504815015,52.22443439302232,0.0013391452668740644
2021-04-27,1.3895643949508667,1.392350435256958,1.3859437704086304,1.3876559257507324,1.345845908962706,1.4086413003573504,1.3666705511441144,54.36731919078211,0.0015850832585713182
2021-04-28,1.390356421470642,1.392195463180542,1.3862512111663818,1.3876868200302124,1.3462887996344266,1.4086836846713136,1.3666899553891112,54.95570154651006,0.0018228876951416062
2021-04-29,1.395673394203186,1.3975849151611328,1.393301010131836,1.3878675770759583,1.3467801886351107,1.4089827781079982,1.3667523760439184,58.7965456320531,0.0024125740364164816
2021-04-30,1.3952839374542236,1.395868182182312,1.381024718284607,1.3878383445739746,1.34726281300147,1.4089073750472978,1.3667693141006514,58.40371368618127,0.0028160175085931716
2021-05-03,1.3819791078567505,1.3931069374084473,1.380548119544983,1.3874156284332275,1.3476082487711745,1.4080778233492934,1.3667534335171616,46.880321690506975,0.0020386604034219324
2021-05-04,1.3903758525848389,1.390627145767212,1.384063959121704,1.3870806884765625,1.3480337970678278,1.4069673597376489,1.3671940172154762,53.16134754881997,0.0020762131294924657
2021-05-05,1.388811707496643,1.392641305923462,1.3877902030944824,1.3866163110733032,1.3484395474203532,1.405164303731267,1.3680683184153393,51.929546849758786,0.001957199125737441
2021-05-06,1.3909753561019897,1.3938252925872803,1.3866548538208008,1.3861392688751222,1.3488627892977825,1.402862946176254,1.3694155915739903,53.53345403643605,0.0020142490215040443
2021-05-07,1.389854073524475,1.4000699520111084,1.389197587966919,1.385920045375824,1.349270662772675,1.402138224604008,1.3697018661476401,52.554806102168655,0.0019465447852631268
2021-05-10,1.4041197299957275,1.4157688617706299,1.401581048965454,1.3860573816299437,1.3498164246355908,1.4027758447372487,1.3693389185226388,62.05823131112706,0.0030093183951995783
2021-05-11,1.4131278991699219,1.4157888889312744,1.4106560945510864,1.3864609050750731,1.3504463895563306,1.404758000240236,1.3681638099099103,66.60680619330012,0.004526281945140376
2021-05-12,1.4138271808624268,1.4150274991989136,1.4078360795974731,1.386827485561371,1.3510770441961921,1.4065430596275823,1.3671119114951595,66.93815481828577,0.005718987745263693
2021-05-13,1.4063708782196045,1.4079351425170898,1.4007956981658936,1.3871009135246277,1.3516272315994102,1.4075156901437353,1.36668613690552,60.09124696445621,0.005993465437724721
2021-05-14,1.4050863981246948,1.4110342264175415,1.4037057161331177,1.3874144434928894,1.352159163604637,1.4084461575749008,1.3663827294108781,58.97217901791752,0.006037744813845558
2021-05-17,1.4101786613464355,1.4128285646438599,1.407855749130249,1.3879106616973877,1.352736472039879,1.4098944929646262,1.3659268304301493,61.99397951027217,0.006409850851983867
2021-05-18,1.4148674011230469,1.4220503568649292,1.4146872758865356,1.3885607886314393,1.3533546902397116,1.4117635728829998,1.3653580043798788,64.58074316055486,0.00700237071188492
2021-05-19,1.41880202293396,1.4202003479003906,1.413407564163208,1.3891559648513794,1.3540059074804502,1.413885704770632,1.3644262249321268,66.63309504231546,0.007700669541887306
2021-05-20,1.4106162786483765,1.418138027191162,1.4103178977966309,1.389505376815796,1.354569194755753,1.4149486041310593,1.3640621495005325,58.97656930131581,0.007507019000823734
2021-05-21,1.4185603857040405,1.423345685005188,1.4154281616210938,1.3898967289924622,1.355205923023895,1.416510609372832,1.3632828486120925,63.37493886150278,0.007903466359122424
2021-05-24,1.4142870903015137,1.4171332120895386,1.411851167678833,1.3903234362602235,1.3557937953351151,1.4178071768515275,1.3628396956689195,59.668897479387034,0.007783115609335978
2021-05-25,1.415608525276184,1.4210398197174072,1.4117714166641235,1.3908373665809632,1.356388966777315,1.4192355142606061,1.3624392189013204,60.43931139466373,0.0077055408533874825
2021-05-26,1.4143872261047363,1.417635440826416,1.411930799484253,1.391320686340332,1.3569660638850507,1.4204881935167606,1.3621531791639034,59.311634033612776,0.007459524904384951
2021-05-27,1.4116119146347046,1.4194867610931396,1.4092248678207397,1.3916012263298034,1.357509803693505,1.4212800043123148,1.361922448347292,56.72169862251125,0.006960376167193694
2021-05-28,1.4203739166259766,1.420656442642212,1.4137072563171387,1.3921585941314698,1.358135317255022,1.4229331964624858,1.3613839918004538,62.316409193268605,0.007188947814940727
2021-05-31,1.4180374145507812,1.4216864109039307,1.4165911674499512,1.3928541469573974,1.3587313580241338,1.4243709289688187,1.3613373649459761,60.08578373472605,0.0070997152045853
2021-06-01,1.4226775169372559,1.4247246980667114,1.4155683517456055,1.393582673072815,1.3593676382123239,1.4261432158504794,1.3610221302951504,62.92410744406866,0.007319045797619994
2021-06-02,1.4157087802886963,1.4184397459030151,1.4115123748779297,1.3944360136985778,1.3599282465911933,1.4270356758175415,1.3618363515796141,56.433538417351635,0.006851567460681052
2021-06-03,1.4171934127807617,1.4201923608779907,1.4093042612075806,1.39540212392807,1.3604980492398455,1.4277737729667952,1.363030474889345,57.44072407186331,0.006525661185116549
2021-06-04,1.4109944105148315,1.420051097869873,1.4085994958877563,1.3961238002777099,1.3610005005958157,1.4282386967870264,1.3640089037683933,52.03176925157987,0.005701447698031936
2021-06-07,1.4164307117462158,1.418399453163147,1.4112334251403809,1.396870391368866,1.361552044985372,1.4291054602945388,1.3646353224431933,55.949302071103794,0.005424387683041321
2021-06-08,1.41765558719635,1.4186408519744873,1.4123696088790894,1.397673397064209,1.362110289186476,1.4299398233248175,1.3654069708036005,56.805280270223534,0.005243212348993387
2021-06-09,1.414987564086914,1.4188421964645386,1.4115720987319946,1.3984798502922058,1.3626364312252863,1.4304129678403685,1.366546732744043,54.3288682229841,0.0048286804022033
2021-06-10,1.4112334251403809,1.4170527458190918,1.407558560371399,1.399132001399994,1.363119983403546,1.4307403534736258,1.367523649326362,50.96229098078387,0.00414940149200671
2021-06-11,1.4170126914978027,1.4186408519744873,1.410636305809021,1.3998020839691163,1.36365622925523,1.4314790294898934,1.3681251384483393,55.53070276688257,0.004030940385840731
2021-06-14,1.411930799484253,1.4124293327331543,1.4071624279022217,1.4003781819343566,1.3641365732376083,1.4318643887952416,1.3688919750734716,51.028878865637246,0.0034867992402041192
2021-06-15,1.4109944105148315,1.4128483533859253,1.4036861658096313,1.400770046710968,1.3646028203746952,1.4322879194138947,1.3692521740080414,50.22098172490934,0.0029460445303617355
2021-06-16,1.4081531763076782,1.4132277965545654,1.4076972007751465,1.401270592212677,1.36503615724965,1.432437721828759,1.3701034625965949,47.75065278350269,0.0022621519915344557
2021-06-17,1.3990709781646729,1.4009525775909424,1.3912075757980347,1.4017643809318543,1.365374812184128,1.4319598705814265,1.371568891282282,40.83584984732427,0.0009760534042186908
2021-06-18,1.3938642740249634,1.3945056200027466,1.379710078239441,1.4021729111671448,1.3656582894163751,1.4313393197978332,1.3730065025364564,37.484577477660764,-0.0004580464278056695
2021-06-21,1.381711721420288,1.3919821977615356,1.378720760345459,1.402382836341858,1.365818025058205,1.430780760665849,1.373984912017867,31.074520912955393,-0.0025458434107867856
2021-06-22,1.392540454864502,1.393048644065857,1.386328101158142,1.4027259755134582,1.3660839198821482,1.430191630032525,1.3752603209943914,40.790671071647964,-0.0032887387391020706
2021-06-23,1.3949919939041138,1.4001679420471191,1.3924860954284668,1.403106415271759,1.36637156240973,1.4295679893041497,1.3766448412393681,42.75799158866786,-0.003637736366512989
2021-06-24,1.3967455625534058,1.3986600637435913,1.3891589641571045,1.4034828686714171,1.366673791266881,1.4290008452111873,1.377964892131647,44.18653232909312,-0.0037298260528140226
2021-06-25,1.3916915655136108,1.393728256225586,1.3892168998718262,1.4037457036972045,1.3669227243439628,1.4284739752402187,1.3790174321541904,41.00992430115073,-0.004162638806762153
2021-06-28,1.389506459236145,1.3939224481582642,1.3876746892929077,1.40389892578125,1.3671474381239845,1.4281639216097608,1.3796339299527391,39.68165613877957,-0.00462861011125737
2021-06-29,1.3879058361053467,1.388117790222168,1.3815971612930298,1.4036693572998047,1.3673539893476796,1.4283227743396414,1.379015940259968,38.69303298767222,-0.005068624686623391
2021-06-30,1.3842746019363403,1.3871549367904663,1.3805290460586548,1.4034771752357482,1.3675223536520442,1.4285875280139795,1.378366822457517,36.472986040989646,-0.005645274447909188
2021-07-01,1.3829153776168823,1.383317232131958,1.3763866424560547,1.403271791934967,1.3676755180696047,1.4288886396672669,1.3776549442026673,35.64848348262855,-0.006141160110321842
2021-07-02,1.3759511709213257,1.3797670602798462,1.3738716840744019,1.4031103038787842,1.3677578628740996,1.4293173692489056,1.3769032385086628,31.69502659656895,-0.0070152390396602815
2021-07-05,1.383125901222229,1.3863856792449951,1.381921648979187,1.4030401110649109,1.3679107786785585,1.429445333320264,1.3766348888095579,39.17862990472028,-0.0070477698116946375
2021-07-06,1.3856172561645508,1.389854073524475,1.3789869546890259,1.4029611682891845,1.3680869625341405,1.4295537672884986,1.3763685692898704,41.57244633377614,-0.0067941998535114845
2021-07-07,1.3805670738220215,1.3840504884719849,1.3757429122924805,1.4027653813362122,1.3682111427459605,1.429875868255019,1.3756548944174054,38.28318176914753,-0.006920970701592477
2021-07-08,1.3801099061965942,1.3802813291549683,1.3742493391036987,1.4024541115760802,1.3683295384021856,1.4302457803703972,1.3746624427817633,37.990148246701445,-0.006977890342412474
2021-07-09,1.3790820837020874,1.3877323865890503,1.376045823097229,1.4021300745010377,1.368436528902682,1.4306317132004702,1.373628435801605,37.298902195532605,-0.007024956922760284
2021-07-12,1.3899506330490112,1.3910139799118042,1.3840447664260864,1.402289505004883,1.3686505995907052,1.4304178017283193,1.3741612082814465,48.06092755892458,-0.006114769174015988
2021-07-13,1.3886960744857788,1.390627145767212,1.380167007446289,1.4022559094429017,1.3688500570523479,1.4304462290928452,1.3740655897929581,47.056898670734476,-0.005432053881052168
2021-07-14,1.3806052207946777,1.3891011476516724,1.380243182182312,1.4020917797088623,1.368967023855754,1.4306941369951522,1.3734894224225724,41.094441950877545,-0.005480683460145075
2021-07-15,1.385809302330017,1.389757513999939,1.3814061880111694,1.4019884586334228,1.3691346087161944,1.4307913386653377,1.373185578601508,45.847316475785036,-0.005041185219177624
2021-07-16,1.3829728364944458,1.3861935138702393,1.377429485321045,1.4018508338928222,1.3692723025249334,1.4309545552440852,1.3727471125415591,43.77414194709823,-0.00486567036519836
2021-07-19,1.3763866424560547,1.3762919902801514,1.3665682077407837,1.4012961721420287,1.3693430919769842,1.4312675468936342,1.3713247973904232,39.32724453895916,-0.005198103888759187
2021-07-20,1.3669979572296143,1.3688691854476929,1.357367753982544,1.4003735733032228,1.369319757302881,1.4316691214393675,1.369078025167078,34.0214838205933,-0.0061482747997692044
2021-07-21,1.3633265495300293,1.3694878816604614,1.359194278717041,1.3993635606765746,1.3692601233946933,1.4321127809131635,1.3666143404399858,32.19245416771068,-0.007115520716911794
2021-07-22,1.3714035749435425,1.3787587881088257,1.3693002462387085,1.3986642146110535,1.3692814512708014,1.4322845061355525,1.3650439230865545,39.853395375165775,-0.007147924798872385
2021-07-23,1.377389669418335,1.3780938386917114,1.372118592262268,1.3981102800369263,1.3693621300583392,1.432207965257671,1.3640125948161816,44.828431461568954,-0.0066143315739422
2021-07-26,1.3757808208465576,1.3832980394363403,1.3737962245941162,1.3974223232269287,1.3694259976283711,1.4319119352388652,1.3629327112149923,43.78028967323367,-0.006249238402598056
2021-07-27,1.3829153776168823,1.3892748355865479,1.3768035173416138,1.3967832827568054,1.3695602203148238,1.4311373639592653,1.3624292015543455,49.427306593219214,-0.005322841920264443
2021-07-28,1.3882719278335571,1.3896608352661133,1.384638786315918,1.3961726808547974,1.3697464064592888,1.4300107851782413,1.3623345765313535,53.22602928368477,-0.004109070392088521
2021-07-29,1.3906852006912231,1.3982102870941162,1.3899892568588257,1.3957740592956542,1.3699547526705518,1.4293865107548729,1.3621616078364356,54.870725852621405,-0.0029187709851614674
2021-07-30,1.3964334726333618,1.3984057903289795,1.3897188901901245,1.3953315210342407,1.3702182225209278,1.4282958655190348,1.3623671765494467,58.604517318459386,-0.0014943862694196675
2021-08-02,1.3896223306655884,1.3933398723602295,1.3885031938552856,1.3948382258415222,1.3704112982238597,1.4273802581032804,1.362296193579764,53.00820296039539,-0.0009047242557185253
2021-08-03,1.3892748355865479,1.3940001726150513,1.3885996341705322,1.3943115520477294,1.3705989951130406,1.4263296961881438,1.362293407907315,52.73153755811478,-0.0004601485047852627
2021-08-04,1.391788363456726,1.3956929445266724,1.390143871307373,1.3938595747947693,1.3708098345990476,1.4253547621937253,1.3623643873958133,54.57823401764218,9.391903336486429e-05
2021-08-05,1.3890432119369507,1.3947584629058838,1.387597680091858,1.3934082007408142,1.3709912612392257,1.4245093701045173,1.362307031377111,52.18050754253491,0.00030796078351902345
2021-08-06,1.3927576541900635,1.3933204412460327,1.3862512111663818,1.3928558754920959,1.371207842263612,1.4229675502664423,1.3627442007177495,55.057566227056704,0.0007684565705432522
2021-08-09,1.3868471384048462,1.3893519639968872,1.3846579790115356,1.3922320699691773,1.3713634571505895,1.4214948094973803,1.3629693304409742,49.91165614991004,0.0006489923915216078
2021-08-10,1.3849073648452759,1.3870587348937988,1.383374571800232,1.3914766669273377,1.3714982224012828,1.4194532846479637,1.3635000492067118,48.315618743589816,0.00039325940444201457
2021-08-11,1.3836042881011963,1.3872126340866089,1.3805290460586548,1.3908345770835877,1.371618680766456,1.418003183690623,1.3636659704765524,47.22317296352063,8.446807139672607e-05
2021-08-12,1.3866932392120361,1.3878093957901,1.3823610544204712,1.3902245736122132,1.3717686763728796,1.4163262410296795,1.3641229061947469,50.10328902560248,8.798699513024033e-05
2021-08-13,1.3811582326889038,1.386212706565857,1.3793102502822876,1.3896278500556947,1.3718621047939346,1.4151491852309077,1.3641065148804816,45.32973662916112,-0.0003517976960423219
2021-08-16,1.3863856792449951,1.387424349784851,1.3829728364944458,1.3890269494056702,1.372006617972552,1.4133596123012768,1.3646942865100635,50.15937978617858,-0.0002753449772892047
2021-08-17,1.3842746019363403,1.3842746019363403,1.3736640214920044,1.38835932970047,1.3721286874647292,1.411276503592506,1.365442155808434,48.30353351449405,-0.0003807133165374399
2021-08-18,1.3740416765213013,1.3770312070846558,1.3733999729156494,1.3875404119491577,1.37214772218171,1.409479218377767,1.3656016055205484,40.48441096209733,-0.0012752299878997508
2021-08-19,1.3743815422058105,1.374967336654663,1.365411400794983,1.3868033742904664,1.3721699492466266,1.407955299547266,1.3656514490336669,40.82701681257454,-0.0019344178098563702
2021-08-20,1.3630849123001099,1.364256501197815,1.3603591918945312,1.3857248187065125,1.3720795508690493,1.406073808103308,1.3653758293097171,33.85160875568684,-0.0033299865197091716
2021-08-23,1.3625277280807495,1.372005581855774,1.36284339427948,1.3847367572784424,1.3719845078562305,1.40468574342569,1.3647877711311946,33.54716130750202,-0.004429879987722707
2021-08-24,1.37247633934021,1.3747594356536865,1.3695815801620483,1.38396639585495,1.3719894017018424,1.4027154709344174,1.3652173207754825,43.34479460058475,-0.004447515510480393
2021-08-25,1.3725517988204956,1.3742871284484863,1.3699193000793457,1.3832543683052063,1.3719949976930728,1.4009274985277478,1.3655812380826648,43.412943802826746,-0.0044046290183676895
2021-08-26,1.3766520023345947,1.376955270767212,1.3710650205612183,1.3828059887886048,1.3720413360477146,1.3999715288883927,1.365640448688817,47.13405977669322,-0.003993751526061962
2021-08-27,1.3702384233474731,1.3780938386917114,1.3681013584136963,1.3823334717750548,1.3720233966178614,1.3995571563629186,1.3651097871871911,42.433547779125554,-0.004137950657546741
2021-08-30,1.3762996196746826,1.3776761293411255,1.3736263513565063,1.3822252297401427,1.3720659461010138,1.3995326836913389,1.3649177757889466,47.737982125379695,-0.0037202568152852056
2021-08-31,1.376045823097229,1.3804336786270142,1.3744193315505981,1.3818953371047973,1.3721055468671453,1.3990281967548095,1.364762477454785,47.540446712340554,-0.0033708535967258424
2021-09-01,1.3753398656845093,1.379824161529541,1.373173713684082,1.3815022945404052,1.372137729143935,1.3983073713747305,1.3646972177060799,46.95838175413464,-0.003115006041356727
2021-09-02,1.3771638870239258,1.3835850954055786,1.376822590827942,1.3811106610298156,1.372187740665129,1.3973696005752103,1.364851721484421,48.70586103697711,-0.0027335510573238686
2021-09-03,1.383680820465088,1.387462854385376,1.3819791078567505,1.3809504461288453,1.3723020996681137,1.396939453576126,1.3649614386815647,54.47655973087302,-0.0018836694015094135
2021-09-06,1.3859245777130127,1.386001467704773,1.3819408416748047,1.3808788084983825,1.3724376467133366,1.3967429573414198,1.3650146596553452,56.29946731788919,-0.001017352205221922
2021-09-07,1.3839489221572876,1.3856940269470215,1.3770121335983276,1.3807996702194214,1.3725521867675052,1.3965598778331132,1.3650394626057296,54.23993421665833,-0.00048462205639077105
2021-09-08,1.3779798746109009,1.379120111465454,1.37285315990448,1.3806737756729126,1.372606193611718,1.3964212455424354,1.3649263058033898,48.47065128826746,-0.0005378814642105212
2021-09-09,1.3767657279968262,1.3854061365127563,1.375400424003601,1.3805507826805115,1.37264758201356,1.3963228351600847,1.3647787302009382,47.36700629188642,-0.0006703342177367677
2021-09-10,1.3839681148529053,1.3888888359069824,1.3834320306777954,1.380711121559143,1.3727602241313646,1.396455294140734,1.364966948977552,54.05073894342806,-0.00019191922736205846
2021-09-13,1.3840830326080322,1.3852334022521973,1.3797861337661743,1.380730264186859,1.3728728888923265,1.396488741496516,1.3649717868772022,54.150782310319926,0.0001942616740795433
2021-09-14,1.3838149309158325,1.3913236856460571,1.383125901222229,1.3806942176818848,1.3729817649323615,1.3964152686877234,1.3649731666760463,53.856175769870305,0.0004732242205709447
2021-09-15,1.381024718284607,1.385195016860962,1.3793102502822876,1.3807033705711365,1.3730617943189511,1.39642465232352,1.364982088818753,50.76096688409949,0.0004638106870340497
2021-09-16,1.3848881721496582,1.38504159450531,1.3764625787734985,1.3807989358901978,1.3731794697202517,1.3965635249921156,1.36503434678828,54.647635386418884,0.0007593455695147355
2021-09-17,1.3797005414962769,1.3814061880111694,1.3743627071380615,1.3808113050460815,1.3732443560065803,1.396571365755132,1.365051244337031,49.04906991086471,0.0005684083960373343
2021-09-20,1.3729662895202637,1.3729851245880127,1.3647406101226807,1.3804716181755066,1.373241589175871,1.3961596394338485,1.3647835969171647,42.90423093826968,-0.00012486912994225108
2021-09-21,1.366269588470459,1.3693565130233765,1.3642191886901855,1.3800230884552003,1.3731722160345234,1.3960304685271858,1.3640157083832147,37.82894832524816,-0.0012008220431021233
2021-09-22,1.3657469749450684,1.3678019046783447,1.3617855310440063,1.379725923538208,1.3730983330386084,1.396233057048545,1.363218790027871,37.45656309197651,-0.0020718104808727933
2021-09-23,1.3617113828659058,1.374948501586914,1.3612850904464722,1.3792439651489259,1.3729850300518154,1.396419764042691,1.3620681662551608,34.6223287370339,-0.003052526026969815
2021-09-24,1.3722503185272217,1.373769760131836,1.3659522533416748,1.3790295147895812,1.3729777194893817,1.396282863455512,1.3617761661236505,46.09383495900277,-0.0029453934701377804
2021-09-27,1.3669044971466064,1.3728721141815186,1.3659336566925049,1.3788398718833923,1.3729172894163193,1.396417197373301,1.3612625463934835,42.062164815380676,-0.003254339258308203
2021-09-28,1.3701633214950562,1.3717796802520752,1.352539300918579,1.3789031791687012,1.372889886750436,1.3963285658630622,1.3614777924743402,45.20837356512062,-0.0031993411185846643
2021-09-29,1.354224443435669,1.3554543256759644,1.3424079418182373,1.378721137046814,1.3727041609463089,1.3969809219719207,1.3604613521217073,35.15352328062555,-0.004391269132159037
2021-09-30,1.3426424264907837,1.3517167568206787,1.3417415618896484,1.3781459140777588,1.372405039210433,1.39897755102551,1.3573142771300075,29.942163731942117,-0.006198994493016752
2021-10-01,1.346982717514038,1.3573493957519531,1.3436344861984253,1.377537775039673,1.3721520807855931,1.4001580760340029,1.354917474045343,33.89694997824972,-0.007198425682796383
2021-10-04,1.3570915460586548,1.363977313041687,1.353363037109375,1.3771639895439147,1.3720022247186583,1.4005088422664875,1.353819136821342,42.09563598919035,-0.007093020199061106
2021-10-05,1.3607479333877563,1.3650014400482178,1.3585848808288574,1.3767206406593322,1.3718902417203407,1.4004583431152613,1.352982938203403,44.76421071293551,-0.006637927794393761
2021-10-06,1.3627691268920898,1.36314058303833,1.3544628620147705,1.3762105846405028,1.3717994843588657,1.400031029448641,1.3523901398323646,46.239151444448446,-0.006044493205839885
2021-10-07,1.3592127561569214,1.363735556602478,1.357183575630188,1.3755811357498169,1.3716742432822295,1.3995034894938971,1.3516587820057366,44.012199257347866,-0.005794367553159097
2021-10-08,1.3620266914367676,1.3653740882873535,1.3584926128387451,1.374893000125885,1.3715782477414786,1.3983418490708417,1.3514441511809283,46.21928579911015,-0.005307894013171666
2021-10-11,1.361655831336975,1.3674278259277344,1.3612850904464722,1.3743336701393127,1.3714795172299912,1.397682438911704,1.3509849013669215,45.96212383594235,-0.004895849236091765
2021-10-12,1.3590649366378784,1.363735556602478,1.3570362329483032,1.3737294721603392,1.3713559890648956,1.3970636274311217,1.3503953168895568,44.115415901615464,-0.004723910036471768
2021-10-13,1.3578838109970093,1.3647592067718506,1.3576995134353638,1.373051381111145,1.371221937541832,1.3962134284921175,1.3498893337301727,43.262048160678496,-0.004629586953574183
2021-10-14,1.366923213005066,1.373437762260437,1.3658963441848755,1.3726089811325073,1.3711791641633566,1.3953657523255636,1.349852209939451,51.063989663855715,-0.0037818363785406817
2021-10-15,1.3668859004974365,1.377353549003601,1.366867184638977,1.3720915460586547,1.3711364451219048,1.3941440121682802,1.3500390799490292,51.03279517949536,-0.0030775229784418823
2021-10-18,1.376159429550171,1.3764055967330933,1.3710838556289673,1.3718777918815612,1.3711864250664647,1.3935503995936687,1.3502051841694538,57.91415683465078,-0.001750870299189522
2021-10-19,1.373645305633545,1.3832004070281982,1.3738150596618652,1.3716525506973267,1.371210891539769,1.3930041576921812,1.3503009437024722,55.631623497949484,-0.000892074007663668
2021-10-20,1.3793197870254517,1.3823610544204712,1.3743247985839844,1.3715668606758118,1.3712915770669896,1.392756464561929,1.3503772567896946,59.510443212096945,0.00024360335750350792
2021-10-21,1.3822999000549316,1.383399486541748,1.378720760345459,1.3714789938926697,1.3714011126191084,1.3924478655945915,1.3505101221907478,61.41810279998725,0.001368332778632686
2021-10-22,1.379120111465454,1.381425380706787,1.374306082725525,1.3714382314682008,1.3714779185777786,1.3923381138931352,1.3505383490432663,58.263776056023026,0.001980279158093179
2021-10-25,1.3762730360031128,1.379177212715149,1.374343752861023,1.371235978603363,1.371525631188976,1.3917373795005263,1.3507345777061996,55.51459783777515,0.0022100399124342918
2021-10-26,1.37644362449646,1.3829537630081177,1.3758186101913452,1.3710793590545653,1.3715745664457668,1.3912918092848452,1.3508669088242855,55.64962991648167,0.002378474458325286
2021-10-27,1.3766140937805176,1.3780368566513062,1.3710838556289673,1.3711308073997497,1.3716247109963613,1.3913870820837817,1.3508745327157177,55.794034639662854,0.0024969324134260784
2021-10-28,1.3732868432998657,1.3815207481384277,1.3723068237304688,1.3711089134216308,1.3716412496262471,1.3913532099358925,1.350864616907369,52.220105498305045,0.0022958645916049125
2021-10-29,1.380071759223938,1.3804528713226318,1.3681762218475342,1.3714486503601073,1.3717251352938857,1.3917134551435033,1.3511838455767113,58.11243401608977,0.0026534159776641086
2021-11-01,1.36832594871521,1.36924409866333,1.364237904548645,1.3715646147727967,1.371691312541859,1.3916869130087526,1.3514423165368408,47.24919403319947,0.001966322738379933
2021-11-02,1.365541934967041,1.3667176961898804,1.3610812425613403,1.3714259266853333,1.3716301247052938,1.3916180428842027,1.3512338104864638,45.09733293287005,0.001183507021270458
2021-11-03,1.3617392778396606,1.3664562702178955,1.361136794090271,1.3712096762657167,1.371531708318571,1.3915833576354548,1.3508359948959785,42.26587465355845,0.0002533567367781764
2021-11-04,1.3694878816604614,1.3694690465927124,1.347320318222046,1.3710663938522338,1.3715113717349083,1.3913845441877188,1.3507482435167488,49.257132016863366,0.00013984149974088922
2021-11-05,1.3508602380752563,1.3509862422943115,1.342588186264038,1.3706788301467896,1.371305887817897,1.3917854139339536,1.3495722463596256,37.500582870907536,-0.0014366544449027074
2021-11-08,1.349127173423767,1.3579760789871216,1.345188856124878,1.3701353812217711,1.3710852040925823,1.392035600800674,1.3482351616428683,36.624738776788526,-0.0027936788814815205
2021-11-09,1.3564507961273193,1.360544204711914,1.352630853652954,1.369743480682373,1.370939588092928,1.391911660783233,1.347575300581513,42.71360157947799,-0.003240817254227313
2021-11-10,1.3560001850128174,1.3566679954528809,1.3468376398086548,1.3693566870689393,1.3707909373160114,1.3917994919172096,1.346913882220669,42.44340041439105,-0.0035901531365469808
2021-11-11,1.3412736654281616,1.343273639678955,1.3370234966278076,1.368638882637024,1.3704972331181224,1.392323916780404,1.3449538484936439,34.714541760925,-0.004997701009658462
2021-11-12,1.3366482257843018,1.3422818183898926,1.33539879322052,1.3676982307434082,1.3701604270749999,1.3926470211554882,1.3427494403313283,32.700374628770774,-0.0064125077649150874
2021-11-15,1.341705560684204,1.3449536561965942,1.3403927087783813,1.366813850402832,1.3698772940760866,1.3922556270634179,1.341372073742246,37.00414806166512,-0.007044463461321371
2021-11-16,1.3408420085906982,1.3473457098007202,1.3410937786102295,1.3659517121315004,1.3695883857627993,1.3919391357127866,1.339964288550214,36.5740560358864,-0.0075281940062916775
2021-11-17,1.3424620628356934,1.349017858505249,1.3402670621871948,1.3652413558959962,1.369318472101833,1.391821765117458,1.3386609466745343,38.029258336833045,-0.00769215869284956
2021-11-18,1.34916353225708,1.3513896465301514,1.3465402126312256,1.3646893119812011,1.369117925436711,1.3914387846483087,1.3379398393140935,43.77577989601856,-0.007198370972716361
2021-11-19,1.3499648571014404,1.3509862422943115,1.3408420085906982,1.364009246826172,1.3689273476423303,1.3904857407185376,1.3375327529338064,44.43923239567334,-0.006665544184768946
2021-11-22,1.3434540033340454,1.3449898958206177,1.3392258882522583,1.3631966662406922,1.3686738815298098,1.3896524124661052,1.3367409200152793,40.28020237347099,-0.006691511028251718
2021-11-23,1.3397642374038696,1.3408420085906982,1.3344186544418335,1.362315652370453,1.368386223379303,1.3889024548939823,1.3357288498469235,38.10379922586228,-0.006929939187481526
2021-11-24,1.337595820426941,1.3389748334884644,1.332480549812317,1.3614470744132996,1.3680798512106227,1.388374536912271,1.334519611914328,36.84388274004576,-0.007210747342445201
2021-11-25,1.333066701889038,1.3353006839752197,1.330654263496399,1.360410645008087,1.3677314616651342,1.3876429518792615,1.3331783381369127,34.29330594359401,-0.007709877178076141
2021-11-26,1.331416130065918,1.3348461389541626,1.3280565738677979,1.35944495677948,1.3673701150820574,1.3873025189553043,1.3315873946036556,33.38622559225031,-0.00814474101606355
2021-11-29,1.334098219871521,1.3363088369369507,1.3290272951126099,1.358667595386505,1.3670390514481219,1.3871473802446466,1.3301878105283635,36.33317817721976,-0.008178672858871083
2021-11-30,1.3315047025680542,1.3369340896606445,1.3206201791763306,1.357972297668457,1.366685475837375,1.3873770214105399,1.328567573926374,34.73305784462265,-0.00831894365611796
2021-12-01,1.3295927047729492,1.3351134061813354,1.3277214765548706,1.3572492122650146,1.3663163935382265,1.3876353340245113,1.3268630905055179,33.55964840406919,-0.008486563692816862
2021-12-02,1.3280000686645508,1.3332622051239014,1.3272457122802734,1.3565749859809875,1.3659351365743093,1.3880340597853233,1.3251159121766516,32.572524140311145,-0.008648224850526631
2021-12-03,1.3299994468688965,1.3308136463165283,1.321143627166748,1.355729968547821,1.3655775675225141,1.3877355021665907,1.3237244349290513,35.151329594284405,-0.008516832626157322
2021-12-06,1.3237318992614746,1.3285505771636963,1.322383999824524,1.3548665165901184,1.3651611927139466,1.3879527584027243,1.3217802747775125,31.13181598069461,-0.008816807386275993
2021-12-07,1.326435923576355,1.3289742469787598,1.3210563659667969,1.3539919686317443,1.3647758666528762,1.3877330382456368,1.3202508990178519,34.60610988760352,-0.008735648265680185
2021-12-08,1.3246086835861206,1.326259970664978,1.3174710273742676,1.3533996534347534,1.3643761931895253,1.3881487997403503,1.3186505071291565,33.38061381405136,-0.008718273247161568
2021-12-09,1.3210039138793945,1.3217023611068726,1.317627191543579,1.3529668831825257,1.3639446282212655,1.3887853772370702,1.3171483891279812,31.044918035413247,-0.00889286677624157
2021-12-10,1.3224014043807983,1.3271048069000244,1.319087266921997,1.3524752569198608,1.3635312628099177,1.3892899265355019,1.3156605873042198,33.00213488074671,-0.00881683264334332
2021-12-13,1.3257148265838623,1.3268758058547974,1.3222440481185913,1.351847722530365,1.3631549798623948,1.389403438199045,1.3142920068616848,37.52964312354099,-0.008392466435918289
2021-12-14,1.3213530778884888,1.325556755065918,1.319087266921997,1.3510598254203796,1.3627390405392712,1.3894960538696652,1.312623596971094,34.2486157507081,-0.00831229091080421
2021-12-15,1.323050618171692,1.328285813331604,1.3208119869232178,1.3502654552459716,1.3623441308639719,1.3893502051863145,1.3111807053056288,36.57272017767817,-0.008019332047615402
2021-12-16,1.3263126611709595,1.337327480316162,1.324310302734375,1.3496074533462525,1.3619856087774744,1.3891820797045866,1.3100328269879185,40.89607923048078,-0.007438197518991885
2021-12-17,1.3323739767074585,1.3340448141098022,1.3257676362991333,1.3490143990516663,1.3616909656723,1.3887179124438966,1.309310885659436,47.99010972288899,-0.006414603158680032
2021-12-20,1.3229438066482544,1.3243454694747925,1.317401647567749,1.3482401585578918,1.361305421801414,1.3884441460879118,1.3080361710278718,39.955101697127134,-0.006291805152803143
2021-12-21,1.3210004568099976,1.326119303703308,1.3199751377105713,1.3474788689613342,1.3609043773736387,1.3882832954433417,1.3066744424793266,38.523645392103965,-0.006278919464039134
2021-12-22,1.3269639015197754,1.3362374305725098,1.3241350650787354,1.3468604707717895,1.3605666611959883,1.387957414603501,1.305763526940078,45.031671388980186,-0.005721552814067499
2021-12-23,1.3352025747299194,1.3437248468399048,1.334507703781128,1.3462260580062866,1.360314282226177,1.3870372350888729,1.3054148809237003,52.51124319097074,-0.00456245056369009
2021-12-24,1.3406623601913452,1.342570185661316,1.3394052982330322,1.3457015872001648,1.3601187407133926,1.386101007586393,1.3053021668139364,56.714709092628354,-0.003166789839962103
2021-12-27,1.3404303789138794,1.3440697193145752,1.3392258882522583,1.344987006187439,1.359922836615885,1.384440373625928,1.3055336387489498,56.48592857297422,-0.0020557403168397492
2021-12-28,1.344266653060913,1.3462574481964111,1.3418315649032593,1.3443994331359863,1.3597670536949402,1.3829760668105369,1.3058227994614358,59.40244605294857,-0.0008558051138682909
2021-12-29,1.3433277606964111,1.3499284982681274,1.3409138917922974,1.3436795926094056,1.3596034786402285,1.3809165371794812,1.30644264803933,58.37128856576487,1.917042763177612e-05
2021-12-30,1.349879264831543,1.352155327796936,1.345532774925232,1.3430311799049377,1.3595067202938735,1.3786156454882554,1.30744671432162,63.17496488592677,0.0012271012196138908
2021-12-31,1.349837303161621,1.3548483848571777,1.3467469215393066,1.342445523738861,1.35941050718808,1.3765382861682032,1.308352761309519,63.124721757630134,0.002156154314083558
2022-01-03,1.3522284030914307,1.353179931640625,1.343273639678955,1.3419646310806275,1.3593390434657253,1.3747636078793521,1.3091656542819028,64.84066139595927,0.003050216370372727
2022-01-04,1.3483266830444336,1.3556748628616333,1.3460761308670044,1.341402292251587,1.3592294677401404,1.3727190820870323,1.3100855024161415,59.93925093279235,0.003404683717045387
2022-01-05,1.353143334388733,1.3573309183120728,1.3522651195526123,1.3409328770637512,1.3591689091993304,1.3707637538372728,1.3111020002902296,63.597541077172906,0.004027834780028661
2022-01-06,1.3555645942687988,1.3557482957839966,1.3491089344024658,1.34057843208313,1.359133045369176,1.369238396715804,1.311918467450456,65.31234662776129,0.004663306232570497
2022-01-07,1.353363037109375,1.3583449125289917,1.3529419898986816,1.3400442576408387,1.3590756323516653,1.3666195682427076,1.3134689470389698,62.43250779705521,0.004932416842413412
2022-01-10,1.3592311143875122,1.3601926565170288,1.353417992591858,1.3398623609542846,1.359077179436599,1.3657635144830658,1.3139612074255034,66.65314755373919,0.005555157338495764
2022-01-11,1.3580313920974731,1.362416386604309,1.3562816381454468,1.3397121500968934,1.3590667735924284,1.3650872133727527,1.314337086821034,65.04419148249985,0.005884048458004498
2022-01-12,1.3633265495300293,1.3699380159378052,1.3622123003005981,1.3397438955307006,1.3591091594226532,1.3652351419025366,1.3142526491588646,68.64212386102835,0.006497077723373268
2022-01-13,1.3709993362426758,1.374948501586914,1.3705576658248901,1.339774124622345,1.359227469639768,1.3654124995315033,1.3141357497131865,72.98172827773,0.0075154046892909054
2022-01-14,1.3713659048080444,1.374192714691162,1.3667699098587036,1.3401842379570008,1.3593482500892036,1.3671671891869965,1.313201286727005,73.17274287242925,0.008256835506101234
2022-01-17,1.367353081703186,1.3688992261886597,1.3638657331466675,1.340548756122589,1.3594279001550145,1.3684998827112878,1.3125976295338904,67.54323629457656,0.008423522359840563
2022-01-18,1.364800214767456,1.3661202192306519,1.3576257228851318,1.3407157444953919,1.359481356021805,1.3691502251656338,1.31228126382515,64.16136232307142,0.008254475411517026
2022-01-19,1.3600261211395264,1.36481511592865,1.3589357137680054,1.340796263217926,1.35948677657024,1.3694295085956643,1.3121630178401877,58.28412446671408,0.0076471237476507525
2022-01-20,1.3608589172363281,1.3661575317382812,1.3601555824279785,1.3411879682540893,1.3595004297111963,1.370378306475565,1.3119976300326135,58.98983027154601,0.007150565594250757
2022-01-21,1.359767198562622,1.3603591918945312,1.3547565937042236,1.3416503477096557,1.3595030841276285,1.37127634002928,1.3120243553900315,57.61386931368792,0.006592947709846975
2022-01-24,1.3555830717086792,1.3566679954528809,1.3443028926849365,1.3419278979301452,1.3594640790289325,1.3718148740706946,1.3120409217895959,52.55427387927862,0.005747157792579616
2022-01-25,1.3489269018173218,1.3500559329986572,1.343706727027893,1.3420895957946777,1.3593592314944885,1.3720400086082971,1.3121391829810582,45.681482281262035,0.004488030683243993
2022-01-26,1.3510775566101074,1.3524478673934937,1.3494184017181396,1.3422619056701661,1.3592768267692708,1.3723200041241022,1.31220380721623,48.04564874588547,0.0036219516416420294
2022-01-27,1.3468012809753418,1.34678316116333,1.3360588550567627,1.3422146606445313,1.3591526919852515,1.3722358852271745,1.312193436061888,43.94960327274075,0.0025609964827231213
2022-01-28,1.3388315439224243,1.3432012796401978,1.3365589380264282,1.3419919943809508,1.3589504915070143,1.371943664985506,1.3120403237763958,37.52818128274842,0.001064816163306448
2022-01-31,1.3403388261795044,1.3454241752624512,1.3395309448242188,1.3419296908378602,1.358765300807238,1.371881908452459,1.3119774732232614,39.333526580339644,6.994986494479605e-07
2022-02-01,1.3445378541946411,1.3514060974121094,1.3435803651809692,1.3420251631736755,1.3586237341742768,1.3719796395105779,1.312070686836773,44.17362739897475,-0.0004980529126081823
2022-02-02,1.352539300918579,1.3584926128387451,1.3517167568206787,1.3423240327835082,1.358563192549842,1.3723960923055456,1.3122519732614708,52.02778884080817,-0.00024484548575665066
2022-02-03,1.3565024137496948,1.3625463247299194,1.3539128303527832,1.3427927470207215,1.358542687288149,1.373006098600286,1.3125793954411569,55.37649252557278,0.0002724724162330716
2022-02-04,1.359841227531433,1.361655831336975,1.3508037328720093,1.3433612489700317,1.3585556080865897,1.3737699407571946,1.3129525571828689,58.03429067895996,0.0009410174853807796
2022-02-07,1.3533447980880737,1.3550318479537964,1.3491816520690918,1.343746180534363,1.358503759230883,1.3741635406393053,1.3133288204294205,51.59506471836864,0.0009358488234436635
2022-02-08,1.353780746459961,1.3566679954528809,1.3509862422943115,1.344191701412201,1.3584567640789338,1.3745296722130946,1.3138537306113072,51.980112952693716,0.0009559108664247695
2022-02-09,1.3547565937042236,1.3588248491287231,1.3538211584091187,1.3446949791908265,1.358419946463265,1.374878945208776,1.314511013172877,52.88361454406128,0.0010385807843547035
2022-02-10,1.3533265590667725,1.3643310070037842,1.352539300918579,1.345201508998871,1.358369265991658,1.3750905351979985,1.3153124827997433,51.3586123486844,0.0009774381474452198
2022-02-11,1.3551788330078125,1.360877513885498,1.3515340089797974,1.345705096721649,1.3583375203898287,1.3753965019083465,1.3160136915349516,53.239537356165805,0.0010661552204058733
2022-02-14,1.3569625616073608,1.3572204113006592,1.349582314491272,1.346369709968567,1.3583238392079136,1.375536608958792,1.317202810978342,55.042456857818095,0.0012658047217446455
2022-02-15,1.3532898426055908,1.3566864728927612,1.349017858505249,1.3469067883491517,1.3582737496894826,1.3755599324884666,1.3182536442098367,50.70723731160806,0.001114819713002868
2022-02-16,1.3541145324707031,1.358991026878357,1.3539128303527832,1.3474969053268433,1.3582323644435246,1.3754832239858439,1.3195105866678427,51.62851456528744,0.0010496093425387265
2022-02-17,1.3584926128387451,1.3636425733566284,1.3558034896850586,1.3482466793060304,1.3582349539797953,1.3753301268149722,1.3211632317970885,56.29816739604717,0.0013358058127879158
2022-02-18,1.3618782758712769,1.3640704154968262,1.3574415445327759,1.3490362167358398,1.3582712059389146,1.3753346756822034,1.3227377577894763,59.550209303875036,0.001814892339791374
2022-02-21,1.359342098236084,1.3638285398483276,1.3587141036987305,1.3497087621688844,1.3582818615836625,1.3752828524343204,1.3241346719034484,56.1777886196371,0.0019672463334705625
2022-02-22,1.3596007823944092,1.360544204711914,1.3540045022964478,1.3504737162590026,1.3582949851738193,1.374845776430379,1.3261016560876262,56.44870444783569,0.002084829009712852
2022-02-23,1.3589357137680054,1.361952543258667,1.354921817779541,1.351191418170929,1.3583013605827168,1.374350656508538,1.3280321798333201,55.49874608177467,0.002100139546432178
2022-02-24,1.3545730113983154,1.3547382354736328,1.3275980949401855,1.351756625175476,1.3582642625808818,1.3737896265822254,1.3297236237687267,49.60186454894741,0.0017401799255225558
2022-02-25,1.337327480316162,1.3439054489135742,1.3368983268737793,1.3518556952476501,1.358055936389193,1.373575287673265,1.3301361028220353,34.15355854638182,6.26172880509035e-05
2022-02-28,1.337327480316162,1.343111276626587,1.3342584371566772,1.3521433687210083,1.3578496830949343,1.3726469422089511,1.3316397952330654,34.15355854638182,-0.001252426001000062
2022-03-01,1.3422818183898926,1.3437248468399048,1.3312033414840698,1.3525689959526062,1.357694778968516,1.371235059727454,1.3339029321777582,40.34391997351643,-0.0018732400591783271
2022-03-02,1.3335111141204834,1.337095022201538,1.327404260635376,1.3526999402046203,1.3574541454874411,1.370713298978842,1.3346865814303985,34.21200964517489,-0.0030379426953770494
2022-03-03,1.33969247341156,1.341795563697815,1.3320368528366089,1.3527897381782532,1.3572774124319598,1.3704891019752872,1.3350903743812192,41.01631515909657,-0.00342273868974452
2022-03-04,1.3350956439971924,1.335131287574768,1.320533037185669,1.3526784038543702,1.357056698318181,1.370755143945639,1.3346016637631015,37.87875564713475,-0.004051910106537715
2022-03-07,1.3212482929229736,1.3225939273834229,1.3103927373886108,1.352294762134552,1.3567003957769352,1.372158364846942,1.332431159422162,30.347724242801263,-0.005603307056025075
2022-03-08,1.3112295866012573,1.3142850399017334,1.3083696365356445,1.351634020805359,1.3562479499144906,1.3745508400130824,1.3287172015976356,26.277061038489975,-0.007554146685349927
2022-03-09,1.3099292516708374,1.318235158920288,1.3099292516708374,1.3509660506248473,1.3557870673449022,1.3766508702267883,1.3252812310229063,25.793471272369132,-0.009100225572457266
2022-03-10,1.3185653686523438,1.3194701671600342,1.3107362985610962,1.3503397727012634,1.3554167021837822,1.3776108366400834,1.3230687087624433,34.42498000543982,-0.009518913652749372
2022-03-11,1.3103240728378296,1.3124909400939941,1.3052444458007812,1.3495495080947877,1.354968019304718,1.3790767168889206,1.3200222993006547,30.749271230355035,-0.010395893283164481
2022-03-14,1.3050298690795898,1.3078734874725342,1.3010499477386475,1.3486055374145507,1.3544711222875525,1.380690252412657,1.3165208224164444,28.634121600396384,-0.011386843512401601
2022-03-15,1.3011853694915771,1.308866262435913,1.3001364469528198,1.3476627111434936,1.35394091579207,1.3824385565836572,1.31288686570333,27.172420910943686,-0.01234014814902551
2022-03-16,1.304648518562317,1.3114409446716309,1.3036619424819946,1.3466928148269652,1.3534504441778439,1.3834909975221892,1.3098946321317413,30.608754523355927,-0.01267014817322698
2022-03-17,1.3141123056411743,1.3211086988449097,1.3089518547058105,1.3458637690544129,1.3530590199137975,1.3836993066328582,1.3080282314759675,39.06956870308396,-0.012029360069963468
2022-03-18,1.3160406351089478,1.31816565990448,1.3112002611160278,1.3451173210144043,1.3526906777764358,1.3838118735870955,1.3064227684417131,40.65729548380348,-0.01123640453214314
2022-03-21,1.3160839080810547,1.3209865093231201,1.3128355741500854,1.344254376888275,1.352326431311805,1.3835834897071813,1.304925264069369,40.69464247476177,-0.010483640901806313
2022-03-22,1.3168290853500366,1.3272457122802734,1.3120949268341064,1.3434303307533264,1.3519732238892999,1.3833040416226465,1.3035566198840063,41.37882247744447,-0.009714952795021992
2022-03-23,1.3266470432281494,1.3298933506011963,1.317627191543579,1.3426967406272887,1.3517212220916763,1.3824257651496914,1.302967716104886,49.624756501107534,-0.008218793646495026
2022-03-24,1.3206027746200562,1.3214752674102783,1.3157894611358643,1.3416888093948365,1.3514115857984264,1.3810424168775195,1.3023352019121535,45.39156648154532,-0.007435091596910137
2022-03-25,1.3195745944976807,1.322558879852295,1.3161704540252686,1.3406529831886291,1.3510947998153344,1.3795419568949647,1.3017640094822935,44.69314051369969,-0.0068183696977734964
2022-03-28,1.317627191543579,1.3178876638412476,1.3068649768829346,1.339658465385437,1.350761788787755,1.3783030034183998,1.3010139273524743,43.33314728834433,-0.006412829189685665
2022-03-29,1.3103584051132202,1.3159279823303223,1.3052273988723755,1.3385696291923523,1.3503597650696004,1.3773902650623162,1.2997489933223885,38.6104364970208,-0.0066018635588229735
2022-03-30,1.3093804121017456,1.318061351776123,1.3091576099395752,1.3375567150115968,1.3499520103137013,1.3767335420495401,1.2983798879736534,38.01018993133451,-0.0067527490334633455
2022-03-31,1.3138878345489502,1.3170892000198364,1.3109596967697144,1.336617293357849,1.3495931627936542,1.3757660821544782,1.29746850456122,42.45078879057407,-0.006434443280957547
2022-04-01,1.314699649810791,1.3146132230758667,1.308866262435913,1.3357159423828124,1.3492459636594965,1.3747643500125617,1.2966675347530632,43.23943385143343,-0.006046971251343569
2022-04-04,1.3103755712509155,1.313628911972046,1.3095176219940186,1.3348117923736573,1.3488591935857792,1.3740755154810713,1.2955480692662433,40.0882054961589,-0.0060194256858945305
2022-04-05,1.3114582300186157,1.3166903257369995,1.3100494146347046,1.334062418937683,1.3484870446945636,1.3736554135230161,1.29446942435235,41.242836992700425,-0.005842881017126267
2022-04-06,1.3077365159988403,1.3106846809387207,1.304665446281433,1.3331955981254577,1.3480815667970938,1.373164089069667,1.2932271071812484,38.49629590310699,-0.005934865873462147
2022-04-07,1.307206630706787,1.3106675148010254,1.3055000305175781,1.3324037051200868,1.3476748510151006,1.3728381725169738,1.2919692377231997,38.10718980065149,-0.005981570033507744
2022-04-08,1.3069332838058472,1.3078734874725342,1.298482060432434,1.3317657399177552,1.3472694622866503,1.3727885465688128,1.2907429332666975,37.89440472692514,-0.00597180102241035
2022-04-11,1.303220272064209,1.3057557344436646,1.2989881038665771,1.3310233688354491,1.3468311618864273,1.3727503295697348,1.2892964081011635,35.03282257634237,-0.006192287195129653
2022-04-12,1.3024225234985352,1.3053637742996216,1.2996971607208252,1.330181062221527,1.3463892848875427,1.3724907550911543,1.2878713693519,34.43122238849536,-0.006358103458822484
2022-04-13,1.3002548217773438,1.3071553707122803,1.2974375486373901,1.3291353726387023,1.3459302355033615,1.3717727755448832,1.2864979697325214,32.78378072989413,-0.006588481541083491
2022-04-14,1.312026023864746,1.3147515058517456,1.3038150072097778,1.3282458448410035,1.3455928801636738,1.3704059637675754,1.2860857259144316,47.47954187460429,-0.005754881506924381
2022-04-15,1.3070015907287598,1.3076680898666382,1.3052785396575928,1.3271890521049499,1.3452088872339734,1.3687614978685387,1.285616606341361,43.143583020552796,-0.005437002852753725
2022-04-18,1.3057557344436646,1.3057729005813599,1.3007960319519043,1.3262372708320618,1.3448163185494928,1.3675437467796978,1.2849307948844257,42.116520972705835,-0.005225377025616318
2022-04-19,1.3009822368621826,1.3039849996566772,1.2983304262161255,1.3251813006401063,1.3443801585327035,1.366312921863998,1.2840496794162146,38.34953489221479,-0.005380816688625556
2022-04-20,1.301371693611145,1.3066771030426025,1.2997984886169434,1.3241136026382447,1.3439522136081108,1.3648816135232118,1.2833455917532777,38.83024744246791,-0.005410212277235482
2022-04-21,1.3068820238113403,1.308832049369812,1.3024225234985352,1.323184711933136,1.3435833559981927,1.363347914509473,1.283021509356799,45.32604748758663,-0.0049320176679856775
2022-04-22,1.302626132965088,1.303373098373413,1.2840760946273804,1.3221336579322815,1.3431758214406495,1.3616243548111724,1.2826429610533907,41.64745303761055,-0.004840659706388584
2022-04-25,1.2830876111984253,1.2829724550247192,1.269905686378479,1.3206561589241028,1.3425779288014235,1.3603554896470238,1.2809568282011818,29.721547102274656,-0.00627254725967008
2022-04-26,1.2739989757537842,1.2772371768951416,1.261304497718811,1.3190703415870666,1.3418955511591586,1.359770987054123,1.2783696961200102,25.99291463444213,-0.0080479338139825
2022-04-27,1.2583998441696167,1.2600805759429932,1.2503907680511475,1.317156047821045,1.3410647481045364,1.3600724202675898,1.2742396753745,21.100188372926382,-0.010591567009243796
2022-04-28,1.2541857957839966,1.2566760778427124,1.2414032220840454,1.31506991147995,1.3402002809172675,1.359883518047147,1.270256304912753,20.00469046239084,-0.012799903805418067
2022-04-29,1.2463854551315308,1.258352279663086,1.2467273473739624,1.312760055065155,1.339266800063678,1.3595866449039418,1.2659334652263683,18.128465145309093,-0.015006463754122734
2022-05-02,1.2573871612548828,1.2596362829208374,1.2505314350128174,1.310720956325531,1.3384520772894613,1.3581437709585922,1.26329814169247,28.33732671503499,-0.015686607228263538
2022-05-03,1.2498282194137573,1.2566444873809814,1.2493799924850464,1.308525505065918,1.3375702478578622,1.3568669764324168,1.260184033699419,25.943672144145424,-0.016643710926346644
2022-05-04,1.2500405311584473,1.2537612915039062,1.246742844581604,1.3063476014137267,1.3366993054031415,1.3552282461585174,1.257466956668936,26.132407924400795,-0.01718697002724734
2022-05-05,1.261813759803772,1.2631685733795166,1.2327568531036377,1.3044924163818359,1.3359541755961828,1.3529415277705783,1.2560433049930935,35.88963787268463,-0.01647756253599275
2022-05-06,1.2364147901535034,1.2380222082138062,1.2277697324752808,1.3024741625785827,1.334963733949987,1.3536699693101617,1.2512783558470038,27.461939140498515,-0.0177601090886097
2022-05-09,1.2326656579971313,1.240494728088379,1.2262115478515625,1.3003809261322021,1.3339458426469732,1.3542490733922343,1.24651277887217,26.473717872984608,-0.018861634917651582
2022-05-10,1.2338824272155762,1.2374706268310547,1.2293771505355835,1.2982129383087158,1.332950186772034,1.353892875573432,1.2425330010439994,27.386988713797166,-0.019412642111951817
2022-05-11,1.2309207916259766,1.239802598953247,1.2281994819641113,1.2961611318588258,1.331934968909884,1.3540490637887235,1.238273199928928,26.52342443507375,-0.019859372044981782
2022-05-12,1.2234212160110474,1.224814772605896,1.2171372175216675,1.2938357067108155,1.3308552300750698,1.3538871422677095,1.2337842711539215,24.423302430857987,-0.020581313243333232
2022-05-13,1.220613718032837,1.2245148420333862,1.2157167196273804,1.2915460681915283,1.3297582996069879,1.3538636207691999,1.2292285156138567,23.667792578744738,-0.021136351761747108
2022-05-16,1.2258507013320923,1.2297248840332031,1.2218962907791138,1.2896381163597106,1.3287243931564914,1.354050209731926,1.2252260229874952,28.133678071675448,-0.02091257584476036
2022-05-17,1.2324832677841187,1.2498124837875366,1.2322099208831787,1.2880631899833679,1.3277667700184579,1.3541495331266926,1.2219768468400432,33.444580142840394,-0.01996983926012441
2022-05-18,1.2484394311904907,1.2500624656677246,1.237424612045288,1.286833393573761,1.3269774432639507,1.3535444707892985,1.2201223163582235,44.1395352989494,-0.017730795119971443
2022-05-19,1.2345831394195557,1.2522697448730469,1.2340651750564575,1.2851537489891052,1.3260580969570415,1.35282589763581,1.2174816003424003,38.372889564073326,-0.016879843127276972
2022-05-20,1.2462146282196045,1.2498750686645508,1.243966817855835,1.2838715600967407,1.3252636345815445,1.352024824268212,1.2157182959252695,44.8825401834207,-0.015092911911033458
2022-05-23,1.2504063844680786,1.2601124048233032,1.2501249313354492,1.2827790904045104,1.324518786321709,1.3512982343407165,1.2142599464683044,47.05310024414041,-0.013186510466394186
2022-05-24,1.256754994392395,1.2596838474273682,1.2472715377807617,1.2818904829025268,1.3238445197353477,1.3505874968287976,1.213193468976256,50.24871364876758,-0.011036175660062986
2022-05-25,1.2542959451675415,1.2557923793792725,1.2484238147735596,1.2808834314346313,1.3231524941177575,1.3496949155805724,1.2120719472886903,49.01471844121333,-0.00942183550027531
2022-05-26,1.258610486984253,1.2621163129806519,1.2553036212921143,1.279773395061493,1.3225102850915536,1.3481864957450624,1.2113602943779234,51.275646548935384,-0.007705487760074181
2022-05-27,1.261734127998352,1.2666244506835938,1.2587165832519531,1.278687264919281,1.3219055472100292,1.3464716979941471,1.210902831844415,52.903957932915255,-0.006023779703121512
2022-05-30,1.262833595275879,1.26603102684021,1.261765956878662,1.2776222586631776,1.321317766593769,1.3446778571324027,1.2105666601939524,53.493092775668416,-0.004549848312109361
2022-05-31,1.2647020816802979,1.2648460865020752,1.2562499046325684,1.2765797185897827,1.320754426445376,1.3427624982592317,1.2103969389203337,54.5339937671714,-0.003194155591025316
2022-06-01,1.2608909606933594,1.2616863250732422,1.246012806892395,1.275264596939087,1.3201587700697341,1.3399836991619754,1.2105454947161987,51.97856530153488,-0.0023996235880967554
2022-06-02,1.2483147382736206,1.256960391998291,1.2470382452011108,1.2738188362121583,1.3194439040817132,1.3376272997165894,1.2100103727077272,44.55847925914702,-0.0027530122849483973
2022-06-03,1.2579249143600464,1.2590018510818481,1.2494533061981201,1.2725858426094054,1.3188317748307514,1.335156053853657,1.2100156313651538,50.386851259128285,-0.0022318866783230806
2022-06-06,1.249230146408081,1.257703423500061,1.2479876279830933,1.2712179017066956,1.3181392213141079,1.3327509266350195,1.2096848767783717,45.70529761561603,-0.002491762502026207
2022-06-07,1.2523481845855713,1.2594457864761353,1.243440866470337,1.2700576972961426,1.3174845841327294,1.330760465733004,1.209354928859281,47.58603398583511,-0.002418240372511926
2022-06-08,1.2587324380874634,1.258985996246338,1.2515017986297607,1.269044737815857,1.3168999856646173,1.3287513681698457,1.209338107461868,51.305366017445294,-0.0018237940900063254
2022-06-09,1.254028558731079,1.2553982734680176,1.2492972612380981,1.2678475522994994,1.3162743993269703,1.3262708636781375,1.2094242409208613,48.57058834009558,-0.0017125140841081077
2022-06-10,1.2492972612380981,1.2518151998519897,1.2315573692321777,1.2665395045280456,1.3156079601420063,1.3235938398092024,1.2094851692468889,45.91926364851935,-0.001983238505318896
2022-06-13,1.2274909019470215,1.23001229763031,1.2127680778503418,1.2648818111419677,1.3147311734932998,1.3215526909951043,1.2082109312888312,36.13008727502389,-0.003912282157632063
2022-06-14,1.2144765853881836,1.220271110534668,1.199256420135498,1.262942178249359,1.3137336154027017,1.3197448627474246,1.2061394937512935,31.77620966399438,-0.00641723583114473
2022-06-15,1.201258897781372,1.2125327587127686,1.1992132663726807,1.2608126258850099,1.3126144639835842,1.3187335576109693,1.2028916941590504,28.075737213353776,-0.00936107791058105
2022-06-16,1.2174336910247803,1.2344917058944702,1.205036997795105,1.2590171670913697,1.3116673916158348,1.3166329708043332,1.2014013633784062,37.645302269631706,-0.010270531042738451
2022-06-17,1.2354830503463745,1.2350252866744995,1.2174040079116821,1.25758816242218,1.310909338468875,1.3138823336157213,1.201293991228639,46.240907222344376,-0.009426187527546759
2022-06-20,1.2228227853775024,1.2277772426605225,1.2200626134872437,1.255980212688446,1.3100328553535379,1.3115424446453268,1.2004179807315654,41.879974693245316,-0.00966717955700691
2022-06-21,1.225174903869629,1.2319215536117554,1.2249196767807007,1.254435260295868,1.3091884976273298,1.3090137675171325,1.1998567530746034,42.956344371948944,-0.00955819030371341
2022-06-22,1.2266627550125122,1.23146653175354,1.2168558835983276,1.2529634189605714,1.3083673459595206,1.3064569079850823,1.1994699299360605,43.6670392862786,-0.009245185637413389
2022-06-23,1.225084900856018,1.2294678688049316,1.2171818017959595,1.2512245965003967,1.3075386649137146,1.302487563245847,1.1999616297549465,43.05442696093991,-0.009020464528010752
2022-06-24,1.2260762453079224,1.2316787242889404,1.224349856376648,1.24960608959198,1.3067280935743537,1.2987473373283733,1.2004648418555868,43.58989224363544,-0.008662522055500554
2022-06-27,1.228244662284851,1.2330759763717651,1.2239753007888794,1.2480558681488036,1.3059471639097815,1.2947991365191833,1.201312599778424,44.81230124014989,-0.008110385464286107
2022-06-28,1.2267379760742188,1.2291052341461182,1.2187690734863281,1.2465709829330445,1.3051590127870394,1.2911171651162345,1.2020248007498544,44.09725218905137,-0.007705565263307568
2022-06-29,1.2189769744873047,1.2212249040603638,1.2106831073760986,1.2449230885505675,1.3043014800676391,1.2872348299310408,1.2026113471700943,40.51137649997501,-0.007919696967328305
2022-06-30,1.2131799459457397,1.2186205387115479,1.209438443183899,1.2430490469932556,1.3033947981360778,1.2823532901295094,1.2037448038570018,38.024148765784176,-0.008459652038268928
2022-07-01,1.2160863876342773,1.2162047624588013,1.198063850402832,1.2413182520866395,1.3025260577330748,1.277404160355169,1.20523234381811,40.01270860162145,-0.008554434571250491
2022-07-04,1.2102727890014648,1.2165154218673706,1.2086344957351685,1.2398619556427002,1.301608114760621,1.2749303587145273,1.204793552570873,37.42594326811426,-0.00899497081057743
2022-07-05,1.211445689201355,1.2126061916351318,1.1900511980056763,1.2386108899116517,1.3007109761978422,1.273167973989828,1.2040538058334753,38.292698229340395,-0.009144048807658844
2022-07-06,1.19491446018219,1.1986383199691772,1.1877613067626953,1.2373411822319031,1.299658274545945,1.2735559837111352,1.201126380752671,31.640386779074134,-0.010475372643851122
2022-07-07,1.1923214197158813,1.2021831274032593,1.1910008192062378,1.2361038947105407,1.2985902461396759,1.2741506051065261,1.1980571843145553,30.73834647753732,-0.011605907394375503
2022-07-08,1.2028049230575562,1.2055310010910034,1.1921935081481934,1.2352322840690613,1.297637158347814,1.2743006593787505,1.196163908759372,38.38626920721452,-0.011523102075998937
2022-07-11,1.2016630172729492,1.2019952535629272,1.1869436502456665,1.2341178011894227,1.2966821917699547,1.2737812767696948,1.1944543256091507,37.895422471192674,-0.011418000911074255
2022-07-12,1.1900936365127563,1.191213607788086,1.1811256408691406,1.2329231095314026,1.2956216091305797,1.2742199827557947,1.1916262363070105,33.255619206999796,-0.012128450589954154
2022-07-13,1.1877753734588623,1.1959433555603027,1.1835299730300903,1.231677806377411,1.2945485122582243,1.2745913994324225,1.1887642133223995,32.39958802647433,-0.012731787412863405
2022-07-14,1.186380386352539,1.1884106397628784,1.1763184070587158,1.2301691389083862,1.293472212497969,1.2740513452779578,1.1862869325388146,31.868004422756016,-0.01317067663117033
2022-07-15,1.1839643716812134,1.1873664855957031,1.1805957555770874,1.2291201305389405,1.292382582241086,1.274861229698867,1.183379031379014,30.92174516221685,-0.013557173039451698
2022-07-18,1.1888344287872314,1.2030220031738281,1.1875497102737427,1.2282435059547425,1.2913522523559728,1.2753664310345787,1.1811205808749063,35.10474083256254,-0.013316991333329309
2022-07-19,1.194828748703003,1.2042824029922485,1.1929330825805664,1.227462432384491,1.290391819483804,1.2754898294187242,1.1794350353502576,39.92664415109059,-0.012498874831453177
2022-07-20,1.2003505229949951,1.203659176826477,1.195828914642334,1.2268510270118713,1.2894958861854078,1.275473380704256,1.1782286733194867,44.05069171166962,-0.011274979624850578
2022-07-21,1.1971746683120728,1.2002352476119995,1.1893010139465332,1.226326096057892,1.288577267102091,1.2756610840146958,1.176991108101088,42.25398932311093,-0.01044094210578117
2022-07-22,1.1996161937713623,1.2064181566238403,1.1920230388641357,1.2259061455726623,1.28769208229283,1.275793976812725,1.1760183143325995,44.14027524151526,-0.009473743248153532
2022-07-25,1.1986957788467407,1.208313226699829,1.1962151527404785,1.2253630471229553,1.2868065469351575,1.2758410888905738,1.1748850053553368,43.562570263256404,-0.008681426892168442
2022-07-26,1.2055164575576782,1.2092190980911255,1.1965444087982178,1.2248237109184266,1.2859976903244363,1.2755667980973835,1.1740806237394696,48.899871210557905,-0.007417632848376821
2022-07-27,1.2036880254745483,1.2086637020111084,1.2022265195846558,1.2239286828041076,1.285178688684139,1.2745501327792854,1.1733072328289298,47.60030001003272,-0.006488807221286974
2022-07-28,1.2163082361221313,1.2190513610839844,1.2104486227035522,1.2235631847381592,1.2844934105491934,1.2741345176602012,1.172991851816117,56.244045641209986,-0.004680407863830505
2022-07-29,1.2173447608947754,1.224259853363037,1.2067092657089233,1.2229857873916625,1.2838252647814878,1.2731591952675547,1.1728123795157703,56.8732870592238,-0.0031275470422069684
2022-08-01,1.2167373895645142,1.2291958332061768,1.2164857387542725,1.2223124074935914,1.2831577237345528,1.2718838560864738,1.172740958900709,56.36181210331203,-0.001923727905830841
2022-08-02,1.2254151105880737,1.2278375625610352,1.2181751728057861,1.2216856098175048,1.282583170369911,1.2702620511755853,1.1731091684594244,61.66618627348304,-0.0002664020859266536
2022-08-03,1.2142995595932007,1.2207329273223877,1.2101556062698364,1.220885682106018,1.28190373145671,1.2685795109739535,1.1731918532380827,52.81092791246358,0.00014839785983111753
2022-08-04,1.2138278484344482,1.2195122241973877,1.2071754932403564,1.2199900293350219,1.2812263594863393,1.2664584812108366,1.1735215774592072,52.46660419352929,0.0004340630484320762
2022-08-05,1.215849757194519,1.2167521715164185,1.2007685899734497,1.2190723419189453,1.2805758460306993,1.263961409777894,1.1741832740599967,53.855386708741456,0.0008142200853367143
2022-08-08,1.2059526443481445,1.2135186195373535,1.2048628330230713,1.2179347229003907,1.2798333266109723,1.2611489197169845,1.174720526083797,46.66778162660313,0.0003132717808036478
2022-08-09,1.208473801612854,1.2129298448562622,1.2068257331848145,1.2168101572990417,1.2791232815861155,1.257932730845164,1.1756875837529195,48.55144937182382,0.00011833882508316407
2022-08-10,1.207423210144043,1.2274457216262817,1.206723928451538,1.2157408022880554,1.2784098480394284,1.2549194936189982,1.1765621109571125,47.79390893406688,-0.00011954288218229969
2022-08-11,1.2212995290756226,1.2248897552490234,1.2182939052581787,1.2152004981040954,1.2778415861591914,1.2532752070743332,1.1771257891338576,57.27593732820831,0.0008023876936438246
2022-08-12,1.2196162939071655,1.2210012674331665,1.2103606462478638,1.2144343256950378,1.2772622300173802,1.2504880213916514,1.1783806299984243,55.948471029419956,0.0013812787844151853
2022-08-15,1.2127974033355713,1.2147716283798218,1.2051241397857666,1.2137056708335876,1.2766207889558696,1.2483334624376252,1.17907787922955,50.81085750760588,0.0012751277839020414
2022-08-16,1.205690860748291,1.2116365432739258,1.200941562652588,1.2127725243568421,1.2759150185259434,1.2456187754691082,1.179926273244576,46.063425385088706,0.0006105259926754147
2022-08-17,1.209818959236145,1.2138131856918335,1.2029930353164673,1.2117942547798157,1.275257346294204,1.2418483460251253,1.1817401635345062,49.041886612877704,0.00041217602430476674
2022-08-18,1.2045146226882935,1.2078169584274292,1.1968880891799927,1.21080397605896,1.2745534385966326,1.2383350596762812,1.1832728924416387,45.56042165413215,-0.00017106149347023702
2022-08-19,1.193274736404419,1.1933743953704834,1.1793286800384521,1.2096835255622864,1.2737446952912377,1.2353148006167212,1.1840522505078517,39.208682706925124,-0.0015226936511989475
2022-08-22,1.1818095445632935,1.1838523149490356,1.1742602586746216,1.2087698984146118,1.2728299176720541,1.2350585754696857,1.182481221359538,34.00145572545689,-0.0034789142788973493
2022-08-23,1.1766505241394043,1.187324047088623,1.172003149986267,1.2080133771896362,1.271872908781182,1.2357679573822307,1.1802587969970417,31.945540946342348,-0.0053834658098670385
2022-08-24,1.18327796459198,1.1865352392196655,1.1758756637573242,1.2076537585258484,1.270991367047956,1.2362196597134103,1.1790878573382866,37.19891154018852,-0.006285601066576607
2022-08-25,1.1791757345199585,1.1862958669662476,1.1785920858383179,1.2068885993957519,1.270077778664593,1.23641853377916,1.1773586650123438,35.37845953220537,-0.007248014836791494
2022-08-26,1.1824007034301758,1.1900086402893066,1.175309181213379,1.2058269524574279,1.2692053699557928,1.2349752268348924,1.1766786780799634,37.949361167963225,-0.007662181782591704
2022-08-29,1.1694538593292236,1.1742602586746216,1.164958119392395,1.2047595739364625,1.26821281761125,1.2352454984058387,1.1742736494670862,32.37997061461088,-0.008932149924447241
2022-08-30,1.172250509262085,1.1758065223693848,1.162304162979126,1.2037010860443116,1.2672579687719547,1.2349591700541036,1.1724430020345196,34.61229931418812,-0.009602253745508271
2022-08-31,1.1659767627716064,1.1694538593292236,1.1600254774093628,1.2024873661994935,1.2662501955779215,1.234801274593201,1.1701734578057859,32.05570585483353,-0.010518306274121203
2022-09-01,1.1598505973815918,1.1617100238800049,1.1503244638442993,1.201182680130005,1.2651914931083064,1.2350050811994142,1.1673602790605957,29.74526181683079,-0.011604841462703686
2022-09-02,1.154894471168518,1.1588560342788696,1.1531364917755127,1.1997590446472168,1.2640940103029352,1.2352555443595936,1.16426254493484,27.987756986198875,-0.01271922706092421
2022-09-05,1.1474601030349731,1.1520737409591675,1.1445183753967285,1.1981433534622192,1.2629334739122093,1.235645183900513,1.1606415230239255,25.54915121872078,-0.014040427741853545
2022-09-06,1.156644344329834,1.1607661247253418,1.1496235132217407,1.1967414808273316,1.2618758706327828,1.2351107895961908,1.1583721720584723,33.282971942155655,-0.014182905576702654
2022-09-07,1.151185154914856,1.152365803718567,1.1409533023834229,1.1953856444358826,1.2607744704763855,1.2353075521496677,1.1554637367220975,31.2077862200057,-0.014568395849910987
2022-09-08,1.1519808769226074,1.1560158729553223,1.1461580991744995,1.19416166305542,1.2596919471574424,1.2355813413330698,1.15274198477777,31.874535017926988,-0.014640920139129099
2022-09-09,1.1521600484848022,1.1648629903793335,1.1516624689102173,1.1928831362724304,1.2586219780164212,1.2354705589271782,1.1502957136176826,32.0342719441646,-0.014516600182539419
2022-09-12,1.1619395017623901,1.171124815940857,1.1601735353469849,1.1919164705276488,1.2576599633273262,1.2350830404765518,1.1487499005787458,40.26694302116864,-0.013473639839050033
2022-09-13,1.1689754724502563,1.1737639904022217,1.1520339250564575,1.191067066192627,1.2567775305822808,1.2343364133563532,1.1477977190289008,45.39202688811732,-0.011941685898662735
2022-09-14,1.1506155729293823,1.1589365005493164,1.1480792760849,1.1901810884475708,1.2557211926951872,1.234918115058347,1.1454440618367945,36.573701608469726,-0.012069956865566445
2022-09-15,1.1544944047927856,1.1548677682876587,1.1469862461090088,1.1894245481491088,1.2547139609747653,1.2352792518655944,1.1435698444326232,39.25847460328494,-0.011723482211039249
2022-09-16,1.1452654600143433,1.1480661630630493,1.1352670192718506,1.1882737588882446,1.2536249211642139,1.235621611486499,1.1409259062899901,35.417097466371274,-0.012054638891829228
2022-09-19,1.1433144807815552,1.144164800643921,1.1355764865875244,1.1871067881584167,1.2525273048419985,1.2359599692408776,1.138253607075956,34.64533513832191,-0.012332351000569952
2022-09-20,1.1443217992782593,1.1460398435592651,1.1383945941925049,1.1861913514137268,1.251450633144847,1.2365095152430825,1.135873187584371,35.42771134422557,-0.01232903620852932
2022-09-21,1.138057827949524,1.1385631561279297,1.1306205987930298,1.18519700050354,1.250322346525988,1.2373199955506118,1.133074005456468,32.79830291697324,-0.0126856273326299
2022-09-22,1.1255937814712524,1.1362861394882202,1.1213151216506958,1.1839812684059143,1.2490812662766873,1.2387595779040697,1.129202958907759,28.297794990813017,-0.01381472519926441
2022-09-23,1.126417875289917,1.1273448467254639,1.089858889579773,1.1828303384780883,1.2478607350230875,1.2399770783834363,1.1256835985727403,28.99157584893767,-0.014476173591300823
2022-09-26,1.0797386169433594,1.0915601253509521,1.0379042625427246,1.180648422241211,1.2461878781267717,1.2447651856753075,1.1165316588071146,18.23105057940596,-0.01855313326978658
2022-09-27,1.077284336090088,1.0835410356521606,1.0738486051559448,1.1782975339889525,1.2445072458677002,1.2486122614189494,1.1079828065589556,17.85579611882335,-0.021731683817923342
2022-09-28,1.072754144668579,1.0839638710021973,1.054162859916687,1.1757456064224243,1.242798259786117,1.2518193767074743,1.0996718361373743,17.153929223584555,-0.0243357294739579
2022-09-29,1.0835996866226196,1.1065618991851807,1.0764493942260742,1.1734741067886352,1.2412141943815052,1.25361027011943,1.0933379434578403,24.77724905571074,-0.02523343449618176
2022-09-30,1.1169440746307373,1.1233935356140137,1.1026816368103027,1.1718206644058227,1.2399776757770198,1.2531577807104406,1.0904835481012047,42.34342539335658,-0.022989252954584982
2022-10-03,1.114057183265686,1.1332343816757202,1.108794927597046,1.1701278924942016,1.2387247355530264,1.252695724164339,1.087560060824064,41.4411233932447,-0.02119929860263059
2022-10-04,1.1334141492843628,1.1445969343185425,1.1282224655151367,1.1686858463287353,1.23767686902299,1.251249512386615,1.0861221802708556,49.25007710868373,-0.01801117982849676
2022-10-05,1.1451343297958374,1.149491310119629,1.1227755546569824,1.167514772415161,1.2367560477371478,1.2497122687044182,1.085317276125904,53.30989591089263,-0.014373167188832747
2022-10-06,1.13553786277771,1.1383427381515503,1.1120378971099854,1.1658993649482727,1.2357489016181484,1.2473542436255085,1.084444486271037,49.79721971658058,-0.012124605741096861
2022-10-07,1.1162084341049194,1.1223722696304321,1.1092008352279663,1.1638766384124757,1.234559444229957,1.2451398691222435,1.0826134077027079,43.569799524294275,-0.011766688879975229
2022-10-10,1.1072726249694824,1.111086368560791,1.102353572845459,1.161687343120575,1.2332929087149274,1.2430359679262584,1.0803387183148916,41.0161708973381,-0.012065004445399374
2022-10-11,1.1076405048370361,1.117131233215332,1.1001826524734497,1.1593318510055541,1.2320426360395254,1.2399660717297922,1.078697630281316,41.16904534233738,-0.012131887996449375
2022-10-12,1.0967799425125122,1.109865665435791,1.0926454067230225,1.1569814586639404,1.2306967385914953,1.2379264261470864,1.0760364911807945,38.034926327879546,-0.012912404149268752
2022-10-13,1.11055588722229,1.1361957788467407,1.1058276891708374,1.1549160194396972,1.229501307234588,1.235208136502472,1.0746239023769224,43.87179112574749,-0.012277833988455278
2022-10-14,1.1303905248641968,1.1358731985092163,1.1161960363388062,1.1532068347930908,1.2285151302955792,1.2318255782840875,1.0745880913020942,51.024910383519334,-0.010058495002270407
2022-10-17,1.124416708946228,1.1438636779785156,1.1217050552368164,1.1515761160850524,1.2274793251080234,1.2291042004709432,1.0740480316991616,48.999476949299535,-0.008681613647550046
2022-10-18,1.1353960037231445,1.1412007808685303,1.1258091926574707,1.1501145601272582,1.226563073153945,1.226002522398405,1.0742265978561114,52.714575265546294,-0.006628083502558724
2022-10-19,1.134429931640625,1.1349835395812988,1.122246265411377,1.14865469455719,1.2256463254771954,1.2228319259757516,1.0744774631386285,52.35319978525069,-0.005020724227424056
2022-10-20,1.1211013793945312,1.1333242654800415,1.1173683404922485,1.1466507315635681,1.2246060772574674,1.218184268813977,1.0751171943131592,47.51365472733769,-0.004767427262520663
2022-10-21,1.1221455335617065,1.1293182373046875,1.106378197669983,1.1447013163566588,1.2235865693599972,1.2133740662711971,1.0760285664421205,47.91981751870662,-0.0044313512195592875
2022-10-24,1.1344685554504395,1.1379801034927368,1.127484679222107,1.1431347393989564,1.2226998229529369,1.208982597300865,1.0772868814970478,52.583417860115965,-0.0031345109643536873
2022-10-25,1.1307740211486816,1.1499539613723755,1.1273703575134277,1.141636402606964,1.2217851383578697,1.2050382877016357,1.0782345175122925,51.10585272844114,-0.002377467791733423
2022-10-26,1.146223783493042,1.162358283996582,1.1434190273284912,1.140364499092102,1.2210332840806077,1.2006589021683487,1.0800700960158554,56.59813666696779,-0.0005247894746973625
2022-10-27,1.1638191938400269,1.1644154787063599,1.1550945043563843,1.1395505905151366,1.220463989650353,1.1973578679739196,1.0817433130563536,61.85360991880104,0.002336342105927036
2022-10-28,1.1566041707992554,1.1600120067596436,1.1506155729293823,1.1388171792030335,1.2198285685672576,1.194742232841352,1.082892125564715,58.71405189808362,0.003975787037854062
2022-10-31,1.159595012664795,1.1613322496414185,1.1479870080947876,1.1383728885650635,1.2192292297025566,1.1932469540910517,1.0834988230390752,59.628828868552276,0.005453530001853002
2022-11-01,1.146815299987793,1.1565239429473877,1.1446754932403564,1.1377761840820313,1.2185086930884794,1.191589953421211,1.0839624147428515,54.111661585335504,0.005529693079164177
2022-11-02,1.1489498615264893,1.1527377367019653,1.1458560228347778,1.1370896220207214,1.2178165654112456,1.1893885371016477,1.084790706939795,54.86287960159848,0.005696626973829444
2022-11-03,1.1384334564208984,1.1421784162521362,1.1162582635879517,1.1362747764587402,1.2170266837297496,1.1871473894464897,1.0854021634709907,50.47845108686988,0.004923581304829616
2022-11-04,1.1171187162399292,1.133375644683838,1.1163331270217896,1.1349691367149353,1.2160325746004976,1.1843385459507294,1.0855997274791411,42.981078076574384,0.002561488400951051
2022-11-07,1.1331573724746704,1.148316502571106,1.1295350790023804,1.1342432069778443,1.2152079457236238,1.1825999891316261,1.0858864248240625,49.1065255266052,0.001961092026028677
2022-11-08,1.1517950296401978,1.1597565412521362,1.1431314945220947,1.1338340973854064,1.2145769714342365,1.1812146910853942,1.0864535036854186,55.13777936092339,0.002955112052886344
2022-11-09,1.1552680730819702,1.1566845178604126,1.1359248161315918,1.1336199235916138,1.2139868331421741,1.1805016670750177,1.0867381801082099,56.17991043770393,0.003977278080077085
2022-11-10,1.1368157863616943,1.1682789325714111,1.1365057229995728,1.1331592273712159,1.2132189620299305,1.1794377119684307,1.086880742774001,49.58891718295782,0.0032608180145197174
2022-11-11,1.1695632934570312,1.1799967288970947,1.164890170097351,1.133452603816986,1.212784577268011,1.1804735143987428,1.0864316932352294,58.822018702237,0.005274665332420492
2022-11-14,1.1799131631851196,1.1828299760818481,1.1711933612823486,1.134101665019989,1.2124574985209176,1.1827785617830753,1.085424768256903,61.238395476756665,0.0076179864249545926
2022-11-15,1.175249695777893,1.2004081010818481,1.1742877960205078,1.1344737720489502,1.212087271627952,1.1841286694781823,1.084818874619718,59.5429315291806,0.008995092599725751
2022-11-16,1.1880435943603516,1.1941438913345337,1.183249831199646,1.1352109408378601,1.2118480310581252,1.1869299563502043,1.083491925325516,62.602016778767734,0.010992109659475169
2022-11-17,1.191525936126709,1.1955716609954834,1.1764705181121826,1.1360018420219422,1.21164582115831,1.189929885260326,1.0820737987835585,63.41293655939425,0.012709251603210792
2022-11-18,1.1860145330429077,1.1950000524520874,1.1859301328659058,1.1366789317131043,1.2113907834656195,1.1922598150341803,1.0810980483920283,61.15286602063143,0.013470099870356078
2022-11-21,1.1886366605758667,1.1887637376785278,1.1780505180358887,1.1372128748893737,1.2111643742826368,1.1942773769974253,1.0801483727813221,61.84952524969768,0.01412187321766778
2022-11-22,1.1827600002288818,1.1902211904525757,1.1823126077651978,1.1374885654449463,1.2108817436950372,1.1953076046925317,1.0796695261973608,59.283523871856744,0.014002795405486657
2022-11-23,1.1894567012786865,1.207831621170044,1.1873382329940796,1.1382653880119324,1.210668559193382,1.1978218795072246,1.0787088965166403,61.2561219626485,0.014284134577631225
2022-11-24,1.2073503732681274,1.2154213190078735,1.2060543298721313,1.1393225073814393,1.2106355424180062,1.201856697999842,1.0767883167630365,65.9965221472869,0.015769190274877998
2022-11-25,1.2113430500030518,1.2130005359649658,1.2061853408813477,1.1406440591812135,1.2106425822944742,1.2064007201274005,1.0748873982350264,66.96770287233826,0.017071493705707708
2022-11-28,1.2054728269577026,1.211798071861267,1.2022699117660522,1.1418872261047364,1.2105911419428645,1.2101523819461284,1.0736220702633443,64.07030176055898,0.017428990068629524
2022-11-29,1.1960291862487793,1.2063744068145752,1.1954858303070068,1.1429213738441468,1.2104462468613315,1.2128826240660315,1.0729601236222621,59.60265945600067,0.016757119982245383
2022-11-30,1.1946860551834106,1.202747106552124,1.1903769969940186,1.1440539383888244,1.2102894290336905,1.215511278628202,1.0725965981494467,58.97280955458073,0.015932617351148703
2022-12-01,1.207749843597412,1.2296946048736572,1.2073649168014526,1.1456970596313476,1.210264159526862,1.2191716167345918,1.0722225025281034,63.06151592520726,0.016147196788857565
2022-12-02,1.2259259223937988,1.229649305343628,1.213916301727295,1.1476872205734252,1.210419997963349,1.2243517165607378,1.0710227245861126,67.86068936248108,0.01758124455100396
2022-12-05,1.2297248840332031,1.2344764471054077,1.2165449857711792,1.1506869459152222,1.2106120863819545,1.228231902440369,1.0731419893900755,68.77386640571301,0.018807481252683722
2022-12-06,1.2192445993423462,1.2263318300247192,1.215894103050232,1.1535261511802672,1.2106979820333017,1.2304947919442393,1.0765575104162952,63.42034113749512,0.0187178436361799
2022-12-07,1.2133007049560547,1.2223743200302124,1.2107857465744019,1.1563370823860168,1.2107238797738267,1.2315103062223747,1.081163858549659,60.541913938067935,0.017960149157833838
2022-12-08,1.2212398052215576,1.2246646881103516,1.2156428098678589,1.1590898847579956,1.2108285158479335,1.233467660143273,1.0847121093727181,62.9600563775242,0.01779515835799783
2022-12-09,1.2236007452011108,1.2323466539382935,1.2222847938537598,1.161223018169403,1.210955602707169,1.2367756887656487,1.0856703475731573,63.6730298695173,0.01765143532677471
2022-12-12,1.2239153385162354,1.23001229763031,1.221344232559204,1.163420181274414,1.2110845553022842,1.2397598404685857,1.0870805220802424,63.773095174481696,0.01736277161717359
2022-12-13,1.2270842790603638,1.244152545928955,1.225144863128662,1.165293583869934,1.211243756533708,1.2432088346413286,1.0873783330985396,64.82420372326487,0.01719153722579625
2022-12-14,1.235666275024414,1.2422051429748535,1.2343850135803223,1.1671042227745057,1.2114867666679439,1.2472821533133565,1.0869262922356548,67.56856569403064,0.01754606793936153
2022-12-15,1.2419428825378418,1.2425447702407837,1.2204350233078003,1.1692323231697082,1.2117898125969975,1.2516088014002442,1.086855844939172,69.44609013043686,0.018124577013005405
2022-12-16,1.2189176082611084,1.2222548723220825,1.2122387886047363,1.171286506652832,1.2118607359369389,1.2533880825075285,1.0891849307981354,56.51954123379589,0.0165345029601609
2022-12-19,1.2160272598266602,1.224155068397522,1.212341547012329,1.1734615993499755,1.2119021938860903,1.2543952324372702,1.0925279662626808,55.13224083846779,0.014869721955780735
2022-12-20,1.2153326272964478,1.221926212310791,1.2086929082870483,1.1756154417991638,1.211936327551865,1.2551187023927022,1.0961121812056254,54.78421067031136,0.013340538551582348
2022-12-21,1.2189176082611084,1.2190364599227905,1.2071025371551514,1.1780581951141358,1.212005793031559,1.2551434132296266,1.100972976998645,56.31685561933153,0.012276412844031359
2022-12-22,1.2077397108078003,1.214624047279358,1.1994291543960571,1.180001871585846,1.2119633444522182,1.2550129672699801,1.104990775901712,50.56200947005593,0.010411109853589062
2022-12-23,1.203992486000061,1.2090144157409668,1.2020530700683594,1.1814739108085632,1.2118840324278186,1.2553919894072116,1.1075558322099148,48.76305354420344,0.008532121088908884
2022-12-26,1.206000566482544,1.2096140384674072,1.2054002285003662,1.1831055879592896,1.2118254904781145,1.2554683209254138,1.1107428549931653,49.793934312096376,0.007122935501635119
2022-12-27,1.2084153890609741,1.2112256288528442,1.2003360986709595,1.184565975666046,1.21179155912073,1.2559392215193939,1.1131927298126982,51.06890136249209,0.006130335084795213
2022-12-28,1.2027326822280884,1.212415099143982,1.2003360986709595,1.1859320306777954,1.2117014210421964,1.2559910837522281,1.1158729776033627,47.98097759138797,0.004829473984251154
2022-12-29,1.2028483152389526,1.2075835466384888,1.201547622680664,1.1875669693946838,1.211613330437189,1.2552250623228578,1.1199088764665097,48.049812452609984,0.0037644683595148276
2022-12-30,1.2056326866149902,1.2106831073760986,1.2012734413146973,1.1892367124557495,1.2115538215434358,1.2543788293854634,1.1240945955260355,49.773310589332965,0.0031092774144678703
2023-01-02,1.2120330333709717,1.212341547012329,1.2037605047225952,1.1907880020141601,1.2115585898203267,1.254280000473452,1.1272960035548683,53.585207429426816,0.0030710867866095004
2023-01-03,1.206287145614624,1.208999752998352,1.1903769969940186,1.192298264503479,1.2115061376391754,1.2535152528092397,1.1310812761977183,49.92219356072012,0.0025478057980474755
2023-01-04,1.1969740390777588,1.2086637020111084,1.1967735290527344,1.1933132696151734,1.2113615396435393,1.2530778479577367,1.13354869127261,44.60043839033884,0.0013658671140619472
2023-01-05,1.2057054042816162,1.2078169584274292,1.1878036260604858,1.1941509938240051,1.2113052596896894,1.2534001629410223,1.134901824706988,49.98369521615132,0.001120800501970054
2023-01-06,1.1912277936935425,1.206752896308899,1.1844552755355835,1.194843466281891,1.2111054839086333,1.2531025566840404,1.1365843758797416,42.593128629327666,-0.0002388850159764644
2023-01-09,1.2116365432739258,1.2207329273223877,1.2095261812210083,1.1958842968940735,1.2111107680814224,1.2534281593563885,1.1383404344317585,53.1168699119848,0.0003266050435088985
2023-01-10,1.2184869050979614,1.219809651374817,1.2112549543380737,1.1973177289962769,1.211184162479597,1.2534253168802267,1.141210141112327,56.03053268725277,0.0013123984260086097
2023-01-11,1.2154507637023926,1.2177894115447998,1.210184931755066,1.198647747039795,1.2112266162231073,1.2532069538362576,1.1440885402433323,54.41637680159668,0.0018275882476823657
2023-01-12,1.2159533500671387,1.2237355709075928,1.2097164392471313,1.2001981449127197,1.2112736484006599,1.2521150311907396,1.1482812586346998,54.64928151984478,0.002250492139939997
2023-01-13,1.2217769622802734,1.2246947288513184,1.2151849269866943,1.2022913098335266,1.2113781589865267,1.2486814782685007,1.1559011413985525,57.367454779302506,0.0030207421222159248
2023-01-16,1.2226732969284058,1.2288635969161987,1.2174336910247803,1.2040816283226012,1.2114905484187841,1.2463038265170425,1.16185943012816,57.786830558663446,0.003661292397955984
2023-01-17,1.2207776308059692,1.2299820184707642,1.2170631885528564,1.2054612803459168,1.2115829571987562,1.2451415770669712,1.1657809836248625,56.52050758971883,0.00397020266806547
2023-01-18,1.228471040725708,1.2433171272277832,1.225655436515808,1.2069253396987916,1.2117509978308652,1.244386460103575,1.1694642192940081,60.32082563206048,0.004780701218950245
2023-01-19,1.2347661256790161,1.2375471591949463,1.2313905954360962,1.208884346485138,1.2119800040781104,1.2412833070437952,1.1764853859264808,63.158364294510946,0.005863398299605915
2023-01-20,1.2393262386322021,1.2399994134902954,1.2336541414260864,1.2102796053886413,1.2122521059144695,1.2417626246154827,1.1787965861618,65.10506948489814,0.007008615583569133
2023-01-23,1.240633249282837,1.244926929473877,1.2324681282043457,1.2114940071105957,1.2125345053509706,1.2428802713999476,1.1801077428212439,65.66506648878055,0.007930258287196956
2023-01-24,1.2379761934280396,1.2413724660873413,1.2264971733093262,1.2127485370635986,1.2127876564761155,1.243222894630983,1.1822741794962144,63.43628571473575,0.008350010841084554
2023-01-25,1.232923984527588,1.2399102449417114,1.228561520576477,1.2136461448669433,1.2129880179492645,1.2437925072156022,1.1834997825182845,59.3138456862139,0.008180694771973807
2023-01-26,1.2412492036819458,1.2430853843688965,1.2345983982086182,1.214640610218048,1.2132692237774503,1.2450876413718663,1.1841935790642297,63.52074066518345,0.00861893248772505
2023-01-27,1.2415266036987305,1.2419275045394897,1.234811782836914,1.2157508516311646,1.213550391736866,1.2459850240136177,1.1855166792487115,63.6555897941781,0.00888618844883804
2023-01-30,1.2400301694869995,1.241757869720459,1.236873745918274,1.2167787218093873,1.2138138721124891,1.2467436925347881,1.1868137510839865,62.3173107844573,0.008874936248217669
2023-01-31,1.2353609800338745,1.237011432647705,1.2286370992660522,1.217830741405487,1.214028271196284,1.246590063806397,1.189071419004577,58.20541533901056,0.008392510593371538
2023-02-01,1.2308903932571411,1.2347203493118286,1.2303149700164795,1.218659415245056,1.2141960535053473,1.2464532502574137,1.1908655802326984,54.49759715111405,0.007562272624127342
2023-02-02,1.2390038967132568,1.2401869297027588,1.2240650653839111,1.2192924857139587,1.2144428977163713,1.2474741936000204,1.1911107778278969,59.535582606054774,0.007472852580630462
2023-02-03,1.222299575805664,1.2266175746917725,1.206578254699707,1.219511616230011,1.2145210736177574,1.2476112991839812,1.191411933276041,47.80106516056232,0.005985095008844699
2023-02-06,1.2045146226882935,1.2078461647033691,1.200638771057129,1.2194924521446229,1.2144215069418423,1.2476324927271643,1.1913524115620815,38.989635386240224,0.0033325240699193515
2023-02-07,1.2026747465133667,1.206000566482544,1.1963152885437012,1.2196253633499146,1.2143046237534993,1.2473731121986567,1.1918776145011725,38.205032435342936,0.0010695507440443563
2023-02-08,1.2054582834243774,1.2110350131988525,1.2039633989334106,1.2198408079147338,1.2142166004666424,1.2469583170252319,1.1927232988042358,40.166749774067725,-0.000493574139384334
2023-02-09,1.2071462869644165,1.2192445993423462,1.2057781219482422,1.219828736782074,1.2141462490885109,1.2469687420274496,1.1926887315366983,41.38202648181871,-0.0015779643025304324
2023-02-10,1.2116806507110596,1.2138426303863525,1.2060399055480957,1.2195438313484193,1.2141217157713224,1.2467216444284923,1.1923660182683462,44.63510641944161,-0.0020478596095077073
2023-02-13,1.2052258253097534,1.2143733501434326,1.2032536268234253,1.2190538501739503,1.2140331994483218,1.2463655177895478,1.1917421825583527,41.13539352409803,-0.0029075886186737954
2023-02-14,1.215214490890503,1.2257004976272583,1.212106466293335,1.2189732480049134,1.214044953592025,1.2463063967684744,1.1916400992413523,47.93812468313402,-0.0027512139371494992
2023-02-15,1.2174336910247803,1.218145489692688,1.1991126537322998,1.219055907726288,1.2140786723724504,1.2463439979308206,1.1917678175217552,49.33892786570038,-0.002420315085504221
2023-02-16,1.2039779424667358,1.207394003868103,1.1967161893844604,1.2187106704711914,1.2139781675972692,1.246320864626522,1.1911004763158608,41.9658414514527,-0.0032068749575291378
2023-02-17,1.197533130645752,1.203137755393982,1.1916821002960205,1.2181893181800842,1.2138145353887964,1.2464005324975178,1.1899781038626507,38.96257202175548,-0.004300696028652462
2023-02-20,1.2029786109924316,1.2056472301483154,1.201547622680664,1.2177705836296082,1.213706715245549,1.2462550955480016,1.1892860717112148,42.69427451064479,-0.004674270275767167
2023-02-21,1.2039200067520142,1.214388132095337,1.199126958847046,1.2173072981834412,1.2136093350615338,1.24592670471844,1.1886878916484425,43.339206862359994,-0.00483859151675059
2023-02-22,1.2109322547912598,1.2135627269744873,1.2058508396148682,1.2168126177787781,1.2135826974469042,1.2449884019756148,1.1886368335819415,48.03091446518634,-0.004352810975738031
2023-02-23,1.204993486404419,1.2075399160385132,1.201345443725586,1.2160736298561097,1.2134972326604119,1.243487052737117,1.1886602069751024,44.65824527704094,-0.004396356907789611
2023-02-24,1.2017786502838135,1.204064965248108,1.1931465864181519,1.2157308506965636,1.2133806298506946,1.2434262880830338,1.1880354133100934,42.90202954989525,-0.004636827321065962
2023-02-27,1.1952428817749023,1.205690860748291,1.1923214197158813,1.2153151631355286,1.2132001547454627,1.2436098738867747,1.1870204523842824,39.50102597229929,-0.005293760576382978
2023-02-28,1.2061562538146973,1.2142553329467773,1.2027615308761597,1.2151316356658937,1.2131300661789874,1.2435446777135586,1.1867185936182287,47.04930427963686,-0.004877541732486668
2023-03-01,1.2033549547195435,1.2088243961334229,1.1966875791549683,1.2148203825950623,1.2130328013883462,1.2434045932249578,1.1862361719651668,45.48070403918638,-0.004719325281383524
2023-03-02,1.2029930353164673,1.2036300897598267,1.1927623748779297,1.2147254490852355,1.2129329032184768,1.2434368903863848,1.1860140077840862,45.2707068815154,-0.00457045610220197
2023-03-03,1.1951572895050049,1.2018797397613525,1.1949286460876465,1.2145487451553345,1.2127560314402333,1.243636093149443,1.185461397161226,40.870717254595256,-0.00502680947552725
2023-03-06,1.2028483152389526,1.20480477809906,1.1994434595108032,1.2144857001304628,1.2126574471994245,1.2436621991736998,1.1853092010872257,46.37947929209368,-0.004713536595788881
2023-03-07,1.2026457786560059,1.2064036130905151,1.1852554082870483,1.2143703079223633,1.2125578286069527,1.2436900839009903,1.1850505319437363,46.25726128006153,-0.004430536128584794
2023-03-08,1.1827740669250488,1.1857894659042358,1.180790901184082,1.2139711356163025,1.212261472769322,1.2444578335037226,1.1834844377288825,36.1826880502482,-0.005743529449015794
2023-03-09,1.1850166320800781,1.1935452222824097,1.1833759546279907,1.213614501953125,1.2119903798271405,1.2450351651495482,1.182193838756702,37.8283240937086,-0.00652788050594344
2023-03-10,1.192250370979309,1.2109763622283936,1.1911568641662598,1.2133468556404114,1.2117939618286546,1.2452690140453933,1.1814246972354296,42.93963470647082,-0.006490958367632693
2023-03-13,1.2079336643218994,1.21761155128479,1.205153226852417,1.21326486825943,1.2117555509081894,1.2452218378366655,1.1813078986821945,52.12874798770389,-0.005136970803249374
2023-03-14,1.2171372175216675,1.2202116250991821,1.2141520977020264,1.2134818696975709,1.2118090998297166,1.2453927645489684,1.1815709748461733,56.5507994511775,-0.0032834267775743164
2023-03-15,1.215214490890503,1.218145489692688,1.2019087076187134,1.2138466787338258,1.2118429843178835,1.2454023671798249,1.1822909902878267,55.39946558430686,-0.0019471818530778506
2023-03-16,1.20692777633667,1.2116659879684448,1.2029350996017456,1.2138711261749267,1.2117940767757818,1.2454029552832706,1.1823392970665827,50.616430493749576,-0.0015391246617912913
2023-03-17,1.2110495567321777,1.2176560163497925,1.210316777229309,1.2142675614356995,1.2117866686161438,1.245128701027659,1.18340642184374,52.79932791433423,-0.0008730788574460302
2023-03-20,1.2187690734863281,1.2265123128890991,1.2168114185333252,1.2144102120399476,1.2118561452815189,1.245287646666431,1.183532777413464,56.66299494899107,0.0002745034238671451
2023-03-21,1.2276264429092407,1.2281843423843384,1.2182939052581787,1.214593002796173,1.2120130636658741,1.2456764642832194,1.1835095413091268,60.64374245489422,0.0018770488868506963
2023-03-22,1.2225087881088257,1.2295737266540527,1.2209266424179077,1.2147341632843018,1.2121174987349583,1.2458975273319386,1.183570799236665,57.36502611076775,0.0027029676115271073
2023-03-23,1.227973222732544,1.2342631816864014,1.2266627550125122,1.21497456073761,1.2122752671329442,1.2463609592629072,1.1835881622123126,59.86047678593768,0.0037551611964388165
2023-03-24,1.228154182434082,1.2289994955062866,1.2192296981811523,1.215102105140686,1.2124332662901693,1.24665273181623,1.1835514784651422,59.94408923028069,0.004551171061703885
2023-03-27,1.2246003150939941,1.2291052341461182,1.221985936164856,1.2151406455039977,1.2125543314523965,1.246733700557917,1.1835475904500783,57.41464326979901,0.004839460928309558
2023-03-28,1.229755163192749,1.234903335571289,1.2281994819641113,1.2153201961517335,1.212725484007027,1.247145202897251,1.183495189406216,60.048041029108234,0.005421391459273783
2023-03-29,1.2330456972122192,1.2360023260116577,1.2304997444152832,1.2154116892814637,1.2129276751831979,1.2474168043586356,1.1834065742042919,61.67714651892322,0.006078030441391213
2023-03-30,1.2313603162765503,1.2383594512939453,1.2295434474945068,1.2153435730934143,1.2131110845473108,1.2471946846877926,1.183492461499036,60.32042138609846,0.006388779535744682
2023-03-31,1.2387275695800781,1.2422668933868408,1.2345069646835327,1.215331599712372,1.2133659749456467,1.2471463426974365,1.1835168567273073,64.04377197965167,0.007147138439741907
2023-04-03,1.228697419166565,1.242004632949829,1.2276867628097534,1.2150928831100465,1.2135185266294368,1.2463061734507033,1.1838795927693897,56.2982874416224,0.006859719446185908
2023-04-04,1.2423131465911865,1.2520345449447632,1.239633560180664,1.2151796221733093,1.213805040260897,1.246675293362457,1.1836839509841617,62.86403895490218,0.007642515078313483
2023-04-05,1.249843716621399,1.2514704465866089,1.2436264753341675,1.2155180168151856,1.2141636340555289,1.2481354448242956,1.1829005888060755,65.91425411017443,0.008769451543748863
2023-04-06,1.2463078498840332,1.248626470565796,1.241434097290039,1.2156191897392272,1.214483476999096,1.2485918333370967,1.1826465461413578,63.28583252505515,0.009270378760767306
2023-04-07,1.243900179862976,1.2456247806549072,1.2394338846206665,1.2156666612625122,1.2147761805101793,1.24879800057087,1.1825353219541543,61.48782874432517,0.00936513291759744
2023-04-10,1.2431625127792358,1.2442762851715088,1.234872817993164,1.215729308128357,1.2150586315775331,1.2490599268023763,1.1823986894543375,60.916785231650316,0.009273800105954244
2023-04-11,1.239218831062317,1.245733380317688,1.2387735843658447,1.2158064651489258,1.2152990315724066,1.249339819503963,1.1822731107938886,57.82491550445059,0.008781963035585427
2023-04-12,1.2431007623672485,1.2483458518981934,1.2399563789367676,1.216050672531128,1.2155756657096688,1.2502044945915736,1.1818968504706824,59.97824745974699,0.008606210984429596
2023-04-13,1.2492660284042358,1.2536669969558716,1.2479876279830933,1.2162559151649475,1.215910893199167,1.2510893107816905,1.1814225195482044,63.19250005496396,0.008862253124116481
2023-04-14,1.2525300979614258,1.2547051906585693,1.241434097290039,1.2168605256080627,1.2162752633958063,1.2531414472027684,1.180579604013357,64.80413902853644,0.009222243219611403
2023-04-17,1.2400178909301758,1.2439358234405518,1.235498309135437,1.2175705909729004,1.2165115084458995,1.2542527583445098,1.180888423601291,54.883639432865834,0.008401065175473565
2023-04-18,1.2375471591949463,1.2449734210968018,1.2368124723434448,1.218268039226532,1.2167208184036014,1.2551198966328905,1.1814161818201734,53.153276533715875,0.007464858020413301
2023-04-19,1.2425447702407837,1.2473337650299072,1.2393569946289062,1.21900976896286,1.21697777314825,1.2562995763518772,1.181719961573843,56.1638435758506,0.007044962606054916
2023-04-20,1.2428845167160034,1.2466340065002441,1.240633249282837,1.219724533557892,1.2172355516912128,1.2574536499156495,1.1819954172001343,56.36912055080192,0.006662802526092859
2023-04-21,1.2440905570983887,1.2447099685668945,1.23704195022583,1.2203727316856385,1.2175027656753636,1.2586474606215747,1.1820980027497023,57.136459746648754,0.006383668334106751
2023-04-24,1.2449734210968018,1.2468360662460327,1.2413570880889893,1.2211676836013794,1.2177761055303034,1.2598076913543048,1.182527675848454,57.72262233766127,0.006162652994571083
2023-04-25,1.25,1.250687837600708,1.2388503551483154,1.2218633937835692,1.218096741296171,1.2613101041785968,1.1824166833885417,60.993264601675065,0.006320243817758975
2023-04-26,1.2414803504943848,1.251157283782959,1.240356206893921,1.2223443269729615,1.2183294140245113,1.2621552722011653,1.1825333817447576,53.446235393287736,0.005692056680859814
2023-04-27,1.2471472024917603,1.2493752241134644,1.243873953819275,1.223207712173462,1.2186161581883646,1.2632645605659965,1.1831508637809274,57.23652156319173,0.005587077098397675
2023-04-28,1.249750018119812,1.258130669593811,1.2448649406433105,1.224252049922943,1.2189259478394239,1.2642995001616057,1.1842045996842803,58.89202283961451,0.0056487897594086345
2023-05-01,1.2557607889175415,1.2569999694824219,1.248953938484192,1.2253076934814453,1.219292463671047,1.2658459606917192,1.1847694262711714,62.502239546932344,0.0061122581499406525
2023-05-02,1.2485953569412231,1.2512198686599731,1.2436573505401611,1.2262012004852294,1.2195840347483622,1.2667847152499165,1.1856176857205423,56.16932978126126,0.005834117635580727
2023-05-03,1.2476606369018555,1.25520920753479,1.2469605207443237,1.2269357681274413,1.2198634039240188,1.2677203217193271,1.1861512145355555,55.38102784683055,0.005475151045570392
2023-05-04,1.256897211074829,1.2596838474273682,1.2552248239517212,1.2279738426208495,1.2202318995175592,1.269119424967875,1.186828260273824,61.17897671637186,0.005868335263257585
2023-05-05,1.2583364248275757,1.2651021480560303,1.2565971612930298,1.2291049981117248,1.2206110490231314,1.270420577775554,1.1877894184478957,62.00740111952894,0.006224319035017745
2023-05-08,1.2630568742752075,1.2669453620910645,1.262817621231079,1.230461277961731,1.2210333955430526,1.2716919203974624,1.1892306355259996,64.6703793324775,0.0068088513587434285
2023-05-09,1.2612725496292114,1.2639188766479492,1.2580515146255493,1.2315636038780213,1.2214337851359498,1.2730880506912938,1.1900391570647488,62.876343571201915,0.00704688524336361
2023-05-10,1.2624667882919312,1.267909288406372,1.2604142427444458,1.232745840549469,1.2218420737245665,1.274358064872671,1.191133616226267,63.60409020228201,0.0072483395449398635
2023-05-11,1.2626996040344238,1.2640626430511475,1.2499843835830688,1.2339399719238282,1.2222486163147144,1.2754939907638216,1.1923859530838348,63.75326800804929,0.007342144147627794
2023-05-12,1.2508130073547363,1.254091501235962,1.2459505796432495,1.2350530862808227,1.2225328391111325,1.2753288435021557,1.1947773290594896,52.028091314343236,0.006383748085284191
2023-05-15,1.2450973987579346,1.252536416053772,1.244555115699768,1.2358980679512024,1.2227573620926926,1.2751764722852181,1.1966196636171866,47.503948642910856,0.005104172728600309
2023-05-16,1.2525207996368408,1.2545791864395142,1.246680736541748,1.2368955683708192,1.223053515700097,1.2752495213502184,1.19854161539142,53.19644026833268,0.004635669340016024
2023-05-17,1.2484394311904907,1.2494065761566162,1.2422051429748535,1.238208875656128,1.2233061118741306,1.273362126135278,1.203055625176978,49.987061731858375,0.003890200890675377
2023-05-18,1.2482805252075195,1.2493752241134644,1.2400639057159424,1.2394741535186768,1.2235546134993385,1.2711999261235665,1.2077483809137872,49.86093187783804,0.0032491353788390853
2023-05-19,1.2412338256835938,1.2478630542755127,1.2393877506256104,1.2404538226127624,1.2237305260583857,1.2691036438715664,1.2118040013539584,44.49878589854912,0.0021477190143368574
2023-05-22,1.2461059093475342,1.2472560405731201,1.2414957284927368,1.241217267513275,1.2239531666881285,1.2683227954468994,1.2141117395796508,48.613511254372874,0.0016489667815586806
2023-05-23,1.243440866470337,1.244694471359253,1.237332820892334,1.2417433404922484,1.224147074148648,1.2679473300492685,1.2155393509352284,46.57925771965968,0.0010268188279924928
2023-05-24,1.2417269945144653,1.2464165687561035,1.2358037233352661,1.2422735905647277,1.2243219987294023,1.2673345175320614,1.217212663597394,45.26738309187505,0.00039096020318574176
2023-05-25,1.2371032238006592,1.2385895252227783,1.2319064140319824,1.2428770995140075,1.2244491750982704,1.2658283489968631,1.2199258500311518,41.843416581219245,-0.0004805228242248383
2023-05-26,1.2318304777145386,1.2394338846206665,1.2312238216400146,1.2432927179336548,1.2245226208954474,1.2645841009510341,1.2220013349162755,38.28693943451699,-0.0015784505497302703
2023-05-29,1.2346898317337036,1.237317442893982,1.2336692810058594,1.2436111330986024,1.224623787172445,1.2638560371998429,1.223366228997362,41.205350378531875,-0.0021925656773040814
2023-05-30,1.234933853149414,1.2445240020751953,1.232848048210144,1.2437572813034057,1.2247263748936088,1.2636333352835536,1.2238812273232578,41.459780428873614,-0.002629257408739205
2023-05-31,1.241187572479248,1.24251389503479,1.234903335571289,1.2441308569908143,1.224890167904411,1.263056234927366,1.2252054790542626,47.70549047280526,-0.002442559560517976
2023-06-01,1.244694471359253,1.2536983489990234,1.2403254508972168,1.2444652819633484,1.2250872256502303,1.2628072449060068,1.22612331902069,50.87094050416789,-0.0019886982638142037
2023-06-02,1.2525991201400757,1.2545193433761597,1.245810866355896,1.2449541807174682,1.225360975844159,1.2628185093568598,1.2270898520780766,57.16489024203952,-0.0009798754275982535
2023-06-05,1.2430236339569092,1.2440905570983887,1.2369654178619385,1.2453226470947265,1.225536723686077,1.2622065319453122,1.2284387622441408,48.9791331365448,-0.0009421769417259362
2023-06-06,1.2433171272277832,1.2458419799804688,1.2393569946289062,1.2455938863754272,1.225713643124303,1.2618822325818402,1.2293055401690143,49.21915532877362,-0.0008784914631896346
2023-06-07,1.2428536415100098,1.2499687671661377,1.239618182182312,1.245790045261383,1.225884190371922,1.261693268388516,1.22988682213425,48.82849456873567,-0.0008555573539228423
2023-06-08,1.2445859909057617,1.2557134628295898,1.2441989183425903,1.2460545587539673,1.2260702779394228,1.261408644816155,1.2307004726917796,50.41272974457578,-0.0006896459791505549
2023-06-09,1.2559500932693481,1.2591286897659302,1.253572702407837,1.2463990092277526,1.2263675895347455,1.2618545861801438,1.2309434322753614,59.31179380994987,0.00035473885891046386
2023-06-12,1.25809907913208,1.2599377632141113,1.2487980127334595,1.246987042427063,1.2266833257496443,1.261922203555866,1.2320518812982602,60.7464128398406,0.0013403755517527038
2023-06-13,1.2515331506729126,1.261957049369812,1.2514861822128296,1.2471714425086975,1.2269305876891794,1.2620987352583064,1.2322441497590886,54.43152271009529,0.0015735453280145695
2023-06-14,1.2606843709945679,1.2699863910675049,1.2600805759429932,1.2473882555961608,1.2272664462295315,1.2627816086137873,1.2319949025785344,60.581981327207195,0.002468307938174874
2023-06-15,1.26708984375,1.276535987854004,1.2631046772003174,1.2478038954734803,1.227662698941178,1.264169738720888,1.2314380522260726,64.2220935177717,0.0036521817934269674
2023-06-16,1.278576135635376,1.284769058227539,1.2768945693969727,1.2484974145889283,1.2281693003013192,1.2669888763572266,1.23000595282063,69.63686287334872,0.005454383376934491
2023-06-19,1.2830382585525513,1.2840003967285156,1.2786579132080078,1.2492949295043945,1.2287152600849136,1.2701373913862906,1.2284524676224984,71.44485201444512,0.0071601592847343465
2023-06-20,1.2794759273529053,1.2805737257003784,1.2715204954147339,1.2501000714302064,1.2292203413512617,1.2724122404485008,1.227787902411912,67.9653721741247,0.008130821575093261
2023-06-21,1.276535987854004,1.2797870635986328,1.2693593502044678,1.2507687759399415,1.2296911438040252,1.274200765099934,1.227336786779949,65.14557987747796,0.008564127949962419
2023-06-22,1.2772045135498047,1.2817226648330688,1.2730258703231812,1.2513275456428528,1.230163913652242,1.2759171414428745,1.226737949842831,65.49613918993003,0.008859345786918604
2023-06-23,1.2747135162353516,1.2750499248504639,1.269196629524231,1.2517712140083312,1.2306071932799347,1.2772343624457703,1.2263080655708922,62.95530785507075,0.008790968570994373
2023-06-26,1.2729610204696655,1.274827241897583,1.2689712047576904,1.2524300765991212,1.2310286243962505,1.278352596036174,1.2265075571620685,61.157761419799016,0.008497414468138675
2023-06-27,1.2711971998214722,1.2759170532226562,1.27048659324646,1.2531030774116516,1.2314283117139144,1.2791951836539674,1.2270109711693358,59.32187928628941,0.008029881663844218
2023-06-28,1.2744698524475098,1.275136113166809,1.2608274221420288,1.2537415790557862,1.2318565857510646,1.280336733758889,1.2271464243526835,61.62377496644238,0.007833138717099786
2023-06-29,1.2642544507980347,1.266592264175415,1.2592555284500122,1.2541689777374267,1.2321789525674522,1.2807388145493037,1.2275991409255498,51.7749453023719,0.006774825009383534
2023-06-30,1.2614636421203613,1.2726207971572876,1.2601441144943237,1.2545164394378663,1.2324703425132524,1.2810025773290517,1.228030301546681,49.44974850669346,0.00564582725259033
2023-07-03,1.2693254947662354,1.2719409465789795,1.26603102684021,1.255003480911255,1.2328370604461178,1.281668360098878,1.2283386017236317,55.51112191334062,0.005324101275256954
2023-07-04,1.269293189048767,1.2736419439315796,1.2684721946716309,1.2553893446922302,1.2331998079944029,1.2823157898150455,1.228462899569415,55.481682001047645,0.0050087861500238695
2023-07-05,1.2717629671096802,1.273414969444275,1.2689228057861328,1.255994997024536,1.2335835210204256,1.2830066413454337,1.2289833527036385,57.344189075267444,0.004901683533688805
2023-07-06,1.2704542875289917,1.2780369520187378,1.2676199674606323,1.2564611387252809,1.2339503943190182,1.2836533909063157,1.229268886544246,56.00709395553656,0.0046575154941270736
2023-07-07,1.2742749452590942,1.2840101718902588,1.272718071937561,1.2569516372680665,1.2343516336318547,1.2845317849807616,1.2293714895553713,59.0119239913429,0.004717920461611236
2023-07-10,1.2838947772979736,1.283861756324768,1.275266170501709,1.257514317035675,1.2348446002354976,1.2861240413137778,1.2289045927575724,65.41687154055768,0.005478874824290214
2023-07-11,1.2864713668823242,1.293326497077942,1.2859750986099243,1.258271837234497,1.2353582994061127,1.2879051004036215,1.2286385740653725,66.90842204179002,0.0062181667297072085
2023-07-12,1.2934770584106445,1.3002209663391113,1.2905057668685913,1.2591881656646728,1.2359365955156105,1.290279765869104,1.2280965654602416,70.61891765225555,0.007285380319062673
2023-07-13,1.29962956905365,1.3113378286361694,1.29902184009552,1.2600428128242493,1.2365703564463373,1.2931606120793055,1.2269250135691931,73.43596728090253,0.00852929061479113
2023-07-14,1.3128528594970703,1.3142330646514893,1.3095176219940186,1.2611331415176392,1.2373293863274393,1.2974561921890588,1.2248100908462196,78.26043499543547,0.01046151369536652
2023-07-17,1.3090204000473022,1.3107191324234009,1.3054488897323608,1.2620524120330812,1.2380427297475374,1.300818529146047,1.2232862949201153,74.06212702734713,0.011550420897028069
2023-07-18,1.307172417640686,1.312456488609314,1.3051252365112305,1.2629704093933105,1.238730587338514,1.3037810880220466,1.2221597307645744,72.05488198398116,0.012124507191852985
2023-07-19,1.303508996963501,1.3039510250091553,1.287166953086853,1.263791253566742,1.2393751486283149,1.3061810385745107,1.2214014685589731,68.11382146760789,0.012143880192845291
2023-07-20,1.2939791679382324,1.2965123653411865,1.284191608428955,1.264416844844818,1.239918472203538,1.307655622034336,1.2211780676553001,59.0637192652643,0.011260452391688602
2023-07-21,1.2872332334518433,1.2903891801834106,1.2817883491516113,1.2651452493667603,1.2403892658477995,1.3086747324408834,1.2216157662926372,53.63147066418267,0.009901846635267608
2023-07-24,1.2853471040725708,1.288344383239746,1.2799180746078491,1.265950243473053,1.240836607521678,1.309455150612215,1.222445336333891,52.18626678124651,0.00857410990542018
2023-07-25,1.281262755393982,1.2877304553985596,1.281065821647644,1.2665250825881957,1.241238857749263,1.3100652527693577,1.2229849124070338,49.10071229445104,0.007110332687955134
2023-07-26,1.2893908023834229,1.2936275005340576,1.2876144647598267,1.2673441100120544,1.2417179815764685,1.3110360778882229,1.223652142135886,54.82502077730593,0.0065308604661591385
2023-07-27,1.292724609375,1.299545168876648,1.2827255725860596,1.268232991695404,1.2422255102112798,1.3121497475018453,1.2243162358889628,56.96294731255627,0.006268376970163914
2023-07-28,1.2793776988983154,1.2885268926620483,1.2764707803726196,1.2689958691596985,1.2425951837305538,1.3123195188061376,1.2256722195132594,47.30976359170182,0.004926582204846097
2023-07-31,1.2853965759277344,1.2873326539993286,1.2829558849334717,1.2697816824913024,1.2430210682300282,1.3128351906055917,1.226728174377013,51.316402373778686,0.004299313451404441
2023-08-01,1.283400535583496,1.283861756324768,1.2741613388061523,1.2705808758735657,1.2434228539748389,1.3131190747352819,1.2280426770118495,49.959627589264386,0.0035996402586957466
2023-08-02,1.2795741558074951,1.279737949371338,1.268182635307312,1.2713378190994262,1.243782568420935,1.3131205803152362,1.2295550578836163,47.37383579447527,0.0027052034417223147
2023-08-03,1.2720379829406738,1.2728476524353027,1.2625943422317505,1.2720365142822265,1.2440637168241164,1.3126342053472881,1.231438823217165,42.687605591761525,0.001372429143415843
2023-08-04,1.2716336250305176,1.2782655954360962,1.2691644430160522,1.272832577228546,1.2443380442689562,1.311738077076113,1.2339270773809792,42.44499412638324,0.00028033606622979157
2023-08-07,1.2747948169708252,1.278608798980713,1.2713911533355713,1.2736346769332885,1.2446410967336514,1.310951716488605,1.2363176373779718,45.073223380071674,-0.0003263122704155741
2023-08-08,1.2782002687454224,1.278592586517334,1.2685847282409668,1.2745000052452087,1.2449750188432214,1.3101222052334687,1.2388778052569487,47.83668765970845,-0.0005262279222877364
2023-08-09,1.2741613388061523,1.2778409719467163,1.2712457180023193,1.2751594805717468,1.245265429987131,1.3094608817448872,1.2408580793986064,44.948276248341585,-0.0009990539361772743
2023-08-10,1.2720056772232056,1.2811315059661865,1.2710840702056885,1.2757057046890259,1.2455315020989328,1.3088782180831584,1.2425331912948934,43.44065160277409,-0.0015300780455715923
2023-08-11,1.2670094966888428,1.2737069129943848,1.2666244506835938,1.2759939122200012,1.245745213487887,1.3085924576424732,1.2433953667975293,40.084804388373385,-0.0023272415010227032
2023-08-14,1.2695027589797974,1.2716336250305176,1.2619092464447021,1.276523494720459,1.2459816069753686,1.3077680484600742,1.2452789409808436,42.47311725971086,-0.002726385774806772
2023-08-15,1.2685203552246094,1.275266170501709,1.2677003145217896,1.2770275592803955,1.2462058731271024,1.30686713653427,1.247187982026521,41.7666522885038,-0.0030864041147973253
2023-08-16,1.2701315879821777,1.2765848636627197,1.268842339515686,1.2775731182098389,1.2464439399415808,1.3058172732172977,1.24932896320238,43.42863353072512,-0.0032047656812539405
2023-08-17,1.2728151082992554,1.2786742448806763,1.2705188989639282,1.2781377005577088,1.2467063396267317,1.3047732162175487,1.251502184897869,46.183503289851245,-0.003046907559237866
2023-08-18,1.275022268295288,1.2766337394714355,1.269083857536316,1.2785191440582275,1.246988090160747,1.304393111829807,1.252645176286648,48.4088280875522,-0.002712437206872309
2023-08-21,1.2741937637329102,1.2765034437179565,1.2711002826690674,1.2788410377502442,1.2472587933803705,1.3040705331821514,1.253611542318337,47.61294585695725,-0.0024855683522244654
2023-08-22,1.2760798931121826,1.28009831905365,1.2721028327941895,1.2793319725990295,1.2475455704921299,1.3033171951052058,1.2553467500928532,49.642720209364086,-0.0021290360700116917
2023-08-23,1.2731555700302124,1.2764055728912354,1.2616386413574219,1.2795813965797425,1.2478003963581805,1.3030284586135357,1.2561343345459492,46.62629053781553,-0.0020587184757285826
2023-08-24,1.2720541954040527,1.27289617061615,1.2629451751708984,1.2796806836128234,1.2480417276919702,1.3029532386419433,1.2564081285837034,45.50481606026675,-0.0020680241087818185
2023-08-25,1.2592872381210327,1.2647020816802979,1.254878282546997,1.2792949056625367,1.24815362331813,1.3032710436757358,1.2553187676493376,34.99674122743899,-0.0030701943554458655
2023-08-28,1.2589701414108276,1.2610658407211304,1.2567392587661743,1.278813543319702,1.2482612503638286,1.3034405137559253,1.254186572883479,34.78190467784236,-0.0038456779688262888
2023-08-29,1.2611136436462402,1.263567566871643,1.2563918828964233,1.2784462976455688,1.2483891348741014,1.3035754793472474,1.2533171159438903,37.57174068931724,-0.004238433579119016
2023-08-30,1.2636793851852417,1.2743724584579468,1.2620048522949219,1.2781891655921935,1.248541276668242,1.3036589312532683,1.2527193999311188,40.834270127733724,-0.004293172312515026
2023-08-31,1.271179437637329,1.273463487625122,1.2654383182525635,1.278068664073944,1.2487665320012677,1.3036143422662427,1.2525229858816453,49.192876928358785,-0.0036888389614477823
2023-09-01,1.2672826051712036,1.2710033655166626,1.259049415588379,1.2779200458526612,1.248950771535297,1.303631320582853,1.2522087711224694,45.589108418976956,-0.00348417879524332
2023-09-04,1.2591445446014404,1.2643502950668335,1.2589067220687866,1.2776437163352967,1.2490522021130697,1.303864463387119,1.2514229692834744,39.14038662073419,-0.0039333167868846886
2023-09-05,1.2623074054718018,1.2631845474243164,1.2529443502426147,1.2774659204483032,1.2491840946838033,1.3039839575787342,1.2509478833178722,42.54216232212993,-0.003988073414188831
2023-09-06,1.2570552825927734,1.2588274478912354,1.2484861612319946,1.2771176290512085,1.2492624149615046,1.304246692405905,1.249988565696512,38.676182687646914,-0.004404498540868884
2023-09-07,1.2498750686645508,1.2507973909378052,1.2448649406433105,1.2768300414085387,1.2492685110182513,1.3048072768640058,1.2488528059530717,34.112265517444754,-0.005253344425950823
2023-09-08,1.2475050687789917,1.2513139247894287,1.2468827962875366,1.2765508699417114,1.2492509643293035,1.305418365719582,1.247683374163841,32.73899796585003,-0.006047587267800969
2023-09-11,1.2489992380142212,1.2547523975372314,1.2483770847320557,1.2761443448066712,1.2492484595898499,1.3059832921934735,1.2463053974198688,34.528503361339816,-0.006481745939741712
2023-09-12,1.2508755922317505,1.2521756887435913,1.246074914932251,1.2757759928703307,1.2492646499643962,1.3064044196199085,1.245147566120753,36.80239629170184,-0.006598352016476294
2023-09-13,1.2491724491119385,1.251157283782959,1.2442454099655151,1.275324182510376,1.2492637325429787,1.3068476353511698,1.2438007296695823,35.59398343627264,-0.006750378427846204
2023-09-14,1.248953938484192,1.2507035732269287,1.2403408288955688,1.27489417552948,1.2492606500150305,1.307263974455186,1.2425243766037741,35.43323153988763,-0.006809991097339818
2023-09-15,1.2401869297027588,1.244555115699768,1.2386507987976074,1.2742124152183534,1.249170364240779,1.3080385820865232,1.2403862483501835,29.64780240031685,-0.007478451967999344
2023-09-18,1.2397565841674805,1.2410335540771484,1.2371184825897217,1.2733296513557435,1.2490766947873133,1.3084051497838736,1.2382541529276134,29.39409365732776,-0.00795127990688016
2023-09-19,1.2383747100830078,1.2424366474151611,1.2371797561645508,1.272367718219757,1.2489702073773203,1.308591441635547,1.236143994803967,28.54925541172804,-0.008341351240013894
2023-09-20,1.2393569946289062,1.240941047668457,1.2337149381637573,1.2712853169441223,1.2488745535191272,1.3081628984248637,1.234407735463381,30.087487702024234,-0.008473545668408633
2023-09-21,1.2328935861587524,1.233167290687561,1.2247997522354126,1.2699505972862244,1.2487155389185265,1.3074662165979363,1.2324349779745125,26.105052558800665,-0.008996151714845357
2023-09-22,1.2294225692749023,1.2292261123657227,1.2234361171722412,1.2682819914817811,1.2485235690713261,1.305428826891069,1.2311351560724932,24.248816759547594,-0.00957997088481255
2023-09-25,1.2241849899291992,1.2251899242401123,1.2196015119552612,1.2665852832794189,1.248281394154489,1.3038867108316894,1.2292838557271484,21.73710993017845,-0.0103460182064119
2023-09-26,1.2213143110275269,1.2215232849121094,1.2160863876342773,1.2648681211471557,1.248013064969146,1.3024472298213556,1.2272890124729559,20.4846994948215,-0.011057294416842334
2023-09-27,1.2146830558776855,1.2164266109466553,1.2129592895507812,1.2630916023254395,1.247681423087639,1.3016015456936254,1.2245816589572536,17.916680511481374,-0.012017542064695741
2023-09-28,1.2135332822799683,1.2223445177078247,1.2121212482452393,1.2614826846122742,1.2473416405920401,1.3014208995060719,1.2215444697184765,17.506874313135228,-0.012724640627764128
2023-09-29,1.2204796075820923,1.227144479751587,1.2182493209838867,1.2601476120948791,1.2470743566814932,1.3010242687616824,1.2192709554280758,28.192891791385932,-0.012579502262730635
2023-10-02,1.2193039655685425,1.2219561338424683,1.2116365432739258,1.2588267493247987,1.2467980343818619,1.300637296896393,1.2170162017532042,27.542600808681527,-0.012416217125819529
2023-10-03,1.209116816520691,1.210097074508667,1.2054582834243774,1.2573838305473328,1.246423096890706,1.3009757184390245,1.2137919426556412,22.664262224250024,-0.012959441889882406
2023-10-04,1.2078461647033691,1.2175966501235962,1.2042534351348877,1.2557529377937318,1.24603924681919,1.3005423671083174,1.2109635084791461,22.13757163764349,-0.013338721928180863
2023-10-05,1.2137395143508911,1.2173891067504883,1.2109030485153198,1.2541732358932496,1.2457178564463711,1.2992111694102502,1.209135302376249,30.23541404711179,-0.013013745668034815
2023-10-06,1.2187690734863281,1.2260762453079224,1.210771083831787,1.2529610633850097,1.2454497093522414,1.2984899830847192,1.2074321436853002,36.322120575865085,-0.012209611451497793
2023-10-09,1.222090482711792,1.2224340438842773,1.2164266109466553,1.2516949415206908,1.245217279236416,1.297062904710548,1.2063269783308337,40.04234494370764,-0.01117549517324501
2023-10-10,1.2250398397445679,1.2287729978561401,1.2213293313980103,1.2505277276039124,1.2450165086942084,1.2955680436650772,1.2054874115427476,43.21486826465548,-0.010002657697090633
2023-10-11,1.229135513305664,1.233608365058899,1.2270541191101074,1.2495189547538756,1.244858488839596,1.2941615436229625,1.2048763658847887,47.37879999775517,-0.008643057137428078
2023-10-12,1.2316333055496216,1.2330759763717651,1.2207180261611938,1.2487108612060547,1.244726894976014,1.2931519785291419,1.2042697438829675,49.796586091711504,-0.007280092563958895
2023-10-13,1.2183235883712769,1.2223445177078247,1.2132682800292969,1.24764466047287,1.24446417550731,1.2923979544418307,1.2028913665039092,39.406442392880116,-0.0071910226295821555
2023-10-16,1.215376853942871,1.2199585437774658,1.2144323587417603,1.2464563012123109,1.2441747494220916,1.2914220229748512,1.2014905794497706,37.538941327794994,-0.0072743566510165
2023-10-17,1.2211503982543945,1.2216874361038208,1.2134743928909302,1.2453153038024902,1.2439456514005225,1.289886813081018,1.2007437945239625,43.21697952046606,-0.006796180550069808
2023-10-18,1.2178784608840942,1.2211652994155884,1.2140341997146606,1.2441896462440492,1.2436862763705083,1.288630314784718,1.1997489777033803,40.94533406974918,-0.006605101052655993
2023-10-19,1.214343786239624,1.215894103050232,1.209277629852295,1.2430364084243775,1.2433943112945791,1.2875234763969172,1.1985493404518377,38.58571530814777,-0.006662091434552764
2023-10-20,1.2137248516082764,1.2160272598266602,1.2094823122024536,1.2419707155227662,1.2430990927902377,1.286666182799446,1.1972752482460864,38.170904659109105,-0.0066801944515362255
2023-10-23,1.2163970470428467,1.2236157655715942,1.2143291234970093,1.2409086012840271,1.242833400792751,1.28545734414591,1.1963598584221442,41.11425289921564,-0.006405083567480041
2023-10-24,1.2250248193740845,1.2288333177566528,1.2159533500671387,1.2400386905670167,1.2426562009776398,1.2840825294410594,1.195994851692974,49.47706716889189,-0.0054282931040612326
2023-10-25,1.216189980506897,1.217730164527893,1.2115631103515625,1.238959858417511,1.242392855500319,1.28263609433703,1.195283622497992,42.77755926495422,-0.0053059140112543535
2023-10-26,1.210345983505249,1.213194727897644,1.2070443630218506,1.2377104759216309,1.2420739811521093,1.2810061319860395,1.1944148198572222,39.014342122838386,-0.005615754494101122
2023-10-27,1.213710069656372,1.2161750793457031,1.2106537818908691,1.2364842319488525,1.2417917531770275,1.278931279781399,1.194037184116306,42.16826663316477,-0.005526149658132473
2023-10-30,1.2113723754882812,1.2165894508361816,1.2092629671096802,1.23522780418396,1.2414890728020151,1.2768295372865066,1.1936260710814133,40.59709438289974,-0.005579453100248433
2023-10-31,1.2165746688842773,1.2199287414550781,1.2120037078857422,1.2340376996994018,1.2412411682854207,1.2742507600891693,1.1938246393096343,45.466678094049065,-0.005142633781425099
2023-11-01,1.215214490890503,1.2165154218673706,1.2097749710083008,1.2328788781166076,1.2409821963710435,1.271809813620204,1.193947942613011,44.440901942303,-0.0048502951376176995
2023-11-02,1.2182197570800781,1.2224191427230835,1.2156428098678589,1.231802189350128,1.2407557044378001,1.2692607800544298,1.1943435986458264,47.27149053818224,-0.004326244536746904
2023-11-03,1.2191851139068604,1.2374552488327026,1.2185462713241577,1.2310001468658447,1.2405410716961989,1.2677676322737919,1.1942326614578975,48.184697500379244,-0.003789353127811257
2023-11-06,1.237378716468811,1.2429462671279907,1.2366900444030762,1.2305683183670044,1.2405096054750309,1.2664924783429272,1.1946441583910816,61.66121269239781,-0.0018741866842124644
2023-11-07,1.2345526218414307,1.2347599267959595,1.2277169227600098,1.230037097930908,1.2404503320060398,1.2648871294975237,1.1951870663642925,59.090293684413126,-0.0005777853475747996
2023-11-08,1.2291808128356934,1.2301334142684937,1.2243348360061646,1.2293471264839173,1.2403381974869319,1.262817252402055,1.1958770005657797,54.443622962283925,1.5977777225728573e-05
2023-11-09,1.2285012006759644,1.2309207916259766,1.225385069847107,1.22849356174469,1.2402204164241362,1.25971024877333,1.1972768747160498,53.866498140114366,0.0004267806482765035
2023-11-10,1.2217023372650146,1.223825454711914,1.2189027070999146,1.2275819563865662,1.2400361569300156,1.256771524832637,1.1983923879404954,48.34525981992856,0.0002014116780180153
2023-11-13,1.2228227853775024,1.2271745204925537,1.2224639654159546,1.2268555212020873,1.239864879601135,1.254611669157701,1.1990993732464736,49.2681260861137,0.00011192573390572669
2023-11-14,1.228063702583313,1.2487980127334595,1.226542353630066,1.2261706471443177,1.2397474549541914,1.2519778078490156,1.2003634864396198,53.45687530119002,0.0004586190222137798
2023-11-15,1.2494533061981201,1.2499217987060547,1.2405717372894287,1.2260186076164246,1.2398440305884593,1.2511641961279614,1.2008730191048878,65.84986315912134,0.0024313115561467313
2023-11-16,1.2422360181808472,1.2455161809921265,1.2378230094909668,1.2258658266067506,1.2398678314600253,1.250507568501721,1.20122408471178,60.0405945773128,0.00337342305507371
2023-11-17,1.2414957284927368,1.2442454099655151,1.237593173980713,1.2257456398010254,1.2398840294404503,1.2500123617395118,1.201478917862539,59.46114956805896,0.004014046584183584
2023-11-20,1.2454540729522705,1.25101637840271,1.2446789741516113,1.2256747364997864,1.2399394527589758,1.249683485101839,1.2016659878977338,61.595407812825414,0.004785980854939753
2023-11-21,1.2509069442749023,1.2558395862579346,1.2505784034729004,1.2256753635406494,1.240048582027791,1.2496868000598604,1.2016639270214384,64.37764715875812,0.005771218456284144
2023-11-22,1.2544218301773071,1.254878282546997,1.244926929473877,1.2257803511619567,1.2401915994223134,1.2502526119588118,1.2013080903651017,66.08331848816408,0.006757749145206882
2023-11-23,1.2490007877349854,1.2562813758850098,1.2489851713180542,1.2257812881469727,1.2402792530373647,1.250257173739927,1.2013054025540184,61.214918184860224,0.00702121283320678
2023-11-24,1.2533526420593262,1.261670470237732,1.252536416053772,1.226044602394104,1.24040933651022,1.2514198036562265,1.2006694011319816,63.537228936680876,0.007494772901436519
2023-11-27,1.2600330114364624,1.2644143104553223,1.2592079639434814,1.2264501309394837,1.2406045969572472,1.2533236155026055,1.199576646376362,66.82139117940062,0.008313292188380172
2023-11-28,1.2634397745132446,1.2714072465896606,1.2608274221420288,1.2269514322280883,1.2408318126543219,1.2556087732169763,1.1982940912392004,68.38522694074305,0.009131608431416804
2023-11-29,1.2712295055389404,1.2732527256011963,1.266640543937683,1.227588882446289,1.241134277260139,1.2586865715360809,1.1964911933564972,71.67297918967732,0.010290078522097623
2023-11-30,1.2696397304534912,1.2710033655166626,1.2605571746826172,1.2283238053321839,1.2414179136103216,1.2615941146081155,1.1950534960562522,70.0714025228459,0.010953626266987149
2023-12-01,1.2631685733795166,1.2689712047576904,1.2616068124771118,1.228998725414276,1.241634338085637,1.2636984458669909,1.1942990049615612,63.81996656056716,0.010832454548199033
2023-12-04,1.2713103294372559,1.2712780237197876,1.2605730295181274,1.2299412322044372,1.2419296215816729,1.2666113542547732,1.1932711101541011,67.72180309480387,0.011263557479131325
2023-12-05,1.2634079456329346,1.2650541067123413,1.2583364248275757,1.2307831048965454,1.2421433362488494,1.2685608743386574,1.1930053354544334,60.861156851780336,0.010842566965082456
2023-12-06,1.2594457864761353,1.2613840103149414,1.2581782341003418,1.2316783595085143,1.242315499932703,1.2700162472322287,1.1933404717848,57.7046564096873,0.010073099399229957
2023-12-07,1.2558711767196655,1.2593823671340942,1.2545477151870728,1.2325251173973084,1.2424503822887922,1.2710967265620108,1.193953508232606,54.93639431617381,0.0090702929850206
2023-12-08,1.258954405784607,1.2601124048233032,1.2504688501358032,1.2332946133613587,1.2426146014280541,1.27241658634806,1.1941726403746573,56.85882273097318,0.00842720887667503
2023-12-11,1.2554770708084106,1.2591286897659302,1.2535884380340576,1.234018075466156,1.242742586198008,1.273420893928419,1.194615257003893,54.05785277194562,0.007549937239537785
2023-12-12,1.2554612159729004,1.2608431577682495,1.2518621683120728,1.2349449634552,1.2428691397281064,1.2741367058897575,1.1957532210206427,54.044780103788604,0.006775312212286444
2023-12-13,1.2570710182189941,1.2570710182189941,1.2506252527236938,1.2359294605255127,1.2430104519518963,1.2748146037468782,1.1970443173041472,55.228642378476295,0.00621961800017079
2023-12-14,1.2622915506362915,1.2779062986373901,1.2614158391952515,1.2369005012512206,1.2432023036800992,1.2759484425126035,1.1978525599898378,58.924194819971916,0.00612981893279696
2023-12-15,1.2771391868591309,1.2790995836257935,1.2685526609420776,1.2380679035186768,1.2435399841097412,1.2783732156455758,1.1977625913917778,67.21324465305293,0.007174034872912571
2023-12-18,1.2672343254089355,1.2703574895858765,1.2630568742752075,1.2389707803726195,1.243775748699783,1.2798339074406133,1.1981076533046258,58.70278288355255,0.007120265993808772
2023-12-19,1.2651821374893188,1.276145100593567,1.2650221586227417,1.2397736263275148,1.2439887475932112,1.2810943990720287,1.1984528535830008,57.08987067775794,0.006833289448287427
2023-12-20,1.2732689380645752,1.2731068134307861,1.2632802724838257,1.240656294822693,1.2442800927720308,1.2829241848532908,1.198388404792095,61.57070369995923,0.007175678930611218
2023-12-21,1.2641266584396362,1.2692127227783203,1.261479377746582,1.2413061618804933,1.24447757103738,1.2840047879988326,1.198607535762154,54.625899742854706,0.006632860020121978
2023-12-22,1.268499493598938,1.274534821510315,1.2680699825286865,1.2423096799850464,1.2447165951424701,1.2851618619954135,1.1994574979746793,57.11739639626483,0.006480816555721525
2023-12-25,1.2677003145217896,1.2746647596359253,1.2677003145217896,1.2433561491966247,1.2449452888676376,1.286079123683551,1.2006331747096985,56.50671036080106,0.00622408654690898
2023-12-26,1.27048659324646,1.2719409465789795,1.2685526609420776,1.244342873096466,1.2451994311997652,1.2872510599772329,1.2014346862156993,58.18529691735592,0.006174282289586275
2023-12-27,1.272718071937561,1.2801146507263184,1.2700508832931519,1.2454396653175355,1.2454732485205393,1.288390294097045,1.2024890365380259,59.532342877656944,0.006242909364881921
2023-12-28,1.2800819873809814,1.2826762199401855,1.274015188217163,1.2467544293403625,1.2458176140813397,1.289844249000151,1.203664609680574,63.68941341556515,0.006812967600387854
2023-12-29,1.2733986377716064,1.2772533893585205,1.2702767848968506,1.247947905063629,1.246092052128009,1.2906071772925616,1.2052886328346966,57.87822926359889,0.006648809068479089
2024-01-01,1.272999882698059,1.2732998132705688,1.269357681274414,1.2490799617767334,1.2463597917356712,1.2913239400057006,1.2068359835477662,57.54088706798028,0.0064126154086268095
2024-01-02,1.2728800773620605,1.2760635614395142,1.261240839958191,1.2500370669364929,1.24662367517474,1.292224961413548,1.2078491724594378,57.43257711709525,0.006144928036826647
2024-01-03,1.2623074054718018,1.2652462720870972,1.2618296146392822,1.250959415435791,1.246779732192621,1.2921312063584336,1.2097876245131485,48.71751971144743,0.005021769768109863
2024-01-04,1.2674272060394287,1.2728151082992554,1.2657907009124756,1.2521010398864747,1.2469851796935845,1.2918160937949204,1.212385985978029,52.478130904213046,0.004492991457351936
2024-01-05,1.2684078216552734,1.2770087718963623,1.2612885236740112,1.2531949949264527,1.2471983403101186,1.2915849969360307,1.2148049929168747,53.18622909077627,0.004105730021328746
2024-01-08,1.271779179573059,1.2765034437179565,1.2675074338912964,1.2544031310081483,1.2474429257754216,1.2911895702773795,1.217616691738917,55.63384090461693,0.0040244713509762775
2024-01-09,1.274518609046936,1.2765034437179565,1.2691644430160522,1.2555620098114013,1.2477123355592177,1.2911144497275264,1.2200095698952762,57.57486998947935,0.004133474215699096
2024-01-10,1.2712942361831665,1.274209976196289,1.268729567527771,1.2566836047172547,1.2479469813365704,1.2905385024255414,1.222828707008968,54.549748767342074,0.0039145552719681564
2024-01-11,1.274518609046936,1.2774654626846313,1.2690999507904053,1.2578095817565917,1.2482113756421462,1.2901541757287616,1.225464987784422,56.98378317040532,0.0039556421938247155
2024-01-12,1.2777756452560425,1.2784616947174072,1.2721351385116577,1.2589813923835755,1.2485055474791005,1.2898249786493095,1.2281378061178416,59.35184622207585,0.0042025748108909244
2024-01-15,1.273658275604248,1.274015188217163,1.2714234590530396,1.2597069835662842,1.2487558233808433,1.2901810135059943,1.229232953626574,55.213841614379284,0.004019696805761086
2024-01-16,1.2716174125671387,1.2717145681381226,1.262100338935852,1.2604482793807983,1.2489833018802095,1.2902199342542962,1.2306766245073004,53.232707057441615,0.003667803917804191
2024-01-17,1.26385498046875,1.269551157951355,1.2597472667694092,1.2611417627334596,1.249131278781588,1.2895235767663054,1.2327599487006138,46.41151344725468,0.0027310806738891635
2024-01-18,1.2676842212677002,1.27048659324646,1.2650541067123413,1.261925423145294,1.2493158851744848,1.2887497215204746,1.2351011247701136,49.8269916132654,0.0022715237724599824
2024-01-19,1.2709871530532837,1.2716174125671387,1.2663196325302124,1.2629111194610596,1.2495315196807415,1.287205302850784,1.2386169360713353,52.63140563170214,0.002149067496145296
2024-01-22,1.2699863910675049,1.2730745077133179,1.2688262462615967,1.2638543915748597,1.2497350507393161,1.2852896987451787,1.2424190844045406,51.688684279543196,0.0019488023064786475
2024-01-23,1.2706964015960693,1.2747135162353516,1.2655344009399414,1.2647070455551148,1.2499436213946074,1.2835685722367636,1.245845518873466,52.34091721706555,0.0018263298233323066
2024-01-24,1.269196629524231,1.2773675918579102,1.2686814069747925,1.265101912021637,1.2501351936148026,1.2834804918025837,1.24672333224069,50.781352916928185,0.0015899227858107157
2024-01-25,1.271876335144043,1.2742263078689575,1.269293189048767,1.2656947183609009,1.2503515233812628,1.282940083607715,1.2484493531140868,53.45021507248096,0.001600350509152637
2024-01-26,1.270825743675232,1.2757542133331299,1.2677323818206787,1.2662813186645507,1.2505552469662773,1.2821035800161287,1.2504590573129728,52.2538971097968,0.0015064748987700938
2024-01-29,1.2697607278823853,1.2719409465789795,1.2663196325302124,1.266767451763153,1.2507463462788755,1.2814288805293694,1.2521060229969367,51.00755145373614,0.0013307993014768371
2024-01-30,1.2713264226913452,1.2721351385116577,1.2642863988876343,1.267175841331482,1.2509511231586015,1.2811557648696572,1.2531959177933067,52.790287007789566,0.001302894652443376
2024-01-31,1.269551157951355,1.2749247550964355,1.266784906387329,1.2674784278869629,1.2511361981316638,1.2809782936715655,1.2539785621023603,50.544481089506185,0.0011245676729172427
2024-02-01,1.2678449153900146,1.2725398540496826,1.2626293897628784,1.2678553104400634,1.2513024540247817,1.2802571773602225,1.2554534435199043,48.412713048341494,0.0008359266991881942
2024-02-02,1.27472984790802,1.2772860527038574,1.262371301651001,1.2682828545570373,1.2515355624216298,1.2801043824450247,1.2564613266690499,56.40306273121655,0.001149482642014199
2024-02-05,1.2621959447860718,1.2629930973052979,1.2520031929016113,1.2683261132240295,1.2516416358779923,1.280039759140744,1.2566124673073151,43.26500456173464,0.000382191092995976
2024-02-06,1.2534469366073608,1.2594616413116455,1.2534469366073608,1.268126256465912,1.2516595990693293,1.2805024443914692,1.2557500685403546,36.81815308928767,-0.0009212452869356014
2024-02-07,1.2606525421142578,1.2641905546188354,1.2597631216049194,1.267914717197418,1.2517490810896768,1.2804351385439559,1.2553942958508804,44.19364379682896,-0.0013571514668224705
2024-02-08,1.2627378702163696,1.2639029026031494,1.2574820518493652,1.2677766799926757,1.2518584222750169,1.280371440829088,1.2551819191562634,46.152718442382444,-0.0015168563293366244
2024-02-09,1.2620525360107422,1.264222502708435,1.260096549987793,1.2677543592453002,1.2519598562425367,1.2803863538473728,1.2551223646432277,45.586329664469645,-0.0016793656445264205
2024-02-12,1.2637271881103516,1.2654062509536743,1.2607479095458984,1.267602696418762,1.2520769441218185,1.2802425180918926,1.2549628747456316,47.28860093706386,-0.0016539592066633357
2024-02-13,1.2627538442611694,1.268343448638916,1.2577824592590332,1.267589614391327,1.2521831819341502,1.2802484960914389,1.2549307326912151,46.380400682992224,-0.001692851003068263
2024-02-14,1.2590652704238892,1.2610993385314941,1.2536983489990234,1.2675820040702819,1.2522516604265854,1.280261310248934,1.2549026978916298,43.009352685972004,-0.0019982752407972093
2024-02-15,1.2568340301513672,1.2596521377563477,1.2542644739151,1.267601261138916,1.25229725614524,1.2802107029778576,1.2549918192999745,41.065001006421554,-0.0023927860443382354
2024-02-16,1.259921908378601,1.2602394819259644,1.2554454803466797,1.267620611190796,1.2523731233316415,1.2801787581287827,1.2550624642528092,44.78519802879841,-0.0024282810199331983
2024-02-19,1.2611136436462402,1.262977123260498,1.2583364248275757,1.2677333426475526,1.2524600936830306,1.2799429108338094,1.2555237744612957,46.196777261585574,-0.0023333505547338262
2024-02-20,1.2587641477584839,1.2667046785354614,1.2580199241638184,1.267799401283264,1.252522820589254,1.2797713897769336,1.2558274127895945,43.818373541199556,-0.002419808118005573
2024-02-21,1.2627378702163696,1.2637910842895508,1.260398268699646,1.2679127383232116,1.252624462874101,1.2795734270639232,1.2562520495825,48.63505826568984,-0.0021429772593357654
2024-02-22,1.2638070583343506,1.2709709405899048,1.2612568140029907,1.2679430484771728,1.2527357324806707,1.2795518620897013,1.2563342348646442,49.880160075051634,-0.0018163742323416
2024-02-23,1.266367793083191,1.2701799869537354,1.2649741172790527,1.2677276206016541,1.2528713748747256,1.2790357639206145,1.2564194772826938,52.82936494293851,-0.001335514111771019
2024-02-26,1.2672665119171143,1.2699542045593262,1.2657266855239868,1.2677282643318177,1.2530146100691772,1.2790362966966087,1.2564202319670268,53.85562624911916,-0.0008718596475150164
2024-02-27,1.268455982208252,1.269689679145813,1.2661913633346558,1.2677937412261964,1.2531682555630983,1.2790794898727025,1.2565079925796903,55.24352115852299,-0.00040377536143987314
2024-02-28,1.268166422843933,1.2684237957000732,1.2624667882919312,1.2676916909217835,1.25331749105843,1.2788671008762273,1.2565162809673396,54.81132902513716,-5.5539982763308515e-05
2024-02-29,1.2663036584854126,1.2682147026062012,1.2629133462905884,1.267735230922699,1.2534467066547184,1.2788708413485785,1.2565996204968195,51.99328513546443,6.933035065115334e-05
2024-03-01,1.2625465393066406,1.2656145095825195,1.2601124048233032,1.267616171836853,1.253537252253245,1.2788453319796347,1.2563870116940714,46.77018618008743,-0.00013334006735243875
2024-03-04,1.26603102684021,1.2706642150878906,1.2656785249710083,1.2675827860832214,1.2536615684182895,1.27882084762631,1.2563447245401327,51.62396408409969,-1.2643069465134715e-05
2024-03-05,1.269196629524231,1.2733501195907593,1.2672665119171143,1.2675569868087768,1.2538161461407367,1.278773741580643,1.2563402320369106,55.586239611890775,0.0003345908959178079
2024-03-06,1.27048659324646,1.27611243724823,1.2690355777740479,1.267512357234955,1.253982021236316,1.27866285700404,1.25636185746587,57.12723610706639,0.0007057303862854081
2024-03-07,1.2735446691513062,1.2798854112625122,1.272394061088562,1.2673816108703613,1.2541766744494005,1.2780744488584534,1.256688772882269,60.61590994966723,0.001232415752785876
2024-03-08,1.2815583944320679,1.2890584468841553,1.2801966667175293,1.2675448060035706,1.2544491293746012,1.2788443293953073,1.2562452826118338,67.97107085794606,0.002270287891355194
2024-03-11,1.2855123281478882,1.2862398624420166,1.279606819152832,1.2677950549125672,1.2547582159295592,1.280097413466017,1.2554926963591173,70.86244374972762,0.0033729768673782523
2024-03-12,1.2819806337356567,1.2825446128845215,1.274827241897583,1.2679770660400391,1.2550290857584756,1.2808428729904182,1.25511125908966,65.20067418108289,0.003916737885595767
2024-03-13,1.2795906066894531,1.2809016704559326,1.277612328529358,1.268322730064392,1.2552734790015698,1.2814919124061837,1.2551535477226003,61.613001517366285,0.004107468857600605
2024-03-14,1.2802129983901978,1.2823472023010254,1.2730745077133179,1.2685784459114076,1.2555216334233472,1.2821665325042355,1.2549903593185796,62.19636593589756,0.00425974267381668
2024-03-15,1.2745835781097412,1.2759170532226562,1.2730745077133179,1.2687019610404968,1.255711304514754,1.2823955820553055,1.2550083400256882,54.17675445240679,0.003881430881541359
2024-03-18,1.2731393575668335,1.2748597860336304,1.2722645998001099,1.2687291646003722,1.2558847179779589,1.2824531079393249,1.2550052212614196,52.31315008554557,0.0034255914467742343
2024-03-19,1.272718071937561,1.2729123830795288,1.2669775485992432,1.2686931538581847,1.2560522140372583,1.2823644405584764,1.255021867157893,51.7538929062156,0.002995807378489923
2024-03-20,1.2719409465789795,1.2730096578598022,1.26850426197052,1.268706088066101,1.2562103108784695,1.2823886380853804,1.2550235380468215,50.677635486895085,0.002562948807742327
2024-03-21,1.2798361778259277,1.280393362045288,1.2660471200942993,1.2688124394416809,1.256445394131678,1.2827595029502514,1.2548653759331103,59.81970833871304,0.002824426222921783
2024-03-22,1.2661913633346558,1.2675877809524536,1.257735013961792,1.2685807538032532,1.256542368949618,1.2823031448039581,1.2548583628025483,44.47642972977049,0.0019086250221442835
2024-03-25,1.25979483127594,1.2651821374893188,1.2592713832855225,1.268303484916687,1.2565747317588352,1.282166639683991,1.254440330149383,39.37745195570891,0.0006591015807013711
2024-03-26,1.2637910842895508,1.266784906387329,1.2625943422317505,1.2681469583511353,1.2566465362616284,1.2820341014313987,1.254259815270872,43.71866102448079,-8.591491488019187e-06
2024-03-27,1.2628495693206787,1.2639029026031494,1.2606048583984375,1.2681268501281737,1.256708257983609,1.2820422421061357,1.2542114581502117,42.93850340537286,-0.0006067215428116057
2024-03-28,1.261670470237732,1.2649741172790527,1.2586500644683838,1.2680065751075744,1.2567576332299188,1.2820410305428895,1.2539721196722593,41.929385855836074,-0.0011624869338806576
2024-03-29,1.26262629032135,1.2648141384124756,1.2610341310501099,1.2678393578529359,1.2568160278278435,1.2819279935865133,1.2537507221193585,43.09684511741691,-0.00150842018877273
2024-04-01,1.2637271881103516,1.2643823623657227,1.2540757656097412,1.2677141737937927,1.2568847955918487,1.281836135073271,1.2535922125143144,44.481304130551834,-0.0016744396367733838
2024-04-02,1.2545477151870728,1.257861614227295,1.2540757656097412,1.267391200065613,1.2568615410604578,1.281966161206785,1.2528162389244408,36.50575610851472,-0.0025176955669867773
2024-04-03,1.2576876878738403,1.2635515928268433,1.2563602924346924,1.267161021232605,1.25686976142676,1.281981059346617,1.252340983118593,40.43973863103998,-0.0028991923285572874
2024-04-04,1.2651821374893188,1.268166422843933,1.2645422220230103,1.2670271372795106,1.2569524716363378,1.281794161460616,1.252260113098405,48.62200769919339,-0.0025671987413329322
2024-04-05,1.26401948928833,1.265006184577942,1.257576823234558,1.2668910121917725,1.2570227902199398,1.281640585198914,1.2521414391846308,47.531099304128794,-0.002370580844397452
2024-04-08,1.2625305652618408,1.26558256149292,1.2613521814346313,1.2667464089393616,1.2570775939517,1.281522890658476,1.2519699272202474,46.1044821494572,-0.002308294883448303
2024-04-09,1.2658709287643433,1.2709063291549683,1.2650221586227417,1.2666372990608215,1.2571650898204825,1.2813561991368279,1.251918398984815,49.74853123453348,-0.0019667222428074727
2024-04-10,1.2677645683288574,1.2705351114273071,1.2534940242767334,1.2666015672683715,1.257270557268327,1.2813002554301631,1.2519028791065798,51.740588694781124,-0.0015256359950757137
2024-04-11,1.2537612915039062,1.2577667236328125,1.2511699199676514,1.2663198947906493,1.2572356392010193,1.2814546361750654,1.2511851534062333,39.32561805093254,-0.002279739952318449
2024-04-12,1.2554770708084106,1.2558870315551758,1.2428845167160034,1.2659348392486571,1.257218141008058,1.2811755366252335,1.2506941418720807,41.187700578694965,-0.0027077109150144274
2024-04-15,1.2461835145950317,1.249843716621399,1.2443537712097168,1.2656145906448364,1.2571083437303165,1.2818184539478072,1.2494107273418655,34.933878055672864,-0.003753525003493019
2024-04-16,1.2447409629821777,1.2473493814468384,1.2411398887634277,1.2654404711723328,1.2569852852154098,1.282349746915087,1.2485311954295786,34.06916190732541,-0.004645195144454606
2024-04-17,1.2431007623672485,1.2481745481491089,1.241773247718811,1.2650894355773925,1.2568471307592093,1.2830974637205432,1.2470814074342418,33.066923921891714,-0.005421702624239799
2024-04-18,1.2453765869140625,1.2484550476074219,1.2437810897827148,1.2647422099113463,1.256732995994581,1.2835854503715942,1.2458989694510985,35.88526624236509,-0.005786744388152076
2024-04-19,1.2437657117843628,1.2468827962875366,1.2392034530639648,1.2643764734268188,1.2566039682909966,1.2841211093389298,1.2446318375147079,34.769285983524355,-0.006135302824490596
2024-04-22,1.2375777959823608,1.2392648458480835,1.2301182746887207,1.2638534855842591,1.256414653143647,1.28500356573391,1.2427034054346082,30.806101539360867,-0.006832094850562465
2024-04-23,1.2350252866744995,1.245795488357544,1.2333345413208008,1.2632989144325257,1.2562018236265413,1.2859663783758142,1.2406314504892373,29.32139453890062,-0.007503774874458857
2024-04-24,1.2453300952911377,1.2467273473739624,1.2423903942108154,1.2630242109298706,1.256093647225194,1.2862276627471025,1.2398207591126387,41.56558306661902,-0.007122470788441193
2024-04-25,1.2459505796432495,1.2523481845855713,1.2455781698226929,1.2628065419197083,1.2559927211796025,1.2864470877130134,1.2391659961264032,42.21471781987639,-0.006693063185398973
2024-04-26,1.2509069442749023,1.2541544437408447,1.2450664043426514,1.2626262426376342,1.255942116434282,1.2864930116760864,1.238759473599182,47.25510265678607,-0.005884978988064393
2024-04-29,1.2510477304458618,1.2554926872253418,1.2508443593978882,1.2624249243736267,1.2558934160761885,1.2865125622815539,1.2383372864656996,47.39546515013387,-0.005173568495169478
2024-04-30,1.2559815645217896,1.2562813758850098,1.2505627870559692,1.2623692727088929,1.2558942931751498,1.2865042433906466,1.2382343020271391,52.1965470734384,-0.0041636553508594965
2024-05-01,1.2490164041519165,1.249843716621399,1.2468206882476807,1.2620948433876038,1.255825856468451,1.2865229696694624,1.2376667171057452,45.83652168769072,-0.0038805891237021495
2024-05-02,1.2539342641830444,1.2547051906585693,1.2472871541976929,1.2618973875045776,1.255807034654666,1.286428413280384,1.2373663617287711,50.42926487157746,-0.0032222824290166763
2024-05-03,1.2540600299835205,1.2629451751708984,1.2529915571212769,1.2616512322425841,1.2557896515236098,1.2862460841014225,1.2370563803837458,50.54475611085384,-0.0026597613088801264
2024-05-06,1.2541072368621826,1.2594300508499146,1.2539499998092651,1.2613880467414855,1.2557729110792175,1.286019244331111,1.2367568491518601,50.591288421714836,-0.0021849631724821794
2024-05-07,1.2559815645217896,1.257023572921753,1.2531641721725464,1.2611385583877563,1.255774987232875,1.2857302225243932,1.2365468942511195,52.50220036932213,-0.0016385514497803122
2024-05-08,1.25014066696167,1.2505627870559692,1.2467273473739624,1.260778043270111,1.2557189243446043,1.2854774624252496,1.2360786241149724,46.47058000959205,-0.001657718692347876
2024-05-09,1.2493284940719604,1.252065896987915,1.2449114322662354,1.260438539981842,1.255655337973732,1.2852941189721567,1.2355829609915274,45.684656216004164,-0.0017186331021730172
2024-05-10,1.2525677680969238,1.2541544437408447,1.2503907680511475,1.2602389645576477,1.2556246158854056,1.2851855385017585,1.235292390613537,49.36301483296233,-0.0014883688787945548
2024-05-13,1.2522854804992676,1.2569130659103394,1.2518621683120728,1.2599640536308288,1.2555913906576828,1.284953018752638,1.2349750885090196,49.05126192534155,-0.001313519636031657
2024-05-14,1.2561867237091064,1.259303092956543,1.2511730194091797,1.2597038555145263,1.2555973143696373,1.2845710706158937,1.234836640413159,53.42872854169743,-0.0008503503192811568
2024-05-15,1.2585265636444092,1.2671059370040894,1.2584631443023682,1.2594646549224853,1.2556264611285903,1.2841378544229705,1.234791455422,55.8773348020958,-0.0002911238760561208
2024-05-16,1.2690032720565796,1.2700508832931519,1.2645422220230103,1.2593738269805907,1.2557595637248886,1.2838682560129857,1.2348793979481958,64.80118538104146,0.0009860829699037676
2024-05-17,1.2672007083892822,1.2708579301834106,1.2645422220230103,1.259086673259735,1.2558734059603553,1.2828451537366197,1.2353281927828503,62.46048230863966,0.001831711938778513
2024-05-20,1.2706480026245117,1.2712942361831665,1.2691482305526733,1.2587893867492677,1.2560204168724365,1.2815492354278588,1.2360295380706765,65.05981015071112,0.0027483653782993667
2024-05-21,1.2710840702056885,1.27273428440094,1.269293189048767,1.2585714554786682,1.2561703039702798,1.2806225683165424,1.236520342640794,65.38630807549632,0.0034700067647039923
2024-05-22,1.2711325883865356,1.2761287689208984,1.270099401473999,1.25840229511261,1.2563191824221829,1.2799185507686675,1.2368860394565524,65.42502068842151,0.003999721474863938
2024-05-23,1.2721028327941895,1.2746973037719727,1.2706156969070435,1.2582400918006897,1.2564762336696655,1.2792003279409465,1.237279855660433,66.23820942656259,0.004446557665202411
2024-05-24,1.2694060802459717,1.275136113166809,1.2682790756225586,1.2581365418434143,1.2566048888594796,1.2788165025408291,1.2374565811459994,61.881722140785335,0.004530844418285662
2024-05-27,1.2736095190048218,1.2778997421264648,1.2734473943710327,1.2581459450721741,1.2567740891594334,1.2788541581890327,1.2374377319553156,65.6716355641958,0.004880564545557853
2024-05-28,1.2772371768951416,1.279983639717102,1.2763078212738037,1.2582363271713257,1.2569777019727242,1.279241454657081,1.2372311996855705,68.57546534876835,0.005388328641702023
2024-05-29,1.275835633277893,1.2771717309951782,1.2707126140594482,1.258314220905304,1.2571653430802383,1.2795543523936581,1.2370740894169499,66.24399686642371,0.005612940010903955
2024-05-30,1.2697993516921997,1.2747622728347778,1.268182635307312,1.2581134843826294,1.2572910546087155,1.2787031645122549,1.237523804253004,57.22076707883757,0.005243425714856809
2024-05-31,1.27304208278656,1.2765523195266724,1.270163893699646,1.2582504987716674,1.2574477812572513,1.279148453247968,1.2373525442953668,60.34564134865425,0.0051528454765941145
2024-06-03,1.2743724584579468,1.2793940305709839,1.269551157951355,1.2585420513153076,1.257616186005517,1.2799289777392109,1.2371551248914043,61.585418707023614,0.005129283001865215
2024-06-04,1.2810165882110596,1.2817226648330688,1.2744373083114624,1.258886561393738,1.2578490258284578,1.2811553749845792,1.2366177478028966,67.11507481199527,0.005582385054655248
2024-06-05,1.2773023843765259,1.2795250415802002,1.2757705450057983,1.2591756176948548,1.258042591585155,1.2820221065451796,1.23632912884453,61.76276707045159,0.005577472852181353
2024-06-06,1.2794759273529053,1.281065821647644,1.2765523195266724,1.2595317268371582,1.2582558586077197,1.2830811932180335,1.235982260456283,63.592545461354575,0.005683451360014802
2024-06-07,1.2793285846710205,1.281082272529602,1.2717468738555908,1.2598657727241516,1.2584655374740212,1.2840594346835166,1.2356721107647866,63.37116019305007,0.0056899604458307
2024-06-10,1.2729448080062866,1.273236632347107,1.2689067125320435,1.2600501251220704,1.2586096098176258,1.2845029685569056,1.2355972816872351,54.51593216123022,0.005120970161510252
2024-06-11,1.2726370096206665,1.274941086769104,1.2707610130310059,1.2604119110107421,1.258749185935069,1.2850669062945084,1.2357569157269759,54.12322834592528,0.004592267701021502
2024-06-12,1.274047613143921,1.2860082387924194,1.273359775543213,1.2607391095161438,1.258901409091376,1.2856791203916946,1.235799098640593,55.69824769261755,0.004238235368294152
2024-06-13,1.27962327003479,1.2806065082550049,1.2752825021743774,1.2610279321670532,1.2591075967624548,1.2865066160789023,1.2355492482552042,61.34699408343182,0.004357342376758666
2024-06-14,1.2755101919174194,1.276487112045288,1.265806794166565,1.261257746219635,1.2592708066644942,1.2870519024136227,1.2354635900256474,55.70442991400209,0.00407289471446326
2024-06-17,1.2683112621307373,1.269083857536316,1.265982985496521,1.261373360157013,1.2593607614452529,1.287242513228555,1.235504207085471,47.47396468304109,0.003229348503591023
2024-06-18,1.2715997695922852,1.2720379829406738,1.2669453620910645,1.2614879369735719,1.2594825426208454,1.2874888085006317,1.235487065446512,51.03316370475685,0.002793979862334872
2024-06-19,1.2707449197769165,1.2739989757537842,1.2702445983886719,1.261547544002533,1.2595946060751346,1.287620711305177,1.235474376699889,50.08311760086834,0.002352845701009798
2024-06-20,1.2721998691558838,1.2720866203308105,1.2667046785354614,1.2619163155555726,1.2597200315784256,1.2880614674172064,1.2357711636939388,51.73018205373388,0.0020964790498492203
2024-06-21,1.2660471200942993,1.2669775485992432,1.2625625133514404,1.2621277165412903,1.259782987683061,1.2882312544769126,1.236024178605668,44.97225082459186,0.0013809128988722108
2024-06-24,1.2639029026031494,1.269841194152832,1.2633600234985352,1.2624821043014527,1.2598239818613703,1.2881800978098648,1.2367841107930406,42.870355145859115,0.000633498560221657
2024-06-25,1.268343448638916,1.2702445983886719,1.2671540975570679,1.2629541540145874,1.2599087526750772,1.2881848526426536,1.2377234553865213,48.263204453603386,0.0003949297614516123
2024-06-26,1.268399715423584,1.269196629524231,1.2620844841003418,1.263460133075714,1.2599932398666045,1.2880728908693997,1.2388473752820284,48.329762049592,0.00020800477929538985
2024-06-27,1.262179970741272,1.2669453620910645,1.2613521814346313,1.2637962007522583,1.2600149983827702,1.2878537477725167,1.2397386537319999,41.91125645212395,-0.00043697881134541205
2024-06-28,1.2645741701126099,1.266175389289856,1.2620208263397217,1.2642123699188232,1.2600603632756044,1.2875652146522598,1.2408595251853867,44.94241639233658,-0.0007463377565972706
2024-07-01,1.2648621797561646,1.269534945487976,1.2637431621551514,1.2647580575942994,1.2601081425440677,1.2868094559896874,1.2427066591989113,45.3121078833343,-0.000957232596763502
2024-07-02,1.2645741701126099,1.2685364484786987,1.2616386413574219,1.2653490352630614,1.2601525806293268,1.285663440556845,1.2450346299692778,44.986801855205705,-0.0011345300915730494
2024-07-03,1.2690355777740479,1.2777103185653687,1.267909288406372,1.2658231449127197,1.2602409686606175,1.2853206343481383,1.2463256554773012,50.870734337995515,-0.0009046134995105426
2024-07-04,1.2747784852981567,1.2767316102981567,1.274047613143921,1.2663997030258178,1.2603856205674586,1.2851907592204013,1.2476086468312344,57.21443467927885,-0.0002560467545240641
2024-07-05,1.2755752801895142,1.2813777923583984,1.2756078243255615,1.26689306974411,1.2605367614592204,1.285315586068855,1.2484705534193652,58.02427609503696,0.00031856948150821296
2024-07-08,1.2806508541107178,1.28468656539917,1.2802459001541138,1.2674851322174072,1.2607369016846084,1.2857310521400704,1.249239212294744,62.848253282630075,0.0011700260535212337
2024-07-09,1.2815583944320679,1.2824623584747314,1.2779226303100586,1.2679966688156128,1.2609440807169214,1.2863599700159087,1.2496333676153168,63.65260464410853,0.0018961844070464196
2024-07-10,1.2787723541259766,1.2847524881362915,1.2785271406173706,1.268591787815094,1.2611214764722354,1.2863635592758274,1.2508200163543608,59.4008757835794,0.0022212547233444457
2024-07-11,1.285264492034912,1.2948671579360962,1.2850496768951416,1.2692183923721314,1.2613617054828092,1.2870898008427742,1.2513469839014886,65.22926191518577,0.0029685173431130973
2024-07-12,1.292373776435852,1.2992074489593506,1.2903226613998413,1.2699846673011779,1.2616702833032376,1.28847797705973,1.2514913575426256,70.26360493817491,0.004087272654481389
2024-07-15,1.2966804504394531,1.299545168876648,1.2962770462036133,1.2708361315727235,1.2620186431752398,1.2902433744161492,1.2514288887292977,72.8299774061796,0.005260764084991987
2024-07-16,1.2970000505447388,1.2980270385742188,1.2940125465393066,1.2716565012931824,1.2623667168804091,1.2919484426631591,1.2513645599232057,73.01609429256236,0.006145709640543062
2024-07-17,1.29776930809021,1.3044612407684326,1.2966804504394531,1.2726090741157532,1.2627189814695614,1.2932472063256062,1.2519709419059002,73.48686176692463,0.006830371750194075
2024-07-18,1.3007453680038452,1.3012869358062744,1.2969664335250854,1.273637411594391,1.2630973534748777,1.294661139426897,1.2526136837618849,75.28343275151964,0.007526355427502018
2024-07-19,1.2951691150665283,1.294967770576477,1.2901561260223389,1.274489438533783,1.2634164754807649,1.2954808881997713,1.2534979888677948,66.2279788343028,0.0075410420579999915
2024-07-22,1.2933096885681152,1.2941465377807617,1.2906723022460938,1.2753099226951599,1.2637139203871066,1.2959632874844809,1.2546565579058389,63.48572211674772,0.007318280557143453
2024-07-23,1.2932428121566772,1.2934937477111816,1.2888591289520264,1.2760510444641113,1.2640077402057093,1.2965624784200684,1.2555396105081542,63.38406791260957,0.0070550182366753145
2024-07-24,1.2901561260223389,1.2938284873962402,1.2878466844558716,1.27668363571167,1.2642679231491583,1.2969384292875676,1.2564288421357723,58.7112904329946,0.006522128143122696
2024-07-25,1.289989709854126,1.2913390398025513,1.2862894535064697,1.2771033644676208,1.2645238613253271,1.2975771388942912,1.2566295900409505,58.4610546755597,0.006017020049078781
2024-07-26,1.2856775522232056,1.2874983549118042,1.2850496768951416,1.2774729013442994,1.2647343458118732,1.2978840334694255,1.2570617692191732,52.24702782395841,0.005208720277784851
2024-07-29,1.2868356704711914,1.2888425588607788,1.2807048559188843,1.277796654701233,1.2649542594900753,1.2982793337861882,1.2573139756162777,53.6713208821762,0.004608463846806465
2024-07-30,1.286041259765625,1.2865046262741089,1.2821005582809448,1.2780957984924317,1.2651640803883395,1.2986151912456276,1.2575764057392358,52.51426819647959,0.004022287568566929
2024-07-31,1.2836971282958984,1.2854461669921875,1.282248616218567,1.2783470892906188,1.2653484888252307,1.2988261245927237,1.2578680539885139,49.147350343358774,0.003330198372149651
2024-08-01,1.2853139638900757,1.286173701286316,1.2756078243255615,1.2786113119125366,1.265547150268662,1.2991024135898337,1.2581202102352396,51.45905327951359,0.0028789906061483794
2024-08-02,1.27289617061615,1.2840267419815063,1.2708903551101685,1.27868111371994,1.265620274849234,1.2990677384323481,1.258294489007532,37.397712722521014,0.001502078042772581
2024-08-05,1.278788685798645,1.2816240787506104,1.2711488008499146,1.2787846970558165,1.2657513038139048,1.2991187064603706,1.2584506876512624,45.068305059117144,0.0008762408861073823
2024-08-06,1.2788705825805664,1.2801638841629028,1.2673146724700928,1.2788173651695252,1.2658818439011352,1.2991464745762868,1.2584882557627635,45.16886309035753,0.0003824600549575674
2024-08-07,1.2684721946716309,1.273577094078064,1.2683273553848267,1.2786700963973998,1.2659076185356675,1.299193130478254,1.2581470623165456,36.12614079361162,-0.0008382648175102592
2024-08-08,1.2680377960205078,1.274209976196289,1.2666244506835938,1.278634865283966,1.2659288143315366,1.2992259897929894,1.2580437407749427,35.803666813333294,-0.0018197732018123691
2024-08-09,1.2747459411621094,1.2774165868759155,1.272718071937561,1.278668942451477,1.2660165469368159,1.2992279028730325,1.2581099820299215,44.101620254530864,-0.0020329004066872436
2024-08-12,1.2750385999679565,1.2794595956802368,1.2748922109603882,1.2786822652816772,1.2661063186087675,1.2992307220860124,1.258133808477342,44.43904297138157,-0.0021533674526987845
2024-08-13,1.2771228551864624,1.2836146354675293,1.276519775390625,1.2786043906211852,1.2662159358881475,1.2991462506544165,1.258062530587954,46.8975077307805,-0.0020569452923688836
2024-08-14,1.2866700887680054,1.286885380744934,1.2823965549468994,1.278791744709015,1.2664194597974,1.299455650647015,1.2581278387710149,56.41176493519153,-0.0011963572138977696
2024-08-15,1.2828736305236816,1.2870675325393677,1.279983639717102,1.2788596987724303,1.2665831828892036,1.2995551111669679,1.2581642863778928,52.39191346683577,-0.0008113249643417753
2024-08-16,1.2859420776367188,1.2914557456970215,1.2858428955078125,1.2789919686317444,1.2667758087075867,1.299783924737877,1.2582000125256116,55.17233796220759,-0.00025563924454052867
2024-08-19,1.294716238975525,1.2997479438781738,1.2941633462905884,1.2794273972511292,1.2670538229391084,1.3006106525682033,1.258244141934055,62.00551400929989,0.000882573426143507
2024-08-20,1.2990386486053467,1.3044441938400269,1.2975554466247559,1.2799554300308227,1.2673720799109118,1.3017550689177066,1.2581557911439387,64.84820114886085,0.0021090852790452974
2024-08-21,1.3035430908203125,1.3078734874725342,1.301168441772461,1.2805453395843507,1.2677319904672244,1.3032691882598235,1.2578214909088778,67.57115194855953,0.0034053211777658188
2024-08-22,1.309346079826355,1.3129045963287354,1.308215618133545,1.2811397957801818,1.2681460610081112,1.3052763738748343,1.2570032176855293,70.71808253272062,0.0048450000370428015
2024-08-23,1.3097747564315796,1.3229963779449463,1.3092775344848633,1.281825087070465,1.2685602768829716,1.3072220557955636,1.2564281183453665,70.94240769258883,0.005951936307980965
2024-08-26,1.3212658166885376,1.3222440481185913,1.318252444267273,1.2828841781616211,1.269084710114868,1.310316004964756,1.2554523513584863,76.2047961742416,0.0076680315116017805
2024-08-27,1.3191741704940796,1.324591040611267,1.3180805444717407,1.283835666179657,1.2695831127057058,1.3129204078639745,1.2547509244953396,73.5922256479921,0.008758310604207065
2024-08-28,1.3257501125335693,1.326259970664978,1.3192611932754517,1.28493577003479,1.2701419883258835,1.3160871301885426,1.2537844098810376,76.33871817057367,0.010037284635988852
2024-08-29,1.3193656206130981,1.3227006196975708,1.3146650791168213,1.2858790850639343,1.270631775711826,1.3182874588375155,1.2534707112903531,68.85161526478308,0.010415640608703258
2024-08-30,1.3166210651397705,1.3201320171356201,1.3126460313796997,1.2868905639648438,1.2710893805817558,1.3199234059854836,1.253857721944204,65.86121691230898,0.010374437693627891
2024-09-02,1.3128528594970703,1.3154432773590088,1.3120776414871216,1.2878695631027222,1.2715049375858885,1.3210228893252853,1.254716236880159,61.88691366218677,0.009923331396146873
2024-09-03,1.314198613166809,1.3147515058517456,1.3090033531188965,1.28878666639328,1.271929750278236,1.3222706230076657,1.2553027097788945,62.751397532709646,0.009564167707716065
2024-09-04,1.3114066123962402,1.317488431930542,1.3102381229400635,1.2896468043327332,1.2723225548764252,1.3232026552692204,1.2560909533962459,59.72468424901968,0.008951054583142604
2024-09-05,1.3144749402999878,1.3188087940216064,1.3138878345489502,1.2906927037239075,1.2727419815970578,1.324013353053793,1.257372054394022,61.89962793359161,0.008613455875776888
2024-09-06,1.317748785018921,1.3234341144561768,1.3129907846450806,1.2917561960220336,1.2731898104868276,1.3250686407429775,1.2584437513010898,64.12567233834673,0.008511957824783867
2024-09-09,1.3133355379104614,1.314388632774353,1.3071553707122803,1.2927256631851196,1.2735892704611922,1.325662763387291,1.2597885629829482,59.11190247395421,0.007983380290997433
2024-09-10,1.307138204574585,1.310753345489502,1.304988980293274,1.2935769438743592,1.2739230907011263,1.325735257397081,1.2614186303516373,52.861561035804186,0.0069838997315678775
2024-09-11,1.3080273866653442,1.3111659288406372,1.3003225326538086,1.2943567800521851,1.2742624369296258,1.3259725269027247,1.2627410332016455,53.61932921602078,0.0061921742209463115
2024-09-12,1.3039510250091553,1.3083868026733398,1.3032711744308472,1.294940230846405,1.274557845766238,1.326155446155993,1.2637250155368172,49.676744955612754,0.005176130521008959
2024-09-13,1.313232183456421,1.3156856298446655,1.3116475343704224,1.2956933689117431,1.2749426650467375,1.3268185366108747,1.2645682012126116,57.36368407249862,0.005061474956782996
2024-09-16,1.3137997388839722,1.3213878870010376,1.3135944604873657,1.2963563466072083,1.2753293025973567,1.3275857064174912,1.2651269867969255,57.78831167055907,0.0049592395493247565
2024-09-17,1.3210737705230713,1.3230313062667847,1.3159972429275513,1.2971466541290284,1.2757844714324384,1.3288439926588629,1.265449315599194,62.889557639663735,0.005402889665126587
2024-09-18,1.3167423009872437,1.3252933025360107,1.3156163692474365,1.2979060530662536,1.2761920120250234,1.3296259698042672,1.26618613632824,58.366308299877566,0.005343377061655996
2024-09-19,1.3201146125793457,1.3311856985092163,1.3155124187469482,1.2986030554771424,1.276629052826559,1.3307182767728216,1.2664878341814632,60.73420883410113,0.005504873501478658
2024-09-20,1.328179955482483,1.3341338634490967,1.3270519971847534,1.299319179058075,1.277141997131593,1.3324482939104605,1.2661900642056894,65.751203839901,0.006212057627499323
2024-09-23,1.331398367881775,1.336023211479187,1.3251352310180664,1.3000135374069215,1.2776818615171668,1.3343502237607676,1.2656768510530754,67.53384415857863,0.006952066035835092
2024-09-24,1.3349887132644653,1.339925765991211,1.3333333730697632,1.300773310661316,1.278252078947488,1.3364912160983193,1.2650554052243126,69.44451888863756,0.007739028197841558
2024-09-25,1.3427324295043945,1.3429667949676514,1.3336889743804932,1.3016725730895997,1.2788936744754174,1.3392950559409498,1.2640500902382497,73.11902365120248,0.008885132290372688
2024-09-26,1.3315792083740234,1.3432915210723877,1.331416130065918,1.3022892498970031,1.2794179086435626,1.3408488353860335,1.2637296644079727,61.62432858370488,0.008792106377649489
2024-09-27,1.341381549835205,1.342822551727295,1.3361660242080688,1.3032134985923767,1.2800344622872606,1.3432630697304517,1.2631639274543016,66.59477772494701,0.009400981048315105
2024-09-30,1.338329792022705,1.3424620628356934,1.3363088369369507,1.3041139006614686,1.2806145153194541,1.3452638427440997,1.2629639585788375,63.82322396360709,0.009527440853129177
2024-10-01,1.3376137018203735,1.339046597480774,1.326470971107483,1.3050013184547424,1.2811816714040403,1.3470972466398343,1.2629053902696505,63.15899063294858,0.009460820218502697
2024-10-02,1.327404260635376,1.3305480480194092,1.3248717784881592,1.305746281147003,1.2816415976650486,1.3480875443124556,1.2634050179815506,54.457069961202876,0.008486380592929388
2024-10-03,1.326611876487732,1.3265414237976074,1.309431791305542,1.3064787244796754,1.2820890631259707,1.3489742140911924,1.2639832348681583,53.83708667752193,0.007563009722449721
2024-10-04,1.3130252361297607,1.3175230026245117,1.3073091506958008,1.3070256781578065,1.282396885742924,1.3491305777112244,1.2649207786043886,44.48514651828164,0.005669548302805971
2024-10-07,1.3125253915786743,1.3134045600891113,1.3060115575790405,1.307539472579956,1.282696671870643,1.3492640189113387,1.2658149262485734,44.181083156082636,0.00408158325709751
2024-10-08,1.3084723949432373,1.31137216091156,1.3065404891967773,1.3079880952835083,1.2829531467270867,1.3492489594941641,1.2667272310728526,41.69260375152816,0.0024676213585492768
2024-10-09,1.309483289718628,1.3103755712509155,1.305841088294983,1.3085038185119628,1.2832171282493905,1.3491656972849857,1.26784193973894,42.561593132817976,0.0012556414331246213
2024-10-10,1.306830883026123,1.309346079826355,1.3027619123458862,1.3089341568946837,1.2834520909834874,1.3490460183600301,1.2688222954293373,40.841654335434036,8.018720915181632e-05
2024-10-11,1.3062163591384888,1.308215618133545,1.3043251037597656,1.3096005606651306,1.283678601114383,1.3483527537991224,1.2708483675311388,40.433969242715435,-0.0008906883728505566
2024-10-14,1.3049037456512451,1.3072236776351929,1.303152322769165,1.3101228618621825,1.2838897965824114,1.3478709758055725,1.2723747479187926,39.52637594616577,-0.0017459054930843987
2024-10-15,1.3067454099655151,1.310186743736267,1.3036279678344727,1.3106803584098816,1.2841172156210492,1.3473525782276594,1.2740081385921038,41.510112442812996,-0.002249137644914523
2024-10-16,1.3065917491912842,1.3077365159988403,1.2983640432357788,1.3114427495002747,1.284340842820753,1.346060851445914,1.2768246475546354,41.38812056375221,-0.0026300344906469153
2024-10-17,1.29902184009552,1.302032470703125,1.2975890636444092,1.312062430381775,1.2844869223956263,1.3445531170442246,1.2795717437193252,35.80548917562406,-0.0035023534345079987
2024-10-18,1.301574945449829,1.3068649768829346,1.3012362718582153,1.3125990104675294,1.2846569524757676,1.3434173973468917,1.281780623588167,38.80362760958145,-0.003942214818847267
2024-10-21,1.3052616119384766,1.3053126335144043,1.2979763746261597,1.3132034707069398,1.2848619739629588,1.3421432438494163,1.2842636975644632,42.94724998022544,-0.003947816983336905
2024-10-22,1.298296570777893,1.3015241622924805,1.2946492433547974,1.3136269450187683,1.2849956515432068,1.3409883830648164,1.2862655069727202,37.747134393744794,-0.004462832595295785
2024-10-23,1.2982797622680664,1.2996126413345337,1.2937614917755127,1.3138591384887695,1.2851278317494241,1.3404737114577634,1.2872445655197755,37.73525989759589,-0.004816817214049918
2024-10-24,1.291372299194336,1.2986844778060913,1.2912222146987915,1.3140291118621825,1.285189965753851,1.3399350980834135,1.2881231256409515,33.123735090653696,-0.005590285782043125
2024-10-25,1.2973365783691406,1.2999167442321777,1.295706033706665,1.3142570018768311,1.2853108275709186,1.3393419741820867,1.2891720295715756,39.947899501553955,-0.005656789759750813
2024-10-28,1.295823574066162,1.3000857830047607,1.294062852859497,1.3142791485786438,1.2854154320136573,1.339295566547356,1.2892627306099316,38.86447862230323,-0.005765124675175537
2024-10-29,1.2974711656570435,1.3007622957229614,1.2958402633666992,1.3142477989196777,1.2855353895623478,1.339345966375703,1.2891496314636524,40.74896616808148,-0.005652871223598366
2024-10-30,1.3014055490493774,1.3039339780807495,1.2939456701278687,1.314205048084259,1.2856933015970446,1.339384788633024,1.2890253075354943,45.100847888655366,-0.005186649231964546
2024-10-31,1.2959579229354858,1.2998830080032349,1.2847524881362915,1.3139372849464417,1.2857954371327507,1.3396078827412954,1.288266687151588,40.648944583206415,-0.005196836942966909
2024-11-01,1.2897733449935913,1.2979259490966797,1.2885435819625854,1.313537256717682,1.2858350183054954,1.3400811260090804,1.2869933874262836,36.27155996154328,-0.005638952199738201
2024-11-04,1.2953401803970337,1.3000519275665283,1.2936275005340576,1.3130187439918517,1.2859295970327744,1.339956356551851,1.2860811314318523,42.29521707350611,-0.0054769991955125885
2024-11-05,1.2954542636871338,1.3021341562271118,1.2948838472366333,1.312544345855713,1.2860243698353053,1.3398721330166972,1.2852165586947286,42.41534171065498,-0.005278596332074059
2024-11-06,1.3043591976165771,1.3043761253356934,1.2836312055587769,1.312116527557373,1.2862068059326315,1.3392696840311549,1.284963371083591,50.991369697038415,-0.004352632449457827
2024-11-07,1.2883278131484985,1.3009145259857178,1.2877471446990967,1.311495771408081,1.286227910482043,1.339381744808152,1.2836097980080101,39.566892197350136,-0.0048564164027025125
2024-11-08,1.2982292175292969,1.2985326051712036,1.2903226613998413,1.3111279344558715,1.2863473264725631,1.3392223883243561,1.2830334805873869,47.404738441095496,-0.004405919533383873
2024-11-11,1.2917059659957886,1.292657732963562,1.2856611013412476,1.310704996585846,1.286400646268814,1.339325238192571,1.2820847549791208,43.41020839398278,-0.004523129578232865
2024-11-12,1.2874983549118042,1.2874155044555664,1.273123025894165,1.3101709914207458,1.2864115687428737,1.3395124479154703,1.2808295349260213,41.00978641900065,-0.004899065060774754
2024-11-13,1.2739177942276,1.276242733001709,1.2689549922943115,1.309421215057373,1.2862872525785427,1.340498396680257,1.2783440334344889,34.398295067905366,-0.006221121176483102
2024-11-14,1.27068030834198,1.2720379829406738,1.2631398439407349,1.3085453224182129,1.2861319596010643,1.3414557149637636,1.2756349298726621,33.03116243174331,-0.007444285142041984
2024-11-15,1.266784906387329,1.269841194152832,1.2616068124771118,1.307526044845581,1.2859394516088878,1.3423728618397164,1.2726792278514456,31.41338933888393,-0.008628513645434488
2024-11-18,1.261765956878662,1.2662235498428345,1.2614953517913818,1.306494653224945,1.285698919323015,1.3436179777884638,1.2693713286614263,29.414449570346093,-0.009858369400687739
2024-11-19,1.2679253816604614,1.2688745260238647,1.261479377746582,1.3057103967666626,1.2855220682019945,1.3444019047391318,1.2670188887941933,34.890195806613846,-0.010218235387016827
2024-11-20,1.2694543600082397,1.2714558839797974,1.2633121013641357,1.3049389362335204,1.2853621905085244,1.3449573257400476,1.2649205467269933,36.21302979354872,-0.01026176476295615
2024-11-21,1.2655344009399414,1.2661433219909668,1.2581623792648315,1.3041706037521363,1.285164899070031,1.345712567342493,1.2626286401617797,34.28955841755335,-0.010491629074191877
2024-11-22,1.2584789991378784,1.2594457864761353,1.248860478401184,1.3030755400657654,1.2848993677274225,1.3464870995473879,1.259663980584143,31.08882117302035,-0.011114983546416601
2024-11-25,1.2593823671340942,1.2612725496292114,1.2542331218719482,1.3019871926307678,1.2846454672240064,1.3470003541955997,1.2569740310659359,31.96451293026493,-0.011404636656906941
2024-11-26,1.2533055543899536,1.2616544961929321,1.2508755922317505,1.3006318283081055,1.2843336272953094,1.3473480943832705,1.2539155622329405,29.270000741194806,-0.011986365476260419
2024-11-27,1.2573871612548828,1.269293189048767,1.2567708492279053,1.2994447255134582,1.284065503255106,1.347487741797477,1.2514017092294394,33.33490715193717,-0.011979940892782315
2024-11-28,1.2677645683288574,1.2691482305526733,1.2645741701126099,1.2983977246284484,1.283903304897631,1.3468818372399924,1.2499136120169043,42.39890874956788,-0.011010556499338353
2024-11-29,1.2696800231933594,1.2748761177062988,1.2673628330230713,1.2972277259826661,1.2837617797065435,1.34560166707191,1.2488537848934222,43.91469622617351,-0.009972791056601649
2024-12-02,1.270163893699646,1.2722160816192627,1.2619411945343018,1.2960030364990234,1.2836264773582162,1.3439445763205928,1.248061496677454,44.31335430894387,-0.009007477566131517
2024-12-03,1.265854835510254,1.2696800231933594,1.2640306949615479,1.2946203589439391,1.2834496451010227,1.3419565287144148,1.2472841891734634,41.48532512695347,-0.008492271039519661
2024-12-04,1.2674272060394287,1.2717468738555908,1.2635835409164429,1.29311425447464,1.2832902178466783,1.338971185993742,1.2472573229555377,42.91689988504811,-0.007866409917601347
2024-12-05,1.2701154947280884,1.2770249843597412,1.269357681274414,1.2918849802017212,1.283159126074354,1.336819260621884,1.2469506997815583,45.37742118362158,-0.00707196680797062
2024-12-06,1.2759333848953247,1.2809674739837646,1.2731555700302124,1.2905760169029237,1.2830872281521746,1.3333881082840433,1.247763925521804,50.36387440529906,-0.005904842457363779
2024-12-09,1.2749296426773071,1.2798033952713013,1.271779179573059,1.2893080139160156,1.2830060581474494,1.3300528297602254,1.2485631980718057,49.52388156951392,-0.005003207744709082
2024-12-10,1.2749085426330566,1.276650071144104,1.2725237607955933,1.2880539107322693,1.2829254858537738,1.326526781398816,1.2495810400657226,49.50518968724556,-0.004241465363740815
2024-12-11,1.2780042886734009,1.2782166004180908,1.2714719772338867,1.2870659112930298,1.2828765187176505,1.3239172059493907,1.250214616636669,52.34700101832658,-0.00334936876729941
2024-12-12,1.2766337394714355,1.2787723541259766,1.2673307657241821,1.286066348552704,1.2828144015112204,1.3212111917669713,1.2509215053384366,50.97910007353497,-0.0027215948030956394
2024-12-13,1.2677323818206787,1.2679253816604614,1.2609069347381592,1.2851604914665222,1.2826643316635533,1.319800369299546,1.2505206136334985,43.101383406018805,-0.0029088135918500235
2024-12-16,1.2627378702163696,1.2696800231933594,1.262817621231079,1.284164741039276,1.2824660584153225,1.318454495752899,1.249874986325653,39.420502184027285,-0.0034207686843308327
2024-12-17,1.2690355777740479,1.2720541954040527,1.2667688131332397,1.2833760046958924,1.282332421792026,1.3171946307089046,1.2495573786828802,45.71569481259064,-0.003280508752934397
2024-12-18,1.2710840702056885,1.2723132371902466,1.2680377960205078,1.2826080203056336,1.2822204978956446,1.315743893673671,1.2494721469375962,47.62232357664484,-0.002969821276490814
2024-12-19,1.2567708492279053,1.2666244506835938,1.2526618242263794,1.2816068196296693,1.2819672675606422,1.3147804776863614,1.2484331615729771,37.66726824967547,-0.0038343564509923933
2024-12-20,1.2497968673706055,1.25911283493042,1.2476201057434082,1.2804784297943115,1.2816471640761642,1.3140709488964344,1.2468859106921886,33.9440007056848,-0.005024331491414902
2024-12-23,1.256991982460022,1.2588117122650146,1.2510946989059448,1.279520194530487,1.2814018388859538,1.3130020919519823,1.2460382971089918,40.480714145489955,-0.005325421484710713
2024-12-24,1.2534469366073608,1.257403016090393,1.2524266242980957,1.278454225063324,1.281123680654326,1.3117917037592355,1.2451167463674124,38.46123576236669,-0.0057834253197306396
2024-12-25,1.2536041736602783,1.2813055515289307,1.240999698638916,1.2773944735527039,1.2808498547140865,1.3104487243565872,1.2443402227488205,38.607528874758074,-0.0060638091256277615
2024-12-26,1.254374623298645,1.2549996376037598,1.2502655982971191,1.2765015292167663,1.2805864195756245,1.3095833089869078,1.2434197494466248,39.36811815507848,-0.006152919439715854
2024-12-27,1.2529758214950562,1.2591445446014404,1.2506722211837769,1.2755295467376708,1.2803116872564149,1.3084598951205146,1.242599198354827,38.43704942929823,-0.0062642018018692625
2024-12-30,1.257880687713623,1.2607479095458984,1.2508130073547363,1.2745819282531738,1.2800884932311134,1.3067379047258674,1.2424259517804803,43.48437463062485,-0.005888730543364584
2024-12-31,1.254909873008728,1.256818175315857,1.2514861822128296,1.2737141942977905,1.2798379596965623,1.3055986040986491,1.241829784496932,41.27696612390995,-0.005764437932181732
2025-01-02,1.2519248723983765,1.2540757656097412,1.2360633611679077,1.2727870965003967,1.2795602175343914,1.3044509854929343,1.241123207507859,39.12771335854467,-0.005839485787696885
2025-01-03,1.2380222082138062,1.2419891357421875,1.237884283065796,1.271720094680786,1.2791469040088133,1.3044067778761725,1.2390334114853996,31.02500988864371,-0.006940781554887421
2025-01-06,1.2426837682724,1.2550673484802246,1.241896629333496,1.2706270384788514,1.2787840867378042,1.3034721310965827,1.2377819458611201,35.823858136963665,-0.007352660552372381
2025-01-07,1.2510946989059448,1.2576401233673096,1.2485017776489258,1.269732460975647,1.2785085704409698,1.302210943364795,1.237253978586499,43.466580381412136,-0.006920609339721828
2025-01-08,1.247785210609436,1.2494065761566162,1.2322555780410767,1.268738741874695,1.278202865368019,1.3007907492973994,1.2366867344519905,41.37848405488679,-0.006767245098879604
2025-01-09,1.2359870672225952,1.2366442680358887,1.2245897054672241,1.2674303722381592,1.2777828076750297,1.2993802913388153,1.2354804531375032,34.935343864580716,-0.007511130763279583
2025-01-10,1.2299367189407349,1.2321947813034058,1.2196757793426514,1.266109948158264,1.2773067271901113,1.2986983449919902,1.233521551324538,32.16896603326546,-0.00849099910102602
2025-01-13,1.2204945087432861,1.2207627296447754,1.2101263999938965,1.264724371433258,1.2767414314841727,1.2990509720788437,1.2303977707876725,28.390638479575216,-0.009915163437221874
2025-01-14,1.2233314514160156,1.224289894104004,1.2141668796539307,1.2632841968536377,1.2762099888964298,1.2984011512432279,1.2281672424640475,31.012411247110805,-0.010691659573599521
2025-01-15,1.221344232559204,1.2306934595108032,1.216944694519043,1.2618019962310791,1.2756640609726764,1.2976257227425068,1.2259782697196515,30.178905582027568,-0.011336707799241008
2025-01-16,1.2243348360061646,1.2248448133468628,1.217700481414795,1.260201508998871,1.2751533224157958,1.2954099288589787,1.2249930891387633,33.093249317791205,-0.011474327555194064
2025-01-17,1.2236906290054321,1.2244248390197754,1.2162491083145142,1.2589087653160096,1.2746412558146978,1.2946446424660432,1.223172888165976,32.775883735737466,-0.011502777465982827
2025-01-20,1.2171002626419067,1.2323921918869019,1.2166634798049927,1.2572861862182618,1.2740687086189488,1.2931021705694306,1.221470201867093,29.643867010371977,-0.011919708730318002
2025-01-21,1.233136773109436,1.2345222234725952,1.2231967449188232,1.2561148023605346,1.2736614256785554,1.291158773469425,1.2210708312516443,43.73362661777945,-0.010831261350489285
2025-01-22,1.2335399389266968,1.2375471591949463,1.23093581199646,1.2550356340408326,1.273262206904905,1.2894525802535306,1.2206186878281347,44.03705812414176,-0.00982289463328656
2025-01-23,1.231420874595642,1.2358037233352661,1.2294225692749023,1.2541856956481934,1.2728458752401364,1.2887977696447654,1.2195736216516213,42.73264066842797,-0.009089964079171509
2025-01-24,1.2353914976119995,1.2495627403259277,1.2350252866744995,1.2534799194335937,1.272473194865727,1.2881582553649609,1.2188015835022266,45.962564152842916,-0.00809539654881175
2025-01-27,1.2459352016448975,1.2523951530456543,1.242714524269104,1.253062925338745,1.272209135231689,1.287589338092689,1.2185365125848011,53.467704054253915,-0.006382828543212371
2025-01-28,1.2460592985153198,1.2465718984603882,1.2416189908981323,1.2527487921714782,1.2719489378514268,1.2872377971921742,1.218259787150782,53.5494764982855,-0.0049584347310058785
2025-01-29,1.2441680431365967,1.2462767362594604,1.2394338846206665,1.252273645401001,1.271672511038344,1.2865632673657525,1.2179840234362496,52.048295567018,-0.003936819669249303
2025-01-30,1.245530128479004,1.2475829124450684,1.2425910234451294,1.2517951607704163,1.2714123878287984,1.2857725041536419,1.2178178173871907,53.06871583037085,-0.0029828885859233267
2025-01-31,1.2423903942108154,1.2455471754074097,1.2388964891433716,1.2513322806358338,1.2711236117728981,1.2851759830181873,1.2174885782534803,50.405966821521275,-0.0024519767832191786
2025-02-03,1.2291958332061768,1.2435336112976074,1.2250398397445679,1.2507466173171997,1.2707064199463636,1.2850952500409596,1.2163979845934398,41.077987979865796,-0.0030606350602944143
2025-02-04,1.2396950721740723,1.2452524900436401,1.2383134365081787,1.2503528714179992,1.2703978493217636,1.284748776093414,1.2159569667425845,49.14298205878495,-0.0026650789202755654
